rep,alp,num_cell,cell_size,sparse_freq,filter_dim,error
0,0.01,8,50,2,,45.430291486876015
0,0.01,8,50,4,,46.1403675892461
0,0.01,8,50,6,,45.205582711120464
0,0.01,8,50,8,,46.097244761252895
0,0.01,8,100,2,,45.768356309463634
0,0.01,8,100,4,,46.93534669368697
0,0.01,8,100,6,,45.4627249065266
0,0.01,8,100,8,,45.00036277624766
0,0.01,8,200,2,,45.54447729169456
0,0.01,8,200,4,,46.63239329937807
0,0.01,8,200,6,,45.19080324881054
0,0.01,8,200,8,,45.28180289342297
0,0.01,14,50,2,,42.99325042802583
0,0.01,14,50,4,,44.324334978600255
0,0.01,14,50,6,,42.89593946540428
0,0.01,14,50,8,,42.915587940670896
0,0.01,14,100,2,,43.50691874060954
0,0.01,14,100,4,,44.555943631400304
0,0.01,14,100,6,,43.89819440148086
0,0.01,14,100,8,,41.876427014077166
0,0.01,14,200,2,,42.39203326216309
0,0.01,14,200,4,,43.80982956522912
0,0.01,14,200,6,,44.16928027115261
0,0.01,14,200,8,,42.42442751910138
0,0.01,20,50,2,,38.61111388233154
0,0.01,20,50,4,,39.63395955452196
0,0.01,20,50,6,,38.26948445032927
0,0.01,20,50,8,,37.49531261394654
0,0.01,20,100,2,,38.69873918948726
0,0.01,20,100,4,,39.86688728675484
0,0.01,20,100,6,,38.72734357466752
0,0.01,20,100,8,,38.80493626016563
0,0.01,20,200,2,,40.391604147872464
0,0.01,20,200,4,,39.379281867799264
0,0.01,20,200,6,,39.81058074780547
0,0.01,20,200,8,,38.12731111119141
0,0.01,26,50,2,,35.356112664697584
0,0.01,26,50,4,,33.31130234961243
0,0.01,26,50,6,,33.353934108313354
0,0.01,26,50,8,,31.026060164025942
0,0.01,26,100,2,,34.206149856696804
0,0.01,26,100,4,,33.41395193157048
0,0.01,26,100,6,,33.31570195882532
0,0.01,26,100,8,,31.67671859884141
0,0.01,26,200,2,,34.737744647108634
0,0.01,26,200,4,,33.91247411460465
0,0.01,26,200,6,,32.707482264110894
0,0.01,26,200,8,,32.41013082664424
0,0.01,32,50,2,,29.58340643931924
0,0.01,32,50,2,,75.62373255148354
0,0.01,32,50,4,,27.83523213501648
0,0.01,32,50,4,,87.36872347880374
0,0.01,32,50,6,,25.97078339732932
0,0.01,32,50,6,,91.60882386014627
0,0.01,32,50,8,,25.03993727752337
0,0.01,32,50,8,,89.41048568830888
0,0.01,32,100,2,,29.89208419277076
0,0.01,32,100,2,,76.69377778340103
0,0.01,32,100,4,,25.806679057764843
0,0.01,32,100,4,,87.47467947675229
0,0.01,32,100,6,,26.19116993683009
0,0.01,32,100,6,,90.25704121266304
0,0.01,32,100,8,,24.91606683763942
0,0.01,32,100,8,,90.29762733781068
0,0.01,32,200,2,,29.41437997836634
0,0.01,32,200,2,,75.55178668713701
0,0.01,32,200,4,,27.4671521378486
0,0.01,32,200,4,,87.74654381621349
0,0.01,32,200,6,,26.06061340383005
0,0.01,32,200,6,,88.89697193614236
0,0.01,32,200,8,,24.68342297847043
0,0.01,32,200,8,,89.49765429273198
0,0.01,56,50,2,,68.14603495492695
0,0.01,56,50,4,,79.34743589454123
0,0.01,56,50,6,,80.5880651994698
0,0.01,56,50,8,,79.91414985499063
0,0.01,56,100,2,,67.41765259287833
0,0.01,56,100,4,,80.07802572402383
0,0.01,56,100,6,,80.02953287030488
0,0.01,56,100,8,,81.2742585574605
0,0.01,56,200,2,,68.18431384564965
0,0.01,56,200,4,,78.6620320986197
0,0.01,56,200,6,,80.50659164546938
0,0.01,56,200,8,,79.33246014485809
0,0.01,80,50,2,,58.97722425353584
0,0.01,80,50,4,,65.94463653272237
0,0.01,80,50,6,,66.18517160327553
0,0.01,80,50,8,,62.85813189137144
0,0.01,80,100,2,,58.8817942074366
0,0.01,80,100,4,,66.14323906404233
0,0.01,80,100,6,,65.3326167177616
0,0.01,80,100,8,,65.11719921640567
0,0.01,80,200,2,,58.88809871543319
0,0.01,80,200,4,,66.6741098476816
0,0.01,80,200,6,,63.227877732472486
0,0.01,80,200,8,,64.05070823260002
0,0.01,104,50,2,,48.92257470623813
0,0.01,104,50,4,,48.17377396168149
0,0.01,104,50,6,,44.85851858630979
0,0.01,104,50,8,,43.86910301639288
0,0.01,104,100,2,,48.34882318747046
0,0.01,104,100,4,,50.94132020818878
0,0.01,104,100,6,,45.633777223540726
0,0.01,104,100,8,,44.17899625930558
0,0.01,104,200,2,,47.764363949507135
0,0.01,104,200,4,,50.49979547893543
0,0.01,104,200,6,,45.42387259243696
0,0.01,104,200,8,,43.323432236276034
0,0.01,128,50,2,"(32, 32)",112.10242434763263
0,0.01,128,50,2,,36.43447439414272
0,0.01,128,50,4,"(32, 32)",139.31717350592209
0,0.01,128,50,4,,33.47773355685841
0,0.01,128,50,6,"(32, 32)",150.3844805842007
0,0.01,128,50,6,,26.85931115977815
0,0.01,128,50,8,"(32, 32)",155.23615642997953
0,0.01,128,50,8,,25.688736711789783
0,0.01,128,100,2,"(32, 32)",111.30381111276064
0,0.01,128,100,2,,35.45516301530905
0,0.01,128,100,4,"(32, 32)",138.34989818683678
0,0.01,128,100,4,,30.4095924477079
0,0.01,128,100,6,"(32, 32)",148.21679167606925
0,0.01,128,100,6,,27.38777106606679
0,0.01,128,100,8,"(32, 32)",152.50736761587626
0,0.01,128,100,8,,21.92425006553883
0,0.01,128,200,2,"(32, 32)",111.41124127992074
0,0.01,128,200,2,,37.49745581579463
0,0.01,128,200,4,"(32, 32)",139.0388329140657
0,0.01,128,200,4,,31.118064935042373
0,0.01,128,200,6,"(32, 32)",149.1098985595849
0,0.01,128,200,6,,24.98911078768079
0,0.01,128,200,8,"(32, 32)",152.3498339880905
0,0.01,128,200,8,,22.427337044997824
0,0.01,224,50,2,"(32, 32)",95.25533403895191
0,0.01,224,50,4,"(32, 32)",121.23648296401193
0,0.01,224,50,6,"(32, 32)",130.11532697535603
0,0.01,224,50,8,"(32, 32)",132.11918065763214
0,0.01,224,100,2,"(32, 32)",94.33403360850518
0,0.01,224,100,4,"(32, 32)",119.70382467547668
0,0.01,224,100,6,"(32, 32)",130.9437849698683
0,0.01,224,100,8,"(32, 32)",132.15199636278552
0,0.01,224,200,2,"(32, 32)",93.80819017242852
0,0.01,224,200,4,"(32, 32)",120.24922582809364
0,0.01,224,200,6,"(32, 32)",131.32473744341277
0,0.01,224,200,8,"(32, 32)",132.3153775298222
0,0.01,320,50,2,"(32, 32)",76.20796801140767
0,0.01,320,50,4,"(32, 32)",91.49517088273478
0,0.01,320,50,6,"(32, 32)",92.7604271099264
0,0.01,320,50,8,"(32, 32)",90.01629804754565
0,0.01,320,100,2,"(32, 32)",76.7471030617387
0,0.01,320,100,4,"(32, 32)",92.4224046783876
0,0.01,320,100,6,"(32, 32)",94.07915589142044
0,0.01,320,100,8,"(32, 32)",89.29849045728163
0,0.01,320,200,2,"(32, 32)",76.4164077715577
0,0.01,320,200,4,"(32, 32)",91.0497862476603
0,0.01,320,200,6,"(32, 32)",94.36399251647146
0,0.01,320,200,8,"(32, 32)",90.16985805690254
0,0.01,416,50,2,"(32, 32)",54.766897128536016
0,0.01,416,50,4,"(32, 32)",53.018206366292965
0,0.01,416,50,6,"(32, 32)",43.37923637171774
0,0.01,416,50,8,"(32, 32)",44.27680170495573
0,0.01,416,100,2,"(32, 32)",54.02961639352843
0,0.01,416,100,4,"(32, 32)",56.51746456325849
0,0.01,416,100,6,"(32, 32)",49.23129819737122
0,0.01,416,100,8,"(32, 32)",42.12910156204726
0,0.01,416,200,2,"(32, 32)",54.853614967586296
0,0.01,416,200,4,"(32, 32)",57.2797325919745
0,0.01,416,200,6,"(32, 32)",46.80698047485114
0,0.01,416,200,8,"(32, 32)",44.55134346559982
0,0.01,512,50,2,"(32, 32)",34.103932287629945
0,0.01,512,50,4,"(32, 32)",15.482959239917644
0,0.01,512,50,6,"(32, 32)",9.381217624067114
0,0.01,512,50,8,"(32, 32)",10.452673932252186
0,0.01,512,100,2,"(32, 32)",32.54403192095096
0,0.01,512,100,4,"(32, 32)",18.656119750317416
0,0.01,512,100,6,"(32, 32)",12.045166211087931
0,0.01,512,100,8,"(32, 32)",9.258141929463168
0,0.01,512,200,2,"(32, 32)",34.91588217158238
0,0.01,512,200,4,"(32, 32)",20.353980894877616
0,0.01,512,200,6,"(32, 32)",9.127979784903848
0,0.01,512,200,8,"(32, 32)",8.992004869928094
0,0.1,8,50,2,,28.30451290151521
0,0.1,8,50,4,,28.34640500588765
0,0.1,8,50,6,,27.373903574825206
0,0.1,8,50,8,,27.742602900341478
0,0.1,8,100,2,,28.663295532845183
0,0.1,8,100,4,,27.8592919537242
0,0.1,8,100,6,,28.10959267651264
0,0.1,8,100,8,,27.50960338410625
0,0.1,8,200,2,,29.34629971575353
0,0.1,8,200,4,,27.790725791213895
0,0.1,8,200,6,,28.24896710963483
0,0.1,8,200,8,,27.44406216295522
0,0.1,14,50,2,,21.231956091529963
0,0.1,14,50,4,,20.747608644500023
0,0.1,14,50,6,,19.44024521064736
0,0.1,14,50,8,,19.58899247667477
0,0.1,14,100,2,,21.804711118034056
0,0.1,14,100,4,,19.222722134615804
0,0.1,14,100,6,,18.959229645832863
0,0.1,14,100,8,,19.51969228345622
0,0.1,14,200,2,,20.26351656566988
0,0.1,14,200,4,,20.430472842816307
0,0.1,14,200,6,,19.067407295318787
0,0.1,14,200,8,,19.59685252082957
0,0.1,20,50,2,,14.096202425513225
0,0.1,20,50,4,,12.675244655918968
0,0.1,20,50,6,,13.242201903568862
0,0.1,20,50,8,,13.296320005998062
0,0.1,20,100,2,,13.769700242757306
0,0.1,20,100,4,,12.85480463473738
0,0.1,20,100,6,,12.393130497687611
0,0.1,20,100,8,,13.232774153521088
0,0.1,20,200,2,,14.537813931435128
0,0.1,20,200,4,,13.889432806596703
0,0.1,20,200,6,,12.748074105609035
0,0.1,20,200,8,,13.84076212377744
0,0.1,26,50,2,,9.918645858939051
0,0.1,26,50,4,,9.743268941831154
0,0.1,26,50,6,,10.049805019631831
0,0.1,26,50,8,,10.709320814464796
0,0.1,26,100,2,,9.706225012104124
0,0.1,26,100,4,,9.64535332316861
0,0.1,26,100,6,,10.11412802135331
0,0.1,26,100,8,,10.24109653741113
0,0.1,26,200,2,,9.566082451645483
0,0.1,26,200,4,,9.742963158902052
0,0.1,26,200,6,,10.230425309842383
0,0.1,26,200,8,,10.373102772985334
0,0.1,32,50,2,,7.476258912494949
0,0.1,32,50,2,,35.75937817683627
0,0.1,32,50,4,,8.173610408166772
0,0.1,32,50,4,,39.704413851341066
0,0.1,32,50,6,,8.76787506980717
0,0.1,32,50,6,,39.23591331829678
0,0.1,32,50,8,,9.349478404138027
0,0.1,32,50,8,,38.90655144877256
0,0.1,32,100,2,,7.516201576116257
0,0.1,32,100,2,,34.99168727795717
0,0.1,32,100,4,,8.24240965340423
0,0.1,32,100,4,,40.77767322976145
0,0.1,32,100,6,,8.828776593763042
0,0.1,32,100,6,,39.91444230435612
0,0.1,32,100,8,,9.310384010729424
0,0.1,32,100,8,,38.085090134804354
0,0.1,32,200,2,,7.718190779100235
0,0.1,32,200,2,,36.15903857134551
0,0.1,32,200,4,,8.264413899931139
0,0.1,32,200,4,,39.86099102313789
0,0.1,32,200,6,,8.881609537469783
0,0.1,32,200,6,,39.61386086608177
0,0.1,32,200,8,,9.398747794973827
0,0.1,32,200,8,,38.80185375307851
0,0.1,56,50,2,,20.63783234872197
0,0.1,56,50,4,,18.140927597268984
0,0.1,56,50,6,,18.899375384469607
0,0.1,56,50,8,,16.887199343836347
0,0.1,56,100,2,,21.068352585141906
0,0.1,56,100,4,,18.568616482290928
0,0.1,56,100,6,,19.587280665607743
0,0.1,56,100,8,,18.0766004811423
0,0.1,56,200,2,,20.20720067995734
0,0.1,56,200,4,,20.845932876234365
0,0.1,56,200,6,,17.457030594442255
0,0.1,56,200,8,,17.152633313571528
0,0.1,80,50,2,,11.077995697687308
0,0.1,80,50,4,,10.800869369837184
0,0.1,80,50,6,,11.086327877255028
0,0.1,80,50,8,,11.522803213475632
0,0.1,80,100,2,,11.036878668122762
0,0.1,80,100,4,,10.398444470203335
0,0.1,80,100,6,,11.118175342069929
0,0.1,80,100,8,,11.514786709173716
0,0.1,80,200,2,,10.368697308756548
0,0.1,80,200,4,,10.40404791916339
0,0.1,80,200,6,,11.207986327593876
0,0.1,80,200,8,,11.587406695503612
0,0.1,104,50,2,,7.987801311224363
0,0.1,104,50,4,,9.186010123139528
0,0.1,104,50,6,,10.06431288411413
0,0.1,104,50,8,,10.629962794327602
0,0.1,104,100,2,,7.920788812754685
0,0.1,104,100,4,,9.167967085641092
0,0.1,104,100,6,,9.965501214039437
0,0.1,104,100,8,,10.5230229783917
0,0.1,104,200,2,,7.965137335963625
0,0.1,104,200,4,,9.227239495100967
0,0.1,104,200,6,,10.02542011398595
0,0.1,104,200,8,,10.53094011071559
0,0.1,128,50,2,"(32, 32)",41.61996026216413
0,0.1,128,50,2,,6.866196423079702
0,0.1,128,50,4,"(32, 32)",51.11099107193788
0,0.1,128,50,4,,8.57393422968994
0,0.1,128,50,6,"(32, 32)",56.47553993024412
0,0.1,128,50,6,,9.460527028409857
0,0.1,128,50,8,"(32, 32)",59.24057337460907
0,0.1,128,50,8,,10.045438910048071
0,0.1,128,100,2,"(32, 32)",40.85037301499054
0,0.1,128,100,2,,6.854408360387296
0,0.1,128,100,4,"(32, 32)",53.1650733509704
0,0.1,128,100,4,,8.547424187180352
0,0.1,128,100,6,"(32, 32)",56.05036299874658
0,0.1,128,100,6,,9.443061049126976
0,0.1,128,100,8,"(32, 32)",56.65316075583699
0,0.1,128,100,8,,9.967209652129911
0,0.1,128,200,2,"(32, 32)",41.20708721090913
0,0.1,128,200,2,,6.836638914907824
0,0.1,128,200,4,"(32, 32)",52.55728301331509
0,0.1,128,200,4,,8.519568190041992
0,0.1,128,200,6,"(32, 32)",58.04155275324998
0,0.1,128,200,6,,9.416261332292525
0,0.1,128,200,8,"(32, 32)",57.6706820653723
0,0.1,128,200,8,,9.937515546678584
0,0.1,224,50,2,"(32, 32)",18.048141633208488
0,0.1,224,50,4,"(32, 32)",12.502898528687352
0,0.1,224,50,6,"(32, 32)",16.63847401646063
0,0.1,224,50,8,"(32, 32)",17.269821830674235
0,0.1,224,100,2,"(32, 32)",17.13527221000406
0,0.1,224,100,4,"(32, 32)",13.120094181746206
0,0.1,224,100,6,"(32, 32)",14.312484674570468
0,0.1,224,100,8,"(32, 32)",14.15594684200433
0,0.1,224,200,2,"(32, 32)",16.36126051041001
0,0.1,224,200,4,"(32, 32)",12.789197917540546
0,0.1,224,200,6,"(32, 32)",14.374715520282914
0,0.1,224,200,8,"(32, 32)",18.286005950202465
0,0.1,320,50,2,"(32, 32)",9.145033283621494
0,0.1,320,50,4,"(32, 32)",10.633044260653834
0,0.1,320,50,6,"(32, 32)",11.67601615845574
0,0.1,320,50,8,"(32, 32)",12.400721166005296
0,0.1,320,100,2,"(32, 32)",9.18177295127736
0,0.1,320,100,4,"(32, 32)",10.565633997311128
0,0.1,320,100,6,"(32, 32)",11.748531980321072
0,0.1,320,100,8,"(32, 32)",12.354722952366693
0,0.1,320,200,2,"(32, 32)",9.247262704346262
0,0.1,320,200,4,"(32, 32)",10.542473401548769
0,0.1,320,200,6,"(32, 32)",11.615832087467023
0,0.1,320,200,8,"(32, 32)",12.45316359682695
0,0.1,416,50,2,"(32, 32)",7.82141654255658
0,0.1,416,50,4,"(32, 32)",9.90315347404395
0,0.1,416,50,6,"(32, 32)",11.119152118000825
0,0.1,416,50,8,"(32, 32)",11.905461963596808
0,0.1,416,100,2,"(32, 32)",7.812517822245296
0,0.1,416,100,4,"(32, 32)",9.834449273705664
0,0.1,416,100,6,"(32, 32)",11.018705243102522
0,0.1,416,100,8,"(32, 32)",11.850209912722471
0,0.1,416,200,2,"(32, 32)",7.798851114416403
0,0.1,416,200,4,"(32, 32)",9.811444851460063
0,0.1,416,200,6,"(32, 32)",11.042171615474723
0,0.1,416,200,8,"(32, 32)",11.805174640169968
0,0.1,512,50,2,"(32, 32)",7.111235859227048
0,0.1,512,50,4,"(32, 32)",9.512850251936666
0,0.1,512,50,6,"(32, 32)",10.82732068001637
0,0.1,512,50,8,"(32, 32)",11.610564426367398
0,0.1,512,100,2,"(32, 32)",7.140087816996639
0,0.1,512,100,4,"(32, 32)",9.444367594188105
0,0.1,512,100,6,"(32, 32)",10.712884927642058
0,0.1,512,100,8,"(32, 32)",11.504926870048164
0,0.1,512,200,2,"(32, 32)",7.131934823295182
0,0.1,512,200,4,"(32, 32)",9.419035779519533
0,0.1,512,200,6,"(32, 32)",10.730998789580244
0,0.1,512,200,8,"(32, 32)",11.46274203478621
0,1.0,8,50,2,,22.367673132471424
0,1.0,8,50,4,,20.101564777254048
0,1.0,8,50,6,,19.66067489039977
0,1.0,8,50,8,,19.528106680654066
0,1.0,8,100,2,,21.474641971467985
0,1.0,8,100,4,,19.81383319785527
0,1.0,8,100,6,,19.711392585257556
0,1.0,8,100,8,,19.398813293971244
0,1.0,8,200,2,,21.742141794861904
0,1.0,8,200,4,,19.831455921891703
0,1.0,8,200,6,,19.87371188613996
0,1.0,8,200,8,,19.76250390300676
0,1.0,14,50,2,,14.870726412261114
0,1.0,14,50,4,,14.249804043677342
0,1.0,14,50,6,,14.98073790705071
0,1.0,14,50,8,,15.332335909592514
0,1.0,14,100,2,,14.763002386758446
0,1.0,14,100,4,,14.573303144818654
0,1.0,14,100,6,,14.836826227536116
0,1.0,14,100,8,,15.395708234155713
0,1.0,14,200,2,,14.849715983439491
0,1.0,14,200,4,,14.410523151164028
0,1.0,14,200,6,,14.904319782161991
0,1.0,14,200,8,,15.372083930146516
0,1.0,20,50,2,,11.429771772427278
0,1.0,20,50,4,,12.193828015881978
0,1.0,20,50,6,,12.7640387344466
0,1.0,20,50,8,,13.347537787327326
0,1.0,20,100,2,,11.131748510011208
0,1.0,20,100,4,,12.127442890536836
0,1.0,20,100,6,,12.790923172573958
0,1.0,20,100,8,,13.457782147500748
0,1.0,20,200,2,,11.26473000789983
0,1.0,20,200,4,,12.01521465260581
0,1.0,20,200,6,,12.941172939952835
0,1.0,20,200,8,,13.271026769612645
0,1.0,26,50,2,,9.656725627950484
0,1.0,26,50,4,,11.037119398110828
0,1.0,26,50,6,,11.849968799920193
0,1.0,26,50,8,,12.42735175551386
0,1.0,26,100,2,,9.60392554608663
0,1.0,26,100,4,,10.941798297432166
0,1.0,26,100,6,,11.813501063319327
0,1.0,26,100,8,,12.412822068445228
0,1.0,26,200,2,,9.636859869571206
0,1.0,26,200,4,,11.017307537173153
0,1.0,26,200,6,,11.838375754423817
0,1.0,26,200,8,,12.297167841176378
0,1.0,32,50,2,,8.738931685392279
0,1.0,32,50,2,,18.166577656845742
0,1.0,32,50,4,,10.377362453401048
0,1.0,32,50,4,,16.94094453252394
0,1.0,32,50,6,,11.378275808305624
0,1.0,32,50,6,,17.320395421718793
0,1.0,32,50,8,,11.820880480405478
0,1.0,32,50,8,,17.52743777136583
0,1.0,32,100,2,,8.792796515833155
0,1.0,32,100,2,,17.817749427793366
0,1.0,32,100,4,,10.3470367096408
0,1.0,32,100,4,,16.906803594469963
0,1.0,32,100,6,,11.203496142082797
0,1.0,32,100,6,,17.311456421615716
0,1.0,32,100,8,,11.79564404665306
0,1.0,32,100,8,,17.672788507003677
0,1.0,32,200,2,,8.794715846742928
0,1.0,32,200,2,,18.11869902430901
0,1.0,32,200,4,,10.38835552929468
0,1.0,32,200,4,,16.793603651277216
0,1.0,32,200,6,,11.201606083563124
0,1.0,32,200,6,,17.384374929781593
0,1.0,32,200,8,,11.89025252732566
0,1.0,32,200,8,,17.863416426410147
0,1.0,56,50,2,,12.08808628305458
0,1.0,56,50,4,,13.106301348598818
0,1.0,56,50,6,,14.185517697761885
0,1.0,56,50,8,,14.787020889479011
0,1.0,56,100,2,,12.152161055159976
0,1.0,56,100,4,,13.26867180692082
0,1.0,56,100,6,,14.112133546435205
0,1.0,56,100,8,,14.6190455125914
0,1.0,56,200,2,,12.09259989787304
0,1.0,56,200,4,,13.173567367925274
0,1.0,56,200,6,,14.167398740515278
0,1.0,56,200,8,,14.668606427550204
0,1.0,80,50,2,,10.01312786519654
0,1.0,80,50,4,,11.990585448771752
0,1.0,80,50,6,,13.012899454601811
0,1.0,80,50,8,,13.808895969995438
0,1.0,80,100,2,,9.949950090599446
0,1.0,80,100,4,,11.979988260151964
0,1.0,80,100,6,,13.062122102226596
0,1.0,80,100,8,,13.7066123987551
0,1.0,80,200,2,,9.967031300826749
0,1.0,80,200,4,,11.919252039593324
0,1.0,80,200,6,,13.132713739589986
0,1.0,80,200,8,,13.771879232434964
0,1.0,104,50,2,,9.187994703611013
0,1.0,104,50,4,,11.385445462417602
0,1.0,104,50,6,,12.590654546495175
0,1.0,104,50,8,,13.273896171813238
0,1.0,104,100,2,,9.202838161383116
0,1.0,104,100,4,,11.365869231978586
0,1.0,104,100,6,,12.58954999002808
0,1.0,104,100,8,,13.29230396492816
0,1.0,104,200,2,,9.195360415324927
0,1.0,104,200,4,,11.381889688110428
0,1.0,104,200,6,,12.514114041031174
0,1.0,104,200,8,,13.274181684139512
0,1.0,128,50,2,"(32, 32)",16.414560650869824
0,1.0,128,50,2,,8.822511221537232
0,1.0,128,50,4,"(32, 32)",15.94469609580711
0,1.0,128,50,4,,11.121952282346871
0,1.0,128,50,6,"(32, 32)",16.887813987043625
0,1.0,128,50,6,,12.328800158753982
0,1.0,128,50,8,"(32, 32)",17.775326028615734
0,1.0,128,50,8,,13.024309317934234
0,1.0,128,100,2,"(32, 32)",16.624605102438125
0,1.0,128,100,2,,8.81674762921817
0,1.0,128,100,4,"(32, 32)",16.06681154325599
0,1.0,128,100,4,,11.154720596924829
0,1.0,128,100,6,"(32, 32)",16.87856192967045
0,1.0,128,100,6,,12.232850351249477
0,1.0,128,100,8,"(32, 32)",17.785881525370662
0,1.0,128,100,8,,13.0280135638805
0,1.0,128,200,2,"(32, 32)",16.659440126937568
0,1.0,128,200,2,,8.794847054770019
0,1.0,128,200,4,"(32, 32)",15.845768365451791
0,1.0,128,200,4,,11.086867741703312
0,1.0,128,200,6,"(32, 32)",16.89974585347689
0,1.0,128,200,6,,12.234252773176168
0,1.0,128,200,8,"(32, 32)",17.874517687712846
0,1.0,128,200,8,,13.002047744276036
0,1.0,224,50,2,"(32, 32)",11.363896074968547
0,1.0,224,50,4,"(32, 32)",13.44901481338628
0,1.0,224,50,6,"(32, 32)",15.03021274723185
0,1.0,224,50,8,"(32, 32)",16.018293294301234
0,1.0,224,100,2,"(32, 32)",11.367872918821988
0,1.0,224,100,4,"(32, 32)",13.39075846477573
0,1.0,224,100,6,"(32, 32)",14.8351293326649
0,1.0,224,100,8,"(32, 32)",15.937473790764296
0,1.0,224,200,2,"(32, 32)",11.33904730049493
0,1.0,224,200,4,"(32, 32)",13.384597899731617
0,1.0,224,200,6,"(32, 32)",14.890185514771352
0,1.0,224,200,8,"(32, 32)",15.918009370155229
0,1.0,320,50,2,"(32, 32)",9.97615622796259
0,1.0,320,50,4,"(32, 32)",12.770821866418732
0,1.0,320,50,6,"(32, 32)",14.337368079379267
0,1.0,320,50,8,"(32, 32)",15.389286877703205
0,1.0,320,100,2,"(32, 32)",10.019584170791042
0,1.0,320,100,4,"(32, 32)",12.70672638952811
0,1.0,320,100,6,"(32, 32)",14.275216261633526
0,1.0,320,100,8,"(32, 32)",15.303887385766108
0,1.0,320,200,2,"(32, 32)",9.989000947196656
0,1.0,320,200,4,"(32, 32)",12.662753169851182
0,1.0,320,200,6,"(32, 32)",14.1835170986465
0,1.0,320,200,8,"(32, 32)",15.242160095158924
0,1.0,416,50,2,"(32, 32)",9.535946748776851
0,1.0,416,50,4,"(32, 32)",12.414752343266011
0,1.0,416,50,6,"(32, 32)",14.072920130294648
0,1.0,416,50,8,"(32, 32)",15.118352643042968
0,1.0,416,100,2,"(32, 32)",9.523056961480464
0,1.0,416,100,4,"(32, 32)",12.344366207918304
0,1.0,416,100,6,"(32, 32)",13.935681964350486
0,1.0,416,100,8,"(32, 32)",15.05599847934241
0,1.0,416,200,2,"(32, 32)",9.510380544660032
0,1.0,416,200,4,"(32, 32)",12.365048347005333
0,1.0,416,200,6,"(32, 32)",13.957879190980618
0,1.0,416,200,8,"(32, 32)",14.936337477644704
0,1.0,512,50,2,"(32, 32)",9.294795674114368
0,1.0,512,50,4,"(32, 32)",12.268900090221132
0,1.0,512,50,6,"(32, 32)",13.893830451955484
0,1.0,512,50,8,"(32, 32)",14.96237460970623
0,1.0,512,100,2,"(32, 32)",9.270598493594864
0,1.0,512,100,4,"(32, 32)",12.238749105823397
0,1.0,512,100,6,"(32, 32)",13.77961413304152
0,1.0,512,100,8,"(32, 32)",14.899661097416647
0,1.0,512,200,2,"(32, 32)",9.25238583700214
0,1.0,512,200,4,"(32, 32)",12.262132203227692
0,1.0,512,200,6,"(32, 32)",13.78332144119014
0,1.0,512,200,8,"(32, 32)",14.77512276174082
0,10.0,8,50,2,,22.242522794221543
0,10.0,8,50,4,,20.244301076456523
0,10.0,8,50,6,,20.265573894168647
0,10.0,8,50,8,,20.66686037444528
0,10.0,8,100,2,,22.51113056802531
0,10.0,8,100,4,,20.11945963351959
0,10.0,8,100,6,,20.442162218189768
0,10.0,8,100,8,,20.501693004387285
0,10.0,8,200,2,,22.44096972486668
0,10.0,8,200,4,,19.88506096078316
0,10.0,8,200,6,,20.31003816211295
0,10.0,8,200,8,,20.967241258535957
0,10.0,14,50,2,,15.537138837574204
0,10.0,14,50,4,,16.314721785618616
0,10.0,14,50,6,,17.24213882667575
0,10.0,14,50,8,,17.88407838139841
0,10.0,14,100,2,,15.608105246036043
0,10.0,14,100,4,,16.403265981418997
0,10.0,14,100,6,,17.10968323869745
0,10.0,14,100,8,,17.66819739757809
0,10.0,14,200,2,,16.009324694466397
0,10.0,14,200,4,,16.577314898142514
0,10.0,14,200,6,,17.285672772120108
0,10.0,14,200,8,,17.776444950739446
0,10.0,20,50,2,,13.60512766381776
0,10.0,20,50,4,,15.154976262319732
0,10.0,20,50,6,,16.17219521025829
0,10.0,20,50,8,,16.848921907160523
0,10.0,20,100,2,,13.566121545160804
0,10.0,20,100,4,,15.063704573081878
0,10.0,20,100,6,,16.297816541031715
0,10.0,20,100,8,,16.822722889952413
0,10.0,20,200,2,,13.645838209932732
0,10.0,20,200,4,,15.184359504423304
0,10.0,20,200,6,,16.18890127354479
0,10.0,20,200,8,,16.864928341172423
0,10.0,26,50,2,,12.742384188108726
0,10.0,26,50,4,,14.60461374306861
0,10.0,26,50,6,,15.689068111756416
0,10.0,26,50,8,,16.246879982365137
0,10.0,26,100,2,,12.710606472813886
0,10.0,26,100,4,,14.58371888150601
0,10.0,26,100,6,,15.696442384433231
0,10.0,26,100,8,,16.244034361689526
0,10.0,26,200,2,,12.751254749265426
0,10.0,26,200,4,,14.622154415466822
0,10.0,26,200,6,,15.73253656460368
0,10.0,26,200,8,,16.168153019380583
0,10.0,32,50,2,,12.312567696167404
0,10.0,32,50,2,,17.47910816545059
0,10.0,32,50,4,,14.398023925405283
0,10.0,32,50,4,,17.63359866504517
0,10.0,32,50,6,,15.38085577876942
0,10.0,32,50,6,,18.84465234724756
0,10.0,32,50,8,,16.07786080872746
0,10.0,32,50,8,,19.31294719091881
0,10.0,32,100,2,,12.3298043193898
0,10.0,32,100,2,,17.592773085146057
0,10.0,32,100,4,,14.255817631206863
0,10.0,32,100,4,,17.641011641854526
0,10.0,32,100,6,,15.38203814927438
0,10.0,32,100,6,,18.568126198309763
0,10.0,32,100,8,,16.08299011233201
0,10.0,32,100,8,,19.413874260279563
0,10.0,32,200,2,,12.34123200435248
0,10.0,32,200,2,,17.75026337334176
0,10.0,32,200,4,,14.215460294019664
0,10.0,32,200,4,,17.64773143421471
0,10.0,32,200,6,,15.38896586968501
0,10.0,32,200,6,,18.96074385636465
0,10.0,32,200,8,,15.880729062042214
0,10.0,32,200,8,,19.466842729390663
0,10.0,56,50,2,,13.666311228402224
0,10.0,56,50,4,,15.942948431055436
0,10.0,56,50,6,,17.346134935967633
0,10.0,56,50,8,,18.176053459773897
0,10.0,56,100,2,,13.76070569890175
0,10.0,56,100,4,,16.038493700528264
0,10.0,56,100,6,,17.411595070047454
0,10.0,56,100,8,,18.04231184700752
0,10.0,56,200,2,,13.812105751452478
0,10.0,56,200,4,,16.122992930330714
0,10.0,56,200,6,,17.26220205216998
0,10.0,56,200,8,,18.16209393734557
0,10.0,80,50,2,,12.793383372336352
0,10.0,80,50,4,,15.440029786432026
0,10.0,80,50,6,,16.906906820290352
0,10.0,80,50,8,,17.690259199297508
0,10.0,80,100,2,,12.784524288345532
0,10.0,80,100,4,,15.415903158440951
0,10.0,80,100,6,,16.931514005971934
0,10.0,80,100,8,,17.586338684305264
0,10.0,80,200,2,,12.756771159611713
0,10.0,80,200,4,,15.381291164574067
0,10.0,80,200,6,,16.89701018211454
0,10.0,80,200,8,,17.715549294280876
0,10.0,104,50,2,,12.293720621171842
0,10.0,104,50,4,,15.196860862629658
0,10.0,104,50,6,,16.607531900141243
0,10.0,104,50,8,,17.443605181408273
0,10.0,104,100,2,,12.375728084839404
0,10.0,104,100,4,,15.125450442834184
0,10.0,104,100,6,,16.58483796825732
0,10.0,104,100,8,,17.46344120926998
0,10.0,104,200,2,,12.336993799772497
0,10.0,104,200,4,,15.215526952327735
0,10.0,104,200,6,,16.58680778157185
0,10.0,104,200,8,,17.365621327126433
0,10.0,128,50,2,"(32, 32)",16.22581842412625
0,10.0,128,50,2,,12.099765277193752
0,10.0,128,50,4,"(32, 32)",17.839676640920032
0,10.0,128,50,4,,15.045641063193068
0,10.0,128,50,6,"(32, 32)",19.42384472017265
0,10.0,128,50,6,,16.441714250612048
0,10.0,128,50,8,"(32, 32)",20.435799624201582
0,10.0,128,50,8,,17.34775344419406
0,10.0,128,100,2,"(32, 32)",16.433946580773792
0,10.0,128,100,2,,12.13192661291126
0,10.0,128,100,4,"(32, 32)",17.803936422323208
0,10.0,128,100,4,,15.017865286750848
0,10.0,128,100,6,"(32, 32)",19.468088399015077
0,10.0,128,100,6,,16.377823214997736
0,10.0,128,100,8,"(32, 32)",20.358838745455905
0,10.0,128,100,8,,17.241149400953976
0,10.0,128,200,2,"(32, 32)",16.225924571633684
0,10.0,128,200,2,,12.119122211156435
0,10.0,128,200,4,"(32, 32)",17.780785204237972
0,10.0,128,200,4,,15.083000446390642
0,10.0,128,200,6,"(32, 32)",19.25042367444176
0,10.0,128,200,6,,16.372029508271922
0,10.0,128,200,8,"(32, 32)",20.33495885052725
0,10.0,128,200,8,,17.299918330005305
0,10.0,224,50,2,"(32, 32)",13.499318423549784
0,10.0,224,50,4,"(32, 32)",16.830776108488358
0,10.0,224,50,6,"(32, 32)",18.62204447600501
0,10.0,224,50,8,"(32, 32)",19.791455762308296
0,10.0,224,100,2,"(32, 32)",13.542771577018668
0,10.0,224,100,4,"(32, 32)",16.807192507099547
0,10.0,224,100,6,"(32, 32)",18.51012411693176
0,10.0,224,100,8,"(32, 32)",19.704129319758227
0,10.0,224,200,2,"(32, 32)",13.482612715719824
0,10.0,224,200,4,"(32, 32)",16.804344156004056
0,10.0,224,200,6,"(32, 32)",18.630744201899223
0,10.0,224,200,8,"(32, 32)",19.586643031300586
0,10.0,320,50,2,"(32, 32)",12.830168808668711
0,10.0,320,50,4,"(32, 32)",16.531838880697567
0,10.0,320,50,6,"(32, 32)",18.393871244496925
0,10.0,320,50,8,"(32, 32)",19.607279461144824
0,10.0,320,100,2,"(32, 32)",12.868257108700655
0,10.0,320,100,4,"(32, 32)",16.456903529129953
0,10.0,320,100,6,"(32, 32)",18.30138260251324
0,10.0,320,100,8,"(32, 32)",19.527444746500677
0,10.0,320,200,2,"(32, 32)",12.871816297055991
0,10.0,320,200,4,"(32, 32)",16.471097775199016
0,10.0,320,200,6,"(32, 32)",18.33690238660124
0,10.0,320,200,8,"(32, 32)",19.493620782725387
0,10.0,416,50,2,"(32, 32)",12.535256218682472
0,10.0,416,50,4,"(32, 32)",16.41277458152982
0,10.0,416,50,6,"(32, 32)",18.20734238128551
0,10.0,416,50,8,"(32, 32)",19.37677466355804
0,10.0,416,100,2,"(32, 32)",12.569860930360118
0,10.0,416,100,4,"(32, 32)",16.32248613008438
0,10.0,416,100,6,"(32, 32)",18.224439828476694
0,10.0,416,100,8,"(32, 32)",19.34147450708964
0,10.0,416,200,2,"(32, 32)",12.532880948066108
0,10.0,416,200,4,"(32, 32)",16.329208995118226
0,10.0,416,200,6,"(32, 32)",18.23750546346142
0,10.0,416,200,8,"(32, 32)",19.334054220944147
0,10.0,512,50,2,"(32, 32)",12.36995093099226
0,10.0,512,50,4,"(32, 32)",16.22114912748518
0,10.0,512,50,6,"(32, 32)",18.287875756596797
0,10.0,512,50,8,"(32, 32)",19.328637254321134
0,10.0,512,100,2,"(32, 32)",12.36469016582011
0,10.0,512,100,4,"(32, 32)",16.224183570763792
0,10.0,512,100,6,"(32, 32)",18.166604849800603
0,10.0,512,100,8,"(32, 32)",19.24191143970036
0,10.0,512,200,2,"(32, 32)",12.381038233001735
0,10.0,512,200,4,"(32, 32)",16.212616159321488
0,10.0,512,200,6,"(32, 32)",18.13929605667995
0,10.0,512,200,8,"(32, 32)",19.17734907699314
1,0.01,8,50,2,,45.80862347906109
1,0.01,8,50,4,,45.99795614760595
1,0.01,8,50,6,,45.84809909985971
1,0.01,8,50,8,,44.52301026256621
1,0.01,8,100,2,,44.98771983117071
1,0.01,8,100,4,,46.84968758298752
1,0.01,8,100,6,,45.829717380185805
1,0.01,8,100,8,,45.49142526167835
1,0.01,8,200,2,,45.80357850599752
1,0.01,8,200,4,,46.58893407319137
1,0.01,8,200,6,,45.329940112596354
1,0.01,8,200,8,,45.28430923647729
1,0.01,14,50,2,,43.01208073556639
1,0.01,14,50,4,,44.09047059017167
1,0.01,14,50,6,,43.22408647338588
1,0.01,14,50,8,,42.98193277002812
1,0.01,14,100,2,,42.47729891190779
1,0.01,14,100,4,,44.27461519251813
1,0.01,14,100,6,,42.82273423881278
1,0.01,14,100,8,,42.33442473819407
1,0.01,14,200,2,,42.61856428766857
1,0.01,14,200,4,,43.8097939519471
1,0.01,14,200,6,,42.94411842833277
1,0.01,14,200,8,,42.87219126762866
1,0.01,20,50,2,,39.81359526416682
1,0.01,20,50,4,,39.515198837643055
1,0.01,20,50,6,,38.16166634822044
1,0.01,20,50,8,,37.73143852607624
1,0.01,20,100,2,,39.69081868391067
1,0.01,20,100,4,,39.42255240458234
1,0.01,20,100,6,,38.73002444352438
1,0.01,20,100,8,,37.6640748564204
1,0.01,20,200,2,,39.18955927401211
1,0.01,20,200,4,,39.26118727720821
1,0.01,20,200,6,,38.9360075491621
1,0.01,20,200,8,,37.707380020708456
1,0.01,26,50,2,,35.33081778682514
1,0.01,26,50,4,,34.08655274225221
1,0.01,26,50,6,,31.432937017904216
1,0.01,26,50,8,,30.708805123737484
1,0.01,26,100,2,,34.59048129441392
1,0.01,26,100,4,,33.05961397262961
1,0.01,26,100,6,,31.69608071825205
1,0.01,26,100,8,,31.89930821448936
1,0.01,26,200,2,,35.10485196826597
1,0.01,26,200,4,,33.78671443476182
1,0.01,26,200,6,,31.985581785691963
1,0.01,26,200,8,,31.047031411793032
1,0.01,32,50,2,,28.869659128056327
1,0.01,32,50,2,,76.7828437537297
1,0.01,32,50,4,,27.138280684927988
1,0.01,32,50,4,,87.14422121744768
1,0.01,32,50,6,,25.94346105257968
1,0.01,32,50,6,,90.91019982667312
1,0.01,32,50,8,,25.035517677606396
1,0.01,32,50,8,,90.37362273078269
1,0.01,32,100,2,,30.2405882136342
1,0.01,32,100,2,,75.80389853645521
1,0.01,32,100,4,,26.98493749300644
1,0.01,32,100,4,,87.2907102643214
1,0.01,32,100,6,,26.856147150522315
1,0.01,32,100,6,,88.80259759987102
1,0.01,32,100,8,,24.202403679005783
1,0.01,32,100,8,,89.28605694993885
1,0.01,32,200,2,,29.87194770319672
1,0.01,32,200,2,,75.85734226948757
1,0.01,32,200,4,,26.897587568032574
1,0.01,32,200,4,,88.22173275906546
1,0.01,32,200,6,,24.77435283720237
1,0.01,32,200,6,,88.97762353753309
1,0.01,32,200,8,,26.60378039464732
1,0.01,32,200,8,,89.94733441460195
1,0.01,56,50,2,,68.28197191498377
1,0.01,56,50,4,,80.7684982889798
1,0.01,56,50,6,,80.99725626784343
1,0.01,56,50,8,,80.59485084991788
1,0.01,56,100,2,,68.29409706891224
1,0.01,56,100,4,,78.47263804487785
1,0.01,56,100,6,,80.41843131967167
1,0.01,56,100,8,,81.04557850736376
1,0.01,56,200,2,,67.61481366676361
1,0.01,56,200,4,,79.99705557173017
1,0.01,56,200,6,,80.54075055523136
1,0.01,56,200,8,,79.96431632532087
1,0.01,80,50,2,,58.76111202260226
1,0.01,80,50,4,,65.97756183560806
1,0.01,80,50,6,,66.59859580315234
1,0.01,80,50,8,,64.48925449256895
1,0.01,80,100,2,,58.581461732287
1,0.01,80,100,4,,66.28448702881096
1,0.01,80,100,6,,65.3814103902285
1,0.01,80,100,8,,63.109740816979496
1,0.01,80,200,2,,58.99231876868424
1,0.01,80,200,4,,66.30897258037955
1,0.01,80,200,6,,65.67777265105792
1,0.01,80,200,8,,64.73809755133874
1,0.01,104,50,2,,47.52745555652276
1,0.01,104,50,4,,50.77698378263293
1,0.01,104,50,6,,45.127177304815376
1,0.01,104,50,8,,43.54679729891368
1,0.01,104,100,2,,47.96502464316865
1,0.01,104,100,4,,51.33033013331844
1,0.01,104,100,6,,47.51602601192895
1,0.01,104,100,8,,42.29646869826442
1,0.01,104,200,2,,48.6716918745928
1,0.01,104,200,4,,49.27319428780203
1,0.01,104,200,6,,46.40086359174068
1,0.01,104,200,8,,41.79748945408452
1,0.01,128,50,2,"(32, 32)",111.40723068426291
1,0.01,128,50,2,,36.17622075845206
1,0.01,128,50,4,"(32, 32)",139.26052618049772
1,0.01,128,50,4,,31.84792293800473
1,0.01,128,50,6,"(32, 32)",148.6047796638467
1,0.01,128,50,6,,23.348545547048484
1,0.01,128,50,8,"(32, 32)",155.1367208892657
1,0.01,128,50,8,,21.68845508242357
1,0.01,128,100,2,"(32, 32)",110.44004197965084
1,0.01,128,100,2,,37.35830039820573
1,0.01,128,100,4,"(32, 32)",138.0064142367426
1,0.01,128,100,4,,30.26410869370539
1,0.01,128,100,6,"(32, 32)",149.21636127577162
1,0.01,128,100,6,,25.829492328541715
1,0.01,128,100,8,"(32, 32)",153.53177627047785
1,0.01,128,100,8,,21.22582072006825
1,0.01,128,200,2,"(32, 32)",111.21902753040214
1,0.01,128,200,2,,34.47776099774997
1,0.01,128,200,4,"(32, 32)",138.3012752951342
1,0.01,128,200,4,,28.92213991312781
1,0.01,128,200,6,"(32, 32)",150.22357938148411
1,0.01,128,200,6,,25.977774877723
1,0.01,128,200,8,"(32, 32)",153.7009295056344
1,0.01,128,200,8,,24.181717528878803
1,0.01,224,50,2,"(32, 32)",94.5553954305263
1,0.01,224,50,4,"(32, 32)",120.60698540923902
1,0.01,224,50,6,"(32, 32)",131.21369711042826
1,0.01,224,50,8,"(32, 32)",132.98657670796393
1,0.01,224,100,2,"(32, 32)",94.58435011889944
1,0.01,224,100,4,"(32, 32)",120.8953281418108
1,0.01,224,100,6,"(32, 32)",132.1264737280703
1,0.01,224,100,8,"(32, 32)",133.72589624275372
1,0.01,224,200,2,"(32, 32)",93.69402896660684
1,0.01,224,200,4,"(32, 32)",120.93721174654256
1,0.01,224,200,6,"(32, 32)",131.62498910293462
1,0.01,224,200,8,"(32, 32)",133.65343105080703
1,0.01,320,50,2,"(32, 32)",75.67856392056378
1,0.01,320,50,4,"(32, 32)",91.77108378958904
1,0.01,320,50,6,"(32, 32)",94.13796719293452
1,0.01,320,50,8,"(32, 32)",89.71648331572096
1,0.01,320,100,2,"(32, 32)",76.6302935466
1,0.01,320,100,4,"(32, 32)",93.06321987593572
1,0.01,320,100,6,"(32, 32)",96.45268299094818
1,0.01,320,100,8,"(32, 32)",90.25016763518344
1,0.01,320,200,2,"(32, 32)",75.04657713056388
1,0.01,320,200,4,"(32, 32)",92.19036724222256
1,0.01,320,200,6,"(32, 32)",95.87340408051313
1,0.01,320,200,8,"(32, 32)",91.62097111232066
1,0.01,416,50,2,"(32, 32)",55.38666020718572
1,0.01,416,50,4,"(32, 32)",55.72622190687178
1,0.01,416,50,6,"(32, 32)",46.76180440614284
1,0.01,416,50,8,"(32, 32)",42.70006759423796
1,0.01,416,100,2,"(32, 32)",55.991741593273815
1,0.01,416,100,4,"(32, 32)",53.795689100256766
1,0.01,416,100,6,"(32, 32)",48.8496131623959
1,0.01,416,100,8,"(32, 32)",42.94194978314304
1,0.01,416,200,2,"(32, 32)",54.0969462296129
1,0.01,416,200,4,"(32, 32)",55.96676889531014
1,0.01,416,200,6,"(32, 32)",46.15048382175881
1,0.01,416,200,8,"(32, 32)",44.13696113976997
1,0.01,512,50,2,"(32, 32)",32.34157613184451
1,0.01,512,50,4,"(32, 32)",18.75195963473744
1,0.01,512,50,6,"(32, 32)",10.807024677456344
1,0.01,512,50,8,"(32, 32)",13.859128792864896
1,0.01,512,100,2,"(32, 32)",33.8756145125953
1,0.01,512,100,4,"(32, 32)",20.9479084618728
1,0.01,512,100,6,"(32, 32)",18.87847868334366
1,0.01,512,100,8,"(32, 32)",9.054918998806736
1,0.01,512,200,2,"(32, 32)",35.64532907925605
1,0.01,512,200,4,"(32, 32)",17.08738743508467
1,0.01,512,200,6,"(32, 32)",17.309694689477336
1,0.01,512,200,8,"(32, 32)",12.345612436138593
1,0.1,8,50,2,,28.93767783190667
1,0.1,8,50,4,,28.527707133772648
1,0.1,8,50,6,,27.71143382993541
1,0.1,8,50,8,,27.45642820318247
1,0.1,8,100,2,,28.3288473130816
1,0.1,8,100,4,,27.84615095513844
1,0.1,8,100,6,,27.483657489235227
1,0.1,8,100,8,,27.34144047166187
1,0.1,8,200,2,,29.413990716732627
1,0.1,8,200,4,,27.81669094784795
1,0.1,8,200,6,,28.38111320887709
1,0.1,8,200,8,,26.87146150226709
1,0.1,14,50,2,,20.60838869639898
1,0.1,14,50,4,,20.580792763198374
1,0.1,14,50,6,,19.030715007810297
1,0.1,14,50,8,,18.88298522592444
1,0.1,14,100,2,,21.087491114263464
1,0.1,14,100,4,,19.60353051132119
1,0.1,14,100,6,,20.301529019654865
1,0.1,14,100,8,,19.235805380817347
1,0.1,14,200,2,,21.29074857142053
1,0.1,14,200,4,,19.621319857036347
1,0.1,14,200,6,,19.581651472011696
1,0.1,14,200,8,,18.97901862289469
1,0.1,20,50,2,,14.462614204397632
1,0.1,20,50,4,,13.099154065024134
1,0.1,20,50,6,,13.600408637695583
1,0.1,20,50,8,,12.988029250374892
1,0.1,20,100,2,,14.083829581341488
1,0.1,20,100,4,,13.230230878342155
1,0.1,20,100,6,,13.236187050810477
1,0.1,20,100,8,,14.085173507342166
1,0.1,20,200,2,,13.292899159337017
1,0.1,20,200,4,,13.566369273857257
1,0.1,20,200,6,,13.199406171214866
1,0.1,20,200,8,,13.76051497249829
1,0.1,26,50,2,,9.395593430077756
1,0.1,26,50,4,,9.71825444469861
1,0.1,26,50,6,,10.316395156894831
1,0.1,26,50,8,,10.459944662965237
1,0.1,26,100,2,,9.240708710875376
1,0.1,26,100,4,,9.548093627470632
1,0.1,26,100,6,,10.190538011897305
1,0.1,26,100,8,,10.477492960347472
1,0.1,26,200,2,,9.974584516319132
1,0.1,26,200,4,,9.557191260258229
1,0.1,26,200,6,,9.98801084890147
1,0.1,26,200,8,,10.352352748432528
1,0.1,32,50,2,,7.429390725868251
1,0.1,32,50,2,,35.413399549397454
1,0.1,32,50,4,,8.276791390769636
1,0.1,32,50,4,,39.48097432342079
1,0.1,32,50,6,,8.884186838836378
1,0.1,32,50,6,,39.721026675736375
1,0.1,32,50,8,,9.30358869981431
1,0.1,32,50,8,,39.15288878168726
1,0.1,32,100,2,,7.414254414171826
1,0.1,32,100,2,,34.83107444216521
1,0.1,32,100,4,,8.215665869540437
1,0.1,32,100,4,,40.79449350746992
1,0.1,32,100,6,,8.818413231770755
1,0.1,32,100,6,,38.535105813211416
1,0.1,32,100,8,,9.864963501342135
1,0.1,32,100,8,,37.823909885508925
1,0.1,32,200,2,,7.46309712894744
1,0.1,32,200,2,,35.7632195100002
1,0.1,32,200,4,,8.206123428937504
1,0.1,32,200,4,,39.83575158114158
1,0.1,32,200,6,,8.868465543221589
1,0.1,32,200,6,,40.25150154108857
1,0.1,32,200,8,,9.34489979893831
1,0.1,32,200,8,,39.33973737620287
1,0.1,56,50,2,,20.53965162358796
1,0.1,56,50,4,,18.48236098809056
1,0.1,56,50,6,,16.281108365019435
1,0.1,56,50,8,,19.78128326557852
1,0.1,56,100,2,,20.9013328528794
1,0.1,56,100,4,,20.20061225340949
1,0.1,56,100,6,,19.11139149916038
1,0.1,56,100,8,,15.958107225428137
1,0.1,56,200,2,,20.23340557824968
1,0.1,56,200,4,,19.687816023939284
1,0.1,56,200,6,,17.314026913289165
1,0.1,56,200,8,,17.42734376751132
1,0.1,80,50,2,,10.864974914886966
1,0.1,80,50,4,,10.421818814562286
1,0.1,80,50,6,,11.523109271013988
1,0.1,80,50,8,,11.554816089917924
1,0.1,80,100,2,,10.830350396712756
1,0.1,80,100,4,,10.407158889256964
1,0.1,80,100,6,,11.137239902254995
1,0.1,80,100,8,,11.701309124341115
1,0.1,80,200,2,,10.5704835594529
1,0.1,80,200,4,,10.627760764085847
1,0.1,80,200,6,,11.08752301029884
1,0.1,80,200,8,,13.253528197203652
1,0.1,104,50,2,,7.925263351733868
1,0.1,104,50,4,,9.210188067542484
1,0.1,104,50,6,,10.098793871784636
1,0.1,104,50,8,,10.562341632445811
1,0.1,104,100,2,,7.89655104086996
1,0.1,104,100,4,,9.178539032213632
1,0.1,104,100,6,,10.05233194047064
1,0.1,104,100,8,,10.505124794220135
1,0.1,104,200,2,,7.967186149781092
1,0.1,104,200,4,,9.20323981584258
1,0.1,104,200,6,,9.966440919937051
1,0.1,104,200,8,,10.481398499630506
1,0.1,128,50,2,"(32, 32)",40.3185915107551
1,0.1,128,50,2,,6.866253091647197
1,0.1,128,50,4,"(32, 32)",51.46249620327809
1,0.1,128,50,4,,8.543212105730262
1,0.1,128,50,6,"(32, 32)",55.42285709462743
1,0.1,128,50,6,,9.51933028518126
1,0.1,128,50,8,"(32, 32)",58.62578603384297
1,0.1,128,50,8,,9.957015733792836
1,0.1,128,100,2,"(32, 32)",42.49201100378173
1,0.1,128,100,2,,6.855312386927621
1,0.1,128,100,4,"(32, 32)",50.492159470850375
1,0.1,128,100,4,,8.562982475999664
1,0.1,128,100,6,"(32, 32)",56.62149319937143
1,0.1,128,100,6,,9.445518674406634
1,0.1,128,100,8,"(32, 32)",58.8615182719786
1,0.1,128,100,8,,9.945383076143925
1,0.1,128,200,2,"(32, 32)",40.088769783295135
1,0.1,128,200,2,,6.888582441562213
1,0.1,128,200,4,"(32, 32)",52.83559282126409
1,0.1,128,200,4,,8.52383133828877
1,0.1,128,200,6,"(32, 32)",58.61060808919079
1,0.1,128,200,6,,9.480306390567408
1,0.1,128,200,8,"(32, 32)",58.78445742190028
1,0.1,128,200,8,,9.937871962009812
1,0.1,224,50,2,"(32, 32)",16.799197581973768
1,0.1,224,50,4,"(32, 32)",13.817504390510868
1,0.1,224,50,6,"(32, 32)",17.192232125555552
1,0.1,224,50,8,"(32, 32)",17.146018501972133
1,0.1,224,100,2,"(32, 32)",18.90322029492093
1,0.1,224,100,4,"(32, 32)",14.08321255664088
1,0.1,224,100,6,"(32, 32)",13.67258759303658
1,0.1,224,100,8,"(32, 32)",15.893031895443672
1,0.1,224,200,2,"(32, 32)",18.955134172862785
1,0.1,224,200,4,"(32, 32)",16.13108710790934
1,0.1,224,200,6,"(32, 32)",17.23854082380196
1,0.1,224,200,8,"(32, 32)",13.776769069608246
1,0.1,320,50,2,"(32, 32)",9.216383601205536
1,0.1,320,50,4,"(32, 32)",10.574143893171035
1,0.1,320,50,6,"(32, 32)",11.715684494880945
1,0.1,320,50,8,"(32, 32)",12.456437918264283
1,0.1,320,100,2,"(32, 32)",9.13972080029653
1,0.1,320,100,4,"(32, 32)",10.628677270365213
1,0.1,320,100,6,"(32, 32)",11.644640994010702
1,0.1,320,100,8,"(32, 32)",12.358910475922038
1,0.1,320,200,2,"(32, 32)",9.174323773735166
1,0.1,320,200,4,"(32, 32)",10.527746868731224
1,0.1,320,200,6,"(32, 32)",11.65321077298356
1,0.1,320,200,8,"(32, 32)",12.395828905291795
1,0.1,416,50,2,"(32, 32)",7.779427556255495
1,0.1,416,50,4,"(32, 32)",9.885144009194784
1,0.1,416,50,6,"(32, 32)",11.119581638946464
1,0.1,416,50,8,"(32, 32)",11.903578891647989
1,0.1,416,100,2,"(32, 32)",7.763496214600809
1,0.1,416,100,4,"(32, 32)",9.843682376689848
1,0.1,416,100,6,"(32, 32)",11.036935870052805
1,0.1,416,100,8,"(32, 32)",11.798124578117957
1,0.1,416,200,2,"(32, 32)",7.810188134500287
1,0.1,416,200,4,"(32, 32)",9.791260103483234
1,0.1,416,200,6,"(32, 32)",11.044285493658233
1,0.1,416,200,8,"(32, 32)",11.83150781510772
1,0.1,512,50,2,"(32, 32)",7.1176344964598535
1,0.1,512,50,4,"(32, 32)",9.51201612567738
1,0.1,512,50,6,"(32, 32)",10.814874465503047
1,0.1,512,50,8,"(32, 32)",11.530131464106985
1,0.1,512,100,2,"(32, 32)",7.107296012986299
1,0.1,512,100,4,"(32, 32)",9.453256149012764
1,0.1,512,100,6,"(32, 32)",10.733340995106618
1,0.1,512,100,8,"(32, 32)",11.48072077944057
1,0.1,512,200,2,"(32, 32)",7.0875803463534455
1,0.1,512,200,4,"(32, 32)",9.420904663121842
1,0.1,512,200,6,"(32, 32)",10.709966413799664
1,0.1,512,200,8,"(32, 32)",11.482707082856534
1,1.0,8,50,2,,22.44246251049907
1,1.0,8,50,4,,19.612917831570087
1,1.0,8,50,6,,19.31639677072568
1,1.0,8,50,8,,20.0922663068216
1,1.0,8,100,2,,22.35791130260028
1,1.0,8,100,4,,19.9821463051263
1,1.0,8,100,6,,19.76784259885695
1,1.0,8,100,8,,19.820201351709684
1,1.0,8,200,2,,22.05519635825914
1,1.0,8,200,4,,20.394280140398884
1,1.0,8,200,6,,19.75938800821596
1,1.0,8,200,8,,19.82400438615629
1,1.0,14,50,2,,14.40824760439454
1,1.0,14,50,4,,14.342110866396338
1,1.0,14,50,6,,14.862665913059235
1,1.0,14,50,8,,15.172592570408565
1,1.0,14,100,2,,14.688159814177084
1,1.0,14,100,4,,14.301731239572872
1,1.0,14,100,6,,14.79389951088073
1,1.0,14,100,8,,15.420527962677058
1,1.0,14,200,2,,14.82398946833558
1,1.0,14,200,4,,14.45374101305475
1,1.0,14,200,6,,14.837197746919772
1,1.0,14,200,8,,15.20571623279692
1,1.0,20,50,2,,11.261678102163897
1,1.0,20,50,4,,12.145446369861972
1,1.0,20,50,6,,12.820175625792803
1,1.0,20,50,8,,13.31819482341703
1,1.0,20,100,2,,11.225553272095253
1,1.0,20,100,4,,12.03741233849222
1,1.0,20,100,6,,12.85636264008028
1,1.0,20,100,8,,13.283560805405244
1,1.0,20,200,2,,11.20142695328568
1,1.0,20,200,4,,12.05158732236237
1,1.0,20,200,6,,12.681912850343249
1,1.0,20,200,8,,13.374862384979467
1,1.0,26,50,2,,9.650398926074146
1,1.0,26,50,4,,11.089778737371075
1,1.0,26,50,6,,11.794079339422794
1,1.0,26,50,8,,12.466783717484832
1,1.0,26,100,2,,9.670778277063892
1,1.0,26,100,4,,10.927137075945998
1,1.0,26,100,6,,11.79904474174189
1,1.0,26,100,8,,12.317981719625156
1,1.0,26,200,2,,9.58844603007852
1,1.0,26,200,4,,10.939484334505115
1,1.0,26,200,6,,11.936775065674391
1,1.0,26,200,8,,12.324747722899057
1,1.0,32,50,2,,8.761018191871353
1,1.0,32,50,2,,18.11458440966728
1,1.0,32,50,4,,10.38444126233138
1,1.0,32,50,4,,16.90272324420146
1,1.0,32,50,6,,11.29984751910742
1,1.0,32,50,6,,17.548308262159335
1,1.0,32,50,8,,11.824017435104874
1,1.0,32,50,8,,17.63225335826338
1,1.0,32,100,2,,8.769982545111064
1,1.0,32,100,2,,18.169754022624407
1,1.0,32,100,4,,10.402659853674445
1,1.0,32,100,4,,16.920658987212153
1,1.0,32,100,6,,11.343467183436433
1,1.0,32,100,6,,17.402352299029886
1,1.0,32,100,8,,11.93006177913405
1,1.0,32,100,8,,17.94701800215506
1,1.0,32,200,2,,8.766340855489759
1,1.0,32,200,2,,18.08755940689212
1,1.0,32,200,4,,10.429790459171114
1,1.0,32,200,4,,16.871672125563013
1,1.0,32,200,6,,11.2503063584046
1,1.0,32,200,6,,17.67537054944135
1,1.0,32,200,8,,11.765308877414014
1,1.0,32,200,8,,17.6142886464445
1,1.0,56,50,2,,11.966510453616936
1,1.0,56,50,4,,13.0536981889222
1,1.0,56,50,6,,14.10495084595119
1,1.0,56,50,8,,14.754944441356914
1,1.0,56,100,2,,11.968952067688834
1,1.0,56,100,4,,13.204581529081272
1,1.0,56,100,6,,13.955556488914484
1,1.0,56,100,8,,14.871792487524568
1,1.0,56,200,2,,12.043151834279747
1,1.0,56,200,4,,13.180466208888156
1,1.0,56,200,6,,14.205442132564569
1,1.0,56,200,8,,14.703282743574649
1,1.0,80,50,2,,9.97330229803686
1,1.0,80,50,4,,11.962572221528005
1,1.0,80,50,6,,13.04535173672272
1,1.0,80,50,8,,13.89274314976498
1,1.0,80,100,2,,10.094431000875945
1,1.0,80,100,4,,11.876950555521018
1,1.0,80,100,6,,13.026885328562823
1,1.0,80,100,8,,13.803008948424017
1,1.0,80,200,2,,9.976075927531086
1,1.0,80,200,4,,11.932941145463824
1,1.0,80,200,6,,13.080702660961764
1,1.0,80,200,8,,13.801801309643214
1,1.0,104,50,2,,9.174701313697174
1,1.0,104,50,4,,11.41588764363677
1,1.0,104,50,6,,12.544869268533636
1,1.0,104,50,8,,13.264681042266949
1,1.0,104,100,2,,9.207346338278883
1,1.0,104,100,4,,11.373146492994938
1,1.0,104,100,6,,12.574469789888804
1,1.0,104,100,8,,13.275179563985366
1,1.0,104,200,2,,9.237071926331245
1,1.0,104,200,4,,11.45740964923404
1,1.0,104,200,6,,12.50475892076708
1,1.0,104,200,8,,13.208297745489238
1,1.0,128,50,2,"(32, 32)",16.542152660286703
1,1.0,128,50,2,,8.796662729524302
1,1.0,128,50,4,"(32, 32)",15.722249485227374
1,1.0,128,50,4,,11.113052982607355
1,1.0,128,50,6,"(32, 32)",16.929029535552974
1,1.0,128,50,6,,12.298683896248166
1,1.0,128,50,8,"(32, 32)",17.766681300879505
1,1.0,128,50,8,,13.00371425093878
1,1.0,128,100,2,"(32, 32)",16.515883343569858
1,1.0,128,100,2,,8.80384044075923
1,1.0,128,100,4,"(32, 32)",15.88162549748554
1,1.0,128,100,4,,11.097554330918392
1,1.0,128,100,6,"(32, 32)",16.984507289115097
1,1.0,128,100,6,,12.320003333896334
1,1.0,128,100,8,"(32, 32)",17.66252146380093
1,1.0,128,100,8,,13.026433479957731
1,1.0,128,200,2,"(32, 32)",16.53739564016433
1,1.0,128,200,2,,8.789922700960867
1,1.0,128,200,4,"(32, 32)",15.926476230198691
1,1.0,128,200,4,,11.04871436187455
1,1.0,128,200,6,"(32, 32)",16.887825281270317
1,1.0,128,200,6,,12.23744321036483
1,1.0,128,200,8,"(32, 32)",17.603026415973613
1,1.0,128,200,8,,12.947925292442113
1,1.0,224,50,2,"(32, 32)",11.334290819299849
1,1.0,224,50,4,"(32, 32)",13.453788927024236
1,1.0,224,50,6,"(32, 32)",14.927366258913002
1,1.0,224,50,8,"(32, 32)",15.95320199617193
1,1.0,224,100,2,"(32, 32)",11.388104111426342
1,1.0,224,100,4,"(32, 32)",13.365615975299075
1,1.0,224,100,6,"(32, 32)",14.926454682121989
1,1.0,224,100,8,"(32, 32)",15.85237551917157
1,1.0,224,200,2,"(32, 32)",11.319794384332448
1,1.0,224,200,4,"(32, 32)",13.447908708297696
1,1.0,224,200,6,"(32, 32)",15.054245329115613
1,1.0,224,200,8,"(32, 32)",15.893187909794408
1,1.0,320,50,2,"(32, 32)",9.959166126197475
1,1.0,320,50,4,"(32, 32)",12.682347345980617
1,1.0,320,50,6,"(32, 32)",14.283984700814598
1,1.0,320,50,8,"(32, 32)",15.424135546828657
1,1.0,320,100,2,"(32, 32)",10.010684409052484
1,1.0,320,100,4,"(32, 32)",12.672659777930123
1,1.0,320,100,6,"(32, 32)",14.249061553571543
1,1.0,320,100,8,"(32, 32)",15.307435611213757
1,1.0,320,200,2,"(32, 32)",9.991845430032244
1,1.0,320,200,4,"(32, 32)",12.699998384010032
1,1.0,320,200,6,"(32, 32)",14.20860448375323
1,1.0,320,200,8,"(32, 32)",15.298218213219068
1,1.0,416,50,2,"(32, 32)",9.49746509663072
1,1.0,416,50,4,"(32, 32)",12.423802333037996
1,1.0,416,50,6,"(32, 32)",14.024181735126072
1,1.0,416,50,8,"(32, 32)",15.092178168107814
1,1.0,416,100,2,"(32, 32)",9.515910026904244
1,1.0,416,100,4,"(32, 32)",12.361435825688188
1,1.0,416,100,6,"(32, 32)",13.97519093282402
1,1.0,416,100,8,"(32, 32)",15.05930709237776
1,1.0,416,200,2,"(32, 32)",9.503912471419564
1,1.0,416,200,4,"(32, 32)",12.367562727498232
1,1.0,416,200,6,"(32, 32)",13.958157954846037
1,1.0,416,200,8,"(32, 32)",14.996801798332427
1,1.0,512,50,2,"(32, 32)",9.266338044338395
1,1.0,512,50,4,"(32, 32)",12.268976732783386
1,1.0,512,50,6,"(32, 32)",13.856798622788371
1,1.0,512,50,8,"(32, 32)",14.947370005678923
1,1.0,512,100,2,"(32, 32)",9.281416458024344
1,1.0,512,100,4,"(32, 32)",12.197966634429218
1,1.0,512,100,6,"(32, 32)",13.773221053717975
1,1.0,512,100,8,"(32, 32)",14.843639750824124
1,1.0,512,200,2,"(32, 32)",9.2659107183498
1,1.0,512,200,4,"(32, 32)",12.204747442611808
1,1.0,512,200,6,"(32, 32)",13.796205463342725
1,1.0,512,200,8,"(32, 32)",14.820727803509936
1,10.0,8,50,2,,22.921348186073967
1,10.0,8,50,4,,20.28286449900892
1,10.0,8,50,6,,20.24415080046777
1,10.0,8,50,8,,20.639254366395637
1,10.0,8,100,2,,22.68893125448943
1,10.0,8,100,4,,20.161006395863357
1,10.0,8,100,6,,19.921876723345516
1,10.0,8,100,8,,20.67433914180077
1,10.0,8,200,2,,22.470434048801835
1,10.0,8,200,4,,19.920319811387053
1,10.0,8,200,6,,20.04233409803888
1,10.0,8,200,8,,20.64511376085117
1,10.0,14,50,2,,16.0282764911837
1,10.0,14,50,4,,16.348496632185125
1,10.0,14,50,6,,16.99836880206899
1,10.0,14,50,8,,17.821455246987025
1,10.0,14,100,2,,15.948470943427449
1,10.0,14,100,4,,16.423602360872497
1,10.0,14,100,6,,17.342185559896897
1,10.0,14,100,8,,17.886277169389516
1,10.0,14,200,2,,15.94594000441842
1,10.0,14,200,4,,16.47484266006289
1,10.0,14,200,6,,17.36615841073602
1,10.0,14,200,8,,17.839261587795686
1,10.0,20,50,2,,13.616966749142984
1,10.0,20,50,4,,15.083050270304842
1,10.0,20,50,6,,16.097285265721837
1,10.0,20,50,8,,16.857551087153965
1,10.0,20,100,2,,13.531844128258152
1,10.0,20,100,4,,15.20995275506401
1,10.0,20,100,6,,16.035276981693787
1,10.0,20,100,8,,16.765183015456408
1,10.0,20,200,2,,13.520670854075188
1,10.0,20,200,4,,15.219819142975156
1,10.0,20,200,6,,16.247985715002393
1,10.0,20,200,8,,16.84498050986363
1,10.0,26,50,2,,12.805700665854134
1,10.0,26,50,4,,14.687295206143714
1,10.0,26,50,6,,15.646509243130282
1,10.0,26,50,8,,16.252138085190143
1,10.0,26,100,2,,12.83310245124576
1,10.0,26,100,4,,14.64825299362968
1,10.0,26,100,6,,15.698016042548788
1,10.0,26,100,8,,16.340482600356356
1,10.0,26,200,2,,12.818493887855098
1,10.0,26,200,4,,14.590125342413074
1,10.0,26,200,6,,15.681566065996934
1,10.0,26,200,8,,16.288032861455356
1,10.0,32,50,2,,12.298673350423613
1,10.0,32,50,2,,17.591986613554326
1,10.0,32,50,4,,14.238604087989517
1,10.0,32,50,4,,17.727520422105346
1,10.0,32,50,6,,15.382030213372596
1,10.0,32,50,6,,18.840317952901067
1,10.0,32,50,8,,16.069449261080585
1,10.0,32,50,8,,19.426567609417056
1,10.0,32,100,2,,12.334001540219647
1,10.0,32,100,2,,17.63235093080114
1,10.0,32,100,4,,14.22834323419932
1,10.0,32,100,4,,17.695311314328052
1,10.0,32,100,6,,15.34897501253901
1,10.0,32,100,6,,18.66640902523077
1,10.0,32,100,8,,16.08252723268148
1,10.0,32,100,8,,19.371249420408223
1,10.0,32,200,2,,12.354042108346356
1,10.0,32,200,2,,17.6544532064173
1,10.0,32,200,4,,14.344811094841218
1,10.0,32,200,4,,17.839144618478603
1,10.0,32,200,6,,15.299947272315828
1,10.0,32,200,6,,18.68019058015961
1,10.0,32,200,8,,15.983803061118804
1,10.0,32,200,8,,19.34542134449001
1,10.0,56,50,2,,13.81077806605388
1,10.0,56,50,4,,16.03083976235581
1,10.0,56,50,6,,17.295276102738885
1,10.0,56,50,8,,18.11413153651097
1,10.0,56,100,2,,13.81185469695065
1,10.0,56,100,4,,16.072068626131973
1,10.0,56,100,6,,17.419904137226084
1,10.0,56,100,8,,18.142966685270142
1,10.0,56,200,2,,13.809339895417448
1,10.0,56,200,4,,15.95162792448351
1,10.0,56,200,6,,17.40744841745895
1,10.0,56,200,8,,18.078318918782223
1,10.0,80,50,2,,12.688632256859078
1,10.0,80,50,4,,15.435763118502988
1,10.0,80,50,6,,16.970628497433452
1,10.0,80,50,8,,17.71179181004323
1,10.0,80,100,2,,12.830319401607492
1,10.0,80,100,4,,15.416889347152168
1,10.0,80,100,6,,16.743369313091968
1,10.0,80,100,8,,17.653660731223276
1,10.0,80,200,2,,12.704076452154926
1,10.0,80,200,4,,15.445504896927003
1,10.0,80,200,6,,16.818951131297766
1,10.0,80,200,8,,17.666149827606617
1,10.0,104,50,2,,12.360814759396456
1,10.0,104,50,4,,15.206129790621562
1,10.0,104,50,6,,16.5725104256006
1,10.0,104,50,8,,17.48850461243332
1,10.0,104,100,2,,12.28059940701814
1,10.0,104,100,4,,15.133888218211418
1,10.0,104,100,6,,16.659059555968536
1,10.0,104,100,8,,17.406298871887742
1,10.0,104,200,2,,12.331142815241533
1,10.0,104,200,4,,15.145249864060489
1,10.0,104,200,6,,16.558776321718494
1,10.0,104,200,8,,17.444723731772907
1,10.0,128,50,2,"(32, 32)",16.366198321838997
1,10.0,128,50,2,,12.138321470203929
1,10.0,128,50,4,"(32, 32)",17.797426504912274
1,10.0,128,50,4,,15.019977744501238
1,10.0,128,50,6,"(32, 32)",19.5010580118188
1,10.0,128,50,6,,16.447518200322843
1,10.0,128,50,8,"(32, 32)",20.46937404001617
1,10.0,128,50,8,,17.26661070344514
1,10.0,128,100,2,"(32, 32)",16.12670144264369
1,10.0,128,100,2,,12.11552625394011
1,10.0,128,100,4,"(32, 32)",17.746348260611647
1,10.0,128,100,4,,15.078584179779586
1,10.0,128,100,6,"(32, 32)",19.330731918442343
1,10.0,128,100,6,,16.4789251349199
1,10.0,128,100,8,"(32, 32)",20.417230663164897
1,10.0,128,100,8,,17.327686025633362
1,10.0,128,200,2,"(32, 32)",16.233449871002634
1,10.0,128,200,2,,12.10817802173818
1,10.0,128,200,4,"(32, 32)",17.614393032075437
1,10.0,128,200,4,,15.015402959954312
1,10.0,128,200,6,"(32, 32)",19.36833479892633
1,10.0,128,200,6,,16.39973840737474
1,10.0,128,200,8,"(32, 32)",20.42476731054583
1,10.0,128,200,8,,17.246552606615158
1,10.0,224,50,2,"(32, 32)",13.540170314962923
1,10.0,224,50,4,"(32, 32)",16.835857970012274
1,10.0,224,50,6,"(32, 32)",18.61273157963303
1,10.0,224,50,8,"(32, 32)",19.84669523234304
1,10.0,224,100,2,"(32, 32)",13.45346568669777
1,10.0,224,100,4,"(32, 32)",16.779789298079386
1,10.0,224,100,6,"(32, 32)",18.57182668531675
1,10.0,224,100,8,"(32, 32)",19.79255996562031
1,10.0,224,200,2,"(32, 32)",13.497651778962982
1,10.0,224,200,4,"(32, 32)",16.889956140816963
1,10.0,224,200,6,"(32, 32)",18.630546716765352
1,10.0,224,200,8,"(32, 32)",19.702979308882203
1,10.0,320,50,2,"(32, 32)",12.827810527557236
1,10.0,320,50,4,"(32, 32)",16.592568450644
1,10.0,320,50,6,"(32, 32)",18.38425829933187
1,10.0,320,50,8,"(32, 32)",19.514982678706
1,10.0,320,100,2,"(32, 32)",12.8373905225504
1,10.0,320,100,4,"(32, 32)",16.458013809901075
1,10.0,320,100,6,"(32, 32)",18.306588426289878
1,10.0,320,100,8,"(32, 32)",19.432003998260903
1,10.0,320,200,2,"(32, 32)",12.816618020337817
1,10.0,320,200,4,"(32, 32)",16.45331801602863
1,10.0,320,200,6,"(32, 32)",18.33191784104863
1,10.0,320,200,8,"(32, 32)",19.457140355703174
1,10.0,416,50,2,"(32, 32)",12.525549145993216
1,10.0,416,50,4,"(32, 32)",16.457120375863873
1,10.0,416,50,6,"(32, 32)",18.332962425410244
1,10.0,416,50,8,"(32, 32)",19.461227604722485
1,10.0,416,100,2,"(32, 32)",12.579531080424625
1,10.0,416,100,4,"(32, 32)",16.298568447414596
1,10.0,416,100,6,"(32, 32)",18.24532707692693
1,10.0,416,100,8,"(32, 32)",19.315367056854384
1,10.0,416,200,2,"(32, 32)",12.556799207176391
1,10.0,416,200,4,"(32, 32)",16.291808821244153
1,10.0,416,200,6,"(32, 32)",18.24637682757825
1,10.0,416,200,8,"(32, 32)",19.298032112796207
1,10.0,512,50,2,"(32, 32)",12.382430648932978
1,10.0,512,50,4,"(32, 32)",16.28912327158178
1,10.0,512,50,6,"(32, 32)",18.31141164624594
1,10.0,512,50,8,"(32, 32)",19.400837952911893
1,10.0,512,100,2,"(32, 32)",12.383235002403689
1,10.0,512,100,4,"(32, 32)",16.19432165682035
1,10.0,512,100,6,"(32, 32)",18.119934742285835
1,10.0,512,100,8,"(32, 32)",19.35159699702971
1,10.0,512,200,2,"(32, 32)",12.387718985553356
1,10.0,512,200,4,"(32, 32)",16.236778514594032
1,10.0,512,200,6,"(32, 32)",18.05187739280281
1,10.0,512,200,8,"(32, 32)",19.29549827452272
2,0.01,8,50,2,,45.25863114124797
2,0.01,8,50,4,,46.5491651859676
2,0.01,8,50,6,,46.35566744428692
2,0.01,8,50,8,,45.61005380457954
2,0.01,8,100,2,,46.076860857439385
2,0.01,8,100,4,,47.00240563262594
2,0.01,8,100,6,,45.771170215411615
2,0.01,8,100,8,,44.55087723644306
2,0.01,8,200,2,,44.80543272933527
2,0.01,8,200,4,,45.44040025272856
2,0.01,8,200,6,,44.404166508976765
2,0.01,8,200,8,,44.878461783936906
2,0.01,14,50,2,,42.050603672189496
2,0.01,14,50,4,,44.453022538051954
2,0.01,14,50,6,,43.48243718381968
2,0.01,14,50,8,,42.89390587548402
2,0.01,14,100,2,,43.10289115856159
2,0.01,14,100,4,,44.44219881477449
2,0.01,14,100,6,,43.02495369872683
2,0.01,14,100,8,,41.98188713604549
2,0.01,14,200,2,,42.9060712950917
2,0.01,14,200,4,,43.74920718973345
2,0.01,14,200,6,,43.92024554171828
2,0.01,14,200,8,,42.4255993074113
2,0.01,20,50,2,,39.539989268369474
2,0.01,20,50,4,,39.83672286952272
2,0.01,20,50,6,,38.46932445007346
2,0.01,20,50,8,,38.1182778357519
2,0.01,20,100,2,,39.21723702844533
2,0.01,20,100,4,,39.833856289249205
2,0.01,20,100,6,,40.02140793130541
2,0.01,20,100,8,,38.40042022832769
2,0.01,20,200,2,,39.21708265916962
2,0.01,20,200,4,,39.29802433706909
2,0.01,20,200,6,,38.82583025592957
2,0.01,20,200,8,,38.37782729478901
2,0.01,26,50,2,,34.39436604916672
2,0.01,26,50,4,,33.508180046600565
2,0.01,26,50,6,,32.605234991898975
2,0.01,26,50,8,,32.108316445826794
2,0.01,26,100,2,,34.69965381944334
2,0.01,26,100,4,,34.43312191696725
2,0.01,26,100,6,,33.54053959502863
2,0.01,26,100,8,,32.22937333859192
2,0.01,26,200,2,,35.63311605527013
2,0.01,26,200,4,,33.94643861858345
2,0.01,26,200,6,,31.931880807460363
2,0.01,26,200,8,,32.92328477474395
2,0.01,32,50,2,,29.21650943427276
2,0.01,32,50,2,,75.6822762990172
2,0.01,32,50,4,,27.071994587214583
2,0.01,32,50,4,,87.64546367354826
2,0.01,32,50,6,,25.498644848886357
2,0.01,32,50,6,,89.32676071451677
2,0.01,32,50,8,,25.35517650171952
2,0.01,32,50,8,,89.49795544809069
2,0.01,32,100,2,,28.95094339681652
2,0.01,32,100,2,,76.52551970830369
2,0.01,32,100,4,,26.372176105051874
2,0.01,32,100,4,,88.04375908659921
2,0.01,32,100,6,,25.073476466316624
2,0.01,32,100,6,,90.0689005857303
2,0.01,32,100,8,,24.52520763064345
2,0.01,32,100,8,,89.64124394562687
2,0.01,32,200,2,,29.83287225576526
2,0.01,32,200,2,,74.87718803762353
2,0.01,32,200,4,,27.278897353342728
2,0.01,32,200,4,,87.88241667399359
2,0.01,32,200,6,,26.433011370602635
2,0.01,32,200,6,,89.02567688090893
2,0.01,32,200,8,,26.39010151625662
2,0.01,32,200,8,,90.11685027417803
2,0.01,56,50,2,,68.30133808662777
2,0.01,56,50,4,,78.31069851665703
2,0.01,56,50,6,,80.70964470938397
2,0.01,56,50,8,,78.56842154656569
2,0.01,56,100,2,,67.84486596987615
2,0.01,56,100,4,,79.94062478144637
2,0.01,56,100,6,,81.01831544622574
2,0.01,56,100,8,,80.72455573977193
2,0.01,56,200,2,,66.91465641611062
2,0.01,56,200,4,,78.76583940370479
2,0.01,56,200,6,,80.27883039119511
2,0.01,56,200,8,,80.49124597848328
2,0.01,80,50,2,,59.03917279447072
2,0.01,80,50,4,,66.48285961822309
2,0.01,80,50,6,,64.7132240931332
2,0.01,80,50,8,,63.92288897224613
2,0.01,80,100,2,,58.57133764067181
2,0.01,80,100,4,,66.0576386336712
2,0.01,80,100,6,,65.35490870234385
2,0.01,80,100,8,,62.72913083476962
2,0.01,80,200,2,,59.46222218353763
2,0.01,80,200,4,,67.03215664337135
2,0.01,80,200,6,,65.23451622131046
2,0.01,80,200,8,,63.98270280863032
2,0.01,104,50,2,,48.94331732578056
2,0.01,104,50,4,,50.77584248552402
2,0.01,104,50,6,,45.79317846512959
2,0.01,104,50,8,,41.735046724078735
2,0.01,104,100,2,,48.04331966488793
2,0.01,104,100,4,,50.560714595851145
2,0.01,104,100,6,,44.2503237523881
2,0.01,104,100,8,,41.74674632477164
2,0.01,104,200,2,,47.02757245763962
2,0.01,104,200,4,,50.53632996832556
2,0.01,104,200,6,,46.07065161285392
2,0.01,104,200,8,,42.060905800433375
2,0.01,128,50,2,"(32, 32)",111.64890200001994
2,0.01,128,50,2,,35.78923671824069
2,0.01,128,50,4,"(32, 32)",141.0249891795408
2,0.01,128,50,4,,33.07527672384445
2,0.01,128,50,6,"(32, 32)",149.5547126371849
2,0.01,128,50,6,,24.661971092063016
2,0.01,128,50,8,"(32, 32)",154.5525257611364
2,0.01,128,50,8,,24.6609206423339
2,0.01,128,100,2,"(32, 32)",110.13956723115878
2,0.01,128,100,2,,34.98768720668741
2,0.01,128,100,4,"(32, 32)",138.75071292728404
2,0.01,128,100,4,,30.94150685266437
2,0.01,128,100,6,"(32, 32)",148.92906611387525
2,0.01,128,100,6,,27.187385436068787
2,0.01,128,100,8,"(32, 32)",153.61699628970834
2,0.01,128,100,8,,22.808272212983447
2,0.01,128,200,2,"(32, 32)",111.06641195145151
2,0.01,128,200,2,,36.555870250621496
2,0.01,128,200,4,"(32, 32)",137.78702187512727
2,0.01,128,200,4,,33.655362286633185
2,0.01,128,200,6,"(32, 32)",148.75408284971283
2,0.01,128,200,6,,25.799057311940963
2,0.01,128,200,8,"(32, 32)",153.2391921397049
2,0.01,128,200,8,,22.41507707748078
2,0.01,224,50,2,"(32, 32)",95.08582665274996
2,0.01,224,50,4,"(32, 32)",122.0678376467874
2,0.01,224,50,6,"(32, 32)",129.83633800518044
2,0.01,224,50,8,"(32, 32)",131.33296496602662
2,0.01,224,100,2,"(32, 32)",93.93718672222352
2,0.01,224,100,4,"(32, 32)",121.06524152512102
2,0.01,224,100,6,"(32, 32)",130.0145563925917
2,0.01,224,100,8,"(32, 32)",134.47186540934845
2,0.01,224,200,2,"(32, 32)",94.57131928983786
2,0.01,224,200,4,"(32, 32)",120.4230968373264
2,0.01,224,200,6,"(32, 32)",129.8309922323513
2,0.01,224,200,8,"(32, 32)",132.9515083654945
2,0.01,320,50,2,"(32, 32)",76.82762028216294
2,0.01,320,50,4,"(32, 32)",92.26024440545292
2,0.01,320,50,6,"(32, 32)",95.51756031304149
2,0.01,320,50,8,"(32, 32)",92.14571148833198
2,0.01,320,100,2,"(32, 32)",75.51668551154383
2,0.01,320,100,4,"(32, 32)",91.3889513963088
2,0.01,320,100,6,"(32, 32)",92.79502398945414
2,0.01,320,100,8,"(32, 32)",90.47328862481922
2,0.01,320,200,2,"(32, 32)",76.05664754652841
2,0.01,320,200,4,"(32, 32)",91.6308212616821
2,0.01,320,200,6,"(32, 32)",93.962926635342
2,0.01,320,200,8,"(32, 32)",91.91240602257878
2,0.01,416,50,2,"(32, 32)",55.46404441968393
2,0.01,416,50,4,"(32, 32)",53.79353389951429
2,0.01,416,50,6,"(32, 32)",49.27633752812344
2,0.01,416,50,8,"(32, 32)",40.752676706222914
2,0.01,416,100,2,"(32, 32)",56.13663944798605
2,0.01,416,100,4,"(32, 32)",55.58176478622921
2,0.01,416,100,6,"(32, 32)",47.80665223506876
2,0.01,416,100,8,"(32, 32)",39.31054609867962
2,0.01,416,200,2,"(32, 32)",54.26305221842548
2,0.01,416,200,4,"(32, 32)",55.96044168408415
2,0.01,416,200,6,"(32, 32)",48.69859784906132
2,0.01,416,200,8,"(32, 32)",46.54881702071312
2,0.01,512,50,2,"(32, 32)",34.029238975102125
2,0.01,512,50,4,"(32, 32)",20.38641908026664
2,0.01,512,50,6,"(32, 32)",16.52195885357214
2,0.01,512,50,8,"(32, 32)",9.063593305212612
2,0.01,512,100,2,"(32, 32)",35.75706444145972
2,0.01,512,100,4,"(32, 32)",23.68216929177946
2,0.01,512,100,6,"(32, 32)",13.294306972154398
2,0.01,512,100,8,"(32, 32)",15.806298770127905
2,0.01,512,200,2,"(32, 32)",35.63801229985778
2,0.01,512,200,4,"(32, 32)",21.258908009085733
2,0.01,512,200,6,"(32, 32)",10.586650078357732
2,0.01,512,200,8,"(32, 32)",19.14646813713863
2,0.1,8,50,2,,29.343390871883013
2,0.1,8,50,4,,28.44181029802014
2,0.1,8,50,6,,27.87360498333227
2,0.1,8,50,8,,26.29474357902116
2,0.1,8,100,2,,29.62330532457969
2,0.1,8,100,4,,28.365430722354585
2,0.1,8,100,6,,28.09528174377696
2,0.1,8,100,8,,27.313053431021405
2,0.1,8,200,2,,29.034657191136027
2,0.1,8,200,4,,28.937460386442748
2,0.1,8,200,6,,27.049924470298933
2,0.1,8,200,8,,26.85611455189419
2,0.1,14,50,2,,21.043661142631255
2,0.1,14,50,4,,20.11734820551709
2,0.1,14,50,6,,19.05046577184578
2,0.1,14,50,8,,20.35955496625779
2,0.1,14,100,2,,20.787402626126088
2,0.1,14,100,4,,19.60676261856759
2,0.1,14,100,6,,19.984873201007595
2,0.1,14,100,8,,19.17989852385184
2,0.1,14,200,2,,20.123333026725277
2,0.1,14,200,4,,20.766165353878858
2,0.1,14,200,6,,18.530481229277967
2,0.1,14,200,8,,19.09843584616341
2,0.1,20,50,2,,14.109390140495751
2,0.1,20,50,4,,13.642482216019353
2,0.1,20,50,6,,13.322866209569394
2,0.1,20,50,8,,12.975036127117336
2,0.1,20,100,2,,14.044245829230746
2,0.1,20,100,4,,13.581597870656267
2,0.1,20,100,6,,13.205040425964896
2,0.1,20,100,8,,13.61378465375727
2,0.1,20,200,2,,14.293128084398171
2,0.1,20,200,4,,13.62510023167691
2,0.1,20,200,6,,13.566477530720814
2,0.1,20,200,8,,14.303176708432176
2,0.1,26,50,2,,9.799987006665392
2,0.1,26,50,4,,9.767421904994482
2,0.1,26,50,6,,10.055850657517198
2,0.1,26,50,8,,10.77650484343718
2,0.1,26,100,2,,9.866210502527087
2,0.1,26,100,4,,9.764968337297258
2,0.1,26,100,6,,10.03653641917654
2,0.1,26,100,8,,10.49914783471149
2,0.1,26,200,2,,9.481541821610104
2,0.1,26,200,4,,9.78956265400999
2,0.1,26,200,6,,10.04170817977323
2,0.1,26,200,8,,10.387321968251449
2,0.1,32,50,2,,7.42204743837509
2,0.1,32,50,2,,35.03180502895085
2,0.1,32,50,4,,8.259270054889814
2,0.1,32,50,4,,40.5041731579956
2,0.1,32,50,6,,8.846626380113843
2,0.1,32,50,6,,39.73259814838866
2,0.1,32,50,8,,9.317353692652455
2,0.1,32,50,8,,39.588222295437056
2,0.1,32,100,2,,7.396320882138141
2,0.1,32,100,2,,35.262858865852984
2,0.1,32,100,4,,8.276165707816766
2,0.1,32,100,4,,40.54662958853658
2,0.1,32,100,6,,8.856111655436852
2,0.1,32,100,6,,39.34429131363492
2,0.1,32,100,8,,9.313378823819356
2,0.1,32,100,8,,39.29487042329128
2,0.1,32,200,2,,7.507426590384335
2,0.1,32,200,2,,35.658618524036015
2,0.1,32,200,4,,8.221110305979717
2,0.1,32,200,4,,40.5168599956696
2,0.1,32,200,6,,8.854275643669123
2,0.1,32,200,6,,37.583494238216495
2,0.1,32,200,8,,9.311115955704569
2,0.1,32,200,8,,38.57083460234412
2,0.1,56,50,2,,19.337331270789917
2,0.1,56,50,4,,18.37775582129384
2,0.1,56,50,6,,15.828950067765163
2,0.1,56,50,8,,16.928554636077187
2,0.1,56,100,2,,21.015221120364
2,0.1,56,100,4,,20.617984757759217
2,0.1,56,100,6,,16.646834755933558
2,0.1,56,100,8,,19.587554779657765
2,0.1,56,200,2,,19.909659436549752
2,0.1,56,200,4,,18.469456796305245
2,0.1,56,200,6,,17.751066686251725
2,0.1,56,200,8,,16.64639832544784
2,0.1,80,50,2,,11.623682583228703
2,0.1,80,50,4,,10.746783640329816
2,0.1,80,50,6,,11.146873316271424
2,0.1,80,50,8,,11.626583032598871
2,0.1,80,100,2,,10.731490768015592
2,0.1,80,100,4,,10.581950500337902
2,0.1,80,100,6,,11.08605432213597
2,0.1,80,100,8,,11.552410445585435
2,0.1,80,200,2,,10.76720417991833
2,0.1,80,200,4,,10.471842477008584
2,0.1,80,200,6,,11.01950632529971
2,0.1,80,200,8,,11.634206428300496
2,0.1,104,50,2,,7.90685019646236
2,0.1,104,50,4,,9.211834502283512
2,0.1,104,50,6,,10.053884099179596
2,0.1,104,50,8,,10.53512565316979
2,0.1,104,100,2,,7.898214365357072
2,0.1,104,100,4,,9.228159922047029
2,0.1,104,100,6,,9.977132782435524
2,0.1,104,100,8,,10.52822986617362
2,0.1,104,200,2,,8.003452748026477
2,0.1,104,200,4,,9.202180305530222
2,0.1,104,200,6,,9.975995626453216
2,0.1,104,200,8,,10.520771733975506
2,0.1,128,50,2,"(32, 32)",42.471994934294415
2,0.1,128,50,2,,6.870118228611329
2,0.1,128,50,4,"(32, 32)",51.65352014619771
2,0.1,128,50,4,,8.537259734362816
2,0.1,128,50,6,"(32, 32)",56.48577262869341
2,0.1,128,50,6,,9.433198264225528
2,0.1,128,50,8,"(32, 32)",58.20052895715239
2,0.1,128,50,8,,10.040255203347169
2,0.1,128,100,2,"(32, 32)",41.179189720611824
2,0.1,128,100,2,,6.878254068317069
2,0.1,128,100,4,"(32, 32)",53.50311191813348
2,0.1,128,100,4,,8.558271268813328
2,0.1,128,100,6,"(32, 32)",56.80484685769234
2,0.1,128,100,6,,9.45854659547282
2,0.1,128,100,8,"(32, 32)",57.019728308290965
2,0.1,128,100,8,,9.999754521217966
2,0.1,128,200,2,"(32, 32)",39.98200560179715
2,0.1,128,200,2,,6.904125870849064
2,0.1,128,200,4,"(32, 32)",50.33918401469799
2,0.1,128,200,4,,8.536385915067735
2,0.1,128,200,6,"(32, 32)",56.97631293571296
2,0.1,128,200,6,,9.421274346331174
2,0.1,128,200,8,"(32, 32)",56.38643220750063
2,0.1,128,200,8,,9.972513761895804
2,0.1,224,50,2,"(32, 32)",19.16697902701343
2,0.1,224,50,4,"(32, 32)",14.38064013418545
2,0.1,224,50,6,"(32, 32)",18.1751637783306
2,0.1,224,50,8,"(32, 32)",17.75946211799386
2,0.1,224,100,2,"(32, 32)",17.943697506712553
2,0.1,224,100,4,"(32, 32)",13.476761490831606
2,0.1,224,100,6,"(32, 32)",13.21099885986083
2,0.1,224,100,8,"(32, 32)",14.03121968629277
2,0.1,224,200,2,"(32, 32)",20.23279094607992
2,0.1,224,200,4,"(32, 32)",16.70528136020122
2,0.1,224,200,6,"(32, 32)",13.914320209222067
2,0.1,224,200,8,"(32, 32)",13.861354819792528
2,0.1,320,50,2,"(32, 32)",9.117806512498785
2,0.1,320,50,4,"(32, 32)",10.611242026097877
2,0.1,320,50,6,"(32, 32)",11.715455917233133
2,0.1,320,50,8,"(32, 32)",12.5319620058596
2,0.1,320,100,2,"(32, 32)",9.209545441219491
2,0.1,320,100,4,"(32, 32)",10.581725731850703
2,0.1,320,100,6,"(32, 32)",11.589375701494475
2,0.1,320,100,8,"(32, 32)",12.401944813957892
2,0.1,320,200,2,"(32, 32)",9.17014838478232
2,0.1,320,200,4,"(32, 32)",10.568286461931995
2,0.1,320,200,6,"(32, 32)",11.672289900956985
2,0.1,320,200,8,"(32, 32)",12.390966268796912
2,0.1,416,50,2,"(32, 32)",7.805229771498637
2,0.1,416,50,4,"(32, 32)",9.897601567282246
2,0.1,416,50,6,"(32, 32)",11.11169958675534
2,0.1,416,50,8,"(32, 32)",11.905500413422114
2,0.1,416,100,2,"(32, 32)",7.761170735088825
2,0.1,416,100,4,"(32, 32)",9.832582757612707
2,0.1,416,100,6,"(32, 32)",11.042831436237284
2,0.1,416,100,8,"(32, 32)",11.809479826890694
2,0.1,416,200,2,"(32, 32)",7.815463061144069
2,0.1,416,200,4,"(32, 32)",9.845756011499995
2,0.1,416,200,6,"(32, 32)",11.02141567102678
2,0.1,416,200,8,"(32, 32)",11.757731227657237
2,0.1,512,50,2,"(32, 32)",7.123902888908963
2,0.1,512,50,4,"(32, 32)",9.513374350587904
2,0.1,512,50,6,"(32, 32)",10.81087186164629
2,0.1,512,50,8,"(32, 32)",11.610341664625375
2,0.1,512,100,2,"(32, 32)",7.118103169434459
2,0.1,512,100,4,"(32, 32)",9.429108179180442
2,0.1,512,100,6,"(32, 32)",10.772168566779092
2,0.1,512,100,8,"(32, 32)",11.534364688013966
2,0.1,512,200,2,"(32, 32)",7.161405480392089
2,0.1,512,200,4,"(32, 32)",9.43061789890133
2,0.1,512,200,6,"(32, 32)",10.745109687767195
2,0.1,512,200,8,"(32, 32)",11.509978899103704
2,1.0,8,50,2,,21.793784958220904
2,1.0,8,50,4,,20.39203217426574
2,1.0,8,50,6,,19.663112103634504
2,1.0,8,50,8,,19.59262495446185
2,1.0,8,100,2,,21.79359548091126
2,1.0,8,100,4,,20.145596597168804
2,1.0,8,100,6,,19.671279377059395
2,1.0,8,100,8,,19.960737695459148
2,1.0,8,200,2,,22.32690084637383
2,1.0,8,200,4,,20.67921978140912
2,1.0,8,200,6,,19.777278073507137
2,1.0,8,200,8,,20.05768639166119
2,1.0,14,50,2,,14.725679811286849
2,1.0,14,50,4,,14.337863753210073
2,1.0,14,50,6,,14.99642863673513
2,1.0,14,50,8,,15.280191022068358
2,1.0,14,100,2,,14.912977192127338
2,1.0,14,100,4,,14.44632045268213
2,1.0,14,100,6,,14.954568982534038
2,1.0,14,100,8,,15.351199825749385
2,1.0,14,200,2,,14.70229578061546
2,1.0,14,200,4,,14.5729006843761
2,1.0,14,200,6,,15.051528923973764
2,1.0,14,200,8,,15.356916011516295
2,1.0,20,50,2,,11.265503098334923
2,1.0,20,50,4,,12.0409891714531
2,1.0,20,50,6,,12.85638608067679
2,1.0,20,50,8,,13.332673310791977
2,1.0,20,100,2,,11.143678907337726
2,1.0,20,100,4,,12.20987170077814
2,1.0,20,100,6,,12.82547025357518
2,1.0,20,100,8,,13.38219864256368
2,1.0,20,200,2,,11.163424709246428
2,1.0,20,200,4,,12.14852840475434
2,1.0,20,200,6,,12.944636491288644
2,1.0,20,200,8,,13.575197244408988
2,1.0,26,50,2,,9.592145257494234
2,1.0,26,50,4,,10.961883917344409
2,1.0,26,50,6,,11.779358082041275
2,1.0,26,50,8,,12.344699948613131
2,1.0,26,100,2,,9.612023659996476
2,1.0,26,100,4,,11.008611775952614
2,1.0,26,100,6,,11.86334556082338
2,1.0,26,100,8,,12.434300763602929
2,1.0,26,200,2,,9.650749738751882
2,1.0,26,200,4,,11.009625991442014
2,1.0,26,200,6,,11.859915860474276
2,1.0,26,200,8,,12.421801450499633
2,1.0,32,50,2,,8.781762159080166
2,1.0,32,50,2,,17.682341669280675
2,1.0,32,50,4,,10.38438083351194
2,1.0,32,50,4,,16.913788248353953
2,1.0,32,50,6,,11.268735585809122
2,1.0,32,50,6,,17.294912390595933
2,1.0,32,50,8,,11.899921006653766
2,1.0,32,50,8,,17.567955283012527
2,1.0,32,100,2,,8.81849477332377
2,1.0,32,100,2,,17.94948972013909
2,1.0,32,100,4,,10.444113823096943
2,1.0,32,100,4,,16.883497345188303
2,1.0,32,100,6,,11.249720591148307
2,1.0,32,100,6,,17.260901061194225
2,1.0,32,100,8,,11.868188289710831
2,1.0,32,100,8,,17.71534096084201
2,1.0,32,200,2,,8.773076825358512
2,1.0,32,200,2,,18.10919163029332
2,1.0,32,200,4,,10.390698058366278
2,1.0,32,200,4,,16.93980341377271
2,1.0,32,200,6,,11.291099412096145
2,1.0,32,200,6,,17.35038748536568
2,1.0,32,200,8,,11.81507449881708
2,1.0,32,200,8,,18.00116980248263
2,1.0,56,50,2,,11.912349550271824
2,1.0,56,50,4,,13.159083262923623
2,1.0,56,50,6,,14.157054886662156
2,1.0,56,50,8,,14.872085670474783
2,1.0,56,100,2,,12.022907485830611
2,1.0,56,100,4,,13.120243482191269
2,1.0,56,100,6,,14.16711453496534
2,1.0,56,100,8,,14.74773027446227
2,1.0,56,200,2,,12.029877026976614
2,1.0,56,200,4,,13.038893838549305
2,1.0,56,200,6,,14.121941564495492
2,1.0,56,200,8,,14.824273689580345
2,1.0,80,50,2,,9.993444773752689
2,1.0,80,50,4,,11.9494988819219
2,1.0,80,50,6,,13.011826784160109
2,1.0,80,50,8,,13.787174396007607
2,1.0,80,100,2,,10.044112755729332
2,1.0,80,100,4,,11.956467982536967
2,1.0,80,100,6,,13.07944364291925
2,1.0,80,100,8,,13.784771596893275
2,1.0,80,200,2,,10.060221159307082
2,1.0,80,200,4,,11.9441838751077
2,1.0,80,200,6,,12.981584416628984
2,1.0,80,200,8,,13.67990180108591
2,1.0,104,50,2,,9.216314478992324
2,1.0,104,50,4,,11.365964885388255
2,1.0,104,50,6,,12.576907574041266
2,1.0,104,50,8,,13.32508276936946
2,1.0,104,100,2,,9.21364087270084
2,1.0,104,100,4,,11.396000183855286
2,1.0,104,100,6,,12.584493486762169
2,1.0,104,100,8,,13.288847780819708
2,1.0,104,200,2,,9.198069195690524
2,1.0,104,200,4,,11.367425261957152
2,1.0,104,200,6,,12.536324783879609
2,1.0,104,200,8,,13.328249359445104
2,1.0,128,50,2,"(32, 32)",16.424920784165543
2,1.0,128,50,2,,8.795868024903706
2,1.0,128,50,4,"(32, 32)",15.91826135658977
2,1.0,128,50,4,,11.149714588566567
2,1.0,128,50,6,"(32, 32)",16.827432347230957
2,1.0,128,50,6,,12.289060016687609
2,1.0,128,50,8,"(32, 32)",17.714156051460044
2,1.0,128,50,8,,13.01016923329608
2,1.0,128,100,2,"(32, 32)",16.473320053653055
2,1.0,128,100,2,,8.782515356591729
2,1.0,128,100,4,"(32, 32)",15.880026434580904
2,1.0,128,100,4,,11.098696699180952
2,1.0,128,100,6,"(32, 32)",16.99184233216235
2,1.0,128,100,6,,12.26557648278621
2,1.0,128,100,8,"(32, 32)",17.67017683509548
2,1.0,128,100,8,,12.972741085097873
2,1.0,128,200,2,"(32, 32)",16.49668365442698
2,1.0,128,200,2,,8.804439889832949
2,1.0,128,200,4,"(32, 32)",15.894980284806726
2,1.0,128,200,4,,11.117735473252754
2,1.0,128,200,6,"(32, 32)",17.123253726329864
2,1.0,128,200,6,,12.271551364859729
2,1.0,128,200,8,"(32, 32)",17.79218137236299
2,1.0,128,200,8,,13.007940948127068
2,1.0,224,50,2,"(32, 32)",11.345324530501214
2,1.0,224,50,4,"(32, 32)",13.473664911548068
2,1.0,224,50,6,"(32, 32)",15.037937508653243
2,1.0,224,50,8,"(32, 32)",15.936509883268716
2,1.0,224,100,2,"(32, 32)",11.352438549622246
2,1.0,224,100,4,"(32, 32)",13.357740157187278
2,1.0,224,100,6,"(32, 32)",14.906855093072757
2,1.0,224,100,8,"(32, 32)",15.92469290971725
2,1.0,224,200,2,"(32, 32)",11.341350207000149
2,1.0,224,200,4,"(32, 32)",13.348148380413924
2,1.0,224,200,6,"(32, 32)",14.87629437625165
2,1.0,224,200,8,"(32, 32)",15.929370437317882
2,1.0,320,50,2,"(32, 32)",9.989569564878796
2,1.0,320,50,4,"(32, 32)",12.717627323473884
2,1.0,320,50,6,"(32, 32)",14.243669542635244
2,1.0,320,50,8,"(32, 32)",15.357758197306136
2,1.0,320,100,2,"(32, 32)",10.020619496517874
2,1.0,320,100,4,"(32, 32)",12.634928661125416
2,1.0,320,100,6,"(32, 32)",14.24228579873853
2,1.0,320,100,8,"(32, 32)",15.28934294102789
2,1.0,320,200,2,"(32, 32)",9.973514004497131
2,1.0,320,200,4,"(32, 32)",12.651515197477028
2,1.0,320,200,6,"(32, 32)",14.161944660769828
2,1.0,320,200,8,"(32, 32)",15.26576818518123
2,1.0,416,50,2,"(32, 32)",9.516013853148824
2,1.0,416,50,4,"(32, 32)",12.430815774383047
2,1.0,416,50,6,"(32, 32)",14.03001755227305
2,1.0,416,50,8,"(32, 32)",15.06756633221773
2,1.0,416,100,2,"(32, 32)",9.517538244773313
2,1.0,416,100,4,"(32, 32)",12.368018290507424
2,1.0,416,100,6,"(32, 32)",13.97895730208151
2,1.0,416,100,8,"(32, 32)",15.071122736529976
2,1.0,416,200,2,"(32, 32)",9.519065998966274
2,1.0,416,200,4,"(32, 32)",12.333297437323491
2,1.0,416,200,6,"(32, 32)",13.901615905144622
2,1.0,416,200,8,"(32, 32)",14.97639056899551
2,1.0,512,50,2,"(32, 32)",9.25882588566206
2,1.0,512,50,4,"(32, 32)",12.254961682761284
2,1.0,512,50,6,"(32, 32)",13.81332339771262
2,1.0,512,50,8,"(32, 32)",14.928793568500057
2,1.0,512,100,2,"(32, 32)",9.261740579502954
2,1.0,512,100,4,"(32, 32)",12.198021987907731
2,1.0,512,100,6,"(32, 32)",13.80983504741694
2,1.0,512,100,8,"(32, 32)",14.87093470823807
2,1.0,512,200,2,"(32, 32)",9.25314298278236
2,1.0,512,200,4,"(32, 32)",12.20688953042734
2,1.0,512,200,6,"(32, 32)",13.751516362587356
2,1.0,512,200,8,"(32, 32)",14.81993579536564
2,10.0,8,50,2,,22.175743233354325
2,10.0,8,50,4,,20.036806761136003
2,10.0,8,50,6,,20.070815790205813
2,10.0,8,50,8,,20.67855669308619
2,10.0,8,100,2,,22.54833768143552
2,10.0,8,100,4,,20.212667172223657
2,10.0,8,100,6,,20.26348352698611
2,10.0,8,100,8,,20.38580719020325
2,10.0,8,200,2,,22.56890718991121
2,10.0,8,200,4,,19.864218036538087
2,10.0,8,200,6,,20.1551087522116
2,10.0,8,200,8,,20.337946332032608
2,10.0,14,50,2,,15.706434639370276
2,10.0,14,50,4,,16.272467120499712
2,10.0,14,50,6,,17.289404933346283
2,10.0,14,50,8,,17.858704294875285
2,10.0,14,100,2,,15.735564019319533
2,10.0,14,100,4,,16.56726581454599
2,10.0,14,100,6,,17.2497562999373
2,10.0,14,100,8,,17.744645399053056
2,10.0,14,200,2,,15.909288876775644
2,10.0,14,200,4,,16.236601250071043
2,10.0,14,200,6,,17.147315417446272
2,10.0,14,200,8,,17.83445035104055
2,10.0,20,50,2,,13.635982881489957
2,10.0,20,50,4,,15.193832521516567
2,10.0,20,50,6,,16.182206868110246
2,10.0,20,50,8,,16.781923873697792
2,10.0,20,100,2,,13.774755768592597
2,10.0,20,100,4,,15.240729218706036
2,10.0,20,100,6,,16.32938221741089
2,10.0,20,100,8,,16.86704614888375
2,10.0,20,200,2,,13.773241133650554
2,10.0,20,200,4,,15.233312262611648
2,10.0,20,200,6,,16.206592508824002
2,10.0,20,200,8,,16.726008983791647
2,10.0,26,50,2,,12.816625461255834
2,10.0,26,50,4,,14.569221222537942
2,10.0,26,50,6,,15.765084082527132
2,10.0,26,50,8,,16.36213842914823
2,10.0,26,100,2,,12.868381910353868
2,10.0,26,100,4,,14.555696134074443
2,10.0,26,100,6,,15.654699922681033
2,10.0,26,100,8,,16.232015194076865
2,10.0,26,200,2,,12.783844999163849
2,10.0,26,200,4,,14.55903630138006
2,10.0,26,200,6,,15.681250068114164
2,10.0,26,200,8,,16.34208574446641
2,10.0,32,50,2,,12.338247729120472
2,10.0,32,50,2,,17.55199707493023
2,10.0,32,50,4,,14.280536525274778
2,10.0,32,50,4,,17.75885927712439
2,10.0,32,50,6,,15.334145206574398
2,10.0,32,50,6,,18.69940173982168
2,10.0,32,50,8,,15.987218877902158
2,10.0,32,50,8,,19.341794311067183
2,10.0,32,100,2,,12.407531979527516
2,10.0,32,100,2,,17.482820088890065
2,10.0,32,100,4,,14.242687423729022
2,10.0,32,100,4,,17.55240490295268
2,10.0,32,100,6,,15.43975257655524
2,10.0,32,100,6,,18.718312763081325
2,10.0,32,100,8,,15.965244931266543
2,10.0,32,100,8,,19.470987010795334
2,10.0,32,200,2,,12.234932332601993
2,10.0,32,200,2,,17.96377499912639
2,10.0,32,200,4,,14.296503581241026
2,10.0,32,200,4,,17.612335849752373
2,10.0,32,200,6,,15.401715274752387
2,10.0,32,200,6,,18.517085871628023
2,10.0,32,200,8,,15.98005016658008
2,10.0,32,200,8,,19.337434048777524
2,10.0,56,50,2,,13.700088355900215
2,10.0,56,50,4,,15.969570310541242
2,10.0,56,50,6,,17.361270667127048
2,10.0,56,50,8,,18.19366769984982
2,10.0,56,100,2,,13.863467398237786
2,10.0,56,100,4,,15.863139009342897
2,10.0,56,100,6,,17.40070609490656
2,10.0,56,100,8,,18.011119480956072
2,10.0,56,200,2,,13.830387598482828
2,10.0,56,200,4,,15.946428737417635
2,10.0,56,200,6,,17.308575898137374
2,10.0,56,200,8,,18.201050734318937
2,10.0,80,50,2,,12.73267384031254
2,10.0,80,50,4,,15.485812800812448
2,10.0,80,50,6,,16.784543529368257
2,10.0,80,50,8,,17.64470809837763
2,10.0,80,100,2,,12.786543144157164
2,10.0,80,100,4,,15.44405198151269
2,10.0,80,100,6,,16.76980706465032
2,10.0,80,100,8,,17.604882629401978
2,10.0,80,200,2,,12.712697081411962
2,10.0,80,200,4,,15.47208894085888
2,10.0,80,200,6,,16.871782801503908
2,10.0,80,200,8,,17.71264694034465
2,10.0,104,50,2,,12.37962640152394
2,10.0,104,50,4,,15.260719284164438
2,10.0,104,50,6,,16.66213993905443
2,10.0,104,50,8,,17.39694989974418
2,10.0,104,100,2,,12.314548999676346
2,10.0,104,100,4,,15.14718300089323
2,10.0,104,100,6,,16.680243925511125
2,10.0,104,100,8,,17.340763199146036
2,10.0,104,200,2,,12.36799392432573
2,10.0,104,200,4,,15.253105347692408
2,10.0,104,200,6,,16.623712819685526
2,10.0,104,200,8,,17.310930862652736
2,10.0,128,50,2,"(32, 32)",16.235101531204407
2,10.0,128,50,2,,12.145499135954628
2,10.0,128,50,4,"(32, 32)",17.840556859447403
2,10.0,128,50,4,,15.062042102739174
2,10.0,128,50,6,"(32, 32)",19.51198503008992
2,10.0,128,50,6,,16.435282626552194
2,10.0,128,50,8,"(32, 32)",20.484309821239744
2,10.0,128,50,8,,17.29974688747224
2,10.0,128,100,2,"(32, 32)",16.419199572253998
2,10.0,128,100,2,,12.153036678402309
2,10.0,128,100,4,"(32, 32)",17.863682184948154
2,10.0,128,100,4,,15.021159443200997
2,10.0,128,100,6,"(32, 32)",19.219003368661426
2,10.0,128,100,6,,16.406037945058138
2,10.0,128,100,8,"(32, 32)",20.284379291548664
2,10.0,128,100,8,,17.240803022158712
2,10.0,128,200,2,"(32, 32)",16.14973020062498
2,10.0,128,200,2,,12.084900449659228
2,10.0,128,200,4,"(32, 32)",17.76860972807668
2,10.0,128,200,4,,14.965046402553064
2,10.0,128,200,6,"(32, 32)",19.386826086967364
2,10.0,128,200,6,,16.420311705480106
2,10.0,128,200,8,"(32, 32)",20.492670935550443
2,10.0,128,200,8,,17.326711282255573
2,10.0,224,50,2,"(32, 32)",13.458126968045631
2,10.0,224,50,4,"(32, 32)",16.91431566009301
2,10.0,224,50,6,"(32, 32)",18.57386395970959
2,10.0,224,50,8,"(32, 32)",19.81669750334209
2,10.0,224,100,2,"(32, 32)",13.485017162251255
2,10.0,224,100,4,"(32, 32)",16.846626333397992
2,10.0,224,100,6,"(32, 32)",18.61668978660921
2,10.0,224,100,8,"(32, 32)",19.77260898646387
2,10.0,224,200,2,"(32, 32)",13.52959377381029
2,10.0,224,200,4,"(32, 32)",16.781321605337805
2,10.0,224,200,6,"(32, 32)",18.568801991772865
2,10.0,224,200,8,"(32, 32)",19.72497392659948
2,10.0,320,50,2,"(32, 32)",12.8875098331092
2,10.0,320,50,4,"(32, 32)",16.5677914785749
2,10.0,320,50,6,"(32, 32)",18.43942281750634
2,10.0,320,50,8,"(32, 32)",19.488766197582976
2,10.0,320,100,2,"(32, 32)",12.86572746512171
2,10.0,320,100,4,"(32, 32)",16.48674658036496
2,10.0,320,100,6,"(32, 32)",18.33990479805468
2,10.0,320,100,8,"(32, 32)",19.40629747173013
2,10.0,320,200,2,"(32, 32)",12.849263365296927
2,10.0,320,200,4,"(32, 32)",16.433261803606104
2,10.0,320,200,6,"(32, 32)",18.305455958948148
2,10.0,320,200,8,"(32, 32)",19.49901020765847
2,10.0,416,50,2,"(32, 32)",12.566208932434384
2,10.0,416,50,4,"(32, 32)",16.40582763128194
2,10.0,416,50,6,"(32, 32)",18.339870998049516
2,10.0,416,50,8,"(32, 32)",19.469560290966616
2,10.0,416,100,2,"(32, 32)",12.572959834511687
2,10.0,416,100,4,"(32, 32)",16.316399586835782
2,10.0,416,100,6,"(32, 32)",18.167840458924054
2,10.0,416,100,8,"(32, 32)",19.299621831321755
2,10.0,416,200,2,"(32, 32)",12.561971321178897
2,10.0,416,200,4,"(32, 32)",16.35864256172872
2,10.0,416,200,6,"(32, 32)",18.28685289908126
2,10.0,416,200,8,"(32, 32)",19.373826711261465
2,10.0,512,50,2,"(32, 32)",12.375857082703169
2,10.0,512,50,4,"(32, 32)",16.302977958076053
2,10.0,512,50,6,"(32, 32)",18.168893846717285
2,10.0,512,50,8,"(32, 32)",19.291959734256743
2,10.0,512,100,2,"(32, 32)",12.41682901639004
2,10.0,512,100,4,"(32, 32)",16.19983583061016
2,10.0,512,100,6,"(32, 32)",18.14786775953388
2,10.0,512,100,8,"(32, 32)",19.32125971871192
2,10.0,512,200,2,"(32, 32)",12.342959298992758
2,10.0,512,200,4,"(32, 32)",16.20885964187156
2,10.0,512,200,6,"(32, 32)",18.148688154915902
2,10.0,512,200,8,"(32, 32)",19.233116970244662
3,0.01,8,50,2,,45.34014360846824
3,0.01,8,50,4,,46.316824357207146
3,0.01,8,50,6,,45.62907541963921
3,0.01,8,50,8,,44.96772812669077
3,0.01,8,100,2,,45.79003476170097
3,0.01,8,100,4,,47.20658417862102
3,0.01,8,100,6,,46.49599620030408
3,0.01,8,100,8,,45.40280976360309
3,0.01,8,200,2,,46.09189685264487
3,0.01,8,200,4,,46.33981604930208
3,0.01,8,200,6,,46.35040276608574
3,0.01,8,200,8,,45.76872345557531
3,0.01,14,50,2,,43.47762433423684
3,0.01,14,50,4,,43.93902103401361
3,0.01,14,50,6,,43.29164143115799
3,0.01,14,50,8,,42.62995792316147
3,0.01,14,100,2,,43.54013533873019
3,0.01,14,100,4,,43.82197727326634
3,0.01,14,100,6,,43.25400767197763
3,0.01,14,100,8,,42.58605892071012
3,0.01,14,200,2,,42.53680285012268
3,0.01,14,200,4,,43.35934148013907
3,0.01,14,200,6,,42.98049613066303
3,0.01,14,200,8,,41.78417451790597
3,0.01,20,50,2,,39.16494408465061
3,0.01,20,50,4,,39.81288685752919
3,0.01,20,50,6,,38.73348785036906
3,0.01,20,50,8,,38.34057753293607
3,0.01,20,100,2,,39.388226954737874
3,0.01,20,100,4,,39.28824365672417
3,0.01,20,100,6,,38.60804346707075
3,0.01,20,100,8,,37.898667095167504
3,0.01,20,200,2,,39.44271912778838
3,0.01,20,200,4,,39.750722338753
3,0.01,20,200,6,,37.69346624567082
3,0.01,20,200,8,,37.57269428054458
3,0.01,26,50,2,,34.729944657870114
3,0.01,26,50,4,,33.22769776608407
3,0.01,26,50,6,,32.263984900809874
3,0.01,26,50,8,,31.033456345535285
3,0.01,26,100,2,,34.06426801380241
3,0.01,26,100,4,,34.24103044438871
3,0.01,26,100,6,,32.40601657058677
3,0.01,26,100,8,,32.09772179383216
3,0.01,26,200,2,,34.63762002385193
3,0.01,26,200,4,,34.18776087687543
3,0.01,26,200,6,,32.75667142984528
3,0.01,26,200,8,,31.713976030052837
3,0.01,32,50,2,,30.40455639975237
3,0.01,32,50,2,,76.18489622277887
3,0.01,32,50,4,,27.099950026012102
3,0.01,32,50,4,,87.82676775266533
3,0.01,32,50,6,,25.796419986475883
3,0.01,32,50,6,,90.12426418898224
3,0.01,32,50,8,,24.183914589113066
3,0.01,32,50,8,,90.83289468875162
3,0.01,32,100,2,,29.80685544109981
3,0.01,32,100,2,,75.4660910949505
3,0.01,32,100,4,,28.22661858539093
3,0.01,32,100,4,,87.84186247131375
3,0.01,32,100,6,,26.103744767278968
3,0.01,32,100,6,,89.69059287663073
3,0.01,32,100,8,,25.12811586408066
3,0.01,32,100,8,,89.04783461442408
3,0.01,32,200,2,,29.722527329095985
3,0.01,32,200,2,,76.43864493709538
3,0.01,32,200,4,,26.36388817610109
3,0.01,32,200,4,,87.57189265865834
3,0.01,32,200,6,,26.490076402242234
3,0.01,32,200,6,,89.75354974468955
3,0.01,32,200,8,,25.922470702166635
3,0.01,32,200,8,,89.15620849693983
3,0.01,56,50,2,,68.15281367045642
3,0.01,56,50,4,,80.42336947585025
3,0.01,56,50,6,,80.75990338611162
3,0.01,56,50,8,,80.1415213276136
3,0.01,56,100,2,,67.90955694075143
3,0.01,56,100,4,,79.56385021757112
3,0.01,56,100,6,,81.46928856850536
3,0.01,56,100,8,,80.8665595389105
3,0.01,56,200,2,,68.14040395188685
3,0.01,56,200,4,,78.38104772277774
3,0.01,56,200,6,,79.38729407551516
3,0.01,56,200,8,,80.64332795708607
3,0.01,80,50,2,,58.59172014713175
3,0.01,80,50,4,,66.4495535796062
3,0.01,80,50,6,,65.26493945045968
3,0.01,80,50,8,,64.65041936043589
3,0.01,80,100,2,,58.18818495333965
3,0.01,80,100,4,,68.18124512009669
3,0.01,80,100,6,,65.05454662129539
3,0.01,80,100,8,,62.93296968885738
3,0.01,80,200,2,,58.615056087236354
3,0.01,80,200,4,,66.08793729287851
3,0.01,80,200,6,,65.34196209206058
3,0.01,80,200,8,,63.763746178300046
3,0.01,104,50,2,,48.29370233141675
3,0.01,104,50,4,,48.73984597903004
3,0.01,104,50,6,,44.90395634473823
3,0.01,104,50,8,,44.36302053447649
3,0.01,104,100,2,,48.25800091121701
3,0.01,104,100,4,,51.792771286461765
3,0.01,104,100,6,,47.37848970549485
3,0.01,104,100,8,,42.08641408590606
3,0.01,104,200,2,,47.94005807668568
3,0.01,104,200,4,,48.826405829110186
3,0.01,104,200,6,,46.999906783315865
3,0.01,104,200,8,,42.5641692026104
3,0.01,128,50,2,"(32, 32)",112.02292776440753
3,0.01,128,50,2,,37.0910933586888
3,0.01,128,50,4,"(32, 32)",139.36817050503552
3,0.01,128,50,4,,31.411967653802662
3,0.01,128,50,6,"(32, 32)",149.1018282977147
3,0.01,128,50,6,,26.583213718189043
3,0.01,128,50,8,"(32, 32)",154.3463126643888
3,0.01,128,50,8,,23.34574814176723
3,0.01,128,100,2,"(32, 32)",111.999331608549
3,0.01,128,100,2,,37.69595348386372
3,0.01,128,100,4,"(32, 32)",138.80741914934114
3,0.01,128,100,4,,32.816638329530655
3,0.01,128,100,6,"(32, 32)",149.94850089712523
3,0.01,128,100,6,,27.50825314221678
3,0.01,128,100,8,"(32, 32)",153.7206002760162
3,0.01,128,100,8,,21.465279422188
3,0.01,128,200,2,"(32, 32)",112.92742771987238
3,0.01,128,200,2,,37.05232446459979
3,0.01,128,200,4,"(32, 32)",138.7476974983592
3,0.01,128,200,4,,29.830305496375328
3,0.01,128,200,6,"(32, 32)",148.91367024269513
3,0.01,128,200,6,,25.819271280183283
3,0.01,128,200,8,"(32, 32)",153.20846360634806
3,0.01,128,200,8,,22.40783260188416
3,0.01,224,50,2,"(32, 32)",94.5709605343284
3,0.01,224,50,4,"(32, 32)",120.73206058661972
3,0.01,224,50,6,"(32, 32)",132.56608332818243
3,0.01,224,50,8,"(32, 32)",135.2077207358442
3,0.01,224,100,2,"(32, 32)",94.29544364139934
3,0.01,224,100,4,"(32, 32)",121.8697718198272
3,0.01,224,100,6,"(32, 32)",130.5949572023349
3,0.01,224,100,8,"(32, 32)",135.13448755655548
3,0.01,224,200,2,"(32, 32)",93.97062926320932
3,0.01,224,200,4,"(32, 32)",120.01729880259488
3,0.01,224,200,6,"(32, 32)",131.47248691754552
3,0.01,224,200,8,"(32, 32)",132.8623952691662
3,0.01,320,50,2,"(32, 32)",76.42284763788093
3,0.01,320,50,4,"(32, 32)",92.45332360903096
3,0.01,320,50,6,"(32, 32)",94.59760937160104
3,0.01,320,50,8,"(32, 32)",90.2234697947299
3,0.01,320,100,2,"(32, 32)",75.36524621917586
3,0.01,320,100,4,"(32, 32)",92.05168054094057
3,0.01,320,100,6,"(32, 32)",95.21626883949553
3,0.01,320,100,8,"(32, 32)",89.53748335784242
3,0.01,320,200,2,"(32, 32)",76.8280405661255
3,0.01,320,200,4,"(32, 32)",90.49841574868172
3,0.01,320,200,6,"(32, 32)",95.8657976531149
3,0.01,320,200,8,"(32, 32)",90.7228903934344
3,0.01,416,50,2,"(32, 32)",55.41215845954084
3,0.01,416,50,4,"(32, 32)",54.265336325613816
3,0.01,416,50,6,"(32, 32)",49.948729282593376
3,0.01,416,50,8,"(32, 32)",40.12489276051674
3,0.01,416,100,2,"(32, 32)",54.77290196198443
3,0.01,416,100,4,"(32, 32)",56.00110989560649
3,0.01,416,100,6,"(32, 32)",51.49268059428599
3,0.01,416,100,8,"(32, 32)",39.21000207855756
3,0.01,416,200,2,"(32, 32)",54.7326774889318
3,0.01,416,200,4,"(32, 32)",53.2866383263872
3,0.01,416,200,6,"(32, 32)",45.40838084566978
3,0.01,416,200,8,"(32, 32)",38.084826205742125
3,0.01,512,50,2,"(32, 32)",34.990761600305085
3,0.01,512,50,4,"(32, 32)",15.132757042038287
3,0.01,512,50,6,"(32, 32)",16.701079711731143
3,0.01,512,50,8,"(32, 32)",19.02650249628688
3,0.01,512,100,2,"(32, 32)",36.63258429106581
3,0.01,512,100,4,"(32, 32)",25.116843954201865
3,0.01,512,100,6,"(32, 32)",17.113854784172105
3,0.01,512,100,8,"(32, 32)",15.04446052676878
3,0.01,512,200,2,"(32, 32)",33.94414335812071
3,0.01,512,200,4,"(32, 32)",21.6356782513231
3,0.01,512,200,6,"(32, 32)",17.28074162375257
3,0.01,512,200,8,"(32, 32)",9.47368671907983
3,0.1,8,50,2,,28.924017581065485
3,0.1,8,50,4,,28.92818253136327
3,0.1,8,50,6,,27.544668921784886
3,0.1,8,50,8,,26.943230181028603
3,0.1,8,100,2,,28.268637729095435
3,0.1,8,100,4,,28.27181879929579
3,0.1,8,100,6,,28.71725343742005
3,0.1,8,100,8,,27.161971250075748
3,0.1,8,200,2,,28.947519104487824
3,0.1,8,200,4,,28.063886442535388
3,0.1,8,200,6,,27.605055846282347
3,0.1,8,200,8,,27.36617704720919
3,0.1,14,50,2,,21.67408649847123
3,0.1,14,50,4,,21.29663981407878
3,0.1,14,50,6,,19.409795415744465
3,0.1,14,50,8,,18.57679131599816
3,0.1,14,100,2,,21.1743631062212
3,0.1,14,100,4,,18.807647383382545
3,0.1,14,100,6,,19.184533700692032
3,0.1,14,100,8,,18.366796725459388
3,0.1,14,200,2,,20.75769488581659
3,0.1,14,200,4,,19.04663916951136
3,0.1,14,200,6,,19.14419410282605
3,0.1,14,200,8,,18.75628770305196
3,0.1,20,50,2,,14.165081713407435
3,0.1,20,50,4,,13.345466735613162
3,0.1,20,50,6,,13.076962144715653
3,0.1,20,50,8,,13.106137190712127
3,0.1,20,100,2,,13.384130053401938
3,0.1,20,100,4,,12.50612917359877
3,0.1,20,100,6,,12.752345449097785
3,0.1,20,100,8,,12.734563870579825
3,0.1,20,200,2,,14.728493998417685
3,0.1,20,200,4,,12.484987933756871
3,0.1,20,200,6,,13.835934605051577
3,0.1,20,200,8,,13.390982090073525
3,0.1,26,50,2,,9.7020831201406
3,0.1,26,50,4,,9.863073559075705
3,0.1,26,50,6,,10.0851415058548
3,0.1,26,50,8,,10.448643201146886
3,0.1,26,100,2,,9.517374513649058
3,0.1,26,100,4,,9.881080397248802
3,0.1,26,100,6,,10.10411517467684
3,0.1,26,100,8,,10.665875067742608
3,0.1,26,200,2,,10.787022380488429
3,0.1,26,200,4,,9.560722634684224
3,0.1,26,200,6,,10.27567276805668
3,0.1,26,200,8,,10.409121555345344
3,0.1,32,50,2,,7.563072245992081
3,0.1,32,50,2,,34.90355320197425
3,0.1,32,50,4,,8.25348543465537
3,0.1,32,50,4,,40.79718454594901
3,0.1,32,50,6,,8.86722686355525
3,0.1,32,50,6,,39.32704124124427
3,0.1,32,50,8,,9.274838271877435
3,0.1,32,50,8,,38.01382260140056
3,0.1,32,100,2,,7.434460700151667
3,0.1,32,100,2,,35.423611834348925
3,0.1,32,100,4,,8.382471651825155
3,0.1,32,100,4,,39.31325376239823
3,0.1,32,100,6,,8.901279066092197
3,0.1,32,100,6,,38.38361135280783
3,0.1,32,100,8,,9.362606554227185
3,0.1,32,100,8,,38.28165497234773
3,0.1,32,200,2,,7.414176208460226
3,0.1,32,200,2,,36.484336261606174
3,0.1,32,200,4,,8.284372108254635
3,0.1,32,200,4,,40.589593006395184
3,0.1,32,200,6,,8.839880214587296
3,0.1,32,200,6,,39.74382383720928
3,0.1,32,200,8,,9.36882446340905
3,0.1,32,200,8,,37.92316272688391
3,0.1,56,50,2,,20.581847298090235
3,0.1,56,50,4,,17.88012525800486
3,0.1,56,50,6,,17.52483491262042
3,0.1,56,50,8,,18.02477255160545
3,0.1,56,100,2,,20.879509992586453
3,0.1,56,100,4,,18.74939523357369
3,0.1,56,100,6,,18.670324387268423
3,0.1,56,100,8,,16.691368654701108
3,0.1,56,200,2,,20.798588957975547
3,0.1,56,200,4,,20.140793473372906
3,0.1,56,200,6,,18.184682935961387
3,0.1,56,200,8,,16.969453294767366
3,0.1,80,50,2,,10.952023873915472
3,0.1,80,50,4,,10.368101469226266
3,0.1,80,50,6,,11.074204626864892
3,0.1,80,50,8,,11.611849822699725
3,0.1,80,100,2,,10.271507958056688
3,0.1,80,100,4,,10.627609471035695
3,0.1,80,100,6,,11.07405374932193
3,0.1,80,100,8,,11.565554653511407
3,0.1,80,200,2,,10.485762434685896
3,0.1,80,200,4,,10.411905487417096
3,0.1,80,200,6,,11.041534211905768
3,0.1,80,200,8,,11.50985676826292
3,0.1,104,50,2,,7.931277982814234
3,0.1,104,50,4,,9.194747661137958
3,0.1,104,50,6,,9.990951640612549
3,0.1,104,50,8,,10.58445435441586
3,0.1,104,100,2,,7.975254889453867
3,0.1,104,100,4,,9.255687923739131
3,0.1,104,100,6,,10.051334228010903
3,0.1,104,100,8,,10.508938935324856
3,0.1,104,200,2,,7.875072418364318
3,0.1,104,200,4,,9.17564156183583
3,0.1,104,200,6,,10.0067647940924
3,0.1,104,200,8,,10.505423280593856
3,0.1,128,50,2,"(32, 32)",40.42671146957344
3,0.1,128,50,2,,6.878526372780376
3,0.1,128,50,4,"(32, 32)",51.24267570447988
3,0.1,128,50,4,,8.545848833650034
3,0.1,128,50,6,"(32, 32)",56.30088291729398
3,0.1,128,50,6,,9.478041518510633
3,0.1,128,50,8,"(32, 32)",59.40650781759136
3,0.1,128,50,8,,10.05792189048647
3,0.1,128,100,2,"(32, 32)",40.50624785091451
3,0.1,128,100,2,,6.839119237220387
3,0.1,128,100,4,"(32, 32)",51.09053642596132
3,0.1,128,100,4,,8.536572483332147
3,0.1,128,100,6,"(32, 32)",56.17912842842779
3,0.1,128,100,6,,9.485785842861972
3,0.1,128,100,8,"(32, 32)",58.76073286348676
3,0.1,128,100,8,,9.929809857686823
3,0.1,128,200,2,"(32, 32)",40.89250704115114
3,0.1,128,200,2,,6.875791192044852
3,0.1,128,200,4,"(32, 32)",50.414162645605536
3,0.1,128,200,4,,8.560481815147481
3,0.1,128,200,6,"(32, 32)",57.81462005851968
3,0.1,128,200,6,,9.45158658711181
3,0.1,128,200,8,"(32, 32)",57.77161736087588
3,0.1,128,200,8,,9.928605231514732
3,0.1,224,50,2,"(32, 32)",17.143639882700942
3,0.1,224,50,4,"(32, 32)",15.309480455031077
3,0.1,224,50,6,"(32, 32)",19.154651369782236
3,0.1,224,50,8,"(32, 32)",19.038243003367548
3,0.1,224,100,2,"(32, 32)",17.574220052372702
3,0.1,224,100,4,"(32, 32)",14.861838665005036
3,0.1,224,100,6,"(32, 32)",15.335994213152905
3,0.1,224,100,8,"(32, 32)",13.839356287059942
3,0.1,224,200,2,"(32, 32)",17.707510045678987
3,0.1,224,200,4,"(32, 32)",15.351578279055186
3,0.1,224,200,6,"(32, 32)",19.86152249542269
3,0.1,224,200,8,"(32, 32)",13.78192150876041
3,0.1,320,50,2,"(32, 32)",9.192184188351966
3,0.1,320,50,4,"(32, 32)",10.604248066547894
3,0.1,320,50,6,"(32, 32)",11.719338526888473
3,0.1,320,50,8,"(32, 32)",12.441556796086813
3,0.1,320,100,2,"(32, 32)",9.088681830752703
3,0.1,320,100,4,"(32, 32)",10.585454613063831
3,0.1,320,100,6,"(32, 32)",11.646053159728352
3,0.1,320,100,8,"(32, 32)",12.36639536708252
3,0.1,320,200,2,"(32, 32)",9.22065575508114
3,0.1,320,200,4,"(32, 32)",10.538999700111727
3,0.1,320,200,6,"(32, 32)",11.641810250585795
3,0.1,320,200,8,"(32, 32)",12.36655469228497
3,0.1,416,50,2,"(32, 32)",7.790739959713265
3,0.1,416,50,4,"(32, 32)",9.853605441240804
3,0.1,416,50,6,"(32, 32)",11.137381018485796
3,0.1,416,50,8,"(32, 32)",11.87221229357243
3,0.1,416,100,2,"(32, 32)",7.782736027389178
3,0.1,416,100,4,"(32, 32)",9.85542578580112
3,0.1,416,100,6,"(32, 32)",11.065510313295649
3,0.1,416,100,8,"(32, 32)",11.782162739738558
3,0.1,416,200,2,"(32, 32)",7.768912342980832
3,0.1,416,200,4,"(32, 32)",9.804809861350517
3,0.1,416,200,6,"(32, 32)",11.040228024214905
3,0.1,416,200,8,"(32, 32)",11.781896598739054
3,0.1,512,50,2,"(32, 32)",7.121400157971811
3,0.1,512,50,4,"(32, 32)",9.4925769113796
3,0.1,512,50,6,"(32, 32)",10.84187903190138
3,0.1,512,50,8,"(32, 32)",11.57031530242412
3,0.1,512,100,2,"(32, 32)",7.080764783512696
3,0.1,512,100,4,"(32, 32)",9.46303353059019
3,0.1,512,100,6,"(32, 32)",10.748715168665491
3,0.1,512,100,8,"(32, 32)",11.484769438113716
3,0.1,512,200,2,"(32, 32)",7.099386656152396
3,0.1,512,200,4,"(32, 32)",9.45304267784403
3,0.1,512,200,6,"(32, 32)",10.741950281471674
3,0.1,512,200,8,"(32, 32)",11.50666914243292
3,1.0,8,50,2,,22.1294681326227
3,1.0,8,50,4,,20.00854719631044
3,1.0,8,50,6,,20.126185506650177
3,1.0,8,50,8,,19.574822782881107
3,1.0,8,100,2,,21.987877106590823
3,1.0,8,100,4,,19.54974427116926
3,1.0,8,100,6,,19.88918311803024
3,1.0,8,100,8,,19.65112150452228
3,1.0,8,200,2,,21.841346444765342
3,1.0,8,200,4,,20.272867830538008
3,1.0,8,200,6,,19.42971263066328
3,1.0,8,200,8,,19.62334041503101
3,1.0,14,50,2,,14.545205648416813
3,1.0,14,50,4,,14.349146806294913
3,1.0,14,50,6,,14.819677103002476
3,1.0,14,50,8,,15.337261498422595
3,1.0,14,100,2,,14.889628678220722
3,1.0,14,100,4,,14.409925806938585
3,1.0,14,100,6,,14.761146730159776
3,1.0,14,100,8,,15.362688299007466
3,1.0,14,200,2,,15.010300088077216
3,1.0,14,200,4,,14.560527356836348
3,1.0,14,200,6,,14.921401538627434
3,1.0,14,200,8,,15.380155117805344
3,1.0,20,50,2,,11.272371385779282
3,1.0,20,50,4,,12.043340300483989
3,1.0,20,50,6,,12.912865963501574
3,1.0,20,50,8,,13.356724597744032
3,1.0,20,100,2,,11.164510281487471
3,1.0,20,100,4,,12.07419379091969
3,1.0,20,100,6,,12.893870773896236
3,1.0,20,100,8,,13.318641929241714
3,1.0,20,200,2,,11.493748167949487
3,1.0,20,200,4,,12.052101040725208
3,1.0,20,200,6,,12.825697191707324
3,1.0,20,200,8,,13.527424542469172
3,1.0,26,50,2,,9.637331902488908
3,1.0,26,50,4,,10.982603535310666
3,1.0,26,50,6,,11.788213558989908
3,1.0,26,50,8,,12.34235167490148
3,1.0,26,100,2,,9.698766445102214
3,1.0,26,100,4,,11.011918979866344
3,1.0,26,100,6,,11.839676048125664
3,1.0,26,100,8,,12.310373500236784
3,1.0,26,200,2,,9.552305684193598
3,1.0,26,200,4,,10.975543491401265
3,1.0,26,200,6,,11.858164528248205
3,1.0,26,200,8,,12.445080924408964
3,1.0,32,50,2,,8.79925320664367
3,1.0,32,50,2,,17.973457157734785
3,1.0,32,50,4,,10.383636924097663
3,1.0,32,50,4,,16.974713199760146
3,1.0,32,50,6,,11.265548472997706
3,1.0,32,50,6,,17.070375406598906
3,1.0,32,50,8,,11.743503316630225
3,1.0,32,50,8,,17.6640182285353
3,1.0,32,100,2,,8.786814599690048
3,1.0,32,100,2,,17.967524053797153
3,1.0,32,100,4,,10.39078268060574
3,1.0,32,100,4,,16.867593227664262
3,1.0,32,100,6,,11.369801098267294
3,1.0,32,100,6,,17.109388154603963
3,1.0,32,100,8,,11.767847507290108
3,1.0,32,100,8,,17.65660065159271
3,1.0,32,200,2,,8.768205939317752
3,1.0,32,200,2,,17.73634135230346
3,1.0,32,200,4,,10.373553439488036
3,1.0,32,200,4,,16.850407291549757
3,1.0,32,200,6,,11.292843596623603
3,1.0,32,200,6,,17.502090983129367
3,1.0,32,200,8,,11.812519699160989
3,1.0,32,200,8,,17.562506842017964
3,1.0,56,50,2,,12.053564843877377
3,1.0,56,50,4,,13.22142921513112
3,1.0,56,50,6,,14.194839125336696
3,1.0,56,50,8,,14.803885872508932
3,1.0,56,100,2,,11.956269532510264
3,1.0,56,100,4,,13.26423513727254
3,1.0,56,100,6,,14.110330847113056
3,1.0,56,100,8,,14.725100303528482
3,1.0,56,200,2,,11.94225244640442
3,1.0,56,200,4,,13.222224507122394
3,1.0,56,200,6,,14.21720378139866
3,1.0,56,200,8,,14.873527902800689
3,1.0,80,50,2,,9.964892558864689
3,1.0,80,50,4,,11.927742850158689
3,1.0,80,50,6,,13.014192170298507
3,1.0,80,50,8,,13.832398317901983
3,1.0,80,100,2,,10.034048860537034
3,1.0,80,100,4,,11.928576744345987
3,1.0,80,100,6,,13.006627374221784
3,1.0,80,100,8,,13.85865150464141
3,1.0,80,200,2,,9.994345592240578
3,1.0,80,200,4,,11.908242687167755
3,1.0,80,200,6,,13.062194090551117
3,1.0,80,200,8,,13.714023618804902
3,1.0,104,50,2,,9.18493222015906
3,1.0,104,50,4,,11.373070186359849
3,1.0,104,50,6,,12.554311940166835
3,1.0,104,50,8,,13.273298975697118
3,1.0,104,100,2,,9.178747250716151
3,1.0,104,100,4,,11.361296227606934
3,1.0,104,100,6,,12.520324662846644
3,1.0,104,100,8,,13.31913341326571
3,1.0,104,200,2,,9.163214316633049
3,1.0,104,200,4,,11.359842618738597
3,1.0,104,200,6,,12.582324427564576
3,1.0,104,200,8,,13.300043286704849
3,1.0,128,50,2,"(32, 32)",16.627615013109065
3,1.0,128,50,2,,8.782085772615645
3,1.0,128,50,4,"(32, 32)",15.864881760246485
3,1.0,128,50,4,,11.095661697082052
3,1.0,128,50,6,"(32, 32)",16.92437336830856
3,1.0,128,50,6,,12.241304853860411
3,1.0,128,50,8,"(32, 32)",17.875906114353466
3,1.0,128,50,8,,13.052430428621106
3,1.0,128,100,2,"(32, 32)",16.379059266590865
3,1.0,128,100,2,,8.818092898105528
3,1.0,128,100,4,"(32, 32)",15.885584869328072
3,1.0,128,100,4,,11.086283833616292
3,1.0,128,100,6,"(32, 32)",16.910468345576597
3,1.0,128,100,6,,12.285986067214909
3,1.0,128,100,8,"(32, 32)",17.60838530364749
3,1.0,128,100,8,,13.018467916654888
3,1.0,128,200,2,"(32, 32)",16.37839699955849
3,1.0,128,200,2,,8.772359780131032
3,1.0,128,200,4,"(32, 32)",16.069469320369024
3,1.0,128,200,4,,11.065615457758524
3,1.0,128,200,6,"(32, 32)",16.903138387332355
3,1.0,128,200,6,,12.235651137248128
3,1.0,128,200,8,"(32, 32)",17.85693812661657
3,1.0,128,200,8,,12.978530762077328
3,1.0,224,50,2,"(32, 32)",11.34182512750485
3,1.0,224,50,4,"(32, 32)",13.38224553445473
3,1.0,224,50,6,"(32, 32)",14.911534298423373
3,1.0,224,50,8,"(32, 32)",15.92372523405217
3,1.0,224,100,2,"(32, 32)",11.356601801594543
3,1.0,224,100,4,"(32, 32)",13.374230193329264
3,1.0,224,100,6,"(32, 32)",14.860197764501576
3,1.0,224,100,8,"(32, 32)",15.901889285717738
3,1.0,224,200,2,"(32, 32)",11.32867101997659
3,1.0,224,200,4,"(32, 32)",13.346153025034104
3,1.0,224,200,6,"(32, 32)",14.820927536287622
3,1.0,224,200,8,"(32, 32)",15.856056625395976
3,1.0,320,50,2,"(32, 32)",9.984978838168944
3,1.0,320,50,4,"(32, 32)",12.729206407717005
3,1.0,320,50,6,"(32, 32)",14.325886958226794
3,1.0,320,50,8,"(32, 32)",15.469728627700528
3,1.0,320,100,2,"(32, 32)",9.988471824907585
3,1.0,320,100,4,"(32, 32)",12.672752190084404
3,1.0,320,100,6,"(32, 32)",14.237733212403858
3,1.0,320,100,8,"(32, 32)",15.27323706610013
3,1.0,320,200,2,"(32, 32)",10.003977556730444
3,1.0,320,200,4,"(32, 32)",12.693361779215806
3,1.0,320,200,6,"(32, 32)",14.18076046753996
3,1.0,320,200,8,"(32, 32)",15.23323137734738
3,1.0,416,50,2,"(32, 32)",9.508858014362431
3,1.0,416,50,4,"(32, 32)",12.409061910752271
3,1.0,416,50,6,"(32, 32)",14.058093520770187
3,1.0,416,50,8,"(32, 32)",15.133549189323496
3,1.0,416,100,2,"(32, 32)",9.528201556875636
3,1.0,416,100,4,"(32, 32)",12.381259760691508
3,1.0,416,100,6,"(32, 32)",13.964257390443386
3,1.0,416,100,8,"(32, 32)",15.044510858659326
3,1.0,416,200,2,"(32, 32)",9.485940065667892
3,1.0,416,200,4,"(32, 32)",12.365523437823304
3,1.0,416,200,6,"(32, 32)",13.954250243331442
3,1.0,416,200,8,"(32, 32)",14.959018163845831
3,1.0,512,50,2,"(32, 32)",9.27709312983853
3,1.0,512,50,4,"(32, 32)",12.283250019786456
3,1.0,512,50,6,"(32, 32)",13.899967308829307
3,1.0,512,50,8,"(32, 32)",14.945611642654404
3,1.0,512,100,2,"(32, 32)",9.253920883998031
3,1.0,512,100,4,"(32, 32)",12.242453761512976
3,1.0,512,100,6,"(32, 32)",13.786471737849231
3,1.0,512,100,8,"(32, 32)",14.821112338187108
3,1.0,512,200,2,"(32, 32)",9.259082768206367
3,1.0,512,200,4,"(32, 32)",12.188585125470464
3,1.0,512,200,6,"(32, 32)",13.72322305040304
3,1.0,512,200,8,"(32, 32)",14.835618918133548
3,10.0,8,50,2,,22.75261907907033
3,10.0,8,50,4,,19.731195986616115
3,10.0,8,50,6,,20.22606270807293
3,10.0,8,50,8,,20.834038023156765
3,10.0,8,100,2,,22.172793734268623
3,10.0,8,100,4,,20.995813951624047
3,10.0,8,100,6,,19.971977056709004
3,10.0,8,100,8,,20.460963601310198
3,10.0,8,200,2,,22.13918371361896
3,10.0,8,200,4,,20.164023906636835
3,10.0,8,200,6,,20.159037268675643
3,10.0,8,200,8,,20.46649194740165
3,10.0,14,50,2,,15.894167164898027
3,10.0,14,50,4,,16.479420514890435
3,10.0,14,50,6,,17.13783284538131
3,10.0,14,50,8,,17.77720716805778
3,10.0,14,100,2,,15.807993491700412
3,10.0,14,100,4,,16.259523036854013
3,10.0,14,100,6,,17.495926955207967
3,10.0,14,100,8,,17.747980996940846
3,10.0,14,200,2,,15.672915301495491
3,10.0,14,200,4,,16.211451187267844
3,10.0,14,200,6,,17.187112477875637
3,10.0,14,200,8,,17.805180273731523
3,10.0,20,50,2,,13.743135021653126
3,10.0,20,50,4,,15.263593524870886
3,10.0,20,50,6,,16.15036369835402
3,10.0,20,50,8,,16.924344742908264
3,10.0,20,100,2,,13.586547486890307
3,10.0,20,100,4,,15.197943217006166
3,10.0,20,100,6,,16.1411754296423
3,10.0,20,100,8,,16.88778089491593
3,10.0,20,200,2,,13.827245238168912
3,10.0,20,200,4,,15.068675567810196
3,10.0,20,200,6,,16.161288805642172
3,10.0,20,200,8,,16.838766008230284
3,10.0,26,50,2,,12.82027619872222
3,10.0,26,50,4,,14.63535248910899
3,10.0,26,50,6,,15.593463780408074
3,10.0,26,50,8,,16.29674883287991
3,10.0,26,100,2,,12.78423470341124
3,10.0,26,100,4,,14.564483900371467
3,10.0,26,100,6,,15.636058342677206
3,10.0,26,100,8,,16.243422952539525
3,10.0,26,200,2,,12.76106933585436
3,10.0,26,200,4,,14.642856358651064
3,10.0,26,200,6,,15.659639703496072
3,10.0,26,200,8,,16.277215322267534
3,10.0,32,50,2,,12.317457256486865
3,10.0,32,50,2,,17.810555013911397
3,10.0,32,50,4,,14.319615490189156
3,10.0,32,50,4,,17.75254782000495
3,10.0,32,50,6,,15.35998260755349
3,10.0,32,50,6,,18.719257532540656
3,10.0,32,50,8,,16.06701442347429
3,10.0,32,50,8,,19.256594333461106
3,10.0,32,100,2,,12.33688248438777
3,10.0,32,100,2,,17.633455453220254
3,10.0,32,100,4,,14.332264409387165
3,10.0,32,100,4,,17.65303666573342
3,10.0,32,100,6,,15.366334535618664
3,10.0,32,100,6,,18.580285077489822
3,10.0,32,100,8,,15.9025686384476
3,10.0,32,100,8,,19.463145813367184
3,10.0,32,200,2,,12.331861270655036
3,10.0,32,200,2,,17.53181714995185
3,10.0,32,200,4,,14.335991649889218
3,10.0,32,200,4,,17.66231326080761
3,10.0,32,200,6,,15.331227710830529
3,10.0,32,200,6,,18.71935667350829
3,10.0,32,200,8,,15.979876499582046
3,10.0,32,200,8,,19.212498586303425
3,10.0,56,50,2,,13.713500667423324
3,10.0,56,50,4,,15.98412918692344
3,10.0,56,50,6,,17.386043524330994
3,10.0,56,50,8,,18.02491117288869
3,10.0,56,100,2,,13.753102594074356
3,10.0,56,100,4,,15.962704225098532
3,10.0,56,100,6,,17.292280598354758
3,10.0,56,100,8,,18.232045578099957
3,10.0,56,200,2,,13.791633690432551
3,10.0,56,200,4,,16.074917754204634
3,10.0,56,200,6,,17.46563310744131
3,10.0,56,200,8,,18.08526897471916
3,10.0,80,50,2,,12.726772468197716
3,10.0,80,50,4,,15.451130891662876
3,10.0,80,50,6,,16.817072930672758
3,10.0,80,50,8,,17.688634721462428
3,10.0,80,100,2,,12.79499641015918
3,10.0,80,100,4,,15.528704244642505
3,10.0,80,100,6,,16.770795524349204
3,10.0,80,100,8,,17.643522229077426
3,10.0,80,200,2,,12.75740614066936
3,10.0,80,200,4,,15.378536282895904
3,10.0,80,200,6,,16.8384941549562
3,10.0,80,200,8,,17.689551999385536
3,10.0,104,50,2,,12.325411460461584
3,10.0,104,50,4,,15.218333025160714
3,10.0,104,50,6,,16.69237912746588
3,10.0,104,50,8,,17.498435032215315
3,10.0,104,100,2,,12.378372811656444
3,10.0,104,100,4,,15.132605413891849
3,10.0,104,100,6,,16.555642489746237
3,10.0,104,100,8,,17.387901730424925
3,10.0,104,200,2,,12.33831342896931
3,10.0,104,200,4,,15.175426817772292
3,10.0,104,200,6,,16.543167520204904
3,10.0,104,200,8,,17.3996086120434
3,10.0,128,50,2,"(32, 32)",16.177029673660737
3,10.0,128,50,2,,12.11677209177726
3,10.0,128,50,4,"(32, 32)",17.81174175589412
3,10.0,128,50,4,,15.051199952001076
3,10.0,128,50,6,"(32, 32)",19.615829171599028
3,10.0,128,50,6,,16.402635041657618
3,10.0,128,50,8,"(32, 32)",20.50064932562422
3,10.0,128,50,8,,17.25800823136939
3,10.0,128,100,2,"(32, 32)",16.375567477344966
3,10.0,128,100,2,,12.13489655565732
3,10.0,128,100,4,"(32, 32)",17.748577866871102
3,10.0,128,100,4,,15.032878573377232
3,10.0,128,100,6,"(32, 32)",19.35563617406777
3,10.0,128,100,6,,16.488019466242434
3,10.0,128,100,8,"(32, 32)",20.345890243151736
3,10.0,128,100,8,,17.298254549032258
3,10.0,128,200,2,"(32, 32)",16.272562766224407
3,10.0,128,200,2,,12.091608375357984
3,10.0,128,200,4,"(32, 32)",17.85344297825992
3,10.0,128,200,4,,15.038020712699076
3,10.0,128,200,6,"(32, 32)",19.250521962409103
3,10.0,128,200,6,,16.363869414933742
3,10.0,128,200,8,"(32, 32)",20.437793134634457
3,10.0,128,200,8,,17.260132398395914
3,10.0,224,50,2,"(32, 32)",13.47850925703552
3,10.0,224,50,4,"(32, 32)",16.911409785846484
3,10.0,224,50,6,"(32, 32)",18.69148308908579
3,10.0,224,50,8,"(32, 32)",19.75574158856385
3,10.0,224,100,2,"(32, 32)",13.556702108481453
3,10.0,224,100,4,"(32, 32)",16.834522671119995
3,10.0,224,100,6,"(32, 32)",18.612366250955755
3,10.0,224,100,8,"(32, 32)",19.60069645792573
3,10.0,224,200,2,"(32, 32)",13.563051133450172
3,10.0,224,200,4,"(32, 32)",16.830916177673835
3,10.0,224,200,6,"(32, 32)",18.630221358257288
3,10.0,224,200,8,"(32, 32)",19.74306124711228
3,10.0,320,50,2,"(32, 32)",12.838407941615728
3,10.0,320,50,4,"(32, 32)",16.555643872246655
3,10.0,320,50,6,"(32, 32)",18.364979820998546
3,10.0,320,50,8,"(32, 32)",19.55648282169431
3,10.0,320,100,2,"(32, 32)",12.8054075381941
3,10.0,320,100,4,"(32, 32)",16.477491574164443
3,10.0,320,100,6,"(32, 32)",18.35881232515421
3,10.0,320,100,8,"(32, 32)",19.393235909191148
3,10.0,320,200,2,"(32, 32)",12.816733205264578
3,10.0,320,200,4,"(32, 32)",16.509749797586462
3,10.0,320,200,6,"(32, 32)",18.37410936338033
3,10.0,320,200,8,"(32, 32)",19.394176124171928
3,10.0,416,50,2,"(32, 32)",12.543524231753526
3,10.0,416,50,4,"(32, 32)",16.3074964544774
3,10.0,416,50,6,"(32, 32)",18.330937500665925
3,10.0,416,50,8,"(32, 32)",19.4415687154152
3,10.0,416,100,2,"(32, 32)",12.557452350201768
3,10.0,416,100,4,"(32, 32)",16.365074935447815
3,10.0,416,100,6,"(32, 32)",18.210779137824957
3,10.0,416,100,8,"(32, 32)",19.42496559797896
3,10.0,416,200,2,"(32, 32)",12.53192091213661
3,10.0,416,200,4,"(32, 32)",16.287966582026048
3,10.0,416,200,6,"(32, 32)",18.18795618487975
3,10.0,416,200,8,"(32, 32)",19.346917061073743
3,10.0,512,50,2,"(32, 32)",12.383669658079524
3,10.0,512,50,4,"(32, 32)",16.274423995130856
3,10.0,512,50,6,"(32, 32)",18.18981929292932
3,10.0,512,50,8,"(32, 32)",19.35979884240179
3,10.0,512,100,2,"(32, 32)",12.382142905052524
3,10.0,512,100,4,"(32, 32)",16.1740152757935
3,10.0,512,100,6,"(32, 32)",18.147207191334285
3,10.0,512,100,8,"(32, 32)",19.322354762157936
3,10.0,512,200,2,"(32, 32)",12.428986976203598
3,10.0,512,200,4,"(32, 32)",16.22762659851255
3,10.0,512,200,6,"(32, 32)",18.221397874892496
3,10.0,512,200,8,"(32, 32)",19.20799418361692
4,0.01,8,50,2,,46.195432815382176
4,0.01,8,50,4,,46.59208359990899
4,0.01,8,50,6,,44.87720979227914
4,0.01,8,50,8,,45.03819205509152
4,0.01,8,100,2,,45.11961404459488
4,0.01,8,100,4,,46.84298915130624
4,0.01,8,100,6,,45.45790768898147
4,0.01,8,100,8,,45.48512884397898
4,0.01,8,200,2,,45.71826626358118
4,0.01,8,200,4,,46.60101564634874
4,0.01,8,200,6,,45.72717199240351
4,0.01,8,200,8,,46.21027907920623
4,0.01,14,50,2,,42.923158252198334
4,0.01,14,50,4,,43.633375440499016
4,0.01,14,50,6,,42.13268809810348
4,0.01,14,50,8,,42.84520680561386
4,0.01,14,100,2,,43.11939306989165
4,0.01,14,100,4,,44.34810814332821
4,0.01,14,100,6,,42.4628236971093
4,0.01,14,100,8,,43.19746922038256
4,0.01,14,200,2,,42.91241010772597
4,0.01,14,200,4,,44.06723408259181
4,0.01,14,200,6,,43.54888961725376
4,0.01,14,200,8,,43.1661296698162
4,0.01,20,50,2,,39.72204835463903
4,0.01,20,50,4,,39.11786315956134
4,0.01,20,50,6,,37.5261017049944
4,0.01,20,50,8,,38.24558611565944
4,0.01,20,100,2,,39.071172718875154
4,0.01,20,100,4,,39.4042814339344
4,0.01,20,100,6,,37.92650317920306
4,0.01,20,100,8,,38.25097021729903
4,0.01,20,200,2,,38.879172343483056
4,0.01,20,200,4,,39.29370648026882
4,0.01,20,200,6,,39.07672460732062
4,0.01,20,200,8,,37.24046065286319
4,0.01,26,50,2,,35.424511932909034
4,0.01,26,50,4,,34.35440906063613
4,0.01,26,50,6,,33.05632218042702
4,0.01,26,50,8,,32.62645031274113
4,0.01,26,100,2,,34.80916646615313
4,0.01,26,100,4,,32.88852944120384
4,0.01,26,100,6,,32.603319820500964
4,0.01,26,100,8,,31.838968953159338
4,0.01,26,200,2,,34.728946428033495
4,0.01,26,200,4,,33.387109852592545
4,0.01,26,200,6,,33.01766489192977
4,0.01,26,200,8,,32.63774614069622
4,0.01,32,50,2,,29.683013319988905
4,0.01,32,50,2,,75.52089636929392
4,0.01,32,50,4,,27.05759574026584
4,0.01,32,50,4,,86.7441210554883
4,0.01,32,50,6,,25.62126422725911
4,0.01,32,50,6,,88.99277006207602
4,0.01,32,50,8,,23.478836188124387
4,0.01,32,50,8,,90.1140061020714
4,0.01,32,100,2,,28.910538968657296
4,0.01,32,100,2,,75.20637553054046
4,0.01,32,100,4,,25.878850530600392
4,0.01,32,100,4,,87.82496338497954
4,0.01,32,100,6,,24.961542075033584
4,0.01,32,100,6,,90.7454184224231
4,0.01,32,100,8,,25.122963894002154
4,0.01,32,100,8,,89.73119344223949
4,0.01,32,200,2,,28.9571640400638
4,0.01,32,200,2,,75.75316668648912
4,0.01,32,200,4,,26.945943619837784
4,0.01,32,200,4,,87.73068550756038
4,0.01,32,200,6,,26.078038256062666
4,0.01,32,200,6,,89.88100437698135
4,0.01,32,200,8,,24.67769650274102
4,0.01,32,200,8,,89.42554048967284
4,0.01,56,50,2,,67.8224012046431
4,0.01,56,50,4,,79.26913983962679
4,0.01,56,50,6,,80.95809526027269
4,0.01,56,50,8,,79.01783848008743
4,0.01,56,100,2,,67.70431752038328
4,0.01,56,100,4,,79.27297626126966
4,0.01,56,100,6,,79.71535916296628
4,0.01,56,100,8,,80.52624370629464
4,0.01,56,200,2,,67.9750517350758
4,0.01,56,200,4,,79.39890252611225
4,0.01,56,200,6,,80.50232086627041
4,0.01,56,200,8,,81.11195386190407
4,0.01,80,50,2,,58.62972268153643
4,0.01,80,50,4,,66.47545055912427
4,0.01,80,50,6,,65.2893690408118
4,0.01,80,50,8,,62.49811807469421
4,0.01,80,100,2,,58.6361118676854
4,0.01,80,100,4,,66.2742626170749
4,0.01,80,100,6,,64.8285880064227
4,0.01,80,100,8,,61.89826561835201
4,0.01,80,200,2,,60.05762365832387
4,0.01,80,200,4,,65.30432492431723
4,0.01,80,200,6,,63.75788085694512
4,0.01,80,200,8,,62.48569938322599
4,0.01,104,50,2,,49.29037524627851
4,0.01,104,50,4,,49.72028126447551
4,0.01,104,50,6,,43.69856194196667
4,0.01,104,50,8,,43.27957337364856
4,0.01,104,100,2,,48.82543258201907
4,0.01,104,100,4,,49.400298694526114
4,0.01,104,100,6,,46.01589794758024
4,0.01,104,100,8,,43.62843746425615
4,0.01,104,200,2,,48.24608588278466
4,0.01,104,200,4,,50.25313937880436
4,0.01,104,200,6,,46.487152868022605
4,0.01,104,200,8,,40.86787963817802
4,0.01,128,50,2,"(32, 32)",112.22033792262988
4,0.01,128,50,2,,35.90506948949084
4,0.01,128,50,4,"(32, 32)",139.55411104921305
4,0.01,128,50,4,,31.31865139840857
4,0.01,128,50,6,"(32, 32)",150.12760958599074
4,0.01,128,50,6,,27.54321673287971
4,0.01,128,50,8,"(32, 32)",155.2490696287919
4,0.01,128,50,8,,24.059032002015865
4,0.01,128,100,2,"(32, 32)",112.06401381823784
4,0.01,128,100,2,,37.665950959644384
4,0.01,128,100,4,"(32, 32)",138.6163587706128
4,0.01,128,100,4,,31.602281997468317
4,0.01,128,100,6,"(32, 32)",148.7934259833923
4,0.01,128,100,6,,26.74010477026969
4,0.01,128,100,8,"(32, 32)",153.31244930324036
4,0.01,128,100,8,,24.05856243465347
4,0.01,128,200,2,"(32, 32)",110.93815635809356
4,0.01,128,200,2,,37.09808601932999
4,0.01,128,200,4,"(32, 32)",138.97283324274784
4,0.01,128,200,4,,31.14852763656384
4,0.01,128,200,6,"(32, 32)",149.75299183908913
4,0.01,128,200,6,,23.1661930538954
4,0.01,128,200,8,"(32, 32)",153.63173234309133
4,0.01,128,200,8,,19.75356617854152
4,0.01,224,50,2,"(32, 32)",94.98195942692035
4,0.01,224,50,4,"(32, 32)",121.38221789976332
4,0.01,224,50,6,"(32, 32)",131.39330596130242
4,0.01,224,50,8,"(32, 32)",133.51818153786388
4,0.01,224,100,2,"(32, 32)",94.98350747150452
4,0.01,224,100,4,"(32, 32)",121.49950763618328
4,0.01,224,100,6,"(32, 32)",130.6949231937048
4,0.01,224,100,8,"(32, 32)",135.36188355479075
4,0.01,224,200,2,"(32, 32)",93.46751218822378
4,0.01,224,200,4,"(32, 32)",120.4245154246123
4,0.01,224,200,6,"(32, 32)",130.04187571174583
4,0.01,224,200,8,"(32, 32)",133.48920369872567
4,0.01,320,50,2,"(32, 32)",75.80060946438438
4,0.01,320,50,4,"(32, 32)",90.79411714796944
4,0.01,320,50,6,"(32, 32)",93.84600061137137
4,0.01,320,50,8,"(32, 32)",87.60403110948765
4,0.01,320,100,2,"(32, 32)",76.26414035945626
4,0.01,320,100,4,"(32, 32)",92.0989279428852
4,0.01,320,100,6,"(32, 32)",95.7750028629646
4,0.01,320,100,8,"(32, 32)",91.69537257309312
4,0.01,320,200,2,"(32, 32)",75.87841424691682
4,0.01,320,200,4,"(32, 32)",93.57997770285948
4,0.01,320,200,6,"(32, 32)",94.6679210602121
4,0.01,320,200,8,"(32, 32)",89.64925948952542
4,0.01,416,50,2,"(32, 32)",54.85328373220745
4,0.01,416,50,4,"(32, 32)",55.44919343298119
4,0.01,416,50,6,"(32, 32)",47.99095052608836
4,0.01,416,50,8,"(32, 32)",44.1871471256049
4,0.01,416,100,2,"(32, 32)",56.698305523830975
4,0.01,416,100,4,"(32, 32)",56.148140263862096
4,0.01,416,100,6,"(32, 32)",48.40524683011972
4,0.01,416,100,8,"(32, 32)",41.24846308763861
4,0.01,416,200,2,"(32, 32)",55.46893595919533
4,0.01,416,200,4,"(32, 32)",54.58678910281923
4,0.01,416,200,6,"(32, 32)",46.89558935024265
4,0.01,416,200,8,"(32, 32)",45.37553443278696
4,0.01,512,50,2,"(32, 32)",36.012483127938275
4,0.01,512,50,4,"(32, 32)",18.562716293359227
4,0.01,512,50,6,"(32, 32)",13.610202558300832
4,0.01,512,50,8,"(32, 32)",11.55901502722694
4,0.01,512,100,2,"(32, 32)",35.31989819832773
4,0.01,512,100,4,"(32, 32)",20.451500719589006
4,0.01,512,100,6,"(32, 32)",16.55398282994699
4,0.01,512,100,8,"(32, 32)",11.677520734686505
4,0.01,512,200,2,"(32, 32)",34.83783751818007
4,0.01,512,200,4,"(32, 32)",23.30377082927313
4,0.01,512,200,6,"(32, 32)",14.50493366887713
4,0.01,512,200,8,"(32, 32)",16.82115512124649
4,0.1,8,50,2,,28.891091689058683
4,0.1,8,50,4,,28.179658666077223
4,0.1,8,50,6,,28.721883409847734
4,0.1,8,50,8,,26.966427947293507
4,0.1,8,100,2,,28.75439154214508
4,0.1,8,100,4,,28.69058350590276
4,0.1,8,100,6,,28.23670410277457
4,0.1,8,100,8,,26.54997672674449
4,0.1,8,200,2,,29.36481698655813
4,0.1,8,200,4,,28.72925263507937
4,0.1,8,200,6,,27.74842245755705
4,0.1,8,200,8,,26.275960963830684
4,0.1,14,50,2,,21.1765553161073
4,0.1,14,50,4,,20.169399591227435
4,0.1,14,50,6,,19.29350240169774
4,0.1,14,50,8,,19.55662033886145
4,0.1,14,100,2,,21.221867328137417
4,0.1,14,100,4,,19.3309940808361
4,0.1,14,100,6,,18.556917423568407
4,0.1,14,100,8,,19.160610679658195
4,0.1,14,200,2,,20.81595608078988
4,0.1,14,200,4,,20.297834436823724
4,0.1,14,200,6,,19.720151050445647
4,0.1,14,200,8,,18.773122136344124
4,0.1,20,50,2,,14.39356340029801
4,0.1,20,50,4,,13.515936169873536
4,0.1,20,50,6,,13.059493015374048
4,0.1,20,50,8,,13.188431548712982
4,0.1,20,100,2,,14.19053462843354
4,0.1,20,100,4,,12.774862992658717
4,0.1,20,100,6,,13.24394231551318
4,0.1,20,100,8,,13.331869585435737
4,0.1,20,200,2,,13.51854082528591
4,0.1,20,200,4,,12.572060358595015
4,0.1,20,200,6,,13.19925863322622
4,0.1,20,200,8,,13.027291773931172
4,0.1,26,50,2,,9.457497536005745
4,0.1,26,50,4,,9.615453766794234
4,0.1,26,50,6,,9.966741568837833
4,0.1,26,50,8,,10.677398369336045
4,0.1,26,100,2,,9.673169568614718
4,0.1,26,100,4,,9.79772049998619
4,0.1,26,100,6,,9.954534361988696
4,0.1,26,100,8,,10.42564495479242
4,0.1,26,200,2,,9.723165901040677
4,0.1,26,200,4,,9.780487323313402
4,0.1,26,200,6,,10.021342390828137
4,0.1,26,200,8,,10.597302586650866
4,0.1,32,50,2,,7.515300148904567
4,0.1,32,50,2,,36.43033755853638
4,0.1,32,50,4,,8.235613677292152
4,0.1,32,50,4,,40.64351807137593
4,0.1,32,50,6,,8.898536956204515
4,0.1,32,50,6,,38.94406552628495
4,0.1,32,50,8,,9.329966096642686
4,0.1,32,50,8,,38.262477161160135
4,0.1,32,100,2,,7.464889486303505
4,0.1,32,100,2,,35.113613414392155
4,0.1,32,100,4,,8.211003006547687
4,0.1,32,100,4,,39.32386545144016
4,0.1,32,100,6,,8.81546035715627
4,0.1,32,100,6,,39.06243989253188
4,0.1,32,100,8,,9.393090456044256
4,0.1,32,100,8,,37.88652789745014
4,0.1,32,200,2,,8.193066051811478
4,0.1,32,200,2,,36.31134493594431
4,0.1,32,200,4,,8.31903324232534
4,0.1,32,200,4,,39.38546085968942
4,0.1,32,200,6,,8.922824789021478
4,0.1,32,200,6,,39.52483374351362
4,0.1,32,200,8,,9.322797982652084
4,0.1,32,200,8,,36.85339167189593
4,0.1,56,50,2,,21.60430676651802
4,0.1,56,50,4,,19.060662352990697
4,0.1,56,50,6,,18.89997817749701
4,0.1,56,50,8,,16.834933038118958
4,0.1,56,100,2,,20.731886989685144
4,0.1,56,100,4,,20.15408905037485
4,0.1,56,100,6,,16.749806758847704
4,0.1,56,100,8,,16.169557856906348
4,0.1,56,200,2,,20.847032737449684
4,0.1,56,200,4,,19.5042533148384
4,0.1,56,200,6,,18.209058431450018
4,0.1,56,200,8,,17.820543367127115
4,0.1,80,50,2,,10.932327704198334
4,0.1,80,50,4,,10.447568867993398
4,0.1,80,50,6,,11.064975612387691
4,0.1,80,50,8,,11.507024361217724
4,0.1,80,100,2,,10.82900904890199
4,0.1,80,100,4,,10.66618479196556
4,0.1,80,100,6,,11.282635801796774
4,0.1,80,100,8,,11.59245815431612
4,0.1,80,200,2,,10.54904726616944
4,0.1,80,200,4,,10.96735114499829
4,0.1,80,200,6,,11.075112948907323
4,0.1,80,200,8,,11.504035904935744
4,0.1,104,50,2,,7.93339973336436
4,0.1,104,50,4,,9.170778589173366
4,0.1,104,50,6,,10.02277108621074
4,0.1,104,50,8,,10.584647890486304
4,0.1,104,100,2,,7.913808956020029
4,0.1,104,100,4,,9.232965197150214
4,0.1,104,100,6,,10.060206750220283
4,0.1,104,100,8,,10.49757520742746
4,0.1,104,200,2,,7.967690550743192
4,0.1,104,200,4,,9.162878560030103
4,0.1,104,200,6,,9.968634051662097
4,0.1,104,200,8,,10.537995574990786
4,0.1,128,50,2,"(32, 32)",39.81961580459972
4,0.1,128,50,2,,6.886622367093547
4,0.1,128,50,4,"(32, 32)",50.134287746624345
4,0.1,128,50,4,,8.560494515226024
4,0.1,128,50,6,"(32, 32)",55.253859372218535
4,0.1,128,50,6,,9.469737187155662
4,0.1,128,50,8,"(32, 32)",55.00570347430682
4,0.1,128,50,8,,10.014942830342044
4,0.1,128,100,2,"(32, 32)",41.71863144989886
4,0.1,128,100,2,,6.872204853934679
4,0.1,128,100,4,"(32, 32)",49.80961299939659
4,0.1,128,100,4,,8.572792716692671
4,0.1,128,100,6,"(32, 32)",54.53631117104474
4,0.1,128,100,6,,9.45902793003084
4,0.1,128,100,8,"(32, 32)",57.45411410296008
4,0.1,128,100,8,,9.897349887219258
4,0.1,128,200,2,"(32, 32)",42.13047822823456
4,0.1,128,200,2,,6.836990153326934
4,0.1,128,200,4,"(32, 32)",52.59519157768613
4,0.1,128,200,4,,8.520493653731073
4,0.1,128,200,6,"(32, 32)",58.99366154001795
4,0.1,128,200,6,,9.463698043469
4,0.1,128,200,8,"(32, 32)",58.77756794942329
4,0.1,128,200,8,,9.912940236113393
4,0.1,224,50,2,"(32, 32)",16.466936681183583
4,0.1,224,50,4,"(32, 32)",15.37560860274432
4,0.1,224,50,6,"(32, 32)",14.174768457422266
4,0.1,224,50,8,"(32, 32)",13.91862119247658
4,0.1,224,100,2,"(32, 32)",16.899205910349476
4,0.1,224,100,4,"(32, 32)",15.054756928517904
4,0.1,224,100,6,"(32, 32)",14.006347988182515
4,0.1,224,100,8,"(32, 32)",17.186304335186787
4,0.1,224,200,2,"(32, 32)",18.293827366640887
4,0.1,224,200,4,"(32, 32)",17.723039595603353
4,0.1,224,200,6,"(32, 32)",13.198396348352814
4,0.1,224,200,8,"(32, 32)",18.73465660462613
4,0.1,320,50,2,"(32, 32)",9.148841125810009
4,0.1,320,50,4,"(32, 32)",10.556998541284525
4,0.1,320,50,6,"(32, 32)",11.765321684596689
4,0.1,320,50,8,"(32, 32)",12.459420215227086
4,0.1,320,100,2,"(32, 32)",9.194481928026434
4,0.1,320,100,4,"(32, 32)",10.59154818448823
4,0.1,320,100,6,"(32, 32)",11.678588897172055
4,0.1,320,100,8,"(32, 32)",12.336789102373652
4,0.1,320,200,2,"(32, 32)",9.17180533439524
4,0.1,320,200,4,"(32, 32)",10.592511219975766
4,0.1,320,200,6,"(32, 32)",11.72844325669805
4,0.1,320,200,8,"(32, 32)",12.445807668027072
4,0.1,416,50,2,"(32, 32)",7.767155271995476
4,0.1,416,50,4,"(32, 32)",9.908458764319937
4,0.1,416,50,6,"(32, 32)",11.11946088074059
4,0.1,416,50,8,"(32, 32)",11.940889686140729
4,0.1,416,100,2,"(32, 32)",7.801601773634373
4,0.1,416,100,4,"(32, 32)",9.834891265904174
4,0.1,416,100,6,"(32, 32)",11.046674022438058
4,0.1,416,100,8,"(32, 32)",11.822226581795764
4,0.1,416,200,2,"(32, 32)",7.761046873442869
4,0.1,416,200,4,"(32, 32)",9.82309787188019
4,0.1,416,200,6,"(32, 32)",11.03317771256367
4,0.1,416,200,8,"(32, 32)",11.799157736508809
4,0.1,512,50,2,"(32, 32)",7.109198197063221
4,0.1,512,50,4,"(32, 32)",9.485231263473866
4,0.1,512,50,6,"(32, 32)",10.7894579616721
4,0.1,512,50,8,"(32, 32)",11.589589320913896
4,0.1,512,100,2,"(32, 32)",7.119312894434911
4,0.1,512,100,4,"(32, 32)",9.453551530279215
4,0.1,512,100,6,"(32, 32)",10.737138905964956
4,0.1,512,100,8,"(32, 32)",11.46228244121593
4,0.1,512,200,2,"(32, 32)",7.087565545211277
4,0.1,512,200,4,"(32, 32)",9.434045424616656
4,0.1,512,200,6,"(32, 32)",10.7080252240653
4,0.1,512,200,8,"(32, 32)",11.4638987579028
4,1.0,8,50,2,,21.51541924360925
4,1.0,8,50,4,,20.13213188847619
4,1.0,8,50,6,,19.602238959282097
4,1.0,8,50,8,,19.619131194777477
4,1.0,8,100,2,,22.23557259503677
4,1.0,8,100,4,,20.1322406514392
4,1.0,8,100,6,,19.93617555051757
4,1.0,8,100,8,,19.25323241206495
4,1.0,8,200,2,,22.16199430780585
4,1.0,8,200,4,,20.242096665538188
4,1.0,8,200,6,,19.865543538974133
4,1.0,8,200,8,,19.691882998902884
4,1.0,14,50,2,,14.677627297097777
4,1.0,14,50,4,,14.147902429616872
4,1.0,14,50,6,,14.89763477165254
4,1.0,14,50,8,,15.285213900271424
4,1.0,14,100,2,,14.88885609226189
4,1.0,14,100,4,,14.349127798123988
4,1.0,14,100,6,,14.708206449975387
4,1.0,14,100,8,,15.42977872797398
4,1.0,14,200,2,,14.67452429759124
4,1.0,14,200,4,,14.572114840142683
4,1.0,14,200,6,,14.884695916137122
4,1.0,14,200,8,,15.05629048229205
4,1.0,20,50,2,,11.3034459759038
4,1.0,20,50,4,,12.015755006560576
4,1.0,20,50,6,,12.79459406421581
4,1.0,20,50,8,,13.28068013483308
4,1.0,20,100,2,,11.12770253477296
4,1.0,20,100,4,,12.32077739566562
4,1.0,20,100,6,,12.81602064934447
4,1.0,20,100,8,,13.43740674363534
4,1.0,20,200,2,,11.27123342051899
4,1.0,20,200,4,,11.99597179831573
4,1.0,20,200,6,,12.914955435988706
4,1.0,20,200,8,,13.343620782088042
4,1.0,26,50,2,,9.62793142092552
4,1.0,26,50,4,,10.942575726559728
4,1.0,26,50,6,,11.78237270196615
4,1.0,26,50,8,,12.33087351901492
4,1.0,26,100,2,,9.589765386008745
4,1.0,26,100,4,,10.973742443846444
4,1.0,26,100,6,,11.823216335627244
4,1.0,26,100,8,,12.359916356862325
4,1.0,26,200,2,,9.67258846381526
4,1.0,26,200,4,,11.00727880847842
4,1.0,26,200,6,,11.821798388772132
4,1.0,26,200,8,,12.33582710279528
4,1.0,32,50,2,,8.803546875637839
4,1.0,32,50,2,,17.51024905216646
4,1.0,32,50,4,,10.45478385683626
4,1.0,32,50,4,,16.687883579831908
4,1.0,32,50,6,,11.279163452944646
4,1.0,32,50,6,,17.450168615362713
4,1.0,32,50,8,,11.807068883103527
4,1.0,32,50,8,,17.85448852866184
4,1.0,32,100,2,,8.78275164053923
4,1.0,32,100,2,,17.906270558077477
4,1.0,32,100,4,,10.426077800262146
4,1.0,32,100,4,,16.763424632082426
4,1.0,32,100,6,,11.332109179486867
4,1.0,32,100,6,,17.19438449655387
4,1.0,32,100,8,,11.808564837512158
4,1.0,32,100,8,,17.73748660581055
4,1.0,32,200,2,,8.76537193436223
4,1.0,32,200,2,,17.863471948809895
4,1.0,32,200,4,,10.431735519894628
4,1.0,32,200,4,,16.845402510904705
4,1.0,32,200,6,,11.280398518982842
4,1.0,32,200,6,,17.24072159834644
4,1.0,32,200,8,,11.811936460908642
4,1.0,32,200,8,,17.747824414667207
4,1.0,56,50,2,,12.069022041150856
4,1.0,56,50,4,,13.169310115277623
4,1.0,56,50,6,,14.16822561026466
4,1.0,56,50,8,,14.92163264691935
4,1.0,56,100,2,,11.957393985942698
4,1.0,56,100,4,,13.078269237602532
4,1.0,56,100,6,,14.12367215287112
4,1.0,56,100,8,,14.802154920254116
4,1.0,56,200,2,,12.033925420366756
4,1.0,56,200,4,,13.055702156344024
4,1.0,56,200,6,,14.16634670719026
4,1.0,56,200,8,,14.88605633325154
4,1.0,80,50,2,,10.007878061358245
4,1.0,80,50,4,,11.958800480631275
4,1.0,80,50,6,,13.150207581712872
4,1.0,80,50,8,,13.800217358632718
4,1.0,80,100,2,,9.949971368643048
4,1.0,80,100,4,,11.878961163450022
4,1.0,80,100,6,,13.063263355199751
4,1.0,80,100,8,,13.742525461973797
4,1.0,80,200,2,,9.94926936088423
4,1.0,80,200,4,,11.91860809161677
4,1.0,80,200,6,,13.117389906866
4,1.0,80,200,8,,13.68807299385696
4,1.0,104,50,2,,9.196555106341428
4,1.0,104,50,4,,11.422304325410654
4,1.0,104,50,6,,12.581081332020318
4,1.0,104,50,8,,13.284795884648636
4,1.0,104,100,2,,9.213644391930751
4,1.0,104,100,4,,11.406438622156156
4,1.0,104,100,6,,12.51510699053824
4,1.0,104,100,8,,13.23764642593045
4,1.0,104,200,2,,9.241581978394116
4,1.0,104,200,4,,11.371209487666752
4,1.0,104,200,6,,12.567667946695927
4,1.0,104,200,8,,13.207207440225227
4,1.0,128,50,2,"(32, 32)",16.5801514044131
4,1.0,128,50,2,,8.796355481162443
4,1.0,128,50,4,"(32, 32)",15.976168169224367
4,1.0,128,50,4,,11.161745571772562
4,1.0,128,50,6,"(32, 32)",16.979767034794918
4,1.0,128,50,6,,12.328938156404757
4,1.0,128,50,8,"(32, 32)",17.697166793710625
4,1.0,128,50,8,,13.035974025938057
4,1.0,128,100,2,"(32, 32)",16.517770503343453
4,1.0,128,100,2,,8.771523733142049
4,1.0,128,100,4,"(32, 32)",15.927033821196988
4,1.0,128,100,4,,11.105553593480868
4,1.0,128,100,6,"(32, 32)",17.014900072977454
4,1.0,128,100,6,,12.260199524094435
4,1.0,128,100,8,"(32, 32)",17.59278880554595
4,1.0,128,100,8,,12.983914180065376
4,1.0,128,200,2,"(32, 32)",16.639557968100572
4,1.0,128,200,2,,8.79564293589512
4,1.0,128,200,4,"(32, 32)",15.879167024880516
4,1.0,128,200,4,,11.059809298259497
4,1.0,128,200,6,"(32, 32)",16.97958932674268
4,1.0,128,200,6,,12.219299147965913
4,1.0,128,200,8,"(32, 32)",17.6043598713703
4,1.0,128,200,8,,12.949032568420227
4,1.0,224,50,2,"(32, 32)",11.30310207762225
4,1.0,224,50,4,"(32, 32)",13.443792103125537
4,1.0,224,50,6,"(32, 32)",14.979458540335198
4,1.0,224,50,8,"(32, 32)",16.01371618293358
4,1.0,224,100,2,"(32, 32)",11.371019442442282
4,1.0,224,100,4,"(32, 32)",13.35296198528692
4,1.0,224,100,6,"(32, 32)",14.849191282709247
4,1.0,224,100,8,"(32, 32)",15.90073465533419
4,1.0,224,200,2,"(32, 32)",11.377171738779442
4,1.0,224,200,4,"(32, 32)",13.31423996134556
4,1.0,224,200,6,"(32, 32)",14.87768363786738
4,1.0,224,200,8,"(32, 32)",15.873395703569836
4,1.0,320,50,2,"(32, 32)",10.006343546137623
4,1.0,320,50,4,"(32, 32)",12.751736391796191
4,1.0,320,50,6,"(32, 32)",14.348119930228718
4,1.0,320,50,8,"(32, 32)",15.426498013901288
4,1.0,320,100,2,"(32, 32)",10.027342608711466
4,1.0,320,100,4,"(32, 32)",12.6767783879277
4,1.0,320,100,6,"(32, 32)",14.276292871294448
4,1.0,320,100,8,"(32, 32)",15.31454914940084
4,1.0,320,200,2,"(32, 32)",10.01653467769482
4,1.0,320,200,4,"(32, 32)",12.718910759886978
4,1.0,320,200,6,"(32, 32)",14.215354027621515
4,1.0,320,200,8,"(32, 32)",15.332639692345955
4,1.0,416,50,2,"(32, 32)",9.522363541141871
4,1.0,416,50,4,"(32, 32)",12.421386248492094
4,1.0,416,50,6,"(32, 32)",14.002172437778894
4,1.0,416,50,8,"(32, 32)",15.132000272633377
4,1.0,416,100,2,"(32, 32)",9.541140368299164
4,1.0,416,100,4,"(32, 32)",12.385080104625809
4,1.0,416,100,6,"(32, 32)",13.923643057710692
4,1.0,416,100,8,"(32, 32)",14.987769035870796
4,1.0,416,200,2,"(32, 32)",9.528400933363574
4,1.0,416,200,4,"(32, 32)",12.371921040679837
4,1.0,416,200,6,"(32, 32)",13.962023043362263
4,1.0,416,200,8,"(32, 32)",14.954436592449996
4,1.0,512,50,2,"(32, 32)",9.29804105738853
4,1.0,512,50,4,"(32, 32)",12.21815009242022
4,1.0,512,50,6,"(32, 32)",13.82662973024394
4,1.0,512,50,8,"(32, 32)",15.017214751464453
4,1.0,512,100,2,"(32, 32)",9.278880423721636
4,1.0,512,100,4,"(32, 32)",12.252100083308822
4,1.0,512,100,6,"(32, 32)",13.77448187821174
4,1.0,512,100,8,"(32, 32)",14.848196676686385
4,1.0,512,200,2,"(32, 32)",9.26438795197804
4,1.0,512,200,4,"(32, 32)",12.192674213390472
4,1.0,512,200,6,"(32, 32)",13.765966127565946
4,1.0,512,200,8,"(32, 32)",14.827260706708346
4,10.0,8,50,2,,22.453476512177577
4,10.0,8,50,4,,19.812154002733458
4,10.0,8,50,6,,20.09413424253534
4,10.0,8,50,8,,20.65440408881748
4,10.0,8,100,2,,22.4975365879657
4,10.0,8,100,4,,20.06938846966052
4,10.0,8,100,6,,20.19099929762563
4,10.0,8,100,8,,20.18382272208398
4,10.0,8,200,2,,22.244339898077907
4,10.0,8,200,4,,20.25933377886781
4,10.0,8,200,6,,20.24651674052877
4,10.0,8,200,8,,20.04981997972756
4,10.0,14,50,2,,15.620622433656212
4,10.0,14,50,4,,16.490659439661073
4,10.0,14,50,6,,17.176927123584576
4,10.0,14,50,8,,17.750378564370585
4,10.0,14,100,2,,15.955470944790957
4,10.0,14,100,4,,16.35784234534214
4,10.0,14,100,6,,17.24117683660073
4,10.0,14,100,8,,17.88417895268115
4,10.0,14,200,2,,15.922647294620845
4,10.0,14,200,4,,16.22384204935086
4,10.0,14,200,6,,17.238221722294114
4,10.0,14,200,8,,17.847149045854394
4,10.0,20,50,2,,13.62165525486254
4,10.0,20,50,4,,15.139991329699594
4,10.0,20,50,6,,16.18185809581537
4,10.0,20,50,8,,16.759927341422042
4,10.0,20,100,2,,13.559725147938895
4,10.0,20,100,4,,15.213266375631433
4,10.0,20,100,6,,16.274954312636886
4,10.0,20,100,8,,16.889398832040023
4,10.0,20,200,2,,13.73107301079679
4,10.0,20,200,4,,15.1837863227835
4,10.0,20,200,6,,16.18020819135151
4,10.0,20,200,8,,16.73152109239281
4,10.0,26,50,2,,12.706607505471148
4,10.0,26,50,4,,14.587077475788904
4,10.0,26,50,6,,15.781006461804322
4,10.0,26,50,8,,16.367930160097522
4,10.0,26,100,2,,12.68384653490977
4,10.0,26,100,4,,14.656089277545254
4,10.0,26,100,6,,15.63006497497135
4,10.0,26,100,8,,16.422180114873353
4,10.0,26,200,2,,12.784773436542803
4,10.0,26,200,4,,14.572778438905992
4,10.0,26,200,6,,15.647563908037045
4,10.0,26,200,8,,16.26501440245175
4,10.0,32,50,2,,12.325225140912028
4,10.0,32,50,2,,17.775216471752906
4,10.0,32,50,4,,14.319880419183905
4,10.0,32,50,4,,17.716955776971783
4,10.0,32,50,6,,15.3641543708878
4,10.0,32,50,6,,18.76320762850142
4,10.0,32,50,8,,15.98370568747004
4,10.0,32,50,8,,19.52685985816486
4,10.0,32,100,2,,12.297515115715054
4,10.0,32,100,2,,17.901602523078406
4,10.0,32,100,4,,14.288665649175767
4,10.0,32,100,4,,17.707380141989383
4,10.0,32,100,6,,15.248420383378484
4,10.0,32,100,6,,18.65414299240922
4,10.0,32,100,8,,15.956762424104904
4,10.0,32,100,8,,19.32676974504731
4,10.0,32,200,2,,12.326330172737697
4,10.0,32,200,2,,17.912252914524096
4,10.0,32,200,4,,14.31634096804693
4,10.0,32,200,4,,17.81517495933697
4,10.0,32,200,6,,15.41156768330306
4,10.0,32,200,6,,18.49328512037429
4,10.0,32,200,8,,15.99895760001599
4,10.0,32,200,8,,19.45005476289311
4,10.0,56,50,2,,13.73491034912802
4,10.0,56,50,4,,16.053409958104197
4,10.0,56,50,6,,17.36099578954754
4,10.0,56,50,8,,18.097088494257694
4,10.0,56,100,2,,13.823281891555926
4,10.0,56,100,4,,15.954007325165842
4,10.0,56,100,6,,17.291862443788474
4,10.0,56,100,8,,18.17341703004285
4,10.0,56,200,2,,13.754469821242711
4,10.0,56,200,4,,16.01183227290355
4,10.0,56,200,6,,17.24596457341203
4,10.0,56,200,8,,17.975100355438517
4,10.0,80,50,2,,12.7128937756852
4,10.0,80,50,4,,15.352026919263304
4,10.0,80,50,6,,16.79164878270007
4,10.0,80,50,8,,17.572673525331336
4,10.0,80,100,2,,12.76948957649402
4,10.0,80,100,4,,15.391158010480058
4,10.0,80,100,6,,16.88828065819869
4,10.0,80,100,8,,17.627066092089535
4,10.0,80,200,2,,12.79275703546188
4,10.0,80,200,4,,15.50159027801538
4,10.0,80,200,6,,16.801312890296593
4,10.0,80,200,8,,17.708675043137678
4,10.0,104,50,2,,12.367309184147487
4,10.0,104,50,4,,15.204740683474643
4,10.0,104,50,6,,16.662683672225327
4,10.0,104,50,8,,17.50492669646696
4,10.0,104,100,2,,12.31742133141573
4,10.0,104,100,4,,15.210057088630675
4,10.0,104,100,6,,16.674137895022827
4,10.0,104,100,8,,17.388737468987816
4,10.0,104,200,2,,12.308308618960217
4,10.0,104,200,4,,15.159310509696493
4,10.0,104,200,6,,16.562012517700698
4,10.0,104,200,8,,17.397282425454144
4,10.0,128,50,2,"(32, 32)",16.178205141307803
4,10.0,128,50,2,,12.11732145391585
4,10.0,128,50,4,"(32, 32)",17.952885744842884
4,10.0,128,50,4,,15.0699309067892
4,10.0,128,50,6,"(32, 32)",19.461673828308367
4,10.0,128,50,6,,16.43467148496883
4,10.0,128,50,8,"(32, 32)",20.319731284940445
4,10.0,128,50,8,,17.274968749265103
4,10.0,128,100,2,"(32, 32)",16.528520730182606
4,10.0,128,100,2,,12.10694500568188
4,10.0,128,100,4,"(32, 32)",17.807670714933604
4,10.0,128,100,4,,15.103775896301018
4,10.0,128,100,6,"(32, 32)",19.335393773920877
4,10.0,128,100,6,,16.467939845503654
4,10.0,128,100,8,"(32, 32)",20.384970536480875
4,10.0,128,100,8,,17.262851074538055
4,10.0,128,200,2,"(32, 32)",16.157875200649244
4,10.0,128,200,2,,12.100046810343338
4,10.0,128,200,4,"(32, 32)",17.891149628122534
4,10.0,128,200,4,,15.04512509700635
4,10.0,128,200,6,"(32, 32)",19.504597244231118
4,10.0,128,200,6,,16.51163222915438
4,10.0,128,200,8,"(32, 32)",20.461555159933184
4,10.0,128,200,8,,17.290665722414147
4,10.0,224,50,2,"(32, 32)",13.548149145764484
4,10.0,224,50,4,"(32, 32)",16.94743962037568
4,10.0,224,50,6,"(32, 32)",18.66525669676558
4,10.0,224,50,8,"(32, 32)",19.78555728246084
4,10.0,224,100,2,"(32, 32)",13.517932284769564
4,10.0,224,100,4,"(32, 32)",16.79666753596441
4,10.0,224,100,6,"(32, 32)",18.717803880220263
4,10.0,224,100,8,"(32, 32)",19.731229626581925
4,10.0,224,200,2,"(32, 32)",13.506346164627574
4,10.0,224,200,4,"(32, 32)",16.793291541806372
4,10.0,224,200,6,"(32, 32)",18.68031708834184
4,10.0,224,200,8,"(32, 32)",19.666199220608643
4,10.0,320,50,2,"(32, 32)",12.867610403313238
4,10.0,320,50,4,"(32, 32)",16.589769363685658
4,10.0,320,50,6,"(32, 32)",18.36514256564045
4,10.0,320,50,8,"(32, 32)",19.641007619209653
4,10.0,320,100,2,"(32, 32)",12.82106156284996
4,10.0,320,100,4,"(32, 32)",16.571037999610088
4,10.0,320,100,6,"(32, 32)",18.32757718437488
4,10.0,320,100,8,"(32, 32)",19.550251108883742
4,10.0,320,200,2,"(32, 32)",12.847860082422669
4,10.0,320,200,4,"(32, 32)",16.46300659790537
4,10.0,320,200,6,"(32, 32)",18.272665606860077
4,10.0,320,200,8,"(32, 32)",19.479730586356705
4,10.0,416,50,2,"(32, 32)",12.526285381946664
4,10.0,416,50,4,"(32, 32)",16.449619249384074
4,10.0,416,50,6,"(32, 32)",18.31830616845749
4,10.0,416,50,8,"(32, 32)",19.29528979998943
4,10.0,416,100,2,"(32, 32)",12.550740825779126
4,10.0,416,100,4,"(32, 32)",16.327120371306773
4,10.0,416,100,6,"(32, 32)",18.16094615824156
4,10.0,416,100,8,"(32, 32)",19.37564203982842
4,10.0,416,200,2,"(32, 32)",12.542123087100622
4,10.0,416,200,4,"(32, 32)",16.212520512881863
4,10.0,416,200,6,"(32, 32)",18.17533756241717
4,10.0,416,200,8,"(32, 32)",19.30203447440384
4,10.0,512,50,2,"(32, 32)",12.36785050215684
4,10.0,512,50,4,"(32, 32)",16.238448629647632
4,10.0,512,50,6,"(32, 32)",18.19459369135529
4,10.0,512,50,8,"(32, 32)",19.36881191739836
4,10.0,512,100,2,"(32, 32)",12.37610351574444
4,10.0,512,100,4,"(32, 32)",16.26542119641472
4,10.0,512,100,6,"(32, 32)",18.086228146287723
4,10.0,512,100,8,"(32, 32)",19.32500943952283
4,10.0,512,200,2,"(32, 32)",12.392814375456902
4,10.0,512,200,4,"(32, 32)",16.22033213283599
4,10.0,512,200,6,"(32, 32)",18.064704945232315
4,10.0,512,200,8,"(32, 32)",19.18948383823878
5,0.01,8,50,2,,46.0195867882803
5,0.01,8,50,4,,46.08053583595211
5,0.01,8,50,6,,45.60196528633469
5,0.01,8,50,8,,44.48657791369702
5,0.01,8,100,2,,45.042385061477006
5,0.01,8,100,4,,46.440669119759846
5,0.01,8,100,6,,45.32792634601581
5,0.01,8,100,8,,44.22321819470331
5,0.01,8,200,2,,46.3235536632599
5,0.01,8,200,4,,46.4825127646938
5,0.01,8,200,6,,45.74565741769271
5,0.01,8,200,8,,44.863077944277045
5,0.01,14,50,2,,42.61393571820162
5,0.01,14,50,4,,43.7397768555833
5,0.01,14,50,6,,43.65630893798869
5,0.01,14,50,8,,42.13204675251261
5,0.01,14,100,2,,42.91305165790466
5,0.01,14,100,4,,44.21180598323892
5,0.01,14,100,6,,42.5811437254139
5,0.01,14,100,8,,41.97226525963771
5,0.01,14,200,2,,42.51546650120619
5,0.01,14,200,4,,44.06617472590927
5,0.01,14,200,6,,42.536539683570325
5,0.01,14,200,8,,43.225085761546126
5,0.01,20,50,2,,38.718736797881625
5,0.01,20,50,4,,39.67355486155461
5,0.01,20,50,6,,38.46342861578187
5,0.01,20,50,8,,37.36095080209317
5,0.01,20,100,2,,39.43964439402006
5,0.01,20,100,4,,40.19042208238979
5,0.01,20,100,6,,37.947430739047725
5,0.01,20,100,8,,38.99094065570299
5,0.01,20,200,2,,39.25328633345333
5,0.01,20,200,4,,38.82722722019174
5,0.01,20,200,6,,38.116252208258416
5,0.01,20,200,8,,37.60989086651556
5,0.01,26,50,2,,34.26395510645777
5,0.01,26,50,4,,33.045203027296324
5,0.01,26,50,6,,32.57852744899052
5,0.01,26,50,8,,31.547868778169157
5,0.01,26,100,2,,35.02184605689583
5,0.01,26,100,4,,34.32291619740295
5,0.01,26,100,6,,33.601628459341505
5,0.01,26,100,8,,32.21739553570027
5,0.01,26,200,2,,35.63833245543143
5,0.01,26,200,4,,33.67748144079465
5,0.01,26,200,6,,32.050384790547646
5,0.01,26,200,8,,32.094009888663685
5,0.01,32,50,2,,28.95278019707497
5,0.01,32,50,2,,74.18391061405526
5,0.01,32,50,4,,27.281317746841893
5,0.01,32,50,4,,88.11439190588337
5,0.01,32,50,6,,26.441425510015694
5,0.01,32,50,6,,90.03325843887951
5,0.01,32,50,8,,24.64836777860088
5,0.01,32,50,8,,90.1999690476595
5,0.01,32,100,2,,30.489677183169498
5,0.01,32,100,2,,75.46603673002544
5,0.01,32,100,4,,26.695953816923502
5,0.01,32,100,4,,88.10678143852108
5,0.01,32,100,6,,25.10314628669504
5,0.01,32,100,6,,88.99055310807135
5,0.01,32,100,8,,24.635819512609302
5,0.01,32,100,8,,89.73515670996493
5,0.01,32,200,2,,29.289108736251517
5,0.01,32,200,2,,75.1644164155265
5,0.01,32,200,4,,27.29342998214826
5,0.01,32,200,4,,87.35602283818064
5,0.01,32,200,6,,24.165148913198745
5,0.01,32,200,6,,90.143328174693
5,0.01,32,200,8,,24.16160462955941
5,0.01,32,200,8,,88.48004798339453
5,0.01,56,50,2,,68.04329119594468
5,0.01,56,50,4,,79.51266448194777
5,0.01,56,50,6,,80.95639795439874
5,0.01,56,50,8,,80.54993489296554
5,0.01,56,100,2,,68.15920758028524
5,0.01,56,100,4,,79.23893212851978
5,0.01,56,100,6,,80.3533165902973
5,0.01,56,100,8,,79.6097684751301
5,0.01,56,200,2,,67.83481933065825
5,0.01,56,200,4,,79.42703338988355
5,0.01,56,200,6,,81.44492868895625
5,0.01,56,200,8,,79.42657722153471
5,0.01,80,50,2,,59.85568973963765
5,0.01,80,50,4,,66.74983266745178
5,0.01,80,50,6,,65.22247607961393
5,0.01,80,50,8,,63.870541709990505
5,0.01,80,100,2,,58.93177099285865
5,0.01,80,100,4,,66.70663761014507
5,0.01,80,100,6,,67.43803126962884
5,0.01,80,100,8,,62.64679550414751
5,0.01,80,200,2,,59.71672433943878
5,0.01,80,200,4,,66.76444493846013
5,0.01,80,200,6,,66.57273518129658
5,0.01,80,200,8,,63.54888986357721
5,0.01,104,50,2,,48.09751804951263
5,0.01,104,50,4,,50.54027609341758
5,0.01,104,50,6,,46.04730218197941
5,0.01,104,50,8,,41.65808966796168
5,0.01,104,100,2,,48.54167421965752
5,0.01,104,100,4,,50.06407065910115
5,0.01,104,100,6,,46.69353894418456
5,0.01,104,100,8,,41.39015376628102
5,0.01,104,200,2,,47.46358829081448
5,0.01,104,200,4,,50.44512617086542
5,0.01,104,200,6,,47.20770287941495
5,0.01,104,200,8,,42.85890927897886
5,0.01,128,50,2,"(32, 32)",113.10853799151128
5,0.01,128,50,2,,35.776993330917804
5,0.01,128,50,4,"(32, 32)",139.50838099362403
5,0.01,128,50,4,,31.621443114963167
5,0.01,128,50,6,"(32, 32)",149.84479264740875
5,0.01,128,50,6,,24.10592458563193
5,0.01,128,50,8,"(32, 32)",155.24284449502574
5,0.01,128,50,8,,21.50237882007186
5,0.01,128,100,2,"(32, 32)",111.2889713221371
5,0.01,128,100,2,,35.973102375851
5,0.01,128,100,4,"(32, 32)",138.40444085873895
5,0.01,128,100,4,,30.67786375822258
5,0.01,128,100,6,"(32, 32)",149.05104468132137
5,0.01,128,100,6,,26.421830459818867
5,0.01,128,100,8,"(32, 32)",152.74724552649116
5,0.01,128,100,8,,21.97453524951945
5,0.01,128,200,2,"(32, 32)",111.1418934393999
5,0.01,128,200,2,,36.47763201791308
5,0.01,128,200,4,"(32, 32)",138.68401122894642
5,0.01,128,200,4,,32.96784001400773
5,0.01,128,200,6,"(32, 32)",148.9125295589856
5,0.01,128,200,6,,26.802070420982748
5,0.01,128,200,8,"(32, 32)",153.04677755558168
5,0.01,128,200,8,,23.547632439371817
5,0.01,224,50,2,"(32, 32)",95.02926542348033
5,0.01,224,50,4,"(32, 32)",120.96523767613446
5,0.01,224,50,6,"(32, 32)",131.5348356251707
5,0.01,224,50,8,"(32, 32)",134.69637043855366
5,0.01,224,100,2,"(32, 32)",95.30779521399204
5,0.01,224,100,4,"(32, 32)",120.43295475885937
5,0.01,224,100,6,"(32, 32)",129.1972091857605
5,0.01,224,100,8,"(32, 32)",132.4161890516236
5,0.01,224,200,2,"(32, 32)",93.84055463423732
5,0.01,224,200,4,"(32, 32)",119.78313868322692
5,0.01,224,200,6,"(32, 32)",130.23736102382992
5,0.01,224,200,8,"(32, 32)",133.19610716827543
5,0.01,320,50,2,"(32, 32)",75.95961667342286
5,0.01,320,50,4,"(32, 32)",91.54869309830596
5,0.01,320,50,6,"(32, 32)",93.48656509896972
5,0.01,320,50,8,"(32, 32)",90.63133131338856
5,0.01,320,100,2,"(32, 32)",77.39193128672908
5,0.01,320,100,4,"(32, 32)",92.96141418750295
5,0.01,320,100,6,"(32, 32)",94.9018741386431
5,0.01,320,100,8,"(32, 32)",91.5422976551236
5,0.01,320,200,2,"(32, 32)",74.89876338513416
5,0.01,320,200,4,"(32, 32)",92.85733930168752
5,0.01,320,200,6,"(32, 32)",94.50316009081854
5,0.01,320,200,8,"(32, 32)",90.91179085398151
5,0.01,416,50,2,"(32, 32)",54.35174835116277
5,0.01,416,50,4,"(32, 32)",53.97607499395384
5,0.01,416,50,6,"(32, 32)",51.07248152219989
5,0.01,416,50,8,"(32, 32)",40.638233224431296
5,0.01,416,100,2,"(32, 32)",54.24925857248247
5,0.01,416,100,4,"(32, 32)",55.25753087290606
5,0.01,416,100,6,"(32, 32)",49.070862036829936
5,0.01,416,100,8,"(32, 32)",41.93134959753913
5,0.01,416,200,2,"(32, 32)",55.76088981159256
5,0.01,416,200,4,"(32, 32)",53.66085744103772
5,0.01,416,200,6,"(32, 32)",50.59433067888617
5,0.01,416,200,8,"(32, 32)",40.43900089927655
5,0.01,512,50,2,"(32, 32)",32.41715591832899
5,0.01,512,50,4,"(32, 32)",18.863870939737016
5,0.01,512,50,6,"(32, 32)",10.340152172392928
5,0.01,512,50,8,"(32, 32)",11.951119846879724
5,0.01,512,100,2,"(32, 32)",35.977158399652296
5,0.01,512,100,4,"(32, 32)",16.88004899962486
5,0.01,512,100,6,"(32, 32)",14.027056978715487
5,0.01,512,100,8,"(32, 32)",9.038491484097635
5,0.01,512,200,2,"(32, 32)",34.3064980738214
5,0.01,512,200,4,"(32, 32)",20.76435768961928
5,0.01,512,200,6,"(32, 32)",20.589284317154565
5,0.01,512,200,8,"(32, 32)",10.468366291358867
5,0.1,8,50,2,,28.48854778483656
5,0.1,8,50,4,,28.176203728917887
5,0.1,8,50,6,,28.113335526034867
5,0.1,8,50,8,,27.246216537581745
5,0.1,8,100,2,,29.538533340956764
5,0.1,8,100,4,,28.333037887229622
5,0.1,8,100,6,,27.35878702051476
5,0.1,8,100,8,,26.98698669765276
5,0.1,8,200,2,,28.80783711930119
5,0.1,8,200,4,,28.458778083718045
5,0.1,8,200,6,,27.404660604011227
5,0.1,8,200,8,,27.10127810177512
5,0.1,14,50,2,,20.60337324578732
5,0.1,14,50,4,,19.15578779997818
5,0.1,14,50,6,,19.31136894000304
5,0.1,14,50,8,,19.26106667406059
5,0.1,14,100,2,,21.38143119211149
5,0.1,14,100,4,,20.31972828120187
5,0.1,14,100,6,,19.98382247864893
5,0.1,14,100,8,,18.88446201858028
5,0.1,14,200,2,,21.23307557161657
5,0.1,14,200,4,,19.490688154697164
5,0.1,14,200,6,,19.344757201760597
5,0.1,14,200,8,,18.993853126840904
5,0.1,20,50,2,,14.443854184602346
5,0.1,20,50,4,,13.3096369140535
5,0.1,20,50,6,,13.991895100718898
5,0.1,20,50,8,,13.288203028313486
5,0.1,20,100,2,,14.779179950310576
5,0.1,20,100,4,,12.901778880639371
5,0.1,20,100,6,,12.912487379365205
5,0.1,20,100,8,,13.172736849028375
5,0.1,20,200,2,,14.1844598815086
5,0.1,20,200,4,,13.594768056346506
5,0.1,20,200,6,,12.743681295601643
5,0.1,20,200,8,,13.14099236699437
5,0.1,26,50,2,,9.7053858876539
5,0.1,26,50,4,,9.508667054088486
5,0.1,26,50,6,,9.96727490647666
5,0.1,26,50,8,,10.262787076812243
5,0.1,26,100,2,,9.392987098602951
5,0.1,26,100,4,,10.118420382168033
5,0.1,26,100,6,,10.625388822733846
5,0.1,26,100,8,,10.517350167271966
5,0.1,26,200,2,,10.300257218491677
5,0.1,26,200,4,,9.508539878837412
5,0.1,26,200,6,,10.0901762597045
5,0.1,26,200,8,,10.420721033084286
5,0.1,32,50,2,,7.546932623033119
5,0.1,32,50,2,,36.01469788919925
5,0.1,32,50,4,,8.229169963079508
5,0.1,32,50,4,,41.1297091306886
5,0.1,32,50,6,,8.939177029000518
5,0.1,32,50,6,,39.50153652051638
5,0.1,32,50,8,,9.33148265837298
5,0.1,32,50,8,,39.18581906353281
5,0.1,32,100,2,,7.41427988230116
5,0.1,32,100,2,,35.650611371419785
5,0.1,32,100,4,,8.169622340537641
5,0.1,32,100,4,,39.191971811194485
5,0.1,32,100,6,,8.872644246106612
5,0.1,32,100,6,,40.00057186671594
5,0.1,32,100,8,,9.329015641369354
5,0.1,32,100,8,,36.521683509855386
5,0.1,32,200,2,,7.454908241612981
5,0.1,32,200,2,,34.91550677306882
5,0.1,32,200,4,,8.2259738055776
5,0.1,32,200,4,,39.320358534038846
5,0.1,32,200,6,,8.868297141128595
5,0.1,32,200,6,,38.95319962293544
5,0.1,32,200,8,,9.295362641235686
5,0.1,32,200,8,,38.513719863664384
5,0.1,56,50,2,,21.62754374630959
5,0.1,56,50,4,,17.666245377513736
5,0.1,56,50,6,,17.206334118788146
5,0.1,56,50,8,,18.653545138829184
5,0.1,56,100,2,,20.60566091438831
5,0.1,56,100,4,,18.28973212761873
5,0.1,56,100,6,,19.487424365588723
5,0.1,56,100,8,,16.949029918356384
5,0.1,56,200,2,,19.39871172609357
5,0.1,56,200,4,,19.30753388487448
5,0.1,56,200,6,,16.135186341695903
5,0.1,56,200,8,,17.863904590521027
5,0.1,80,50,2,,10.83401060677147
5,0.1,80,50,4,,10.397558299784238
5,0.1,80,50,6,,11.04766229956167
5,0.1,80,50,8,,11.625625101326037
5,0.1,80,100,2,,10.38636524966098
5,0.1,80,100,4,,10.74600021116369
5,0.1,80,100,6,,11.147470818614217
5,0.1,80,100,8,,11.590720055818514
5,0.1,80,200,2,,11.398875237910676
5,0.1,80,200,4,,10.73054127205198
5,0.1,80,200,6,,11.027138092252914
5,0.1,80,200,8,,11.51886893017991
5,0.1,104,50,2,,7.887940688600844
5,0.1,104,50,4,,9.18607594359284
5,0.1,104,50,6,,10.09698094483888
5,0.1,104,50,8,,10.50629018654476
5,0.1,104,100,2,,7.930880452137313
5,0.1,104,100,4,,9.1611025713877
5,0.1,104,100,6,,10.038574396876822
5,0.1,104,100,8,,10.556206628451736
5,0.1,104,200,2,,8.012195589707268
5,0.1,104,200,4,,9.223989258679689
5,0.1,104,200,6,,10.0403477183765
5,0.1,104,200,8,,10.545909605701212
5,0.1,128,50,2,"(32, 32)",40.0236929818882
5,0.1,128,50,2,,6.860010904019868
5,0.1,128,50,4,"(32, 32)",51.16321290295619
5,0.1,128,50,4,,8.600420883880208
5,0.1,128,50,6,"(32, 32)",57.80145692672082
5,0.1,128,50,6,,9.445771287451532
5,0.1,128,50,8,"(32, 32)",60.49590498881936
5,0.1,128,50,8,,9.946509733453516
5,0.1,128,100,2,"(32, 32)",41.08420508171048
5,0.1,128,100,2,,6.877126191552764
5,0.1,128,100,4,"(32, 32)",51.67428179990635
5,0.1,128,100,4,,8.544931696422926
5,0.1,128,100,6,"(32, 32)",56.590144395901866
5,0.1,128,100,6,,9.39753273582998
5,0.1,128,100,8,"(32, 32)",57.8521789971266
5,0.1,128,100,8,,10.01550197674542
5,0.1,128,200,2,"(32, 32)",40.74343580489677
5,0.1,128,200,2,,6.894700002361132
5,0.1,128,200,4,"(32, 32)",50.61211809695874
5,0.1,128,200,4,,8.541539509144666
5,0.1,128,200,6,"(32, 32)",60.22203491310059
5,0.1,128,200,6,,9.376986077061453
5,0.1,128,200,8,"(32, 32)",57.58071852993274
5,0.1,128,200,8,,9.958606498089432
5,0.1,224,50,2,"(32, 32)",17.439463405753493
5,0.1,224,50,4,"(32, 32)",14.082421192373287
5,0.1,224,50,6,"(32, 32)",13.134355099300144
5,0.1,224,50,8,"(32, 32)",13.80963933674011
5,0.1,224,100,2,"(32, 32)",16.885940283207415
5,0.1,224,100,4,"(32, 32)",17.319561891719253
5,0.1,224,100,6,"(32, 32)",13.209686996136156
5,0.1,224,100,8,"(32, 32)",16.02521947273016
5,0.1,224,200,2,"(32, 32)",19.03372181341728
5,0.1,224,200,4,"(32, 32)",14.259427214858585
5,0.1,224,200,6,"(32, 32)",16.140193789428388
5,0.1,224,200,8,"(32, 32)",13.750109030551386
5,0.1,320,50,2,"(32, 32)",9.178173287679943
5,0.1,320,50,4,"(32, 32)",10.560379628091232
5,0.1,320,50,6,"(32, 32)",11.76720629599274
5,0.1,320,50,8,"(32, 32)",12.481771987903311
5,0.1,320,100,2,"(32, 32)",9.232502032521714
5,0.1,320,100,4,"(32, 32)",10.581437509298231
5,0.1,320,100,6,"(32, 32)",11.640616807358697
5,0.1,320,100,8,"(32, 32)",12.413908393916431
5,0.1,320,200,2,"(32, 32)",9.190740519877108
5,0.1,320,200,4,"(32, 32)",10.598188252634564
5,0.1,320,200,6,"(32, 32)",11.632470140613542
5,0.1,320,200,8,"(32, 32)",12.36148782410863
5,0.1,416,50,2,"(32, 32)",7.79066945050684
5,0.1,416,50,4,"(32, 32)",9.887559075064514
5,0.1,416,50,6,"(32, 32)",11.115680176879764
5,0.1,416,50,8,"(32, 32)",11.910546516287589
5,0.1,416,100,2,"(32, 32)",7.811343420248065
5,0.1,416,100,4,"(32, 32)",9.851123385584398
5,0.1,416,100,6,"(32, 32)",11.095471057905842
5,0.1,416,100,8,"(32, 32)",11.799345412121005
5,0.1,416,200,2,"(32, 32)",7.789227299300363
5,0.1,416,200,4,"(32, 32)",9.824214672899254
5,0.1,416,200,6,"(32, 32)",11.040237007914186
5,0.1,416,200,8,"(32, 32)",11.809477404241024
5,0.1,512,50,2,"(32, 32)",7.139571698589954
5,0.1,512,50,4,"(32, 32)",9.510815737743764
5,0.1,512,50,6,"(32, 32)",10.854248593265869
5,0.1,512,50,8,"(32, 32)",11.60089335454538
5,0.1,512,100,2,"(32, 32)",7.129633952584912
5,0.1,512,100,4,"(32, 32)",9.456173643218651
5,0.1,512,100,6,"(32, 32)",10.733067684163824
5,0.1,512,100,8,"(32, 32)",11.530592654133889
5,0.1,512,200,2,"(32, 32)",7.116229364447976
5,0.1,512,200,4,"(32, 32)",9.45211630239462
5,0.1,512,200,6,"(32, 32)",10.683191334400144
5,0.1,512,200,8,"(32, 32)",11.492661996014617
5,1.0,8,50,2,,22.180756825639524
5,1.0,8,50,4,,20.25125315991875
5,1.0,8,50,6,,19.808352448429208
5,1.0,8,50,8,,19.667392695759617
5,1.0,8,100,2,,21.872394951609422
5,1.0,8,100,4,,19.92066517466163
5,1.0,8,100,6,,19.552989073639537
5,1.0,8,100,8,,20.05154642814753
5,1.0,8,200,2,,22.40854095707052
5,1.0,8,200,4,,19.948224283607097
5,1.0,8,200,6,,19.766366189320745
5,1.0,8,200,8,,19.85122823302425
5,1.0,14,50,2,,14.824433617925685
5,1.0,14,50,4,,14.244713053466045
5,1.0,14,50,6,,14.750636200196482
5,1.0,14,50,8,,15.238535714878992
5,1.0,14,100,2,,14.888244374560776
5,1.0,14,100,4,,14.2691359946884
5,1.0,14,100,6,,14.7190181116521
5,1.0,14,100,8,,15.09217766258803
5,1.0,14,200,2,,14.57756527135868
5,1.0,14,200,4,,14.39895438530648
5,1.0,14,200,6,,15.006721389401845
5,1.0,14,200,8,,15.163663769471222
5,1.0,20,50,2,,11.26254674836172
5,1.0,20,50,4,,12.063895189310616
5,1.0,20,50,6,,12.853673215490396
5,1.0,20,50,8,,13.376423840182296
5,1.0,20,100,2,,11.331788200814778
5,1.0,20,100,4,,12.085211368932988
5,1.0,20,100,6,,12.793812740528027
5,1.0,20,100,8,,13.188951457631417
5,1.0,20,200,2,,11.233104310309288
5,1.0,20,200,4,,12.01926369999996
5,1.0,20,200,6,,12.844200850321457
5,1.0,20,200,8,,13.435946494502163
5,1.0,26,50,2,,9.641873716232007
5,1.0,26,50,4,,10.919458823295791
5,1.0,26,50,6,,11.763810340792258
5,1.0,26,50,8,,12.411667263221718
5,1.0,26,100,2,,9.62277849991101
5,1.0,26,100,4,,11.001118516408257
5,1.0,26,100,6,,11.815970743524057
5,1.0,26,100,8,,12.395617024220003
5,1.0,26,200,2,,9.678307090773188
5,1.0,26,200,4,,10.950001923025305
5,1.0,26,200,6,,11.855399409033216
5,1.0,26,200,8,,12.553040848085033
5,1.0,32,50,2,,8.770820261265188
5,1.0,32,50,2,,18.018814638295115
5,1.0,32,50,4,,10.348202764033791
5,1.0,32,50,4,,16.767335262328253
5,1.0,32,50,6,,11.31898051574308
5,1.0,32,50,6,,17.201078842394892
5,1.0,32,50,8,,11.907151876418872
5,1.0,32,50,8,,18.008194223855472
5,1.0,32,100,2,,8.731712413167292
5,1.0,32,100,2,,17.7650926924568
5,1.0,32,100,4,,10.43207779257385
5,1.0,32,100,4,,16.8166879876225
5,1.0,32,100,6,,11.302089896251454
5,1.0,32,100,6,,17.541246471068956
5,1.0,32,100,8,,11.873778270314704
5,1.0,32,100,8,,17.67591645752846
5,1.0,32,200,2,,8.79518796961716
5,1.0,32,200,2,,17.75234916078203
5,1.0,32,200,4,,10.445678795816532
5,1.0,32,200,4,,16.797311154402728
5,1.0,32,200,6,,11.311398447263878
5,1.0,32,200,6,,17.24957529180944
5,1.0,32,200,8,,11.859743778490962
5,1.0,32,200,8,,17.648276359967372
5,1.0,56,50,2,,11.926779361943709
5,1.0,56,50,4,,13.121639293744016
5,1.0,56,50,6,,14.208871482584172
5,1.0,56,50,8,,14.827529043073676
5,1.0,56,100,2,,12.075556828709336
5,1.0,56,100,4,,13.152979500895476
5,1.0,56,100,6,,14.121363754118192
5,1.0,56,100,8,,14.771863993783253
5,1.0,56,200,2,,11.972028238525125
5,1.0,56,200,4,,13.161113356595491
5,1.0,56,200,6,,14.020383437459849
5,1.0,56,200,8,,14.784447870455915
5,1.0,80,50,2,,10.0135459705977
5,1.0,80,50,4,,11.934170083771177
5,1.0,80,50,6,,13.086744669602265
5,1.0,80,50,8,,13.75163786409868
5,1.0,80,100,2,,9.995902366341502
5,1.0,80,100,4,,11.969588526741916
5,1.0,80,100,6,,13.06863098820078
5,1.0,80,100,8,,13.754729133914752
5,1.0,80,200,2,,10.00273895901162
5,1.0,80,200,4,,11.91237725017506
5,1.0,80,200,6,,13.08140371554006
5,1.0,80,200,8,,13.822681661686074
5,1.0,104,50,2,,9.198803235042655
5,1.0,104,50,4,,11.373056434340391
5,1.0,104,50,6,,12.52297921392246
5,1.0,104,50,8,,13.337730747504237
5,1.0,104,100,2,,9.165901591422555
5,1.0,104,100,4,,11.415336939834548
5,1.0,104,100,6,,12.615037669980977
5,1.0,104,100,8,,13.274801111258014
5,1.0,104,200,2,,9.222018008543593
5,1.0,104,200,4,,11.369857799543317
5,1.0,104,200,6,,12.607372555093306
5,1.0,104,200,8,,13.214504994226292
5,1.0,128,50,2,"(32, 32)",16.376547005064346
5,1.0,128,50,2,,8.806172365018305
5,1.0,128,50,4,"(32, 32)",15.882279296571284
5,1.0,128,50,4,,11.079290374451606
5,1.0,128,50,6,"(32, 32)",16.99019710415213
5,1.0,128,50,6,,12.275589198871204
5,1.0,128,50,8,"(32, 32)",17.765117601112234
5,1.0,128,50,8,,12.96929430451326
5,1.0,128,100,2,"(32, 32)",16.53097689714895
5,1.0,128,100,2,,8.783506707562026
5,1.0,128,100,4,"(32, 32)",15.834822748635773
5,1.0,128,100,4,,11.114453921269256
5,1.0,128,100,6,"(32, 32)",16.825212741997547
5,1.0,128,100,6,,12.248727537746332
5,1.0,128,100,8,"(32, 32)",17.812027881455716
5,1.0,128,100,8,,12.910125520008812
5,1.0,128,200,2,"(32, 32)",16.516195498513486
5,1.0,128,200,2,,8.789260197429316
5,1.0,128,200,4,"(32, 32)",15.9432753925572
5,1.0,128,200,4,,11.055517029388964
5,1.0,128,200,6,"(32, 32)",16.949292571572354
5,1.0,128,200,6,,12.250930750773753
5,1.0,128,200,8,"(32, 32)",17.703160015721384
5,1.0,128,200,8,,13.036506306276388
5,1.0,224,50,2,"(32, 32)",11.319723446975884
5,1.0,224,50,4,"(32, 32)",13.4508763648206
5,1.0,224,50,6,"(32, 32)",14.90347027401659
5,1.0,224,50,8,"(32, 32)",15.84081077022746
5,1.0,224,100,2,"(32, 32)",11.340536203507162
5,1.0,224,100,4,"(32, 32)",13.45392814480718
5,1.0,224,100,6,"(32, 32)",14.927232222026383
5,1.0,224,100,8,"(32, 32)",15.969479060840069
5,1.0,224,200,2,"(32, 32)",11.375256545978049
5,1.0,224,200,4,"(32, 32)",13.425809663193675
5,1.0,224,200,6,"(32, 32)",14.85149212157838
5,1.0,224,200,8,"(32, 32)",15.95794861863486
5,1.0,320,50,2,"(32, 32)",10.02067983487285
5,1.0,320,50,4,"(32, 32)",12.72165056375965
5,1.0,320,50,6,"(32, 32)",14.29051739193167
5,1.0,320,50,8,"(32, 32)",15.343639489919948
5,1.0,320,100,2,"(32, 32)",10.006013016095446
5,1.0,320,100,4,"(32, 32)",12.701420105361096
5,1.0,320,100,6,"(32, 32)",14.298131535245084
5,1.0,320,100,8,"(32, 32)",15.218931976421002
5,1.0,320,200,2,"(32, 32)",9.990181489657186
5,1.0,320,200,4,"(32, 32)",12.664184494419349
5,1.0,320,200,6,"(32, 32)",14.180581174489609
5,1.0,320,200,8,"(32, 32)",15.283065469627674
5,1.0,416,50,2,"(32, 32)",9.530067245390253
5,1.0,416,50,4,"(32, 32)",12.441817411279008
5,1.0,416,50,6,"(32, 32)",14.049079289253529
5,1.0,416,50,8,"(32, 32)",15.148805028540192
5,1.0,416,100,2,"(32, 32)",9.51009515147136
5,1.0,416,100,4,"(32, 32)",12.362045134689865
5,1.0,416,100,6,"(32, 32)",13.970504752934229
5,1.0,416,100,8,"(32, 32)",15.015237062902996
5,1.0,416,200,2,"(32, 32)",9.50638887503343
5,1.0,416,200,4,"(32, 32)",12.36305847449368
5,1.0,416,200,6,"(32, 32)",13.948581002643412
5,1.0,416,200,8,"(32, 32)",14.923371724265447
5,1.0,512,50,2,"(32, 32)",9.259291235409377
5,1.0,512,50,4,"(32, 32)",12.287529890425718
5,1.0,512,50,6,"(32, 32)",13.855325857823225
5,1.0,512,50,8,"(32, 32)",14.920637117338678
5,1.0,512,100,2,"(32, 32)",9.261818835788825
5,1.0,512,100,4,"(32, 32)",12.18173472661866
5,1.0,512,100,6,"(32, 32)",13.791810571816775
5,1.0,512,100,8,"(32, 32)",14.924257162192754
5,1.0,512,200,2,"(32, 32)",9.247253010079366
5,1.0,512,200,4,"(32, 32)",12.198631172308938
5,1.0,512,200,6,"(32, 32)",13.80672019755327
5,1.0,512,200,8,"(32, 32)",14.774744388544466
5,10.0,8,50,2,,22.72868765778754
5,10.0,8,50,4,,19.93851729042866
5,10.0,8,50,6,,20.420570758012808
5,10.0,8,50,8,,20.323999336637574
5,10.0,8,100,2,,22.622551126884996
5,10.0,8,100,4,,20.13854174201481
5,10.0,8,100,6,,20.07519604882916
5,10.0,8,100,8,,20.54638021475314
5,10.0,8,200,2,,22.13714809213409
5,10.0,8,200,4,,20.20482173441726
5,10.0,8,200,6,,20.28007929498644
5,10.0,8,200,8,,20.574590218636068
5,10.0,14,50,2,,15.53241232623314
5,10.0,14,50,4,,16.50836732422155
5,10.0,14,50,6,,17.217004261725993
5,10.0,14,50,8,,17.786435515881074
5,10.0,14,100,2,,15.677263179858494
5,10.0,14,100,4,,16.518687676129236
5,10.0,14,100,6,,17.27109431984919
5,10.0,14,100,8,,17.90969139169767
5,10.0,14,200,2,,15.694198697997193
5,10.0,14,200,4,,16.605008029401677
5,10.0,14,200,6,,17.446264108618106
5,10.0,14,200,8,,17.596971559064848
5,10.0,20,50,2,,13.590161079984728
5,10.0,20,50,4,,15.139253190038788
5,10.0,20,50,6,,16.183676838920483
5,10.0,20,50,8,,16.861193172639894
5,10.0,20,100,2,,13.613162436712503
5,10.0,20,100,4,,15.09603984514971
5,10.0,20,100,6,,16.227430662936452
5,10.0,20,100,8,,16.792659695450773
5,10.0,20,200,2,,13.78241349410226
5,10.0,20,200,4,,15.250409105160289
5,10.0,20,200,6,,16.156063705934525
5,10.0,20,200,8,,16.77359396759811
5,10.0,26,50,2,,12.760059502202797
5,10.0,26,50,4,,14.620692344167656
5,10.0,26,50,6,,15.699527461236007
5,10.0,26,50,8,,16.30199997690683
5,10.0,26,100,2,,12.739084245954931
5,10.0,26,100,4,,14.718591903841752
5,10.0,26,100,6,,15.700786298754911
5,10.0,26,100,8,,16.245417491635575
5,10.0,26,200,2,,12.844664603755094
5,10.0,26,200,4,,14.576976211602762
5,10.0,26,200,6,,15.647036950164852
5,10.0,26,200,8,,16.332465453672636
5,10.0,32,50,2,,12.341357962701082
5,10.0,32,50,2,,17.607187238453257
5,10.0,32,50,4,,14.33637189077064
5,10.0,32,50,4,,17.70123512570764
5,10.0,32,50,6,,15.338091084501196
5,10.0,32,50,6,,18.594552056460515
5,10.0,32,50,8,,15.925490937383366
5,10.0,32,50,8,,19.088283624158265
5,10.0,32,100,2,,12.36708231704718
5,10.0,32,100,2,,17.6879770598761
5,10.0,32,100,4,,14.365258938413737
5,10.0,32,100,4,,17.678243742488892
5,10.0,32,100,6,,15.4714798185131
5,10.0,32,100,6,,18.7639484657128
5,10.0,32,100,8,,16.001234483779143
5,10.0,32,100,8,,19.37553828322321
5,10.0,32,200,2,,12.403323042046091
5,10.0,32,200,2,,17.613868607139384
5,10.0,32,200,4,,14.357532536600806
5,10.0,32,200,4,,17.730045008465073
5,10.0,32,200,6,,15.371284097852543
5,10.0,32,200,6,,18.75049712475744
5,10.0,32,200,8,,16.100729130885426
5,10.0,32,200,8,,19.337582789849844
5,10.0,56,50,2,,13.77140833836795
5,10.0,56,50,4,,15.975869937426518
5,10.0,56,50,6,,17.31979778180556
5,10.0,56,50,8,,18.152242037588938
5,10.0,56,100,2,,13.707098598972474
5,10.0,56,100,4,,15.97986981545368
5,10.0,56,100,6,,17.4219473661964
5,10.0,56,100,8,,18.05307119769901
5,10.0,56,200,2,,13.709111123016076
5,10.0,56,200,4,,15.969669084172
5,10.0,56,200,6,,17.278445024815916
5,10.0,56,200,8,,18.02940319527068
5,10.0,80,50,2,,12.796887818121633
5,10.0,80,50,4,,15.455959387984535
5,10.0,80,50,6,,16.84973842066905
5,10.0,80,50,8,,17.812155308650944
5,10.0,80,100,2,,12.785939296072906
5,10.0,80,100,4,,15.404792144076378
5,10.0,80,100,6,,16.83074063770868
5,10.0,80,100,8,,17.650472644388664
5,10.0,80,200,2,,12.84992880597412
5,10.0,80,200,4,,15.46767623719578
5,10.0,80,200,6,,16.736713320853166
5,10.0,80,200,8,,17.64568159750502
5,10.0,104,50,2,,12.35131928351028
5,10.0,104,50,4,,15.210223243374216
5,10.0,104,50,6,,16.636676101289545
5,10.0,104,50,8,,17.52384893144398
5,10.0,104,100,2,,12.370915056581635
5,10.0,104,100,4,,15.188564435917682
5,10.0,104,100,6,,16.571859227301918
5,10.0,104,100,8,,17.400194522164966
5,10.0,104,200,2,,12.394502627113972
5,10.0,104,200,4,,15.155710364104516
5,10.0,104,200,6,,16.593235503588172
5,10.0,104,200,8,,17.50843422503712
5,10.0,128,50,2,"(32, 32)",16.278939520672857
5,10.0,128,50,2,,12.08155637807487
5,10.0,128,50,4,"(32, 32)",17.84296422186909
5,10.0,128,50,4,,15.040558722243205
5,10.0,128,50,6,"(32, 32)",19.47579559150586
5,10.0,128,50,6,,16.53675862998333
5,10.0,128,50,8,"(32, 32)",20.471791654372588
5,10.0,128,50,8,,17.326743205832123
5,10.0,128,100,2,"(32, 32)",16.216942129641236
5,10.0,128,100,2,,12.1345540581911
5,10.0,128,100,4,"(32, 32)",17.639942517522112
5,10.0,128,100,4,,15.073284672812251
5,10.0,128,100,6,"(32, 32)",19.51919373989026
5,10.0,128,100,6,,16.467727079237438
5,10.0,128,100,8,"(32, 32)",20.49194689488348
5,10.0,128,100,8,,17.38966892078629
5,10.0,128,200,2,"(32, 32)",16.43877762735392
5,10.0,128,200,2,,12.114023805239375
5,10.0,128,200,4,"(32, 32)",17.728380818625126
5,10.0,128,200,4,,15.079248763984657
5,10.0,128,200,6,"(32, 32)",19.414161924418448
5,10.0,128,200,6,,16.431808820865957
5,10.0,128,200,8,"(32, 32)",20.35992716628202
5,10.0,128,200,8,,17.264141533413763
5,10.0,224,50,2,"(32, 32)",13.491843974075628
5,10.0,224,50,4,"(32, 32)",16.80266433660429
5,10.0,224,50,6,"(32, 32)",18.661133911254154
5,10.0,224,50,8,"(32, 32)",19.788621249213502
5,10.0,224,100,2,"(32, 32)",13.55826555237868
5,10.0,224,100,4,"(32, 32)",16.78431920802436
5,10.0,224,100,6,"(32, 32)",18.645075481790887
5,10.0,224,100,8,"(32, 32)",19.69719425882585
5,10.0,224,200,2,"(32, 32)",13.54006621464326
5,10.0,224,200,4,"(32, 32)",16.924094775741228
5,10.0,224,200,6,"(32, 32)",18.58815074569096
5,10.0,224,200,8,"(32, 32)",19.708570461446183
5,10.0,320,50,2,"(32, 32)",12.894017664340325
5,10.0,320,50,4,"(32, 32)",16.484312981222196
5,10.0,320,50,6,"(32, 32)",18.442346588899092
5,10.0,320,50,8,"(32, 32)",19.54695423332762
5,10.0,320,100,2,"(32, 32)",12.854963544796115
5,10.0,320,100,4,"(32, 32)",16.457309056854413
5,10.0,320,100,6,"(32, 32)",18.33298323325904
5,10.0,320,100,8,"(32, 32)",19.46577952640995
5,10.0,320,200,2,"(32, 32)",12.854371813719323
5,10.0,320,200,4,"(32, 32)",16.42898141574476
5,10.0,320,200,6,"(32, 32)",18.365908806610268
5,10.0,320,200,8,"(32, 32)",19.453520033169013
5,10.0,416,50,2,"(32, 32)",12.558682597129344
5,10.0,416,50,4,"(32, 32)",16.402512827703816
5,10.0,416,50,6,"(32, 32)",18.28368049832137
5,10.0,416,50,8,"(32, 32)",19.44898652326713
5,10.0,416,100,2,"(32, 32)",12.536513899629965
5,10.0,416,100,4,"(32, 32)",16.259142724555044
5,10.0,416,100,6,"(32, 32)",18.16939028466972
5,10.0,416,100,8,"(32, 32)",19.360625416765863
5,10.0,416,200,2,"(32, 32)",12.546567920238124
5,10.0,416,200,4,"(32, 32)",16.27433492353433
5,10.0,416,200,6,"(32, 32)",18.23333585600804
5,10.0,416,200,8,"(32, 32)",19.328516074983323
5,10.0,512,50,2,"(32, 32)",12.37274195559561
5,10.0,512,50,4,"(32, 32)",16.246906162062583
5,10.0,512,50,6,"(32, 32)",18.23601738365836
5,10.0,512,50,8,"(32, 32)",19.36145353204493
5,10.0,512,100,2,"(32, 32)",12.338266434289528
5,10.0,512,100,4,"(32, 32)",16.268953039695347
5,10.0,512,100,6,"(32, 32)",18.10732338633419
5,10.0,512,100,8,"(32, 32)",19.15585371544121
5,10.0,512,200,2,"(32, 32)",12.397763979717364
5,10.0,512,200,4,"(32, 32)",16.255369971719514
5,10.0,512,200,6,"(32, 32)",18.114146383264544
5,10.0,512,200,8,"(32, 32)",19.29970336448919
6,0.01,8,50,2,,46.06720356626049
6,0.01,8,50,4,,46.62769160542568
6,0.01,8,50,6,,45.83383527076303
6,0.01,8,50,8,,45.55530456742614
6,0.01,8,100,2,,46.20550124372991
6,0.01,8,100,4,,47.431308146225085
6,0.01,8,100,6,,45.76117182171564
6,0.01,8,100,8,,45.11209657424734
6,0.01,8,200,2,,45.79976832068869
6,0.01,8,200,4,,47.1675774763792
6,0.01,8,200,6,,45.005018547807815
6,0.01,8,200,8,,44.85875358935074
6,0.01,14,50,2,,43.01421391853559
6,0.01,14,50,4,,43.79856304790187
6,0.01,14,50,6,,43.009311909744696
6,0.01,14,50,8,,42.957421224970666
6,0.01,14,100,2,,43.13320013396162
6,0.01,14,100,4,,43.589903259099984
6,0.01,14,100,6,,42.57272955350341
6,0.01,14,100,8,,41.412557330266
6,0.01,14,200,2,,42.94315430837754
6,0.01,14,200,4,,43.57769462233416
6,0.01,14,200,6,,43.56730688821823
6,0.01,14,200,8,,42.30409447984346
6,0.01,20,50,2,,39.62976127442875
6,0.01,20,50,4,,39.85268803891404
6,0.01,20,50,6,,39.41855539927389
6,0.01,20,50,8,,38.53865409555801
6,0.01,20,100,2,,39.40023736059271
6,0.01,20,100,4,,39.3898392099206
6,0.01,20,100,6,,38.84721284194219
6,0.01,20,100,8,,38.10704107828935
6,0.01,20,200,2,,39.32722777054354
6,0.01,20,200,4,,39.83863569160358
6,0.01,20,200,6,,39.20267627104997
6,0.01,20,200,8,,38.134547054431245
6,0.01,26,50,2,,34.539404493984435
6,0.01,26,50,4,,34.13859052728594
6,0.01,26,50,6,,32.08323816722941
6,0.01,26,50,8,,33.32012812036838
6,0.01,26,100,2,,34.88595042708351
6,0.01,26,100,4,,34.37450189402963
6,0.01,26,100,6,,32.3874070243134
6,0.01,26,100,8,,31.81334854523177
6,0.01,26,200,2,,34.97063712992935
6,0.01,26,200,4,,33.97438498102456
6,0.01,26,200,6,,33.15673902548252
6,0.01,26,200,8,,31.60759029733676
6,0.01,32,50,2,,29.538142034823125
6,0.01,32,50,2,,76.32296301294225
6,0.01,32,50,4,,25.35358536324763
6,0.01,32,50,4,,87.72434537767802
6,0.01,32,50,6,,26.775313619705628
6,0.01,32,50,6,,89.8550899348213
6,0.01,32,50,8,,24.916268625131394
6,0.01,32,50,8,,89.23834744419875
6,0.01,32,100,2,,29.21332507031369
6,0.01,32,100,2,,76.51173216171642
6,0.01,32,100,4,,26.666835530064304
6,0.01,32,100,4,,87.82998576531897
6,0.01,32,100,6,,25.600752882019325
6,0.01,32,100,6,,89.63454649238898
6,0.01,32,100,8,,24.39752080235345
6,0.01,32,100,8,,89.81509376555387
6,0.01,32,200,2,,29.83584435691389
6,0.01,32,200,2,,76.22983922363686
6,0.01,32,200,4,,29.019237320156343
6,0.01,32,200,4,,87.77071138366394
6,0.01,32,200,6,,25.6420349812041
6,0.01,32,200,6,,88.51171321187894
6,0.01,32,200,8,,26.370814420689573
6,0.01,32,200,8,,89.04186841281093
6,0.01,56,50,2,,67.91256657805498
6,0.01,56,50,4,,79.66673006935736
6,0.01,56,50,6,,80.7286215670651
6,0.01,56,50,8,,80.21261945361587
6,0.01,56,100,2,,67.70208183028993
6,0.01,56,100,4,,79.24886985478403
6,0.01,56,100,6,,80.94231746284575
6,0.01,56,100,8,,79.56083745785126
6,0.01,56,200,2,,68.41982410995948
6,0.01,56,200,4,,79.74071118541158
6,0.01,56,200,6,,80.89478181530048
6,0.01,56,200,8,,80.19545739073004
6,0.01,80,50,2,,58.311809310829474
6,0.01,80,50,4,,67.3786104328359
6,0.01,80,50,6,,65.6702004400023
6,0.01,80,50,8,,65.10092593822239
6,0.01,80,100,2,,58.83084018312872
6,0.01,80,100,4,,66.18281825350383
6,0.01,80,100,6,,65.22972616294636
6,0.01,80,100,8,,63.95735034829241
6,0.01,80,200,2,,59.506846955579206
6,0.01,80,200,4,,66.28216460018255
6,0.01,80,200,6,,65.09899166281407
6,0.01,80,200,8,,64.58929303963706
6,0.01,104,50,2,,47.86094770048769
6,0.01,104,50,4,,49.56958203510259
6,0.01,104,50,6,,47.75481522332758
6,0.01,104,50,8,,41.00574825278168
6,0.01,104,100,2,,48.19577877507365
6,0.01,104,100,4,,49.88671947643831
6,0.01,104,100,6,,46.48644243531385
6,0.01,104,100,8,,44.459100937704136
6,0.01,104,200,2,,48.57538228652685
6,0.01,104,200,4,,49.229356031124944
6,0.01,104,200,6,,44.5829041837674
6,0.01,104,200,8,,44.00374860400911
6,0.01,128,50,2,"(32, 32)",111.81502344600749
6,0.01,128,50,2,,35.55622896974008
6,0.01,128,50,4,"(32, 32)",139.41222392906286
6,0.01,128,50,4,,31.02190369825361
6,0.01,128,50,6,"(32, 32)",150.60185550139363
6,0.01,128,50,6,,27.916634296759064
6,0.01,128,50,8,"(32, 32)",153.87775390788494
6,0.01,128,50,8,,23.10614506948149
6,0.01,128,100,2,"(32, 32)",111.93523380407288
6,0.01,128,100,2,,36.41654038280062
6,0.01,128,100,4,"(32, 32)",138.31711380025155
6,0.01,128,100,4,,30.57814202871029
6,0.01,128,100,6,"(32, 32)",148.1669242150064
6,0.01,128,100,6,,26.351576107597285
6,0.01,128,100,8,"(32, 32)",153.57830257252203
6,0.01,128,100,8,,25.029841960875935
6,0.01,128,200,2,"(32, 32)",110.72106769234398
6,0.01,128,200,2,,35.72115181017415
6,0.01,128,200,4,"(32, 32)",137.71384091042555
6,0.01,128,200,4,,31.881984110107062
6,0.01,128,200,6,"(32, 32)",148.48153846630169
6,0.01,128,200,6,,26.10920559127884
6,0.01,128,200,8,"(32, 32)",155.1476055214967
6,0.01,128,200,8,,22.3656033865342
6,0.01,224,50,2,"(32, 32)",96.4942182083675
6,0.01,224,50,4,"(32, 32)",121.42376279461782
6,0.01,224,50,6,"(32, 32)",130.81961643857352
6,0.01,224,50,8,"(32, 32)",133.24428328512906
6,0.01,224,100,2,"(32, 32)",94.43565285048268
6,0.01,224,100,4,"(32, 32)",121.3572161735301
6,0.01,224,100,6,"(32, 32)",129.19360909968475
6,0.01,224,100,8,"(32, 32)",133.66153105639026
6,0.01,224,200,2,"(32, 32)",94.03618919455884
6,0.01,224,200,4,"(32, 32)",120.74900438360288
6,0.01,224,200,6,"(32, 32)",129.0969108761558
6,0.01,224,200,8,"(32, 32)",132.535717551343
6,0.01,320,50,2,"(32, 32)",76.6322932545138
6,0.01,320,50,4,"(32, 32)",91.42378729667128
6,0.01,320,50,6,"(32, 32)",93.88862925411443
6,0.01,320,50,8,"(32, 32)",88.03523610995789
6,0.01,320,100,2,"(32, 32)",76.82879366534253
6,0.01,320,100,4,"(32, 32)",92.42299477937976
6,0.01,320,100,6,"(32, 32)",92.80419214744106
6,0.01,320,100,8,"(32, 32)",92.12063273581532
6,0.01,320,200,2,"(32, 32)",75.93382474066543
6,0.01,320,200,4,"(32, 32)",92.78952411929592
6,0.01,320,200,6,"(32, 32)",96.63326268565804
6,0.01,320,200,8,"(32, 32)",90.103743629712
6,0.01,416,50,2,"(32, 32)",54.471169921905776
6,0.01,416,50,4,"(32, 32)",54.7023259409359
6,0.01,416,50,6,"(32, 32)",44.591472436582535
6,0.01,416,50,8,"(32, 32)",41.171363969269805
6,0.01,416,100,2,"(32, 32)",55.80123674943158
6,0.01,416,100,4,"(32, 32)",55.89710237093509
6,0.01,416,100,6,"(32, 32)",46.58904395588766
6,0.01,416,100,8,"(32, 32)",36.91016575828007
6,0.01,416,200,2,"(32, 32)",54.251650068793
6,0.01,416,200,4,"(32, 32)",54.25180602693184
6,0.01,416,200,6,"(32, 32)",48.062579964718815
6,0.01,416,200,8,"(32, 32)",42.66727344756994
6,0.01,512,50,2,"(32, 32)",33.11166643221777
6,0.01,512,50,4,"(32, 32)",20.77319225612688
6,0.01,512,50,6,"(32, 32)",10.266897462339696
6,0.01,512,50,8,"(32, 32)",12.521474626127072
6,0.01,512,100,2,"(32, 32)",33.809123323679536
6,0.01,512,100,4,"(32, 32)",19.44394854079741
6,0.01,512,100,6,"(32, 32)",14.521001667960718
6,0.01,512,100,8,"(32, 32)",10.3389936961686
6,0.01,512,200,2,"(32, 32)",36.675998893089584
6,0.01,512,200,4,"(32, 32)",19.491205922335457
6,0.01,512,200,6,"(32, 32)",13.971114604942706
6,0.01,512,200,8,"(32, 32)",8.942212549654762
6,0.1,8,50,2,,28.9883148065683
6,0.1,8,50,4,,28.97620184893265
6,0.1,8,50,6,,28.066569213818813
6,0.1,8,50,8,,26.69287219684205
6,0.1,8,100,2,,28.70068448675998
6,0.1,8,100,4,,28.437606643644475
6,0.1,8,100,6,,27.8027545442498
6,0.1,8,100,8,,27.286733314413507
6,0.1,8,200,2,,28.616421875955528
6,0.1,8,200,4,,28.381131690206537
6,0.1,8,200,6,,27.60177540528293
6,0.1,8,200,8,,27.50526634421597
6,0.1,14,50,2,,21.01264572864584
6,0.1,14,50,4,,20.42454234699589
6,0.1,14,50,6,,19.62505899408305
6,0.1,14,50,8,,19.198665985811765
6,0.1,14,100,2,,21.384448099352856
6,0.1,14,100,4,,19.668414453117705
6,0.1,14,100,6,,19.10127591969327
6,0.1,14,100,8,,19.04605664066896
6,0.1,14,200,2,,20.805493249306156
6,0.1,14,200,4,,19.72277829575776
6,0.1,14,200,6,,19.25497550572512
6,0.1,14,200,8,,20.189358746726057
6,0.1,20,50,2,,14.073886720254317
6,0.1,20,50,4,,12.7924701715822
6,0.1,20,50,6,,12.510924181568408
6,0.1,20,50,8,,13.858749908835376
6,0.1,20,100,2,,14.61571514435432
6,0.1,20,100,4,,12.855254948987469
6,0.1,20,100,6,,12.672253096239684
6,0.1,20,100,8,,13.191341907185024
6,0.1,20,200,2,,13.765926916338282
6,0.1,20,200,4,,12.895991869287318
6,0.1,20,200,6,,13.240001864937366
6,0.1,20,200,8,,12.743774539761118
6,0.1,26,50,2,,9.670837445294516
6,0.1,26,50,4,,9.366890413410722
6,0.1,26,50,6,,10.058468597522376
6,0.1,26,50,8,,10.37801179488139
6,0.1,26,100,2,,9.634071929846844
6,0.1,26,100,4,,9.72677369405505
6,0.1,26,100,6,,10.010379744880748
6,0.1,26,100,8,,10.37312649276308
6,0.1,26,200,2,,10.06819967592794
6,0.1,26,200,4,,9.930769074344594
6,0.1,26,200,6,,10.180776987158488
6,0.1,26,200,8,,10.453900637738103
6,0.1,32,50,2,,7.392003259517727
6,0.1,32,50,2,,35.20516849416279
6,0.1,32,50,4,,8.191680306946841
6,0.1,32,50,4,,39.84327411442215
6,0.1,32,50,6,,8.9195254250085
6,0.1,32,50,6,,40.08081749986544
6,0.1,32,50,8,,9.302047085807096
6,0.1,32,50,8,,37.346939576375405
6,0.1,32,100,2,,7.504890373389978
6,0.1,32,100,2,,35.45800704596742
6,0.1,32,100,4,,8.230334106560635
6,0.1,32,100,4,,41.97774197390836
6,0.1,32,100,6,,8.904708568295725
6,0.1,32,100,6,,39.60848664561004
6,0.1,32,100,8,,9.326794195532583
6,0.1,32,100,8,,38.03869826792143
6,0.1,32,200,2,,7.527680243516778
6,0.1,32,200,2,,35.47745673911851
6,0.1,32,200,4,,8.231726783377935
6,0.1,32,200,4,,39.495259302285085
6,0.1,32,200,6,,8.83609896376568
6,0.1,32,200,6,,38.9043325664089
6,0.1,32,200,8,,9.293895596644504
6,0.1,32,200,8,,38.79086639420152
6,0.1,56,50,2,,20.975525626870148
6,0.1,56,50,4,,19.12339406968933
6,0.1,56,50,6,,19.09697959545408
6,0.1,56,50,8,,16.74499767249915
6,0.1,56,100,2,,20.109789769208614
6,0.1,56,100,4,,19.07751623833602
6,0.1,56,100,6,,17.55308546456069
6,0.1,56,100,8,,17.95937499575186
6,0.1,56,200,2,,20.63292444755578
6,0.1,56,200,4,,19.121368163090917
6,0.1,56,200,6,,18.033270605310765
6,0.1,56,200,8,,16.80303416327793
6,0.1,80,50,2,,11.07107521934754
6,0.1,80,50,4,,11.400983205860042
6,0.1,80,50,6,,11.152691612897865
6,0.1,80,50,8,,11.604542605727069
6,0.1,80,100,2,,10.759607324631949
6,0.1,80,100,4,,10.448874848312766
6,0.1,80,100,6,,11.084702964041274
6,0.1,80,100,8,,11.655244267414796
6,0.1,80,200,2,,10.715170393250704
6,0.1,80,200,4,,10.43026226617347
6,0.1,80,200,6,,11.088354899618016
6,0.1,80,200,8,,11.525524837434531
6,0.1,104,50,2,,7.9162760855713135
6,0.1,104,50,4,,9.236133595170752
6,0.1,104,50,6,,10.06310332011932
6,0.1,104,50,8,,10.545603221933447
6,0.1,104,100,2,,7.911829732314439
6,0.1,104,100,4,,9.170498018375518
6,0.1,104,100,6,,10.054072861458463
6,0.1,104,100,8,,10.561269112821504
6,0.1,104,200,2,,7.899199104756255
6,0.1,104,200,4,,9.188839769315402
6,0.1,104,200,6,,9.975028138850016
6,0.1,104,200,8,,10.545151226321334
6,0.1,128,50,2,"(32, 32)",39.93897790218952
6,0.1,128,50,2,,6.876093829444037
6,0.1,128,50,4,"(32, 32)",52.63860056498175
6,0.1,128,50,4,,8.528231691201206
6,0.1,128,50,6,"(32, 32)",57.521069688413874
6,0.1,128,50,6,,9.495603447531057
6,0.1,128,50,8,"(32, 32)",57.30172391897921
6,0.1,128,50,8,,9.987920522609638
6,0.1,128,100,2,"(32, 32)",40.62299809145047
6,0.1,128,100,2,,6.852879118259176
6,0.1,128,100,4,"(32, 32)",53.46795493180793
6,0.1,128,100,4,,8.520762050737773
6,0.1,128,100,6,"(32, 32)",58.25953579891559
6,0.1,128,100,6,,9.40689885635803
6,0.1,128,100,8,"(32, 32)",58.38802553371983
6,0.1,128,100,8,,10.021333064719633
6,0.1,128,200,2,"(32, 32)",39.579046323755065
6,0.1,128,200,2,,6.913094973352797
6,0.1,128,200,4,"(32, 32)",51.34636330063152
6,0.1,128,200,4,,8.515734526603556
6,0.1,128,200,6,"(32, 32)",58.633243721348975
6,0.1,128,200,6,,9.49320761140163
6,0.1,128,200,8,"(32, 32)",57.31860721708863
6,0.1,128,200,8,,9.966659087451449
6,0.1,224,50,2,"(32, 32)",18.48440378917216
6,0.1,224,50,4,"(32, 32)",17.311221409485594
6,0.1,224,50,6,"(32, 32)",14.916416499989932
6,0.1,224,50,8,"(32, 32)",14.040945938283391
6,0.1,224,100,2,"(32, 32)",17.689639012700574
6,0.1,224,100,4,"(32, 32)",12.51088286628862
6,0.1,224,100,6,"(32, 32)",14.161297502501164
6,0.1,224,100,8,"(32, 32)",13.76646325528391
6,0.1,224,200,2,"(32, 32)",18.930059299446643
6,0.1,224,200,4,"(32, 32)",14.347346102309071
6,0.1,224,200,6,"(32, 32)",18.22135778382292
6,0.1,224,200,8,"(32, 32)",14.008506370502957
6,0.1,320,50,2,"(32, 32)",9.130470830636902
6,0.1,320,50,4,"(32, 32)",10.543120714910728
6,0.1,320,50,6,"(32, 32)",11.751173244907758
6,0.1,320,50,8,"(32, 32)",12.404595022052629
6,0.1,320,100,2,"(32, 32)",9.137348546391998
6,0.1,320,100,4,"(32, 32)",10.56800816039955
6,0.1,320,100,6,"(32, 32)",11.641228126416037
6,0.1,320,100,8,"(32, 32)",12.380831490789312
6,0.1,320,200,2,"(32, 32)",9.145376786384553
6,0.1,320,200,4,"(32, 32)",10.517466594986654
6,0.1,320,200,6,"(32, 32)",11.63637257163832
6,0.1,320,200,8,"(32, 32)",12.399708442951988
6,0.1,416,50,2,"(32, 32)",7.790811202742455
6,0.1,416,50,4,"(32, 32)",9.895136522890455
6,0.1,416,50,6,"(32, 32)",11.124952509060764
6,0.1,416,50,8,"(32, 32)",11.968881312514
6,0.1,416,100,2,"(32, 32)",7.827913506062675
6,0.1,416,100,4,"(32, 32)",9.867797736041403
6,0.1,416,100,6,"(32, 32)",11.03397359536548
6,0.1,416,100,8,"(32, 32)",11.834365548975464
6,0.1,416,200,2,"(32, 32)",7.816546559444701
6,0.1,416,200,4,"(32, 32)",9.820596258392936
6,0.1,416,200,6,"(32, 32)",11.010514695889936
6,0.1,416,200,8,"(32, 32)",11.817304007735032
6,0.1,512,50,2,"(32, 32)",7.10471977996708
6,0.1,512,50,4,"(32, 32)",9.520109275703607
6,0.1,512,50,6,"(32, 32)",10.79625155778498
6,0.1,512,50,8,"(32, 32)",11.57656532727265
6,0.1,512,100,2,"(32, 32)",7.119068554590617
6,0.1,512,100,4,"(32, 32)",9.452900630085225
6,0.1,512,100,6,"(32, 32)",10.750540254013927
6,0.1,512,100,8,"(32, 32)",11.537740064708569
6,0.1,512,200,2,"(32, 32)",7.123003228118949
6,0.1,512,200,4,"(32, 32)",9.44169856776218
6,0.1,512,200,6,"(32, 32)",10.746197759970116
6,0.1,512,200,8,"(32, 32)",11.488046653450937
6,1.0,8,50,2,,22.33412058946765
6,1.0,8,50,4,,19.977009338227017
6,1.0,8,50,6,,19.974147968477915
6,1.0,8,50,8,,19.61804260553553
6,1.0,8,100,2,,21.78409718714065
6,1.0,8,100,4,,20.38274353413376
6,1.0,8,100,6,,19.80232097624272
6,1.0,8,100,8,,19.841980958916967
6,1.0,8,200,2,,22.371729862207523
6,1.0,8,200,4,,20.277772578873105
6,1.0,8,200,6,,19.75644675195769
6,1.0,8,200,8,,19.924538635502863
6,1.0,14,50,2,,14.591197670821751
6,1.0,14,50,4,,14.22727506173874
6,1.0,14,50,6,,14.817681545061278
6,1.0,14,50,8,,15.618915929748669
6,1.0,14,100,2,,14.664107634079116
6,1.0,14,100,4,,14.494771080354289
6,1.0,14,100,6,,14.869850870294064
6,1.0,14,100,8,,15.033537185087551
6,1.0,14,200,2,,14.805977202028322
6,1.0,14,200,4,,14.604878464937183
6,1.0,14,200,6,,14.87978895017198
6,1.0,14,200,8,,15.34067642908884
6,1.0,20,50,2,,11.16339344238185
6,1.0,20,50,4,,11.984132130137654
6,1.0,20,50,6,,12.72660296523263
6,1.0,20,50,8,,13.482100028526684
6,1.0,20,100,2,,11.285680519039692
6,1.0,20,100,4,,12.134305706116129
6,1.0,20,100,6,,12.832662507066242
6,1.0,20,100,8,,13.213615123568156
6,1.0,20,200,2,,11.248682241616196
6,1.0,20,200,4,,12.083701047015866
6,1.0,20,200,6,,12.9242825277623
6,1.0,20,200,8,,13.331118177145807
6,1.0,26,50,2,,9.68748365831535
6,1.0,26,50,4,,10.949707891321731
6,1.0,26,50,6,,11.816009000295674
6,1.0,26,50,8,,12.362649168034508
6,1.0,26,100,2,,9.618723023930151
6,1.0,26,100,4,,11.056824516003026
6,1.0,26,100,6,,11.822967574000169
6,1.0,26,100,8,,12.281195487563895
6,1.0,26,200,2,,9.625664229819902
6,1.0,26,200,4,,11.004177340688058
6,1.0,26,200,6,,11.79562965539717
6,1.0,26,200,8,,12.504782257807832
6,1.0,32,50,2,,8.861216843099466
6,1.0,32,50,2,,18.080276559047988
6,1.0,32,50,4,,10.344355539535574
6,1.0,32,50,4,,16.86064136122397
6,1.0,32,50,6,,11.330349997007485
6,1.0,32,50,6,,17.34064352722333
6,1.0,32,50,8,,11.817311916480689
6,1.0,32,50,8,,17.7865134763817
6,1.0,32,100,2,,8.873895065942431
6,1.0,32,100,2,,17.60832226101909
6,1.0,32,100,4,,10.382756286882254
6,1.0,32,100,4,,16.6197119312133
6,1.0,32,100,6,,11.28741624701806
6,1.0,32,100,6,,17.12389721069281
6,1.0,32,100,8,,11.835554603955115
6,1.0,32,100,8,,17.665698522755193
6,1.0,32,200,2,,8.867817511002764
6,1.0,32,200,2,,17.7809618774026
6,1.0,32,200,4,,10.424032328311796
6,1.0,32,200,4,,16.644214053243708
6,1.0,32,200,6,,11.314230096358296
6,1.0,32,200,6,,17.32992106864903
6,1.0,32,200,8,,11.8336571841631
6,1.0,32,200,8,,17.49950898707785
6,1.0,56,50,2,,11.989116183453708
6,1.0,56,50,4,,13.13433854440426
6,1.0,56,50,6,,14.107633329008518
6,1.0,56,50,8,,14.699813940207168
6,1.0,56,100,2,,12.089710911527884
6,1.0,56,100,4,,13.167081963150242
6,1.0,56,100,6,,14.043828478985636
6,1.0,56,100,8,,14.89428281739444
6,1.0,56,200,2,,12.055577322553994
6,1.0,56,200,4,,13.08523668832372
6,1.0,56,200,6,,14.16873110520458
6,1.0,56,200,8,,14.836349537829127
6,1.0,80,50,2,,9.963512228513316
6,1.0,80,50,4,,11.9116788086741
6,1.0,80,50,6,,13.0570131304379
6,1.0,80,50,8,,13.812478181985735
6,1.0,80,100,2,,10.029651169801005
6,1.0,80,100,4,,11.934755339334176
6,1.0,80,100,6,,12.999925026310624
6,1.0,80,100,8,,13.72328990295323
6,1.0,80,200,2,,10.007558445680004
6,1.0,80,200,4,,11.91952071436006
6,1.0,80,200,6,,12.965965468431746
6,1.0,80,200,8,,13.79306375086761
6,1.0,104,50,2,,9.19091006981229
6,1.0,104,50,4,,11.376717574010048
6,1.0,104,50,6,,12.607860601874483
6,1.0,104,50,8,,13.298411763520066
6,1.0,104,100,2,,9.204135910496255
6,1.0,104,100,4,,11.382179593495438
6,1.0,104,100,6,,12.568476379845816
6,1.0,104,100,8,,13.21169660971402
6,1.0,104,200,2,,9.185264471126622
6,1.0,104,200,4,,11.397295554089384
6,1.0,104,200,6,,12.518451500093974
6,1.0,104,200,8,,13.268324219048427
6,1.0,128,50,2,"(32, 32)",16.46316450974869
6,1.0,128,50,2,,8.757250152691563
6,1.0,128,50,4,"(32, 32)",15.94924757088536
6,1.0,128,50,4,,11.094939863842228
6,1.0,128,50,6,"(32, 32)",16.952140645925756
6,1.0,128,50,6,,12.276603771100048
6,1.0,128,50,8,"(32, 32)",17.695801744581818
6,1.0,128,50,8,,12.993220542260277
6,1.0,128,100,2,"(32, 32)",16.53956784146201
6,1.0,128,100,2,,8.824917532992098
6,1.0,128,100,4,"(32, 32)",15.976808548877049
6,1.0,128,100,4,,11.07863341376771
6,1.0,128,100,6,"(32, 32)",16.87232170043555
6,1.0,128,100,6,,12.300614560288889
6,1.0,128,100,8,"(32, 32)",17.6706465910573
6,1.0,128,100,8,,12.994886859960491
6,1.0,128,200,2,"(32, 32)",16.79040686690908
6,1.0,128,200,2,,8.829786728284676
6,1.0,128,200,4,"(32, 32)",15.95932558857634
6,1.0,128,200,4,,11.054652474823047
6,1.0,128,200,6,"(32, 32)",16.893400770522963
6,1.0,128,200,6,,12.23823122171988
6,1.0,128,200,8,"(32, 32)",17.724438812023692
6,1.0,128,200,8,,13.01954882987112
6,1.0,224,50,2,"(32, 32)",11.281626349007189
6,1.0,224,50,4,"(32, 32)",13.380695164387962
6,1.0,224,50,6,"(32, 32)",14.879218649294907
6,1.0,224,50,8,"(32, 32)",15.93515547916818
6,1.0,224,100,2,"(32, 32)",11.276349892342434
6,1.0,224,100,4,"(32, 32)",13.43898832373655
6,1.0,224,100,6,"(32, 32)",14.885335457083992
6,1.0,224,100,8,"(32, 32)",15.9139273052063
6,1.0,224,200,2,"(32, 32)",11.356029075442908
6,1.0,224,200,4,"(32, 32)",13.354157795459262
6,1.0,224,200,6,"(32, 32)",14.908606896716744
6,1.0,224,200,8,"(32, 32)",15.93698095336626
6,1.0,320,50,2,"(32, 32)",9.98234601963206
6,1.0,320,50,4,"(32, 32)",12.68610588645136
6,1.0,320,50,6,"(32, 32)",14.31406870411802
6,1.0,320,50,8,"(32, 32)",15.374038045920216
6,1.0,320,100,2,"(32, 32)",10.03566637595008
6,1.0,320,100,4,"(32, 32)",12.72496147224874
6,1.0,320,100,6,"(32, 32)",14.23779202263074
6,1.0,320,100,8,"(32, 32)",15.298558455230529
6,1.0,320,200,2,"(32, 32)",9.988414920155623
6,1.0,320,200,4,"(32, 32)",12.629717408172787
6,1.0,320,200,6,"(32, 32)",14.19594695584428
6,1.0,320,200,8,"(32, 32)",15.289442491365646
6,1.0,416,50,2,"(32, 32)",9.497349017841728
6,1.0,416,50,4,"(32, 32)",12.423629310575151
6,1.0,416,50,6,"(32, 32)",14.010474646163528
6,1.0,416,50,8,"(32, 32)",15.15551919649995
6,1.0,416,100,2,"(32, 32)",9.504005591535368
6,1.0,416,100,4,"(32, 32)",12.36407481655364
6,1.0,416,100,6,"(32, 32)",13.926352794416095
6,1.0,416,100,8,"(32, 32)",15.018113326072482
6,1.0,416,200,2,"(32, 32)",9.516976697406818
6,1.0,416,200,4,"(32, 32)",12.382782617767573
6,1.0,416,200,6,"(32, 32)",13.90252210390652
6,1.0,416,200,8,"(32, 32)",14.948203238510455
6,1.0,512,50,2,"(32, 32)",9.283837365576195
6,1.0,512,50,4,"(32, 32)",12.27180237929517
6,1.0,512,50,6,"(32, 32)",13.919524091718849
6,1.0,512,50,8,"(32, 32)",14.953304341515304
6,1.0,512,100,2,"(32, 32)",9.278028346451556
6,1.0,512,100,4,"(32, 32)",12.213195943378915
6,1.0,512,100,6,"(32, 32)",13.765002718314484
6,1.0,512,100,8,"(32, 32)",14.811486962037652
6,1.0,512,200,2,"(32, 32)",9.257771500766284
6,1.0,512,200,4,"(32, 32)",12.17215204474503
6,1.0,512,200,6,"(32, 32)",13.727754943847875
6,1.0,512,200,8,"(32, 32)",14.834768690177292
6,10.0,8,50,2,,22.104899268154863
6,10.0,8,50,4,,20.187739037199837
6,10.0,8,50,6,,19.875960608726032
6,10.0,8,50,8,,20.65763409431273
6,10.0,8,100,2,,22.50726726577328
6,10.0,8,100,4,,20.153865134924093
6,10.0,8,100,6,,19.708145796654424
6,10.0,8,100,8,,20.49779954591139
6,10.0,8,200,2,,22.068683049638693
6,10.0,8,200,4,,20.51163496742435
6,10.0,8,200,6,,20.031378354332336
6,10.0,8,200,8,,20.649392702349143
6,10.0,14,50,2,,15.80853161376626
6,10.0,14,50,4,,16.228958122013694
6,10.0,14,50,6,,17.578774619072693
6,10.0,14,50,8,,17.93431110812723
6,10.0,14,100,2,,15.781866140896016
6,10.0,14,100,4,,16.568987687750454
6,10.0,14,100,6,,17.191234612902853
6,10.0,14,100,8,,17.751577065482593
6,10.0,14,200,2,,15.57798395121702
6,10.0,14,200,4,,16.323936574979548
6,10.0,14,200,6,,17.247027486578745
6,10.0,14,200,8,,17.91776042822952
6,10.0,20,50,2,,13.869338246506071
6,10.0,20,50,4,,15.13708303493102
6,10.0,20,50,6,,16.071851687235487
6,10.0,20,50,8,,16.824746022000866
6,10.0,20,100,2,,13.620082282715456
6,10.0,20,100,4,,15.246204216508271
6,10.0,20,100,6,,16.08385594495628
6,10.0,20,100,8,,16.741594055737334
6,10.0,20,200,2,,13.741605658518177
6,10.0,20,200,4,,15.290124605817502
6,10.0,20,200,6,,16.20650941969926
6,10.0,20,200,8,,16.850436382132973
6,10.0,26,50,2,,12.830328469832674
6,10.0,26,50,4,,14.502563776074268
6,10.0,26,50,6,,15.637243616089618
6,10.0,26,50,8,,16.320354689876353
6,10.0,26,100,2,,12.752777245922978
6,10.0,26,100,4,,14.569539607516774
6,10.0,26,100,6,,15.60377562388998
6,10.0,26,100,8,,16.318566374547363
6,10.0,26,200,2,,12.774899124374308
6,10.0,26,200,4,,14.540237895798208
6,10.0,26,200,6,,15.650244133845792
6,10.0,26,200,8,,16.26748796067731
6,10.0,32,50,2,,12.28375746582649
6,10.0,32,50,2,,17.50823170654976
6,10.0,32,50,4,,14.359196343208165
6,10.0,32,50,4,,17.73376259439588
6,10.0,32,50,6,,15.37924247453613
6,10.0,32,50,6,,18.69117797584614
6,10.0,32,50,8,,16.070141232717962
6,10.0,32,50,8,,19.60991754883158
6,10.0,32,100,2,,12.338987102763662
6,10.0,32,100,2,,17.440803132944282
6,10.0,32,100,4,,14.263895053154393
6,10.0,32,100,4,,17.62114949472312
6,10.0,32,100,6,,15.387098684895756
6,10.0,32,100,6,,18.73552745490961
6,10.0,32,100,8,,16.042956028764436
6,10.0,32,100,8,,19.48100118175288
6,10.0,32,200,2,,12.354722797984545
6,10.0,32,200,2,,17.583437565258055
6,10.0,32,200,4,,14.360812541744664
6,10.0,32,200,4,,17.52106494123016
6,10.0,32,200,6,,15.322914536729048
6,10.0,32,200,6,,18.523709543355025
6,10.0,32,200,8,,15.9222600139753
6,10.0,32,200,8,,19.181790076962077
6,10.0,56,50,2,,13.783784455954857
6,10.0,56,50,4,,15.934058083260911
6,10.0,56,50,6,,17.328987616075434
6,10.0,56,50,8,,18.078490468702118
6,10.0,56,100,2,,13.74003323080384
6,10.0,56,100,4,,15.945281997344969
6,10.0,56,100,6,,17.30580488950269
6,10.0,56,100,8,,18.039910998241176
6,10.0,56,200,2,,13.747813796592936
6,10.0,56,200,4,,15.98111050887653
6,10.0,56,200,6,,17.356186485517732
6,10.0,56,200,8,,18.15082504456985
6,10.0,80,50,2,,12.73722408695891
6,10.0,80,50,4,,15.50662397543316
6,10.0,80,50,6,,16.854252359607006
6,10.0,80,50,8,,17.721224603639467
6,10.0,80,100,2,,12.702672596062754
6,10.0,80,100,4,,15.368649791811244
6,10.0,80,100,6,,16.787326160249453
6,10.0,80,100,8,,17.731110743774845
6,10.0,80,200,2,,12.768742268280365
6,10.0,80,200,4,,15.47415467450888
6,10.0,80,200,6,,16.708687465399734
6,10.0,80,200,8,,17.66863050282095
6,10.0,104,50,2,,12.329739811759357
6,10.0,104,50,4,,15.164029922725504
6,10.0,104,50,6,,16.569291014528083
6,10.0,104,50,8,,17.410713650769793
6,10.0,104,100,2,,12.27131153636439
6,10.0,104,100,4,,15.266003950524563
6,10.0,104,100,6,,16.609572975507557
6,10.0,104,100,8,,17.42528858356323
6,10.0,104,200,2,,12.349414616970147
6,10.0,104,200,4,,15.1521785969989
6,10.0,104,200,6,,16.606601372254435
6,10.0,104,200,8,,17.382419017667296
6,10.0,128,50,2,"(32, 32)",16.390900092275622
6,10.0,128,50,2,,12.112272366332451
6,10.0,128,50,4,"(32, 32)",17.87950173624606
6,10.0,128,50,4,,14.972364017253144
6,10.0,128,50,6,"(32, 32)",19.38378825070688
6,10.0,128,50,6,,16.546798230390255
6,10.0,128,50,8,"(32, 32)",20.356326667657665
6,10.0,128,50,8,,17.323884051163702
6,10.0,128,100,2,"(32, 32)",16.401432630721253
6,10.0,128,100,2,,12.097424168342162
6,10.0,128,100,4,"(32, 32)",17.75387713573658
6,10.0,128,100,4,,15.00364335635994
6,10.0,128,100,6,"(32, 32)",19.34159570385385
6,10.0,128,100,6,,16.43190040505452
6,10.0,128,100,8,"(32, 32)",20.28188385288877
6,10.0,128,100,8,,17.292488182806146
6,10.0,128,200,2,"(32, 32)",16.27438320977611
6,10.0,128,200,2,,12.16243933479258
6,10.0,128,200,4,"(32, 32)",17.665174865116303
6,10.0,128,200,4,,15.009888504905277
6,10.0,128,200,6,"(32, 32)",19.352930802169084
6,10.0,128,200,6,,16.395266156725043
6,10.0,128,200,8,"(32, 32)",20.374191268129447
6,10.0,128,200,8,,17.241275626692932
6,10.0,224,50,2,"(32, 32)",13.526366024170136
6,10.0,224,50,4,"(32, 32)",16.920110580588005
6,10.0,224,50,6,"(32, 32)",18.771845489321265
6,10.0,224,50,8,"(32, 32)",19.80132741620742
6,10.0,224,100,2,"(32, 32)",13.572957450393606
6,10.0,224,100,4,"(32, 32)",16.887456633810725
6,10.0,224,100,6,"(32, 32)",18.671244922685005
6,10.0,224,100,8,"(32, 32)",19.82518999698989
6,10.0,224,200,2,"(32, 32)",13.59026928767504
6,10.0,224,200,4,"(32, 32)",16.750553634375954
6,10.0,224,200,6,"(32, 32)",18.63153698791988
6,10.0,224,200,8,"(32, 32)",19.620470046577196
6,10.0,320,50,2,"(32, 32)",12.853362187581368
6,10.0,320,50,4,"(32, 32)",16.545667047688905
6,10.0,320,50,6,"(32, 32)",18.4199977756296
6,10.0,320,50,8,"(32, 32)",19.572079881365912
6,10.0,320,100,2,"(32, 32)",12.873158295394765
6,10.0,320,100,4,"(32, 32)",16.49173992205608
6,10.0,320,100,6,"(32, 32)",18.31205806264009
6,10.0,320,100,8,"(32, 32)",19.4444427357022
6,10.0,320,200,2,"(32, 32)",12.851084895665636
6,10.0,320,200,4,"(32, 32)",16.580170385683935
6,10.0,320,200,6,"(32, 32)",18.260522917898804
6,10.0,320,200,8,"(32, 32)",19.50329004556201
6,10.0,416,50,2,"(32, 32)",12.547958840270752
6,10.0,416,50,4,"(32, 32)",16.35173443568528
6,10.0,416,50,6,"(32, 32)",18.222536194171777
6,10.0,416,50,8,"(32, 32)",19.437935189530112
6,10.0,416,100,2,"(32, 32)",12.572503201887626
6,10.0,416,100,4,"(32, 32)",16.336748012757134
6,10.0,416,100,6,"(32, 32)",18.24449210465949
6,10.0,416,100,8,"(32, 32)",19.327942239056103
6,10.0,416,200,2,"(32, 32)",12.530920466706345
6,10.0,416,200,4,"(32, 32)",16.260190849357198
6,10.0,416,200,6,"(32, 32)",18.243502570706188
6,10.0,416,200,8,"(32, 32)",19.27926313899515
6,10.0,512,50,2,"(32, 32)",12.361947313997216
6,10.0,512,50,4,"(32, 32)",16.305104651093334
6,10.0,512,50,6,"(32, 32)",18.21086083276976
6,10.0,512,50,8,"(32, 32)",19.36771053886685
6,10.0,512,100,2,"(32, 32)",12.415806700007971
6,10.0,512,100,4,"(32, 32)",16.24894452702044
6,10.0,512,100,6,"(32, 32)",18.18812837858848
6,10.0,512,100,8,"(32, 32)",19.233320862729126
6,10.0,512,200,2,"(32, 32)",12.357997889906107
6,10.0,512,200,4,"(32, 32)",16.20006906942078
6,10.0,512,200,6,"(32, 32)",18.181601705129413
6,10.0,512,200,8,"(32, 32)",19.25895542057257
7,0.01,8,50,2,,46.09731026041138
7,0.01,8,50,4,,46.18829427611727
7,0.01,8,50,6,,45.47545074692484
7,0.01,8,50,8,,44.32352731047234
7,0.01,8,100,2,,45.53416811586018
7,0.01,8,100,4,,46.21558047885802
7,0.01,8,100,6,,46.429309394756494
7,0.01,8,100,8,,44.7739714026714
7,0.01,8,200,2,,45.4710255685944
7,0.01,8,200,4,,46.06606594656432
7,0.01,8,200,6,,44.82232494467512
7,0.01,8,200,8,,44.67753197529291
7,0.01,14,50,2,,42.20359944906974
7,0.01,14,50,4,,43.79342114061168
7,0.01,14,50,6,,42.096057400973486
7,0.01,14,50,8,,42.85357718030593
7,0.01,14,100,2,,43.27512705766084
7,0.01,14,100,4,,43.76002653487271
7,0.01,14,100,6,,43.554342548732095
7,0.01,14,100,8,,42.54331472843031
7,0.01,14,200,2,,43.37918048687797
7,0.01,14,200,4,,44.49538877791224
7,0.01,14,200,6,,42.70580778268434
7,0.01,14,200,8,,42.33268799377522
7,0.01,20,50,2,,39.90203706135199
7,0.01,20,50,4,,39.71053202180235
7,0.01,20,50,6,,38.82824780696122
7,0.01,20,50,8,,37.79336881046331
7,0.01,20,100,2,,39.42747865963293
7,0.01,20,100,4,,38.65130953723135
7,0.01,20,100,6,,39.1294843644899
7,0.01,20,100,8,,38.06536022645683
7,0.01,20,200,2,,39.044534052070105
7,0.01,20,200,4,,40.04501808793861
7,0.01,20,200,6,,38.40332005175223
7,0.01,20,200,8,,37.53890671712603
7,0.01,26,50,2,,33.97377236725861
7,0.01,26,50,4,,34.71861326120336
7,0.01,26,50,6,,33.457210428500794
7,0.01,26,50,8,,31.420737497766734
7,0.01,26,100,2,,34.60326730813779
7,0.01,26,100,4,,33.9597126187228
7,0.01,26,100,6,,33.39600622775291
7,0.01,26,100,8,,32.376614799142466
7,0.01,26,200,2,,34.97913436176262
7,0.01,26,200,4,,33.51427121573838
7,0.01,26,200,6,,32.79022163849032
7,0.01,26,200,8,,30.5834427362992
7,0.01,32,50,2,,29.258210228125265
7,0.01,32,50,2,,75.7263206006595
7,0.01,32,50,4,,26.412719511897297
7,0.01,32,50,4,,88.90860968007621
7,0.01,32,50,6,,25.71514110807584
7,0.01,32,50,6,,89.67862585738558
7,0.01,32,50,8,,24.54409084641953
7,0.01,32,50,8,,89.81116405494257
7,0.01,32,100,2,,29.73359458648906
7,0.01,32,100,2,,76.23906219077756
7,0.01,32,100,4,,27.492025363505803
7,0.01,32,100,4,,86.5985277028725
7,0.01,32,100,6,,24.720924870124215
7,0.01,32,100,6,,88.99486734827553
7,0.01,32,100,8,,26.01084922967579
7,0.01,32,100,8,,89.53858776547486
7,0.01,32,200,2,,28.62228647222212
7,0.01,32,200,2,,76.00354590425864
7,0.01,32,200,4,,25.17198949275153
7,0.01,32,200,4,,88.1091280015574
7,0.01,32,200,6,,25.528527402980888
7,0.01,32,200,6,,89.66447498758126
7,0.01,32,200,8,,24.742499014384272
7,0.01,32,200,8,,88.09324203620815
7,0.01,56,50,2,,67.91967460976738
7,0.01,56,50,4,,79.74920723260976
7,0.01,56,50,6,,80.91664720948205
7,0.01,56,50,8,,80.58069956070818
7,0.01,56,100,2,,67.65608648760553
7,0.01,56,100,4,,80.19509754179971
7,0.01,56,100,6,,80.19983795225748
7,0.01,56,100,8,,80.50832636640044
7,0.01,56,200,2,,68.50129272466287
7,0.01,56,200,4,,80.15580652422855
7,0.01,56,200,6,,81.02070131795467
7,0.01,56,200,8,,80.04377881476499
7,0.01,80,50,2,,58.67672689112785
7,0.01,80,50,4,,66.90172238377917
7,0.01,80,50,6,,64.95628973597113
7,0.01,80,50,8,,63.92561795231014
7,0.01,80,100,2,,58.37307755696696
7,0.01,80,100,4,,67.39341795502651
7,0.01,80,100,6,,66.06473340433894
7,0.01,80,100,8,,63.50691666066868
7,0.01,80,200,2,,58.6701623821596
7,0.01,80,200,4,,68.01509193230795
7,0.01,80,200,6,,67.0291388048032
7,0.01,80,200,8,,63.86310100769147
7,0.01,104,50,2,,48.20609226584301
7,0.01,104,50,4,,50.30262369400316
7,0.01,104,50,6,,47.089616924484815
7,0.01,104,50,8,,42.21265331779292
7,0.01,104,100,2,,48.30941375705204
7,0.01,104,100,4,,50.32359822761305
7,0.01,104,100,6,,46.984862263838814
7,0.01,104,100,8,,44.86451921826734
7,0.01,104,200,2,,48.10541605603844
7,0.01,104,200,4,,50.15023674495417
7,0.01,104,200,6,,46.89559577645602
7,0.01,104,200,8,,44.38965190719173
7,0.01,128,50,2,"(32, 32)",111.75179688717952
7,0.01,128,50,2,,35.55685557002114
7,0.01,128,50,4,"(32, 32)",139.80389031275928
7,0.01,128,50,4,,30.549936532362025
7,0.01,128,50,6,"(32, 32)",150.0445366291606
7,0.01,128,50,6,,26.189788864001304
7,0.01,128,50,8,"(32, 32)",154.15165265905225
7,0.01,128,50,8,,22.96540436544624
7,0.01,128,100,2,"(32, 32)",111.50724240375597
7,0.01,128,100,2,,36.90532257439391
7,0.01,128,100,4,"(32, 32)",138.63401961845025
7,0.01,128,100,4,,31.693875064651998
7,0.01,128,100,6,"(32, 32)",149.5109531638629
7,0.01,128,100,6,,27.19446174673851
7,0.01,128,100,8,"(32, 32)",153.95565599617998
7,0.01,128,100,8,,20.848609735257323
7,0.01,128,200,2,"(32, 32)",112.30347336300214
7,0.01,128,200,2,,35.81869501187216
7,0.01,128,200,4,"(32, 32)",138.3781083747728
7,0.01,128,200,4,,32.98958949402267
7,0.01,128,200,6,"(32, 32)",148.82655762174988
7,0.01,128,200,6,,25.363244250993343
7,0.01,128,200,8,"(32, 32)",153.3329537359321
7,0.01,128,200,8,,24.103001422681515
7,0.01,224,50,2,"(32, 32)",95.14793436330994
7,0.01,224,50,4,"(32, 32)",120.8437219052002
7,0.01,224,50,6,"(32, 32)",131.57654588977357
7,0.01,224,50,8,"(32, 32)",134.86209668367803
7,0.01,224,100,2,"(32, 32)",94.56008553054092
7,0.01,224,100,4,"(32, 32)",121.00333262811648
7,0.01,224,100,6,"(32, 32)",131.88767176488489
7,0.01,224,100,8,"(32, 32)",134.74728286070294
7,0.01,224,200,2,"(32, 32)",94.3180361994176
7,0.01,224,200,4,"(32, 32)",121.48093217589424
7,0.01,224,200,6,"(32, 32)",128.9700487541467
7,0.01,224,200,8,"(32, 32)",134.25368582782266
7,0.01,320,50,2,"(32, 32)",76.28554414369928
7,0.01,320,50,4,"(32, 32)",93.01782648424847
7,0.01,320,50,6,"(32, 32)",95.6034267848841
7,0.01,320,50,8,"(32, 32)",90.95851608679727
7,0.01,320,100,2,"(32, 32)",75.24505644620307
7,0.01,320,100,4,"(32, 32)",90.90440673637896
7,0.01,320,100,6,"(32, 32)",92.94123292056348
7,0.01,320,100,8,"(32, 32)",88.44624437431416
7,0.01,320,200,2,"(32, 32)",75.32433269824266
7,0.01,320,200,4,"(32, 32)",93.62734263281568
7,0.01,320,200,6,"(32, 32)",91.88032117731858
7,0.01,320,200,8,"(32, 32)",92.7195455930369
7,0.01,416,50,2,"(32, 32)",54.449345032507
7,0.01,416,50,4,"(32, 32)",53.40758650677141
7,0.01,416,50,6,"(32, 32)",50.75981980955398
7,0.01,416,50,8,"(32, 32)",36.1690472348216
7,0.01,416,100,2,"(32, 32)",55.11032628881513
7,0.01,416,100,4,"(32, 32)",55.317293190039614
7,0.01,416,100,6,"(32, 32)",48.53874043606938
7,0.01,416,100,8,"(32, 32)",40.943697115253
7,0.01,416,200,2,"(32, 32)",56.00659583621061
7,0.01,416,200,4,"(32, 32)",55.98492678371152
7,0.01,416,200,6,"(32, 32)",51.676960213018624
7,0.01,416,200,8,"(32, 32)",40.88231633120531
7,0.01,512,50,2,"(32, 32)",33.975132655768256
7,0.01,512,50,4,"(32, 32)",20.46782764948359
7,0.01,512,50,6,"(32, 32)",14.96647852982592
7,0.01,512,50,8,"(32, 32)",9.820620341547793
7,0.01,512,100,2,"(32, 32)",33.61136506740445
7,0.01,512,100,4,"(32, 32)",23.88433168200945
7,0.01,512,100,6,"(32, 32)",19.09185172226777
7,0.01,512,100,8,"(32, 32)",8.999238299880014
7,0.01,512,200,2,"(32, 32)",34.89002874730184
7,0.01,512,200,4,"(32, 32)",19.482260043970733
7,0.01,512,200,6,"(32, 32)",15.89066328946192
7,0.01,512,200,8,"(32, 32)",10.671845688786616
7,0.1,8,50,2,,28.71103495678613
7,0.1,8,50,4,,28.00393219993305
7,0.1,8,50,6,,27.276233399752677
7,0.1,8,50,8,,27.34717263735548
7,0.1,8,100,2,,28.59373092233824
7,0.1,8,100,4,,28.28470727853692
7,0.1,8,100,6,,27.478793064804357
7,0.1,8,100,8,,27.334057852594167
7,0.1,8,200,2,,29.46396589229452
7,0.1,8,200,4,,28.43704954356489
7,0.1,8,200,6,,28.731035695034997
7,0.1,8,200,8,,27.87847297142557
7,0.1,14,50,2,,20.778474321210098
7,0.1,14,50,4,,20.8523274721226
7,0.1,14,50,6,,19.23741124698424
7,0.1,14,50,8,,19.09462674839182
7,0.1,14,100,2,,21.68209173394552
7,0.1,14,100,4,,20.321715063421603
7,0.1,14,100,6,,19.15160777860102
7,0.1,14,100,8,,19.992331751384626
7,0.1,14,200,2,,20.07911407765678
7,0.1,14,200,4,,19.831344643699712
7,0.1,14,200,6,,18.78886485164365
7,0.1,14,200,8,,19.33805080386393
7,0.1,20,50,2,,14.357901978097164
7,0.1,20,50,4,,12.85156843654878
7,0.1,20,50,6,,13.031084750291784
7,0.1,20,50,8,,13.225377506860612
7,0.1,20,100,2,,14.306367318208556
7,0.1,20,100,4,,12.889575004585222
7,0.1,20,100,6,,13.435099542587627
7,0.1,20,100,8,,13.384064356948434
7,0.1,20,200,2,,13.911710271502304
7,0.1,20,200,4,,12.591739617133662
7,0.1,20,200,6,,13.529083289917589
7,0.1,20,200,8,,13.415362055752132
7,0.1,26,50,2,,9.617580972860653
7,0.1,26,50,4,,9.704267793889828
7,0.1,26,50,6,,10.035073380593998
7,0.1,26,50,8,,10.369124069962298
7,0.1,26,100,2,,9.982964883245227
7,0.1,26,100,4,,9.94997807792664
7,0.1,26,100,6,,10.042969509675196
7,0.1,26,100,8,,10.507807780551914
7,0.1,26,200,2,,9.895031662977544
7,0.1,26,200,4,,9.620566796242157
7,0.1,26,200,6,,10.017258247598106
7,0.1,26,200,8,,10.691530237395332
7,0.1,32,50,2,,7.402103083983495
7,0.1,32,50,2,,35.56698660547232
7,0.1,32,50,4,,8.246390044194268
7,0.1,32,50,4,,41.632859825412325
7,0.1,32,50,6,,8.912948712667356
7,0.1,32,50,6,,39.65325156465303
7,0.1,32,50,8,,9.274313855561234
7,0.1,32,50,8,,38.37542396336066
7,0.1,32,100,2,,7.434313179519132
7,0.1,32,100,2,,35.59965920231604
7,0.1,32,100,4,,8.18365574633438
7,0.1,32,100,4,,40.49424509675184
7,0.1,32,100,6,,8.929224624718634
7,0.1,32,100,6,,39.98174155277348
7,0.1,32,100,8,,9.348593180688088
7,0.1,32,100,8,,39.63577369532481
7,0.1,32,200,2,,7.440186600344727
7,0.1,32,200,2,,35.0882114513582
7,0.1,32,200,4,,8.239711704210643
7,0.1,32,200,4,,39.7902345782448
7,0.1,32,200,6,,8.890915260873056
7,0.1,32,200,6,,38.43424688699847
7,0.1,32,200,8,,9.310761769533356
7,0.1,32,200,8,,38.6127329484971
7,0.1,56,50,2,,20.581636747589265
7,0.1,56,50,4,,18.759027774564306
7,0.1,56,50,6,,16.259982402834222
7,0.1,56,50,8,,18.848588262254037
7,0.1,56,100,2,,19.940617715188296
7,0.1,56,100,4,,17.235922224328345
7,0.1,56,100,6,,16.50116956784984
7,0.1,56,100,8,,16.37392602558137
7,0.1,56,200,2,,21.02265634435737
7,0.1,56,200,4,,20.25255935884391
7,0.1,56,200,6,,18.048121976501104
7,0.1,56,200,8,,17.267049794506214
7,0.1,80,50,2,,12.872755429061248
7,0.1,80,50,4,,10.458082907871315
7,0.1,80,50,6,,11.164984182508022
7,0.1,80,50,8,,11.557403926066351
7,0.1,80,100,2,,11.236248852221232
7,0.1,80,100,4,,10.493491017256748
7,0.1,80,100,6,,11.16727379434223
7,0.1,80,100,8,,11.654794719758764
7,0.1,80,200,2,,10.447940561426336
7,0.1,80,200,4,,10.861319168929503
7,0.1,80,200,6,,11.163371914325824
7,0.1,80,200,8,,11.52859673303983
7,0.1,104,50,2,,7.923449959779939
7,0.1,104,50,4,,9.169706799927186
7,0.1,104,50,6,,10.05355038915338
7,0.1,104,50,8,,10.616277008651103
7,0.1,104,100,2,,8.417809688897469
7,0.1,104,100,4,,9.198422951911164
7,0.1,104,100,6,,10.064912305469774
7,0.1,104,100,8,,10.546550197544974
7,0.1,104,200,2,,7.919104940141816
7,0.1,104,200,4,,9.183842975669709
7,0.1,104,200,6,,10.04921513619425
7,0.1,104,200,8,,10.519053292846005
7,0.1,128,50,2,"(32, 32)",39.0084985618838
7,0.1,128,50,2,,6.855323237860972
7,0.1,128,50,4,"(32, 32)",49.880741716268005
7,0.1,128,50,4,,8.559814700322514
7,0.1,128,50,6,"(32, 32)",56.60722220210273
7,0.1,128,50,6,,9.48553791489508
7,0.1,128,50,8,"(32, 32)",57.14206989767838
7,0.1,128,50,8,,9.935310938384506
7,0.1,128,100,2,"(32, 32)",40.78944528601392
7,0.1,128,100,2,,6.902932038897861
7,0.1,128,100,4,"(32, 32)",53.151017188802186
7,0.1,128,100,4,,8.52640046281518
7,0.1,128,100,6,"(32, 32)",56.29252105824988
7,0.1,128,100,6,,9.440266790984296
7,0.1,128,100,8,"(32, 32)",58.36905200396903
7,0.1,128,100,8,,9.942566162073405
7,0.1,128,200,2,"(32, 32)",41.41981651460759
7,0.1,128,200,2,,6.829808077929251
7,0.1,128,200,4,"(32, 32)",49.38168316771723
7,0.1,128,200,4,,8.547139221235811
7,0.1,128,200,6,"(32, 32)",56.29809792593463
7,0.1,128,200,6,,9.441261198849563
7,0.1,128,200,8,"(32, 32)",58.4787565932003
7,0.1,128,200,8,,9.90937674001187
7,0.1,224,50,2,"(32, 32)",16.88262789659312
7,0.1,224,50,4,"(32, 32)",12.97211855607108
7,0.1,224,50,6,"(32, 32)",13.42810496647694
7,0.1,224,50,8,"(32, 32)",13.920433372240826
7,0.1,224,100,2,"(32, 32)",16.354649951702562
7,0.1,224,100,4,"(32, 32)",14.163233097829297
7,0.1,224,100,6,"(32, 32)",14.556866911103436
7,0.1,224,100,8,"(32, 32)",13.81844591956114
7,0.1,224,200,2,"(32, 32)",17.8647915159798
7,0.1,224,200,4,"(32, 32)",13.627933291438524
7,0.1,224,200,6,"(32, 32)",16.852527150436554
7,0.1,224,200,8,"(32, 32)",17.91619490364624
7,0.1,320,50,2,"(32, 32)",9.140848688502274
7,0.1,320,50,4,"(32, 32)",10.609687452251958
7,0.1,320,50,6,"(32, 32)",11.685142401699606
7,0.1,320,50,8,"(32, 32)",12.457461799748272
7,0.1,320,100,2,"(32, 32)",9.15835036836474
7,0.1,320,100,4,"(32, 32)",10.569697709682726
7,0.1,320,100,6,"(32, 32)",11.66234832043564
7,0.1,320,100,8,"(32, 32)",12.468308060923889
7,0.1,320,200,2,"(32, 32)",9.183360302488
7,0.1,320,200,4,"(32, 32)",10.567058234275162
7,0.1,320,200,6,"(32, 32)",11.654208661629866
7,0.1,320,200,8,"(32, 32)",12.396816866454476
7,0.1,416,50,2,"(32, 32)",7.777557600023267
7,0.1,416,50,4,"(32, 32)",9.868727224853984
7,0.1,416,50,6,"(32, 32)",11.113437087000529
7,0.1,416,50,8,"(32, 32)",11.880339375795712
7,0.1,416,100,2,"(32, 32)",7.819268064465167
7,0.1,416,100,4,"(32, 32)",9.851412064858057
7,0.1,416,100,6,"(32, 32)",11.069005228090822
7,0.1,416,100,8,"(32, 32)",11.813762617499016
7,0.1,416,200,2,"(32, 32)",7.833742604487294
7,0.1,416,200,4,"(32, 32)",9.837389050334275
7,0.1,416,200,6,"(32, 32)",11.020204022521456
7,0.1,416,200,8,"(32, 32)",11.83689436365255
7,0.1,512,50,2,"(32, 32)",7.12343513302974
7,0.1,512,50,4,"(32, 32)",9.49332534814706
7,0.1,512,50,6,"(32, 32)",10.826241113288878
7,0.1,512,50,8,"(32, 32)",11.595435665182263
7,0.1,512,100,2,"(32, 32)",7.134389479459957
7,0.1,512,100,4,"(32, 32)",9.476197389014562
7,0.1,512,100,6,"(32, 32)",10.757159488225827
7,0.1,512,100,8,"(32, 32)",11.497152888264678
7,0.1,512,200,2,"(32, 32)",7.118250812447272
7,0.1,512,200,4,"(32, 32)",9.45920355962498
7,0.1,512,200,6,"(32, 32)",10.742148082314044
7,0.1,512,200,8,"(32, 32)",11.485302862974404
7,1.0,8,50,2,,21.74911891862685
7,1.0,8,50,4,,19.661260163443227
7,1.0,8,50,6,,19.836405775230297
7,1.0,8,50,8,,20.518507070088067
7,1.0,8,100,2,,21.868188811256537
7,1.0,8,100,4,,20.05739502412536
7,1.0,8,100,6,,19.555937912603465
7,1.0,8,100,8,,19.83994190592105
7,1.0,8,200,2,,22.28747043746725
7,1.0,8,200,4,,19.5962331071496
7,1.0,8,200,6,,19.17016096466414
7,1.0,8,200,8,,20.001594003098727
7,1.0,14,50,2,,14.744191723359926
7,1.0,14,50,4,,14.56565580432305
7,1.0,14,50,6,,15.01767096736973
7,1.0,14,50,8,,15.240566024681812
7,1.0,14,100,2,,14.68208869107252
7,1.0,14,100,4,,14.459147420311975
7,1.0,14,100,6,,14.795843231418443
7,1.0,14,100,8,,15.32289188191968
7,1.0,14,200,2,,14.976110380907096
7,1.0,14,200,4,,14.471894880234604
7,1.0,14,200,6,,14.776535088690276
7,1.0,14,200,8,,15.318327374894857
7,1.0,20,50,2,,11.258258585725264
7,1.0,20,50,4,,12.287058924600368
7,1.0,20,50,6,,12.807210137272056
7,1.0,20,50,8,,13.34574585758013
7,1.0,20,100,2,,11.121368158275944
7,1.0,20,100,4,,12.081701146527095
7,1.0,20,100,6,,12.81318327779827
7,1.0,20,100,8,,13.35574994791167
7,1.0,20,200,2,,11.437723793383476
7,1.0,20,200,4,,12.09111431883726
7,1.0,20,200,6,,12.853299268806662
7,1.0,20,200,8,,13.431764452043002
7,1.0,26,50,2,,9.5946463995538
7,1.0,26,50,4,,11.042832472573965
7,1.0,26,50,6,,11.766105003748203
7,1.0,26,50,8,,12.351894965333017
7,1.0,26,100,2,,9.654235432170958
7,1.0,26,100,4,,10.98563417947254
7,1.0,26,100,6,,11.908397891325883
7,1.0,26,100,8,,12.3129419547604
7,1.0,26,200,2,,9.848747413887644
7,1.0,26,200,4,,11.01784870618147
7,1.0,26,200,6,,11.811305717363489
7,1.0,26,200,8,,12.420257424652233
7,1.0,32,50,2,,8.765754032375282
7,1.0,32,50,2,,17.55687854438858
7,1.0,32,50,4,,10.403854690129524
7,1.0,32,50,4,,16.956876924977315
7,1.0,32,50,6,,11.287077605834336
7,1.0,32,50,6,,16.99380021082597
7,1.0,32,50,8,,11.828615367405002
7,1.0,32,50,8,,17.633112994850347
7,1.0,32,100,2,,8.764624227421299
7,1.0,32,100,2,,17.763263313917584
7,1.0,32,100,4,,10.437530700272964
7,1.0,32,100,4,,16.90089114395927
7,1.0,32,100,6,,11.332720309863031
7,1.0,32,100,6,,17.206768318791372
7,1.0,32,100,8,,11.807012342938776
7,1.0,32,100,8,,17.83170800809165
7,1.0,32,200,2,,8.86341811402703
7,1.0,32,200,2,,17.89873001878626
7,1.0,32,200,4,,10.420208341598752
7,1.0,32,200,4,,16.819181341326683
7,1.0,32,200,6,,11.29731262119171
7,1.0,32,200,6,,17.206222158368604
7,1.0,32,200,8,,11.79224317958814
7,1.0,32,200,8,,17.37713994083012
7,1.0,56,50,2,,11.961167286584784
7,1.0,56,50,4,,13.156912961371132
7,1.0,56,50,6,,14.12703197345962
7,1.0,56,50,8,,14.92899824354964
7,1.0,56,100,2,,11.977842059775858
7,1.0,56,100,4,,13.224079762046903
7,1.0,56,100,6,,14.094615156935614
7,1.0,56,100,8,,14.721879824769362
7,1.0,56,200,2,,12.114726325142696
7,1.0,56,200,4,,13.124916730344111
7,1.0,56,200,6,,14.094790807215618
7,1.0,56,200,8,,14.870779512620992
7,1.0,80,50,2,,10.021243038776992
7,1.0,80,50,4,,11.88799851392118
7,1.0,80,50,6,,13.023114855453365
7,1.0,80,50,8,,13.838709617613024
7,1.0,80,100,2,,9.965425229873889
7,1.0,80,100,4,,11.954620547014269
7,1.0,80,100,6,,13.01470453091808
7,1.0,80,100,8,,13.71976350763986
7,1.0,80,200,2,,9.98554214556816
7,1.0,80,200,4,,11.938168811536965
7,1.0,80,200,6,,13.12909670881452
7,1.0,80,200,8,,13.723621659127415
7,1.0,104,50,2,,9.199917245575609
7,1.0,104,50,4,,11.363091240032215
7,1.0,104,50,6,,12.58032268019358
7,1.0,104,50,8,,13.357258518612891
7,1.0,104,100,2,,9.1724279389731
7,1.0,104,100,4,,11.388438408685705
7,1.0,104,100,6,,12.55706684803134
7,1.0,104,100,8,,13.293820596282416
7,1.0,104,200,2,,9.195294868756992
7,1.0,104,200,4,,11.385158823251611
7,1.0,104,200,6,,12.535152750320874
7,1.0,104,200,8,,13.23495838811578
7,1.0,128,50,2,"(32, 32)",16.484958381635007
7,1.0,128,50,2,,8.815143594508083
7,1.0,128,50,4,"(32, 32)",15.959415701206789
7,1.0,128,50,4,,11.098713025240826
7,1.0,128,50,6,"(32, 32)",16.924191472224763
7,1.0,128,50,6,,12.267051973372888
7,1.0,128,50,8,"(32, 32)",17.901716740294933
7,1.0,128,50,8,,13.01071722916853
7,1.0,128,100,2,"(32, 32)",16.359591157463424
7,1.0,128,100,2,,8.792252025431877
7,1.0,128,100,4,"(32, 32)",15.877408783557089
7,1.0,128,100,4,,11.043961849026548
7,1.0,128,100,6,"(32, 32)",16.930305557693146
7,1.0,128,100,6,,12.287926176952098
7,1.0,128,100,8,"(32, 32)",17.572233604748806
7,1.0,128,100,8,,13.03152428939822
7,1.0,128,200,2,"(32, 32)",16.603013608455797
7,1.0,128,200,2,,8.79149467215653
7,1.0,128,200,4,"(32, 32)",15.96992359962414
7,1.0,128,200,4,,11.113166945260144
7,1.0,128,200,6,"(32, 32)",17.029122483946207
7,1.0,128,200,6,,12.27667244202513
7,1.0,128,200,8,"(32, 32)",17.681540304034414
7,1.0,128,200,8,,13.004519630603582
7,1.0,224,50,2,"(32, 32)",11.35280413837036
7,1.0,224,50,4,"(32, 32)",13.356475408327302
7,1.0,224,50,6,"(32, 32)",14.816733097461007
7,1.0,224,50,8,"(32, 32)",15.958777372525445
7,1.0,224,100,2,"(32, 32)",11.325567296116226
7,1.0,224,100,4,"(32, 32)",13.274377961321193
7,1.0,224,100,6,"(32, 32)",14.835322057444378
7,1.0,224,100,8,"(32, 32)",15.776172266717936
7,1.0,224,200,2,"(32, 32)",11.307543264032589
7,1.0,224,200,4,"(32, 32)",13.39329162183551
7,1.0,224,200,6,"(32, 32)",14.905177943547288
7,1.0,224,200,8,"(32, 32)",15.962510295198449
7,1.0,320,50,2,"(32, 32)",10.015553585756026
7,1.0,320,50,4,"(32, 32)",12.74119188826707
7,1.0,320,50,6,"(32, 32)",14.311779287258014
7,1.0,320,50,8,"(32, 32)",15.420516583291128
7,1.0,320,100,2,"(32, 32)",10.000974989090908
7,1.0,320,100,4,"(32, 32)",12.709973055423056
7,1.0,320,100,6,"(32, 32)",14.227437008705044
7,1.0,320,100,8,"(32, 32)",15.334960160130608
7,1.0,320,200,2,"(32, 32)",10.003785942572664
7,1.0,320,200,4,"(32, 32)",12.664525620724923
7,1.0,320,200,6,"(32, 32)",14.251643169765726
7,1.0,320,200,8,"(32, 32)",15.296458035047484
7,1.0,416,50,2,"(32, 32)",9.52086796882946
7,1.0,416,50,4,"(32, 32)",12.394558180074352
7,1.0,416,50,6,"(32, 32)",14.035501018805029
7,1.0,416,50,8,"(32, 32)",15.073822704291375
7,1.0,416,100,2,"(32, 32)",9.484883981336004
7,1.0,416,100,4,"(32, 32)",12.403212783283696
7,1.0,416,100,6,"(32, 32)",13.912319684638083
7,1.0,416,100,8,"(32, 32)",14.988807189796672
7,1.0,416,200,2,"(32, 32)",9.532238718249216
7,1.0,416,200,4,"(32, 32)",12.373712491962152
7,1.0,416,200,6,"(32, 32)",13.935897666616746
7,1.0,416,200,8,"(32, 32)",14.94952725584792
7,1.0,512,50,2,"(32, 32)",9.267867693381865
7,1.0,512,50,4,"(32, 32)",12.230575419728062
7,1.0,512,50,6,"(32, 32)",13.891908944589144
7,1.0,512,50,8,"(32, 32)",14.933032784389392
7,1.0,512,100,2,"(32, 32)",9.281596064939226
7,1.0,512,100,4,"(32, 32)",12.23193662467591
7,1.0,512,100,6,"(32, 32)",13.80637565614325
7,1.0,512,100,8,"(32, 32)",14.873617925470288
7,1.0,512,200,2,"(32, 32)",9.273529437926207
7,1.0,512,200,4,"(32, 32)",12.21296324617582
7,1.0,512,200,6,"(32, 32)",13.741742932023378
7,1.0,512,200,8,"(32, 32)",14.89171680398594
7,10.0,8,50,2,,22.5394923018758
7,10.0,8,50,4,,19.81079142330328
7,10.0,8,50,6,,20.37622984000416
7,10.0,8,50,8,,20.33322138312534
7,10.0,8,100,2,,21.79289059335219
7,10.0,8,100,4,,19.863111191043163
7,10.0,8,100,6,,19.991459358076515
7,10.0,8,100,8,,20.628214730083634
7,10.0,8,200,2,,22.30536313077534
7,10.0,8,200,4,,20.56269516316008
7,10.0,8,200,6,,20.354906904906784
7,10.0,8,200,8,,20.48520722142652
7,10.0,14,50,2,,15.752769226766688
7,10.0,14,50,4,,16.450956688979094
7,10.0,14,50,6,,17.251467324474522
7,10.0,14,50,8,,17.79950462252051
7,10.0,14,100,2,,15.916127793275749
7,10.0,14,100,4,,16.404325710252667
7,10.0,14,100,6,,17.347149819856824
7,10.0,14,100,8,,17.77573946287885
7,10.0,14,200,2,,15.858354146639378
7,10.0,14,200,4,,16.57184576110735
7,10.0,14,200,6,,17.23115560666956
7,10.0,14,200,8,,17.72729673584066
7,10.0,20,50,2,,13.65227627062186
7,10.0,20,50,4,,15.306990648312278
7,10.0,20,50,6,,16.198744473253647
7,10.0,20,50,8,,16.850762034766966
7,10.0,20,100,2,,13.768643865466307
7,10.0,20,100,4,,15.295102571041864
7,10.0,20,100,6,,16.17838045198197
7,10.0,20,100,8,,16.70219443060125
7,10.0,20,200,2,,13.819432240815688
7,10.0,20,200,4,,15.266946975488995
7,10.0,20,200,6,,16.120635987223594
7,10.0,20,200,8,,16.801213897264414
7,10.0,26,50,2,,12.843277005955644
7,10.0,26,50,4,,14.555137901688123
7,10.0,26,50,6,,15.62643694564474
7,10.0,26,50,8,,16.37258858433523
7,10.0,26,100,2,,12.847084225208445
7,10.0,26,100,4,,14.682623780188491
7,10.0,26,100,6,,15.590486907500338
7,10.0,26,100,8,,16.328868969481928
7,10.0,26,200,2,,12.778806121652186
7,10.0,26,200,4,,14.59446920383036
7,10.0,26,200,6,,15.632252589259307
7,10.0,26,200,8,,16.38730037052589
7,10.0,32,50,2,,12.328059091137982
7,10.0,32,50,2,,17.708856743949745
7,10.0,32,50,4,,14.3457541800487
7,10.0,32,50,4,,17.676933879891134
7,10.0,32,50,6,,15.34144192678988
7,10.0,32,50,6,,18.645788585531005
7,10.0,32,50,8,,16.013454978749756
7,10.0,32,50,8,,19.410573775602195
7,10.0,32,100,2,,12.365198125983431
7,10.0,32,100,2,,17.398910755834745
7,10.0,32,100,4,,14.370869847611935
7,10.0,32,100,4,,17.69100453734969
7,10.0,32,100,6,,15.34458507743792
7,10.0,32,100,6,,18.794429477273862
7,10.0,32,100,8,,15.94994750776592
7,10.0,32,100,8,,19.368881440801434
7,10.0,32,200,2,,12.287910033919886
7,10.0,32,200,2,,17.925715493110488
7,10.0,32,200,4,,14.300551045077636
7,10.0,32,200,4,,17.622320309644333
7,10.0,32,200,6,,15.383854371102167
7,10.0,32,200,6,,18.78468715298572
7,10.0,32,200,8,,16.02073517940037
7,10.0,32,200,8,,19.20808146788111
7,10.0,56,50,2,,13.66902509359308
7,10.0,56,50,4,,15.91809372554467
7,10.0,56,50,6,,17.344319542133633
7,10.0,56,50,8,,17.970333978248565
7,10.0,56,100,2,,13.776712860121046
7,10.0,56,100,4,,15.98474192268104
7,10.0,56,100,6,,17.20274958257207
7,10.0,56,100,8,,18.180806924267152
7,10.0,56,200,2,,13.905408649495802
7,10.0,56,200,4,,16.130109465405585
7,10.0,56,200,6,,17.38390072963018
7,10.0,56,200,8,,18.02869385264697
7,10.0,80,50,2,,12.768574069356704
7,10.0,80,50,4,,15.436802774970278
7,10.0,80,50,6,,16.76279336671183
7,10.0,80,50,8,,17.6506228501861
7,10.0,80,100,2,,12.667882777277262
7,10.0,80,100,4,,15.512253993417554
7,10.0,80,100,6,,16.798849129993553
7,10.0,80,100,8,,17.619662403245577
7,10.0,80,200,2,,12.78214266394891
7,10.0,80,200,4,,15.381187620505363
7,10.0,80,200,6,,16.772797855286015
7,10.0,80,200,8,,17.746197790251923
7,10.0,104,50,2,,12.326535972231088
7,10.0,104,50,4,,15.20280495411621
7,10.0,104,50,6,,16.56972349020188
7,10.0,104,50,8,,17.439295850589964
7,10.0,104,100,2,,12.377428221166026
7,10.0,104,100,4,,15.185003758374435
7,10.0,104,100,6,,16.551077419833558
7,10.0,104,100,8,,17.443097053753387
7,10.0,104,200,2,,12.315138635757208
7,10.0,104,200,4,,15.205972998714897
7,10.0,104,200,6,,16.56390777938806
7,10.0,104,200,8,,17.4509338260205
7,10.0,128,50,2,"(32, 32)",16.314929065135118
7,10.0,128,50,2,,12.087066143971828
7,10.0,128,50,4,"(32, 32)",17.799240048934113
7,10.0,128,50,4,,15.003449107036085
7,10.0,128,50,6,"(32, 32)",19.465773059418453
7,10.0,128,50,6,,16.456877799397336
7,10.0,128,50,8,"(32, 32)",20.56624766231592
7,10.0,128,50,8,,17.258109798607748
7,10.0,128,100,2,"(32, 32)",16.467924557001343
7,10.0,128,100,2,,12.120727887595963
7,10.0,128,100,4,"(32, 32)",17.629697998714523
7,10.0,128,100,4,,15.029953613209669
7,10.0,128,100,6,"(32, 32)",19.41551559812827
7,10.0,128,100,6,,16.40616350423628
7,10.0,128,100,8,"(32, 32)",20.333937474432037
7,10.0,128,100,8,,17.20713234221155
7,10.0,128,200,2,"(32, 32)",16.373107101873902
7,10.0,128,200,2,,12.122944923145496
7,10.0,128,200,4,"(32, 32)",17.81686240868711
7,10.0,128,200,4,,14.980318381538352
7,10.0,128,200,6,"(32, 32)",19.451995939404554
7,10.0,128,200,6,,16.366415787669066
7,10.0,128,200,8,"(32, 32)",20.41531876247197
7,10.0,128,200,8,,17.316440946241745
7,10.0,224,50,2,"(32, 32)",13.473337051740913
7,10.0,224,50,4,"(32, 32)",16.772644791796182
7,10.0,224,50,6,"(32, 32)",18.68264646240225
7,10.0,224,50,8,"(32, 32)",19.91208676893028
7,10.0,224,100,2,"(32, 32)",13.46583189186762
7,10.0,224,100,4,"(32, 32)",16.759826965895495
7,10.0,224,100,6,"(32, 32)",18.601109178347265
7,10.0,224,100,8,"(32, 32)",19.75099836312919
7,10.0,224,200,2,"(32, 32)",13.480652119514946
7,10.0,224,200,4,"(32, 32)",16.80005227489513
7,10.0,224,200,6,"(32, 32)",18.538550342891376
7,10.0,224,200,8,"(32, 32)",19.7068889752669
7,10.0,320,50,2,"(32, 32)",12.852259877307858
7,10.0,320,50,4,"(32, 32)",16.573576595355313
7,10.0,320,50,6,"(32, 32)",18.467064072134907
7,10.0,320,50,8,"(32, 32)",19.48458536702921
7,10.0,320,100,2,"(32, 32)",12.820278132809284
7,10.0,320,100,4,"(32, 32)",16.542671973799
7,10.0,320,100,6,"(32, 32)",18.39493232268741
7,10.0,320,100,8,"(32, 32)",19.47331691221916
7,10.0,320,200,2,"(32, 32)",12.812271041685213
7,10.0,320,200,4,"(32, 32)",16.46150097201677
7,10.0,320,200,6,"(32, 32)",18.382271294625667
7,10.0,320,200,8,"(32, 32)",19.4337994649916
7,10.0,416,50,2,"(32, 32)",12.579189771993434
7,10.0,416,50,4,"(32, 32)",16.331272825684273
7,10.0,416,50,6,"(32, 32)",18.29557585888733
7,10.0,416,50,8,"(32, 32)",19.40787733936466
7,10.0,416,100,2,"(32, 32)",12.557553964051223
7,10.0,416,100,4,"(32, 32)",16.325178926430805
7,10.0,416,100,6,"(32, 32)",18.17539213195662
7,10.0,416,100,8,"(32, 32)",19.27749740709404
7,10.0,416,200,2,"(32, 32)",12.523234327052014
7,10.0,416,200,4,"(32, 32)",16.33834416865246
7,10.0,416,200,6,"(32, 32)",18.254565569290744
7,10.0,416,200,8,"(32, 32)",19.320529194568
7,10.0,512,50,2,"(32, 32)",12.355851434310306
7,10.0,512,50,4,"(32, 32)",16.229718859594414
7,10.0,512,50,6,"(32, 32)",18.20813181377895
7,10.0,512,50,8,"(32, 32)",19.3085345792703
7,10.0,512,100,2,"(32, 32)",12.384785183955932
7,10.0,512,100,4,"(32, 32)",16.24417749409667
7,10.0,512,100,6,"(32, 32)",18.08733057708586
7,10.0,512,100,8,"(32, 32)",19.2795693331219
7,10.0,512,200,2,"(32, 32)",12.381505007864174
7,10.0,512,200,4,"(32, 32)",16.204508796834283
7,10.0,512,200,6,"(32, 32)",18.13155399082137
7,10.0,512,200,8,"(32, 32)",19.152905021222058
8,0.01,8,50,2,,45.27579281648343
8,0.01,8,50,4,,47.56652357850254
8,0.01,8,50,6,,45.88210796618763
8,0.01,8,50,8,,45.15085611302689
8,0.01,8,100,2,,46.0016840750873
8,0.01,8,100,4,,46.51028632145381
8,0.01,8,100,6,,46.081864777953314
8,0.01,8,100,8,,45.13549961505343
8,0.01,8,200,2,,46.35242844426454
8,0.01,8,200,4,,46.02055695662164
8,0.01,8,200,6,,46.104303073925465
8,0.01,8,200,8,,44.95146724016311
8,0.01,14,50,2,,42.64182935938023
8,0.01,14,50,4,,44.29886713409287
8,0.01,14,50,6,,43.31595631910231
8,0.01,14,50,8,,42.341722548253415
8,0.01,14,100,2,,42.514120471357806
8,0.01,14,100,4,,43.59053444436936
8,0.01,14,100,6,,42.67636861366389
8,0.01,14,100,8,,44.25713989069935
8,0.01,14,200,2,,42.74655534574689
8,0.01,14,200,4,,43.56084238672294
8,0.01,14,200,6,,42.60262004155986
8,0.01,14,200,8,,42.540153204996685
8,0.01,20,50,2,,39.28947990106253
8,0.01,20,50,4,,40.07025295230088
8,0.01,20,50,6,,38.89570782475517
8,0.01,20,50,8,,38.06494588776178
8,0.01,20,100,2,,39.50904921198446
8,0.01,20,100,4,,39.6943373670143
8,0.01,20,100,6,,38.8213970902619
8,0.01,20,100,8,,37.944827030525055
8,0.01,20,200,2,,39.40505604519614
8,0.01,20,200,4,,40.08845200771663
8,0.01,20,200,6,,37.97754999857209
8,0.01,20,200,8,,37.69406885497056
8,0.01,26,50,2,,35.10868451093517
8,0.01,26,50,4,,34.64103663384488
8,0.01,26,50,6,,32.9538333359074
8,0.01,26,50,8,,32.83535424094983
8,0.01,26,100,2,,35.50592840418712
8,0.01,26,100,4,,34.057647863449446
8,0.01,26,100,6,,33.39706211760487
8,0.01,26,100,8,,32.62353617574072
8,0.01,26,200,2,,35.277517359482424
8,0.01,26,200,4,,33.52585771048056
8,0.01,26,200,6,,32.72595654307045
8,0.01,26,200,8,,31.523901757056112
8,0.01,32,50,2,,30.52664465320352
8,0.01,32,50,2,,76.04675109865728
8,0.01,32,50,4,,26.306029260334157
8,0.01,32,50,4,,88.78234349147708
8,0.01,32,50,6,,25.07534362009852
8,0.01,32,50,6,,90.12135902277448
8,0.01,32,50,8,,25.183239294853152
8,0.01,32,50,8,,89.69463425815042
8,0.01,32,100,2,,29.35499287496853
8,0.01,32,100,2,,75.73763050773874
8,0.01,32,100,4,,27.33550796541998
8,0.01,32,100,4,,86.42368471591979
8,0.01,32,100,6,,24.876893014618823
8,0.01,32,100,6,,90.26199899303823
8,0.01,32,100,8,,23.83288238561162
8,0.01,32,100,8,,89.40457948566065
8,0.01,32,200,2,,29.080861384609115
8,0.01,32,200,2,,75.92004379761602
8,0.01,32,200,4,,25.987768890912708
8,0.01,32,200,4,,88.14656019591087
8,0.01,32,200,6,,24.709729734677207
8,0.01,32,200,6,,89.18075670761803
8,0.01,32,200,8,,25.87146244653198
8,0.01,32,200,8,,88.34308245379343
8,0.01,56,50,2,,67.82631408340802
8,0.01,56,50,4,,79.34833471597553
8,0.01,56,50,6,,81.95313049258203
8,0.01,56,50,8,,80.54557266144495
8,0.01,56,100,2,,67.71372904557334
8,0.01,56,100,4,,80.06134182451872
8,0.01,56,100,6,,80.75300684665935
8,0.01,56,100,8,,80.44158597941001
8,0.01,56,200,2,,67.5679901743689
8,0.01,56,200,4,,79.15638378085319
8,0.01,56,200,6,,80.34541198602052
8,0.01,56,200,8,,79.99881741126508
8,0.01,80,50,2,,59.6434878750777
8,0.01,80,50,4,,68.63379503045115
8,0.01,80,50,6,,66.33943795463756
8,0.01,80,50,8,,64.02740645706656
8,0.01,80,100,2,,59.21742157666506
8,0.01,80,100,4,,66.46120270500931
8,0.01,80,100,6,,67.46943339805219
8,0.01,80,100,8,,64.10744639095972
8,0.01,80,200,2,,58.681191882333145
8,0.01,80,200,4,,66.64216040645844
8,0.01,80,200,6,,64.893387821792
8,0.01,80,200,8,,62.47838679640271
8,0.01,104,50,2,,49.06062742899653
8,0.01,104,50,4,,50.14671201719265
8,0.01,104,50,6,,44.8814969260931
8,0.01,104,50,8,,44.01343855676455
8,0.01,104,100,2,,47.47806050427973
8,0.01,104,100,4,,50.35389767270991
8,0.01,104,100,6,,44.97548083842961
8,0.01,104,100,8,,43.35905084162331
8,0.01,104,200,2,,48.94865432619633
8,0.01,104,200,4,,49.77445658794768
8,0.01,104,200,6,,46.44901450172169
8,0.01,104,200,8,,42.62021316990558
8,0.01,128,50,2,"(32, 32)",112.9607058371734
8,0.01,128,50,2,,35.280461075293545
8,0.01,128,50,4,"(32, 32)",138.89505431431343
8,0.01,128,50,4,,32.00128916289402
8,0.01,128,50,6,"(32, 32)",149.51036000158228
8,0.01,128,50,6,,27.03089133669659
8,0.01,128,50,8,"(32, 32)",154.8896408488481
8,0.01,128,50,8,,24.848542448161737
8,0.01,128,100,2,"(32, 32)",111.04281912391092
8,0.01,128,100,2,,36.46456589677216
8,0.01,128,100,4,"(32, 32)",138.53750349094875
8,0.01,128,100,4,,32.778626256043715
8,0.01,128,100,6,"(32, 32)",148.82343055670373
8,0.01,128,100,6,,22.093914025977934
8,0.01,128,100,8,"(32, 32)",153.26563459488307
8,0.01,128,100,8,,24.11919337149569
8,0.01,128,200,2,"(32, 32)",111.04272807021354
8,0.01,128,200,2,,36.55745220063027
8,0.01,128,200,4,"(32, 32)",138.7920757384252
8,0.01,128,200,4,,29.31470733335128
8,0.01,128,200,6,"(32, 32)",149.55794054311625
8,0.01,128,200,6,,22.003726903643997
8,0.01,128,200,8,"(32, 32)",153.50711968775363
8,0.01,128,200,8,,22.19410791992064
8,0.01,224,50,2,"(32, 32)",94.1422728638842
8,0.01,224,50,4,"(32, 32)",120.27348440924509
8,0.01,224,50,6,"(32, 32)",129.6158595012228
8,0.01,224,50,8,"(32, 32)",132.65361695029782
8,0.01,224,100,2,"(32, 32)",94.4061497091438
8,0.01,224,100,4,"(32, 32)",120.3815148354377
8,0.01,224,100,6,"(32, 32)",130.61993101953132
8,0.01,224,100,8,"(32, 32)",134.0386959968506
8,0.01,224,200,2,"(32, 32)",94.23493276515444
8,0.01,224,200,4,"(32, 32)",120.113094061348
8,0.01,224,200,6,"(32, 32)",130.45584768491764
8,0.01,224,200,8,"(32, 32)",133.29043240505877
8,0.01,320,50,2,"(32, 32)",78.01405577071756
8,0.01,320,50,4,"(32, 32)",92.15473375337544
8,0.01,320,50,6,"(32, 32)",93.34386416244038
8,0.01,320,50,8,"(32, 32)",89.41857528664123
8,0.01,320,100,2,"(32, 32)",76.13772579366935
8,0.01,320,100,4,"(32, 32)",92.47021889559296
8,0.01,320,100,6,"(32, 32)",93.95080896489117
8,0.01,320,100,8,"(32, 32)",92.05400517591292
8,0.01,320,200,2,"(32, 32)",76.9026872103368
8,0.01,320,200,4,"(32, 32)",91.66017256418988
8,0.01,320,200,6,"(32, 32)",94.82847890066576
8,0.01,320,200,8,"(32, 32)",90.580990606321
8,0.01,416,50,2,"(32, 32)",54.769765691362224
8,0.01,416,50,4,"(32, 32)",55.88398332514564
8,0.01,416,50,6,"(32, 32)",44.668228795837926
8,0.01,416,50,8,"(32, 32)",44.33408857481477
8,0.01,416,100,2,"(32, 32)",55.16542280394874
8,0.01,416,100,4,"(32, 32)",56.13210786869632
8,0.01,416,100,6,"(32, 32)",47.63012367381447
8,0.01,416,100,8,"(32, 32)",44.21993656790544
8,0.01,416,200,2,"(32, 32)",55.250080332978136
8,0.01,416,200,4,"(32, 32)",55.69697649435553
8,0.01,416,200,6,"(32, 32)",45.72111441494757
8,0.01,416,200,8,"(32, 32)",44.171009142944136
8,0.01,512,50,2,"(32, 32)",33.180755734566134
8,0.01,512,50,4,"(32, 32)",16.23952733540581
8,0.01,512,50,6,"(32, 32)",10.54524437626166
8,0.01,512,50,8,"(32, 32)",14.974376664219903
8,0.01,512,100,2,"(32, 32)",36.73448512792204
8,0.01,512,100,4,"(32, 32)",16.538871291924362
8,0.01,512,100,6,"(32, 32)",17.181903496696034
8,0.01,512,100,8,"(32, 32)",16.839937305832095
8,0.01,512,200,2,"(32, 32)",35.00017645655156
8,0.01,512,200,4,"(32, 32)",21.6437221913568
8,0.01,512,200,6,"(32, 32)",15.30016942148589
8,0.01,512,200,8,"(32, 32)",19.809492779496104
8,0.1,8,50,2,,28.49479701416843
8,0.1,8,50,4,,28.43796165007751
8,0.1,8,50,6,,27.497929789908056
8,0.1,8,50,8,,27.77121020264304
8,0.1,8,100,2,,28.979051455815608
8,0.1,8,100,4,,28.978165200373315
8,0.1,8,100,6,,26.9018933959328
8,0.1,8,100,8,,26.741631455565187
8,0.1,8,200,2,,28.878203639540622
8,0.1,8,200,4,,27.849092769399387
8,0.1,8,200,6,,27.94433414579869
8,0.1,8,200,8,,27.51517581085652
8,0.1,14,50,2,,21.336239924709226
8,0.1,14,50,4,,20.106465779084303
8,0.1,14,50,6,,18.820795201073
8,0.1,14,50,8,,18.56456192843576
8,0.1,14,100,2,,21.412140374133813
8,0.1,14,100,4,,20.105316392770792
8,0.1,14,100,6,,19.68725517968439
8,0.1,14,100,8,,18.410062281779336
8,0.1,14,200,2,,20.59385576930113
8,0.1,14,200,4,,19.9036009746124
8,0.1,14,200,6,,18.42611249569756
8,0.1,14,200,8,,19.173463837962466
8,0.1,20,50,2,,13.68554032462916
8,0.1,20,50,4,,13.211240254006142
8,0.1,20,50,6,,12.945597008368374
8,0.1,20,50,8,,13.228580796292292
8,0.1,20,100,2,,14.815013430818151
8,0.1,20,100,4,,12.77820519179372
8,0.1,20,100,6,,12.612092927047764
8,0.1,20,100,8,,12.847212498749958
8,0.1,20,200,2,,13.780984127741124
8,0.1,20,200,4,,13.427963918492551
8,0.1,20,200,6,,13.118329051307894
8,0.1,20,200,8,,12.972623756687325
8,0.1,26,50,2,,9.337190807284108
8,0.1,26,50,4,,9.435473496079297
8,0.1,26,50,6,,10.03189531668964
8,0.1,26,50,8,,11.12246503773444
8,0.1,26,100,2,,9.580217888888749
8,0.1,26,100,4,,9.81789313158444
8,0.1,26,100,6,,10.51879617337515
8,0.1,26,100,8,,10.289529267008335
8,0.1,26,200,2,,9.739430102334618
8,0.1,26,200,4,,9.622866307355531
8,0.1,26,200,6,,10.823795129972895
8,0.1,26,200,8,,10.398487942155548
8,0.1,32,50,2,,7.481867423907335
8,0.1,32,50,2,,35.2794496602322
8,0.1,32,50,4,,8.238859110245578
8,0.1,32,50,4,,40.5280410802206
8,0.1,32,50,6,,8.857000877191682
8,0.1,32,50,6,,38.98789971266889
8,0.1,32,50,8,,9.30110362077819
8,0.1,32,50,8,,38.74012202214613
8,0.1,32,100,2,,7.462251397725191
8,0.1,32,100,2,,36.91513076124576
8,0.1,32,100,4,,8.29740717271335
8,0.1,32,100,4,,40.70861348290359
8,0.1,32,100,6,,8.848538561484165
8,0.1,32,100,6,,38.52662189097085
8,0.1,32,100,8,,9.284121701673474
8,0.1,32,100,8,,37.370816714309726
8,0.1,32,200,2,,7.426788823591567
8,0.1,32,200,2,,35.10954020469379
8,0.1,32,200,4,,8.294501760832246
8,0.1,32,200,4,,40.844090058269
8,0.1,32,200,6,,8.916259494885002
8,0.1,32,200,6,,39.07338339597104
8,0.1,32,200,8,,9.355135204127196
8,0.1,32,200,8,,39.485900825271216
8,0.1,56,50,2,,20.338257594613737
8,0.1,56,50,4,,17.152701700567818
8,0.1,56,50,6,,17.135368827899914
8,0.1,56,50,8,,16.722299359475656
8,0.1,56,100,2,,20.84156396660814
8,0.1,56,100,4,,18.46390352383272
8,0.1,56,100,6,,17.872421398771724
8,0.1,56,100,8,,16.95869364187768
8,0.1,56,200,2,,20.18012454762885
8,0.1,56,200,4,,18.905456929873317
8,0.1,56,200,6,,17.923263057045737
8,0.1,56,200,8,,17.585694008441774
8,0.1,80,50,2,,10.45817008530666
8,0.1,80,50,4,,10.631338046705602
8,0.1,80,50,6,,11.06578248026929
8,0.1,80,50,8,,11.593911552845952
8,0.1,80,100,2,,10.524736784409551
8,0.1,80,100,4,,10.457483224146277
8,0.1,80,100,6,,10.998493438201264
8,0.1,80,100,8,,11.515445619839744
8,0.1,80,200,2,,10.062150463407024
8,0.1,80,200,4,,10.610297768285744
8,0.1,80,200,6,,11.116995171111729
8,0.1,80,200,8,,11.48728322684863
8,0.1,104,50,2,,7.940296071103227
8,0.1,104,50,4,,9.25915960498447
8,0.1,104,50,6,,10.054532136583765
8,0.1,104,50,8,,10.524483972072831
8,0.1,104,100,2,,7.917033324200053
8,0.1,104,100,4,,9.200219931254212
8,0.1,104,100,6,,10.010629916954702
8,0.1,104,100,8,,10.597328864333592
8,0.1,104,200,2,,7.90874722211369
8,0.1,104,200,4,,9.230564008778988
8,0.1,104,200,6,,10.00123893692364
8,0.1,104,200,8,,10.542266245641596
8,0.1,128,50,2,"(32, 32)",41.86796729402148
8,0.1,128,50,2,,6.840422078098907
8,0.1,128,50,4,"(32, 32)",53.31664579310977
8,0.1,128,50,4,,8.542097747593584
8,0.1,128,50,6,"(32, 32)",57.73644675536889
8,0.1,128,50,6,,9.443230512305888
8,0.1,128,50,8,"(32, 32)",56.488812241967885
8,0.1,128,50,8,,9.991977334515266
8,0.1,128,100,2,"(32, 32)",37.87508158155663
8,0.1,128,100,2,,6.871944789002999
8,0.1,128,100,4,"(32, 32)",50.40714319410945
8,0.1,128,100,4,,8.535813449025948
8,0.1,128,100,6,"(32, 32)",57.14707857342787
8,0.1,128,100,6,,9.458275972660134
8,0.1,128,100,8,"(32, 32)",57.47740542110135
8,0.1,128,100,8,,9.971852934743294
8,0.1,128,200,2,"(32, 32)",41.0576820740492
8,0.1,128,200,2,,6.871683326396906
8,0.1,128,200,4,"(32, 32)",53.07787140793253
8,0.1,128,200,4,,8.554903767956944
8,0.1,128,200,6,"(32, 32)",53.46492676523976
8,0.1,128,200,6,,9.42397364686866
8,0.1,128,200,8,"(32, 32)",60.77687740337025
8,0.1,128,200,8,,9.959695656351084
8,0.1,224,50,2,"(32, 32)",17.215687446529454
8,0.1,224,50,4,"(32, 32)",12.761256017781603
8,0.1,224,50,6,"(32, 32)",16.64823471654716
8,0.1,224,50,8,"(32, 32)",15.528344847838063
8,0.1,224,100,2,"(32, 32)",18.027525624590407
8,0.1,224,100,4,"(32, 32)",13.251420862560702
8,0.1,224,100,6,"(32, 32)",13.171026996724192
8,0.1,224,100,8,"(32, 32)",16.685317107454637
8,0.1,224,200,2,"(32, 32)",18.3836639116341
8,0.1,224,200,4,"(32, 32)",17.107800276240894
8,0.1,224,200,6,"(32, 32)",13.311195990225128
8,0.1,224,200,8,"(32, 32)",15.125959129503238
8,0.1,320,50,2,"(32, 32)",9.149703774581866
8,0.1,320,50,4,"(32, 32)",10.606324241796456
8,0.1,320,50,6,"(32, 32)",11.68203003525624
8,0.1,320,50,8,"(32, 32)",12.45306756402415
8,0.1,320,100,2,"(32, 32)",9.160453794807692
8,0.1,320,100,4,"(32, 32)",10.615766574745434
8,0.1,320,100,6,"(32, 32)",11.67870044428672
8,0.1,320,100,8,"(32, 32)",12.43254366319523
8,0.1,320,200,2,"(32, 32)",9.11595709048354
8,0.1,320,200,4,"(32, 32)",10.597429834823345
8,0.1,320,200,6,"(32, 32)",11.619342863112209
8,0.1,320,200,8,"(32, 32)",12.326443440252431
8,0.1,416,50,2,"(32, 32)",7.823014165183527
8,0.1,416,50,4,"(32, 32)",9.912160945062892
8,0.1,416,50,6,"(32, 32)",11.173564393682332
8,0.1,416,50,8,"(32, 32)",11.91015673043415
8,0.1,416,100,2,"(32, 32)",7.777117386287022
8,0.1,416,100,4,"(32, 32)",9.842420118810516
8,0.1,416,100,6,"(32, 32)",11.069419291770966
8,0.1,416,100,8,"(32, 32)",11.838276345596803
8,0.1,416,200,2,"(32, 32)",7.81596187946937
8,0.1,416,200,4,"(32, 32)",9.820660156311371
8,0.1,416,200,6,"(32, 32)",11.061549431430237
8,0.1,416,200,8,"(32, 32)",11.787690605491434
8,0.1,512,50,2,"(32, 32)",7.107040256655143
8,0.1,512,50,4,"(32, 32)",9.486687015485709
8,0.1,512,50,6,"(32, 32)",10.80596338160056
8,0.1,512,50,8,"(32, 32)",11.56210474936772
8,0.1,512,100,2,"(32, 32)",7.099104553493052
8,0.1,512,100,4,"(32, 32)",9.442300952190015
8,0.1,512,100,6,"(32, 32)",10.789787826078282
8,0.1,512,100,8,"(32, 32)",11.552659749864642
8,0.1,512,200,2,"(32, 32)",7.122609323002016
8,0.1,512,200,4,"(32, 32)",9.453470220646304
8,0.1,512,200,6,"(32, 32)",10.706049476433671
8,0.1,512,200,8,"(32, 32)",11.48759438161505
8,1.0,8,50,2,,21.946585575168704
8,1.0,8,50,4,,19.953274982459263
8,1.0,8,50,6,,19.666123571278625
8,1.0,8,50,8,,19.77429915969413
8,1.0,8,100,2,,22.029188040697772
8,1.0,8,100,4,,19.802874131108823
8,1.0,8,100,6,,19.56996417011613
8,1.0,8,100,8,,19.934069299454368
8,1.0,8,200,2,,21.59082073211842
8,1.0,8,200,4,,19.455031164453665
8,1.0,8,200,6,,19.4618727782018
8,1.0,8,200,8,,19.6876518122557
8,1.0,14,50,2,,14.65147051933376
8,1.0,14,50,4,,14.437310155635965
8,1.0,14,50,6,,14.85050088056994
8,1.0,14,50,8,,15.375881510949853
8,1.0,14,100,2,,14.546419097607233
8,1.0,14,100,4,,14.546431816389449
8,1.0,14,100,6,,14.784863407354194
8,1.0,14,100,8,,15.203681770942518
8,1.0,14,200,2,,14.655538122786792
8,1.0,14,200,4,,14.411432157528782
8,1.0,14,200,6,,15.014984275969695
8,1.0,14,200,8,,15.263554162214048
8,1.0,20,50,2,,11.176461682744211
8,1.0,20,50,4,,12.009935557425187
8,1.0,20,50,6,,12.79795197553368
8,1.0,20,50,8,,13.349930415168602
8,1.0,20,100,2,,11.164972907519068
8,1.0,20,100,4,,12.093988776006045
8,1.0,20,100,6,,12.805200050992848
8,1.0,20,100,8,,13.331008867460724
8,1.0,20,200,2,,11.272408103339862
8,1.0,20,200,4,,12.072688568216142
8,1.0,20,200,6,,12.920991842033056
8,1.0,20,200,8,,13.390773990474369
8,1.0,26,50,2,,9.70039975630535
8,1.0,26,50,4,,10.972212633431882
8,1.0,26,50,6,,11.81732595852626
8,1.0,26,50,8,,12.385105053206251
8,1.0,26,100,2,,9.64751308198088
8,1.0,26,100,4,,11.000723728300184
8,1.0,26,100,6,,11.845624226860084
8,1.0,26,100,8,,12.479259832392122
8,1.0,26,200,2,,9.642513640406214
8,1.0,26,200,4,,10.9661877891857
8,1.0,26,200,6,,11.9139563583899
8,1.0,26,200,8,,12.306261370078705
8,1.0,32,50,2,,8.793774995314179
8,1.0,32,50,2,,17.955728871597017
8,1.0,32,50,4,,10.391496343575591
8,1.0,32,50,4,,16.797215998537187
8,1.0,32,50,6,,11.30381348664336
8,1.0,32,50,6,,17.259430228826513
8,1.0,32,50,8,,11.83693722572449
8,1.0,32,50,8,,17.634437469258206
8,1.0,32,100,2,,8.796284576170255
8,1.0,32,100,2,,17.82582445204203
8,1.0,32,100,4,,10.32606695910859
8,1.0,32,100,4,,17.08917956298623
8,1.0,32,100,6,,11.286957287758018
8,1.0,32,100,6,,17.314475267012067
8,1.0,32,100,8,,11.845075145658589
8,1.0,32,100,8,,17.755862705044514
8,1.0,32,200,2,,8.760812237155154
8,1.0,32,200,2,,17.607057244560558
8,1.0,32,200,4,,10.434316732193086
8,1.0,32,200,4,,16.728067072941396
8,1.0,32,200,6,,11.322176340858936
8,1.0,32,200,6,,17.195365188150483
8,1.0,32,200,8,,11.792894027690568
8,1.0,32,200,8,,17.75609193951066
8,1.0,56,50,2,,12.025910379126287
8,1.0,56,50,4,,13.300899698903564
8,1.0,56,50,6,,14.124104699312056
8,1.0,56,50,8,,14.678696871510876
8,1.0,56,100,2,,12.008275516396411
8,1.0,56,100,4,,13.284240529580677
8,1.0,56,100,6,,14.24014369677788
8,1.0,56,100,8,,14.91198441029008
8,1.0,56,200,2,,12.26216004626608
8,1.0,56,200,4,,13.239775401397235
8,1.0,56,200,6,,14.06946713260697
8,1.0,56,200,8,,14.745613092331904
8,1.0,80,50,2,,10.024570796464072
8,1.0,80,50,4,,11.917468615315146
8,1.0,80,50,6,,13.059391363662652
8,1.0,80,50,8,,13.783787500232384
8,1.0,80,100,2,,10.017092973604951
8,1.0,80,100,4,,11.919575760735697
8,1.0,80,100,6,,13.040619845724104
8,1.0,80,100,8,,13.761319581565443
8,1.0,80,200,2,,10.007087865915455
8,1.0,80,200,4,,11.891188659541838
8,1.0,80,200,6,,13.094203021604487
8,1.0,80,200,8,,13.772779426281392
8,1.0,104,50,2,,9.177987292681816
8,1.0,104,50,4,,11.379170083085372
8,1.0,104,50,6,,12.58450985559883
8,1.0,104,50,8,,13.24149351749003
8,1.0,104,100,2,,9.194798068660209
8,1.0,104,100,4,,11.37627948649443
8,1.0,104,100,6,,12.593557503036042
8,1.0,104,100,8,,13.21104303878416
8,1.0,104,200,2,,9.173980315296053
8,1.0,104,200,4,,11.389416624004772
8,1.0,104,200,6,,12.561659447936703
8,1.0,104,200,8,,13.208283304948056
8,1.0,128,50,2,"(32, 32)",16.844812702916524
8,1.0,128,50,2,,8.781835353252237
8,1.0,128,50,4,"(32, 32)",15.896967309556665
8,1.0,128,50,4,,11.11190076141315
8,1.0,128,50,6,"(32, 32)",17.01151110306682
8,1.0,128,50,6,,12.306394505851118
8,1.0,128,50,8,"(32, 32)",17.89667461343694
8,1.0,128,50,8,,12.95621997408371
8,1.0,128,100,2,"(32, 32)",16.643814798444552
8,1.0,128,100,2,,8.767863105192536
8,1.0,128,100,4,"(32, 32)",15.808532578991176
8,1.0,128,100,4,,11.095264943876044
8,1.0,128,100,6,"(32, 32)",16.99239414834832
8,1.0,128,100,6,,12.289782484223286
8,1.0,128,100,8,"(32, 32)",17.583619475484635
8,1.0,128,100,8,,13.0318697043334
8,1.0,128,200,2,"(32, 32)",16.639672021934764
8,1.0,128,200,2,,8.79819772644617
8,1.0,128,200,4,"(32, 32)",15.9987335895985
8,1.0,128,200,4,,11.088000201755095
8,1.0,128,200,6,"(32, 32)",16.988647372786474
8,1.0,128,200,6,,12.308951704073856
8,1.0,128,200,8,"(32, 32)",17.905114688798925
8,1.0,128,200,8,,12.937252318734211
8,1.0,224,50,2,"(32, 32)",11.248629677285106
8,1.0,224,50,4,"(32, 32)",13.358435525263324
8,1.0,224,50,6,"(32, 32)",14.802152987411802
8,1.0,224,50,8,"(32, 32)",15.970171183968684
8,1.0,224,100,2,"(32, 32)",11.34259968959964
8,1.0,224,100,4,"(32, 32)",13.399602918292764
8,1.0,224,100,6,"(32, 32)",14.870697681552564
8,1.0,224,100,8,"(32, 32)",15.945598982873218
8,1.0,224,200,2,"(32, 32)",11.286662063672802
8,1.0,224,200,4,"(32, 32)",13.436311039333049
8,1.0,224,200,6,"(32, 32)",14.941016641162152
8,1.0,224,200,8,"(32, 32)",15.894177605160476
8,1.0,320,50,2,"(32, 32)",9.98894614586446
8,1.0,320,50,4,"(32, 32)",12.781899134933177
8,1.0,320,50,6,"(32, 32)",14.405749132299372
8,1.0,320,50,8,"(32, 32)",15.375128148483036
8,1.0,320,100,2,"(32, 32)",9.983084486299598
8,1.0,320,100,4,"(32, 32)",12.7042501591764
8,1.0,320,100,6,"(32, 32)",14.199870627445224
8,1.0,320,100,8,"(32, 32)",15.29468867543458
8,1.0,320,200,2,"(32, 32)",9.967454975639782
8,1.0,320,200,4,"(32, 32)",12.679882449980068
8,1.0,320,200,6,"(32, 32)",14.28312874420842
8,1.0,320,200,8,"(32, 32)",15.286428997611686
8,1.0,416,50,2,"(32, 32)",9.500715329192714
8,1.0,416,50,4,"(32, 32)",12.44664393772474
8,1.0,416,50,6,"(32, 32)",14.05199830312526
8,1.0,416,50,8,"(32, 32)",15.080609337311907
8,1.0,416,100,2,"(32, 32)",9.50482817982668
8,1.0,416,100,4,"(32, 32)",12.3748455615955
8,1.0,416,100,6,"(32, 32)",13.90349258345062
8,1.0,416,100,8,"(32, 32)",14.999909591402348
8,1.0,416,200,2,"(32, 32)",9.482829588621527
8,1.0,416,200,4,"(32, 32)",12.359930091092322
8,1.0,416,200,6,"(32, 32)",13.92102185170873
8,1.0,416,200,8,"(32, 32)",14.954331113191548
8,1.0,512,50,2,"(32, 32)",9.265283485024154
8,1.0,512,50,4,"(32, 32)",12.292186885536482
8,1.0,512,50,6,"(32, 32)",13.915599089160835
8,1.0,512,50,8,"(32, 32)",14.938463379506912
8,1.0,512,100,2,"(32, 32)",9.238272165693209
8,1.0,512,100,4,"(32, 32)",12.208496318332424
8,1.0,512,100,6,"(32, 32)",13.820465690837668
8,1.0,512,100,8,"(32, 32)",14.823239067183362
8,1.0,512,200,2,"(32, 32)",9.2809129647349
8,1.0,512,200,4,"(32, 32)",12.204218894783358
8,1.0,512,200,6,"(32, 32)",13.786678706839622
8,1.0,512,200,8,"(32, 32)",14.866500606094094
8,10.0,8,50,2,,22.32012296335128
8,10.0,8,50,4,,20.54350140510837
8,10.0,8,50,6,,19.92201123957704
8,10.0,8,50,8,,20.585670657663336
8,10.0,8,100,2,,22.91147611154426
8,10.0,8,100,4,,19.615940505561404
8,10.0,8,100,6,,19.870688492587107
8,10.0,8,100,8,,20.602127802314744
8,10.0,8,200,2,,22.524438344238213
8,10.0,8,200,4,,20.27852044451116
8,10.0,8,200,6,,20.27134643825313
8,10.0,8,200,8,,20.77032229280453
8,10.0,14,50,2,,15.769212055731971
8,10.0,14,50,4,,16.370519709461313
8,10.0,14,50,6,,17.13240581678606
8,10.0,14,50,8,,17.808135987138737
8,10.0,14,100,2,,15.670146690904112
8,10.0,14,100,4,,16.304449791630887
8,10.0,14,100,6,,17.257384778892146
8,10.0,14,100,8,,17.72768224052004
8,10.0,14,200,2,,16.06954089265566
8,10.0,14,200,4,,16.352640159296705
8,10.0,14,200,6,,17.170307119085574
8,10.0,14,200,8,,17.7419020757053
8,10.0,20,50,2,,13.608617890733656
8,10.0,20,50,4,,15.060381475229748
8,10.0,20,50,6,,16.15689917907405
8,10.0,20,50,8,,16.7675990553888
8,10.0,20,100,2,,13.649135386153617
8,10.0,20,100,4,,15.237745645747664
8,10.0,20,100,6,,16.27788803329421
8,10.0,20,100,8,,16.80067839388127
8,10.0,20,200,2,,13.733667973882495
8,10.0,20,200,4,,15.245426680416942
8,10.0,20,200,6,,16.20168339966283
8,10.0,20,200,8,,16.89480920110951
8,10.0,26,50,2,,12.749062597184688
8,10.0,26,50,4,,14.618250667007889
8,10.0,26,50,6,,15.72896673147023
8,10.0,26,50,8,,16.2831167955685
8,10.0,26,100,2,,12.664546705493064
8,10.0,26,100,4,,14.576049395254543
8,10.0,26,100,6,,15.577791966099127
8,10.0,26,100,8,,16.372835787959946
8,10.0,26,200,2,,12.779006425325322
8,10.0,26,200,4,,14.61981396140571
8,10.0,26,200,6,,15.732349738933008
8,10.0,26,200,8,,16.313123201472667
8,10.0,32,50,2,,12.372273154330658
8,10.0,32,50,2,,17.37326601007103
8,10.0,32,50,4,,14.322539427442145
8,10.0,32,50,4,,17.63240555820569
8,10.0,32,50,6,,15.31993476833868
8,10.0,32,50,6,,18.854271730021352
8,10.0,32,50,8,,15.935274454942585
8,10.0,32,50,8,,19.51819094670485
8,10.0,32,100,2,,12.332142763838938
8,10.0,32,100,2,,17.515382600003683
8,10.0,32,100,4,,14.285948666965927
8,10.0,32,100,4,,17.681219380993724
8,10.0,32,100,6,,15.458933295083014
8,10.0,32,100,6,,18.68732516101713
8,10.0,32,100,8,,15.993133979075404
8,10.0,32,100,8,,19.379277600031237
8,10.0,32,200,2,,12.299407969547444
8,10.0,32,200,2,,17.560906823276824
8,10.0,32,200,4,,14.287955081130072
8,10.0,32,200,4,,17.73326837389146
8,10.0,32,200,6,,15.353893772772942
8,10.0,32,200,6,,18.576272190317667
8,10.0,32,200,8,,16.092013663540016
8,10.0,32,200,8,,19.232866266795124
8,10.0,56,50,2,,13.668254682499658
8,10.0,56,50,4,,15.930156018007375
8,10.0,56,50,6,,17.2677182961099
8,10.0,56,50,8,,18.25139717083994
8,10.0,56,100,2,,13.815922930080063
8,10.0,56,100,4,,15.941918332868095
8,10.0,56,100,6,,17.377562409410842
8,10.0,56,100,8,,18.046238426442063
8,10.0,56,200,2,,13.847623743791184
8,10.0,56,200,4,,16.01512837454097
8,10.0,56,200,6,,17.276151101478117
8,10.0,56,200,8,,18.24234935353787
8,10.0,80,50,2,,12.741158954359063
8,10.0,80,50,4,,15.44055837382534
8,10.0,80,50,6,,16.891426286208688
8,10.0,80,50,8,,17.665570794910924
8,10.0,80,100,2,,12.754342031701247
8,10.0,80,100,4,,15.454361082191015
8,10.0,80,100,6,,16.954901958104493
8,10.0,80,100,8,,17.716531712235454
8,10.0,80,200,2,,12.738582210968591
8,10.0,80,200,4,,15.426503330466137
8,10.0,80,200,6,,16.886181440062433
8,10.0,80,200,8,,17.611615882054966
8,10.0,104,50,2,,12.350191468519103
8,10.0,104,50,4,,15.176389924046791
8,10.0,104,50,6,,16.56697534520478
8,10.0,104,50,8,,17.444920536733864
8,10.0,104,100,2,,12.372473873127028
8,10.0,104,100,4,,15.221745065108284
8,10.0,104,100,6,,16.621887604059072
8,10.0,104,100,8,,17.421187560883848
8,10.0,104,200,2,,12.347457908285213
8,10.0,104,200,4,,15.203344925704068
8,10.0,104,200,6,,16.592554196592086
8,10.0,104,200,8,,17.44509929931579
8,10.0,128,50,2,"(32, 32)",16.188332908146247
8,10.0,128,50,2,,12.15992112610986
8,10.0,128,50,4,"(32, 32)",17.774223669082545
8,10.0,128,50,4,,15.041555064342983
8,10.0,128,50,6,"(32, 32)",19.396880561701213
8,10.0,128,50,6,,16.44021409983573
8,10.0,128,50,8,"(32, 32)",20.45359984707097
8,10.0,128,50,8,,17.33461475526292
8,10.0,128,100,2,"(32, 32)",16.40010545743205
8,10.0,128,100,2,,12.092843428351216
8,10.0,128,100,4,"(32, 32)",17.71821004054912
8,10.0,128,100,4,,15.049603905012049
8,10.0,128,100,6,"(32, 32)",19.307499111540537
8,10.0,128,100,6,,16.49978625997185
8,10.0,128,100,8,"(32, 32)",20.5351629375108
8,10.0,128,100,8,,17.27635424283932
8,10.0,128,200,2,"(32, 32)",16.39617215121134
8,10.0,128,200,2,,12.120308037044348
8,10.0,128,200,4,"(32, 32)",17.7080751048689
8,10.0,128,200,4,,15.01498237052439
8,10.0,128,200,6,"(32, 32)",19.372471798255862
8,10.0,128,200,6,,16.533293916798847
8,10.0,128,200,8,"(32, 32)",20.38737383533876
8,10.0,128,200,8,,17.2196265134283
8,10.0,224,50,2,"(32, 32)",13.478631662936968
8,10.0,224,50,4,"(32, 32)",16.931220322783954
8,10.0,224,50,6,"(32, 32)",18.701904664983847
8,10.0,224,50,8,"(32, 32)",19.83699884388574
8,10.0,224,100,2,"(32, 32)",13.520618799483524
8,10.0,224,100,4,"(32, 32)",16.838071980775744
8,10.0,224,100,6,"(32, 32)",18.71006448576604
8,10.0,224,100,8,"(32, 32)",19.665186077355877
8,10.0,224,200,2,"(32, 32)",13.531269734216268
8,10.0,224,200,4,"(32, 32)",16.801282919990616
8,10.0,224,200,6,"(32, 32)",18.542376672530832
8,10.0,224,200,8,"(32, 32)",19.662551039758632
8,10.0,320,50,2,"(32, 32)",12.848349682706017
8,10.0,320,50,4,"(32, 32)",16.614960586266918
8,10.0,320,50,6,"(32, 32)",18.45607791436743
8,10.0,320,50,8,"(32, 32)",19.54174786234284
8,10.0,320,100,2,"(32, 32)",12.853935713627877
8,10.0,320,100,4,"(32, 32)",16.477383806099372
8,10.0,320,100,6,"(32, 32)",18.38508723524871
8,10.0,320,100,8,"(32, 32)",19.41040810283251
8,10.0,320,200,2,"(32, 32)",12.860398392031168
8,10.0,320,200,4,"(32, 32)",16.450978022201685
8,10.0,320,200,6,"(32, 32)",18.328202945839426
8,10.0,320,200,8,"(32, 32)",19.493903552028797
8,10.0,416,50,2,"(32, 32)",12.514003843926632
8,10.0,416,50,4,"(32, 32)",16.40073963451289
8,10.0,416,50,6,"(32, 32)",18.17647656263264
8,10.0,416,50,8,"(32, 32)",19.36819476316234
8,10.0,416,100,2,"(32, 32)",12.552753672236996
8,10.0,416,100,4,"(32, 32)",16.31828223163992
8,10.0,416,100,6,"(32, 32)",18.21205290885092
8,10.0,416,100,8,"(32, 32)",19.334536131351864
8,10.0,416,200,2,"(32, 32)",12.538103545885388
8,10.0,416,200,4,"(32, 32)",16.356803626375974
8,10.0,416,200,6,"(32, 32)",18.125717254127142
8,10.0,416,200,8,"(32, 32)",19.221924459151587
8,10.0,512,50,2,"(32, 32)",12.35339210659593
8,10.0,512,50,4,"(32, 32)",16.26513905674207
8,10.0,512,50,6,"(32, 32)",18.17989229579534
8,10.0,512,50,8,"(32, 32)",19.30919404112513
8,10.0,512,100,2,"(32, 32)",12.403007025817194
8,10.0,512,100,4,"(32, 32)",16.191224954692196
8,10.0,512,100,6,"(32, 32)",18.15447989418236
8,10.0,512,100,8,"(32, 32)",19.320482005707344
8,10.0,512,200,2,"(32, 32)",12.377263488297412
8,10.0,512,200,4,"(32, 32)",16.23713397758078
8,10.0,512,200,6,"(32, 32)",18.127009418516455
8,10.0,512,200,8,"(32, 32)",19.225952485973743
9,0.01,8,50,2,,46.08796768385727
9,0.01,8,50,4,,47.002504119718665
9,0.01,8,50,6,,45.349291031078806
9,0.01,8,50,8,,44.88765472240972
9,0.01,8,100,2,,45.01315861214571
9,0.01,8,100,4,,45.930290517986606
9,0.01,8,100,6,,46.43621803865645
9,0.01,8,100,8,,45.28904868627959
9,0.01,8,200,2,,45.344606797623726
9,0.01,8,200,4,,46.14354517009132
9,0.01,8,200,6,,44.59924179938029
9,0.01,8,200,8,,44.85548410047471
9,0.01,14,50,2,,42.98000713690925
9,0.01,14,50,4,,44.13858700528922
9,0.01,14,50,6,,43.23125589615276
9,0.01,14,50,8,,41.94429345401986
9,0.01,14,100,2,,42.90592450756796
9,0.01,14,100,4,,43.70151640925639
9,0.01,14,100,6,,43.54439046757489
9,0.01,14,100,8,,41.79769571514616
9,0.01,14,200,2,,42.87756428960465
9,0.01,14,200,4,,43.33091756004549
9,0.01,14,200,6,,43.43870184902925
9,0.01,14,200,8,,42.27131859864458
9,0.01,20,50,2,,39.27272070979375
9,0.01,20,50,4,,39.10254548901776
9,0.01,20,50,6,,37.543624629291934
9,0.01,20,50,8,,37.462235165138175
9,0.01,20,100,2,,39.38217446495786
9,0.01,20,100,4,,39.7175567471722
9,0.01,20,100,6,,39.18819824764814
9,0.01,20,100,8,,37.6902110578134
9,0.01,20,200,2,,39.50763705823588
9,0.01,20,200,4,,40.19184052326065
9,0.01,20,200,6,,39.16936592919168
9,0.01,20,200,8,,38.59230460112831
9,0.01,26,50,2,,35.1768600069698
9,0.01,26,50,4,,33.13027641450511
9,0.01,26,50,6,,33.44564286665628
9,0.01,26,50,8,,32.218647702310925
9,0.01,26,100,2,,34.73792616948923
9,0.01,26,100,4,,33.69720217356586
9,0.01,26,100,6,,32.02787174925336
9,0.01,26,100,8,,32.36719622141145
9,0.01,26,200,2,,35.31359964194575
9,0.01,26,200,4,,34.193271352060115
9,0.01,26,200,6,,32.83751999034353
9,0.01,26,200,8,,32.39220951987292
9,0.01,32,50,2,,29.717486397788328
9,0.01,32,50,2,,75.48217007119779
9,0.01,32,50,4,,26.657217028340465
9,0.01,32,50,4,,87.34168510930594
9,0.01,32,50,6,,25.516713368551454
9,0.01,32,50,6,,89.58105845083885
9,0.01,32,50,8,,24.44767217807777
9,0.01,32,50,8,,90.0429137174602
9,0.01,32,100,2,,30.43691533523908
9,0.01,32,100,2,,76.42679978317591
9,0.01,32,100,4,,26.578568999244624
9,0.01,32,100,4,,87.08906052539436
9,0.01,32,100,6,,25.833056893459077
9,0.01,32,100,6,,89.00063835943791
9,0.01,32,100,8,,24.733143470357604
9,0.01,32,100,8,,88.57699862558201
9,0.01,32,200,2,,29.972623031838427
9,0.01,32,200,2,,76.23425610707577
9,0.01,32,200,4,,26.88987554451148
9,0.01,32,200,4,,86.80685656929772
9,0.01,32,200,6,,25.78308306101789
9,0.01,32,200,6,,88.90417604625294
9,0.01,32,200,8,,24.29780436513869
9,0.01,32,200,8,,87.28133017826188
9,0.01,56,50,2,,67.41980081950335
9,0.01,56,50,4,,79.66299138177234
9,0.01,56,50,6,,81.13136793162849
9,0.01,56,50,8,,80.03188206051811
9,0.01,56,100,2,,67.83647270654893
9,0.01,56,100,4,,80.24503579635625
9,0.01,56,100,6,,80.68624697302535
9,0.01,56,100,8,,78.62149520364416
9,0.01,56,200,2,,67.23342291290615
9,0.01,56,200,4,,79.8737785472815
9,0.01,56,200,6,,80.5759184252089
9,0.01,56,200,8,,80.69223897359961
9,0.01,80,50,2,,58.18123956062042
9,0.01,80,50,4,,65.88496491489661
9,0.01,80,50,6,,66.21996504644164
9,0.01,80,50,8,,65.82129389452894
9,0.01,80,100,2,,58.66595986691885
9,0.01,80,100,4,,65.88299752318788
9,0.01,80,100,6,,66.53869111397618
9,0.01,80,100,8,,63.326496923127934
9,0.01,80,200,2,,58.78703160424812
9,0.01,80,200,4,,66.1428445199862
9,0.01,80,200,6,,65.02276591181361
9,0.01,80,200,8,,63.22404538509029
9,0.01,104,50,2,,48.43929251030537
9,0.01,104,50,4,,50.63256316027221
9,0.01,104,50,6,,47.762330185868606
9,0.01,104,50,8,,42.97778757939648
9,0.01,104,100,2,,48.32227817691118
9,0.01,104,100,4,,50.14427545037534
9,0.01,104,100,6,,45.330134255534205
9,0.01,104,100,8,,41.336210248152206
9,0.01,104,200,2,,48.3995474896676
9,0.01,104,200,4,,50.388425907380594
9,0.01,104,200,6,,46.34960818161106
9,0.01,104,200,8,,41.2692452590067
9,0.01,128,50,2,"(32, 32)",112.13710688078903
9,0.01,128,50,2,,37.96126785966754
9,0.01,128,50,4,"(32, 32)",139.36843944213706
9,0.01,128,50,4,,31.67921956536347
9,0.01,128,50,6,"(32, 32)",149.87821091623823
9,0.01,128,50,6,,25.553775408382812
9,0.01,128,50,8,"(32, 32)",154.89016862407783
9,0.01,128,50,8,,22.78196976810593
9,0.01,128,100,2,"(32, 32)",111.71714052121354
9,0.01,128,100,2,,35.55582106477892
9,0.01,128,100,4,"(32, 32)",138.74639553852512
9,0.01,128,100,4,,31.57111795441526
9,0.01,128,100,6,"(32, 32)",149.15836679110248
9,0.01,128,100,6,,24.32115791927226
9,0.01,128,100,8,"(32, 32)",153.88521082798135
9,0.01,128,100,8,,22.71213835122328
9,0.01,128,200,2,"(32, 32)",111.569454987164
9,0.01,128,200,2,,35.66541575677361
9,0.01,128,200,4,"(32, 32)",137.86248207849644
9,0.01,128,200,4,,30.483240119147787
9,0.01,128,200,6,"(32, 32)",148.18273346634754
9,0.01,128,200,6,,23.094783032016093
9,0.01,128,200,8,"(32, 32)",155.1781201640912
9,0.01,128,200,8,,24.44652646282109
9,0.01,224,50,2,"(32, 32)",95.31433303821376
9,0.01,224,50,4,"(32, 32)",121.1451006923224
9,0.01,224,50,6,"(32, 32)",130.19686344663904
9,0.01,224,50,8,"(32, 32)",133.44257587007263
9,0.01,224,100,2,"(32, 32)",94.16173931722544
9,0.01,224,100,4,"(32, 32)",120.92112071384544
9,0.01,224,100,6,"(32, 32)",131.0191114331416
9,0.01,224,100,8,"(32, 32)",133.70402043131796
9,0.01,224,200,2,"(32, 32)",94.16437386841308
9,0.01,224,200,4,"(32, 32)",120.31462129382452
9,0.01,224,200,6,"(32, 32)",130.85773398574605
9,0.01,224,200,8,"(32, 32)",133.2446516441559
9,0.01,320,50,2,"(32, 32)",75.97318299139502
9,0.01,320,50,4,"(32, 32)",92.97361229242756
9,0.01,320,50,6,"(32, 32)",94.4119840798006
9,0.01,320,50,8,"(32, 32)",87.95498121250878
9,0.01,320,100,2,"(32, 32)",77.10513863564617
9,0.01,320,100,4,"(32, 32)",92.17493647424978
9,0.01,320,100,6,"(32, 32)",92.38108751940686
9,0.01,320,100,8,"(32, 32)",91.54961138423522
9,0.01,320,200,2,"(32, 32)",75.46804416239542
9,0.01,320,200,4,"(32, 32)",92.74275096933906
9,0.01,320,200,6,"(32, 32)",93.32978739360388
9,0.01,320,200,8,"(32, 32)",90.70703074533829
9,0.01,416,50,2,"(32, 32)",54.29758721851907
9,0.01,416,50,4,"(32, 32)",56.34194237575243
9,0.01,416,50,6,"(32, 32)",43.53368827087055
9,0.01,416,50,8,"(32, 32)",37.14750728946756
9,0.01,416,100,2,"(32, 32)",54.29150142727482
9,0.01,416,100,4,"(32, 32)",57.08487977023836
9,0.01,416,100,6,"(32, 32)",50.8387423946687
9,0.01,416,100,8,"(32, 32)",41.65035774471152
9,0.01,416,200,2,"(32, 32)",55.80785071134067
9,0.01,416,200,4,"(32, 32)",55.504989399752176
9,0.01,416,200,6,"(32, 32)",46.71137788204193
9,0.01,416,200,8,"(32, 32)",47.671782456929904
9,0.01,512,50,2,"(32, 32)",34.27318033609285
9,0.01,512,50,4,"(32, 32)",17.090014842893563
9,0.01,512,50,6,"(32, 32)",13.960758662772792
9,0.01,512,50,8,"(32, 32)",9.31864470455005
9,0.01,512,100,2,"(32, 32)",35.18462201506183
9,0.01,512,100,4,"(32, 32)",17.74607021188319
9,0.01,512,100,6,"(32, 32)",13.558779439091474
9,0.01,512,100,8,"(32, 32)",8.997881746029304
9,0.01,512,200,2,"(32, 32)",34.28071125062718
9,0.01,512,200,4,"(32, 32)",21.5468566761672
9,0.01,512,200,6,"(32, 32)",19.92029529965456
9,0.01,512,200,8,"(32, 32)",15.580853405987964
9,0.1,8,50,2,,28.76524148050283
9,0.1,8,50,4,,28.126907690835463
9,0.1,8,50,6,,27.85827867337303
9,0.1,8,50,8,,28.81013224175824
9,0.1,8,100,2,,29.174556435267014
9,0.1,8,100,4,,28.6569275687514
9,0.1,8,100,6,,27.62396051859085
9,0.1,8,100,8,,27.253798893698903
9,0.1,8,200,2,,29.228975418201077
9,0.1,8,200,4,,28.364786872782577
9,0.1,8,200,6,,27.46328844233061
9,0.1,8,200,8,,26.928212275103
9,0.1,14,50,2,,20.588988058930227
9,0.1,14,50,4,,21.574799056902087
9,0.1,14,50,6,,19.79638334053669
9,0.1,14,50,8,,19.846115716204924
9,0.1,14,100,2,,20.885587097639508
9,0.1,14,100,4,,20.13998243965664
9,0.1,14,100,6,,18.48284745857634
9,0.1,14,100,8,,19.21082620173509
9,0.1,14,200,2,,21.1802577241341
9,0.1,14,200,4,,19.484617181296127
9,0.1,14,200,6,,19.16747289979829
9,0.1,14,200,8,,18.543865984948354
9,0.1,20,50,2,,13.862247414519324
9,0.1,20,50,4,,12.88047970204279
9,0.1,20,50,6,,12.06381455606254
9,0.1,20,50,8,,13.37851419361689
9,0.1,20,100,2,,14.834547286060774
9,0.1,20,100,4,,12.956780703505425
9,0.1,20,100,6,,13.095658120028933
9,0.1,20,100,8,,14.760092692924085
9,0.1,20,200,2,,14.380296477761858
9,0.1,20,200,4,,12.609514616201576
9,0.1,20,200,6,,12.578597198531725
9,0.1,20,200,8,,13.09427701849961
9,0.1,26,50,2,,10.151549205093168
9,0.1,26,50,4,,9.617175997022974
9,0.1,26,50,6,,10.120053248510382
9,0.1,26,50,8,,10.490700372783673
9,0.1,26,100,2,,9.612789980082365
9,0.1,26,100,4,,9.786252823411546
9,0.1,26,100,6,,10.067148402563086
9,0.1,26,100,8,,11.098005655193418
9,0.1,26,200,2,,9.630861751546046
9,0.1,26,200,4,,9.544132519283997
9,0.1,26,200,6,,10.296203313519982
9,0.1,26,200,8,,10.434003049990777
9,0.1,32,50,2,,7.533956334282473
9,0.1,32,50,2,,34.62056651462331
9,0.1,32,50,4,,8.250128080356399
9,0.1,32,50,4,,40.687217277798574
9,0.1,32,50,6,,8.940149514742316
9,0.1,32,50,6,,38.61142860178388
9,0.1,32,50,8,,9.354042533838165
9,0.1,32,50,8,,39.55738163482233
9,0.1,32,100,2,,7.509123529929718
9,0.1,32,100,2,,35.75894378612801
9,0.1,32,100,4,,8.280452128427038
9,0.1,32,100,4,,39.94816258374268
9,0.1,32,100,6,,8.869153098152427
9,0.1,32,100,6,,39.61069516722547
9,0.1,32,100,8,,9.366982655834644
9,0.1,32,100,8,,38.57442805520747
9,0.1,32,200,2,,7.442865311764836
9,0.1,32,200,2,,34.762290318037415
9,0.1,32,200,4,,8.214086565719334
9,0.1,32,200,4,,40.39070249214338
9,0.1,32,200,6,,8.840848520904546
9,0.1,32,200,6,,40.7595625346838
9,0.1,32,200,8,,9.524562202865283
9,0.1,32,200,8,,38.495490912406325
9,0.1,56,50,2,,21.926658973000464
9,0.1,56,50,4,,18.200511250284386
9,0.1,56,50,6,,18.172680247367115
9,0.1,56,50,8,,16.075701086913472
9,0.1,56,100,2,,21.97403389778415
9,0.1,56,100,4,,19.08410640744296
9,0.1,56,100,6,,16.958427985049827
9,0.1,56,100,8,,16.62211033080232
9,0.1,56,200,2,,19.88946515437751
9,0.1,56,200,4,,17.71371458381018
9,0.1,56,200,6,,18.58892523734205
9,0.1,56,200,8,,17.80798753834963
9,0.1,80,50,2,,10.50929575381771
9,0.1,80,50,4,,10.422124445044687
9,0.1,80,50,6,,11.131930817608747
9,0.1,80,50,8,,11.592621205946502
9,0.1,80,100,2,,10.805850591829383
9,0.1,80,100,4,,10.928392204004703
9,0.1,80,100,6,,11.158643449761984
9,0.1,80,100,8,,11.579438046275358
9,0.1,80,200,2,,11.366638463974436
9,0.1,80,200,4,,10.46499575582492
9,0.1,80,200,6,,11.101849760973815
9,0.1,80,200,8,,11.593788002959531
9,0.1,104,50,2,,7.903636394832366
9,0.1,104,50,4,,9.225854857825697
9,0.1,104,50,6,,10.037556314844846
9,0.1,104,50,8,,10.56825307335422
9,0.1,104,100,2,,8.080651956071135
9,0.1,104,100,4,,9.212298706008747
9,0.1,104,100,6,,10.061602629459411
9,0.1,104,100,8,,10.60519717941894
9,0.1,104,200,2,,7.943371380922818
9,0.1,104,200,4,,9.227943724012146
9,0.1,104,200,6,,9.974464237672782
9,0.1,104,200,8,,10.533612357037356
9,0.1,128,50,2,"(32, 32)",39.87870441318058
9,0.1,128,50,2,,6.854298444445452
9,0.1,128,50,4,"(32, 32)",53.78182130163269
9,0.1,128,50,4,,8.517598502684292
9,0.1,128,50,6,"(32, 32)",56.4660077761806
9,0.1,128,50,6,,9.443602351126977
9,0.1,128,50,8,"(32, 32)",54.60074106489037
9,0.1,128,50,8,,10.016452987177445
9,0.1,128,100,2,"(32, 32)",39.1968697718906
9,0.1,128,100,2,,6.830064162124704
9,0.1,128,100,4,"(32, 32)",54.05709303790521
9,0.1,128,100,4,,8.544762944950573
9,0.1,128,100,6,"(32, 32)",57.36565168429679
9,0.1,128,100,6,,9.411703664217075
9,0.1,128,100,8,"(32, 32)",59.03371594328541
9,0.1,128,100,8,,9.978873825289352
9,0.1,128,200,2,"(32, 32)",40.92039759162167
9,0.1,128,200,2,,6.8708716742111084
9,0.1,128,200,4,"(32, 32)",52.220391787020255
9,0.1,128,200,4,,8.549611436368943
9,0.1,128,200,6,"(32, 32)",57.53280277840052
9,0.1,128,200,6,,9.41131475719436
9,0.1,128,200,8,"(32, 32)",57.42559289223454
9,0.1,128,200,8,,9.917139271819767
9,0.1,224,50,2,"(32, 32)",16.84258961263437
9,0.1,224,50,4,"(32, 32)",12.850866569065596
9,0.1,224,50,6,"(32, 32)",14.77430416734238
9,0.1,224,50,8,"(32, 32)",17.137128113343394
9,0.1,224,100,2,"(32, 32)",17.802857583226974
9,0.1,224,100,4,"(32, 32)",14.39058709320808
9,0.1,224,100,6,"(32, 32)",17.98868692708948
9,0.1,224,100,8,"(32, 32)",15.103784230970168
9,0.1,224,200,2,"(32, 32)",18.55542761681791
9,0.1,224,200,4,"(32, 32)",16.237882468378835
9,0.1,224,200,6,"(32, 32)",18.79422711552335
9,0.1,224,200,8,"(32, 32)",13.823513559516153
9,0.1,320,50,2,"(32, 32)",9.140011289159702
9,0.1,320,50,4,"(32, 32)",10.633223997249544
9,0.1,320,50,6,"(32, 32)",11.696259016266096
9,0.1,320,50,8,"(32, 32)",12.445922606720272
9,0.1,320,100,2,"(32, 32)",9.105218007527313
9,0.1,320,100,4,"(32, 32)",10.56115696060027
9,0.1,320,100,6,"(32, 32)",11.696414261105105
9,0.1,320,100,8,"(32, 32)",12.3366685086606
9,0.1,320,200,2,"(32, 32)",9.224722682847409
9,0.1,320,200,4,"(32, 32)",10.543274124884592
9,0.1,320,200,6,"(32, 32)",11.622927080965592
9,0.1,320,200,8,"(32, 32)",12.375314881913658
9,0.1,416,50,2,"(32, 32)",7.784163699350818
9,0.1,416,50,4,"(32, 32)",9.854869556695927
9,0.1,416,50,6,"(32, 32)",11.137300698908607
9,0.1,416,50,8,"(32, 32)",11.942135055808158
9,0.1,416,100,2,"(32, 32)",7.802448612179584
9,0.1,416,100,4,"(32, 32)",9.782170359055998
9,0.1,416,100,6,"(32, 32)",11.160655799930463
9,0.1,416,100,8,"(32, 32)",11.845766887194427
9,0.1,416,200,2,"(32, 32)",7.778110100443368
9,0.1,416,200,4,"(32, 32)",9.818204157254783
9,0.1,416,200,6,"(32, 32)",11.088545661138362
9,0.1,416,200,8,"(32, 32)",11.78566814925506
9,0.1,512,50,2,"(32, 32)",7.118843497314561
9,0.1,512,50,4,"(32, 32)",9.527580780671794
9,0.1,512,50,6,"(32, 32)",10.823663494250344
9,0.1,512,50,8,"(32, 32)",11.540578320323869
9,0.1,512,100,2,"(32, 32)",7.128195598140637
9,0.1,512,100,4,"(32, 32)",9.450901041015111
9,0.1,512,100,6,"(32, 32)",10.72738539837884
9,0.1,512,100,8,"(32, 32)",11.485006426625494
9,0.1,512,200,2,"(32, 32)",7.10723321532724
9,0.1,512,200,4,"(32, 32)",9.4270294918539
9,0.1,512,200,6,"(32, 32)",10.70214785828142
9,0.1,512,200,8,"(32, 32)",11.497501765361136
9,1.0,8,50,2,,22.418172944051754
9,1.0,8,50,4,,19.695251101587655
9,1.0,8,50,6,,19.82480265842656
9,1.0,8,50,8,,19.802323384228785
9,1.0,8,100,2,,21.71657422920202
9,1.0,8,100,4,,19.69878449151407
9,1.0,8,100,6,,20.148296732889666
9,1.0,8,100,8,,20.061695213457075
9,1.0,8,200,2,,22.076912038734395
9,1.0,8,200,4,,20.21161394789902
9,1.0,8,200,6,,19.746726718496173
9,1.0,8,200,8,,19.72674263144861
9,1.0,14,50,2,,14.962214498576609
9,1.0,14,50,4,,14.291823731978278
9,1.0,14,50,6,,14.880470488093495
9,1.0,14,50,8,,15.208936217738708
9,1.0,14,100,2,,15.064931459571657
9,1.0,14,100,4,,14.396197537545776
9,1.0,14,100,6,,14.879931618112929
9,1.0,14,100,8,,15.38594595950628
9,1.0,14,200,2,,15.271292283610926
9,1.0,14,200,4,,14.446049524447607
9,1.0,14,200,6,,14.877636459460655
9,1.0,14,200,8,,15.11107341132105
9,1.0,20,50,2,,11.269987703331887
9,1.0,20,50,4,,12.129142446874884
9,1.0,20,50,6,,12.841456596014496
9,1.0,20,50,8,,13.409705083620874
9,1.0,20,100,2,,11.363233412100662
9,1.0,20,100,4,,12.019660579567049
9,1.0,20,100,6,,12.87849556589478
9,1.0,20,100,8,,13.311079925588322
9,1.0,20,200,2,,11.406687270888494
9,1.0,20,200,4,,12.027162645295304
9,1.0,20,200,6,,12.810383096128705
9,1.0,20,200,8,,13.391082506587814
9,1.0,26,50,2,,9.726254623013896
9,1.0,26,50,4,,10.980297650470131
9,1.0,26,50,6,,11.814385803505086
9,1.0,26,50,8,,12.39471560442396
9,1.0,26,100,2,,9.541619735224772
9,1.0,26,100,4,,10.942538076556314
9,1.0,26,100,6,,11.81610972639312
9,1.0,26,100,8,,12.459264680035796
9,1.0,26,200,2,,9.671513712456514
9,1.0,26,200,4,,10.99426380060684
9,1.0,26,200,6,,11.822605230904092
9,1.0,26,200,8,,12.442719097726265
9,1.0,32,50,2,,8.831840772907327
9,1.0,32,50,2,,18.237013598957063
9,1.0,32,50,4,,10.340850884791076
9,1.0,32,50,4,,16.5938919549822
9,1.0,32,50,6,,11.30326812206354
9,1.0,32,50,6,,17.04581348110632
9,1.0,32,50,8,,11.85309918272836
9,1.0,32,50,8,,17.715414281571984
9,1.0,32,100,2,,8.763055707041183
9,1.0,32,100,2,,18.211806686913675
9,1.0,32,100,4,,10.43842224797884
9,1.0,32,100,4,,16.702119060089714
9,1.0,32,100,6,,11.189753129705757
9,1.0,32,100,6,,17.178877009502607
9,1.0,32,100,8,,11.771384077212913
9,1.0,32,100,8,,17.517508331510257
9,1.0,32,200,2,,8.854122697309636
9,1.0,32,200,2,,17.692174826158194
9,1.0,32,200,4,,10.459645608182877
9,1.0,32,200,4,,16.855126779917434
9,1.0,32,200,6,,11.246482129560665
9,1.0,32,200,6,,17.251406183839745
9,1.0,32,200,8,,11.83460585150179
9,1.0,32,200,8,,17.703561991241603
9,1.0,56,50,2,,11.977687596217724
9,1.0,56,50,4,,13.248732596187208
9,1.0,56,50,6,,14.186876325300956
9,1.0,56,50,8,,14.764460312862036
9,1.0,56,100,2,,11.995608320882983
9,1.0,56,100,4,,13.148781004128528
9,1.0,56,100,6,,14.184382159089886
9,1.0,56,100,8,,14.835912044557546
9,1.0,56,200,2,,11.98118435439233
9,1.0,56,200,4,,13.073073492844612
9,1.0,56,200,6,,14.23648983500728
9,1.0,56,200,8,,14.778090286456113
9,1.0,80,50,2,,10.01548921728113
9,1.0,80,50,4,,11.930506390218763
9,1.0,80,50,6,,13.11919078331747
9,1.0,80,50,8,,13.814879475694983
9,1.0,80,100,2,,9.956474183857864
9,1.0,80,100,4,,11.9910120683103
9,1.0,80,100,6,,13.02679850339472
9,1.0,80,100,8,,13.796124862375729
9,1.0,80,200,2,,10.044730282357635
9,1.0,80,200,4,,11.938415811770277
9,1.0,80,200,6,,13.006368397692125
9,1.0,80,200,8,,13.688432356899174
9,1.0,104,50,2,,9.18460743322177
9,1.0,104,50,4,,11.399583849087344
9,1.0,104,50,6,,12.566510371712717
9,1.0,104,50,8,,13.355296229508715
9,1.0,104,100,2,,9.206307811257725
9,1.0,104,100,4,,11.428526479768916
9,1.0,104,100,6,,12.62974897145748
9,1.0,104,100,8,,13.327528659587236
9,1.0,104,200,2,,9.163990277382178
9,1.0,104,200,4,,11.386852419348356
9,1.0,104,200,6,,12.572525199520506
9,1.0,104,200,8,,13.219833437841324
9,1.0,128,50,2,"(32, 32)",16.39343447103454
9,1.0,128,50,2,,8.790114737359648
9,1.0,128,50,4,"(32, 32)",15.982186772681178
9,1.0,128,50,4,,11.098899312476275
9,1.0,128,50,6,"(32, 32)",17.132100436211704
9,1.0,128,50,6,,12.326247697239465
9,1.0,128,50,8,"(32, 32)",17.869881597381763
9,1.0,128,50,8,,13.010194742444408
9,1.0,128,100,2,"(32, 32)",16.60380534022617
9,1.0,128,100,2,,8.785230284328444
9,1.0,128,100,4,"(32, 32)",15.821061300758968
9,1.0,128,100,4,,11.10495606861588
9,1.0,128,100,6,"(32, 32)",17.06319104706081
9,1.0,128,100,6,,12.26933630904115
9,1.0,128,100,8,"(32, 32)",17.612180985539037
9,1.0,128,100,8,,13.006939136408771
9,1.0,128,200,2,"(32, 32)",16.68916352513514
9,1.0,128,200,2,,8.772626124269228
9,1.0,128,200,4,"(32, 32)",15.966183450563594
9,1.0,128,200,4,,11.066487256476371
9,1.0,128,200,6,"(32, 32)",17.01392467399865
9,1.0,128,200,6,,12.23443767195394
9,1.0,128,200,8,"(32, 32)",17.768412858607153
9,1.0,128,200,8,,13.004586364433502
9,1.0,224,50,2,"(32, 32)",11.26833020029719
9,1.0,224,50,4,"(32, 32)",13.403426435429148
9,1.0,224,50,6,"(32, 32)",14.914845545471254
9,1.0,224,50,8,"(32, 32)",15.988064367191942
9,1.0,224,100,2,"(32, 32)",11.344720804167537
9,1.0,224,100,4,"(32, 32)",13.405939841072724
9,1.0,224,100,6,"(32, 32)",14.94909001263323
9,1.0,224,100,8,"(32, 32)",15.854642896814108
9,1.0,224,200,2,"(32, 32)",11.279392417073709
9,1.0,224,200,4,"(32, 32)",13.353588756290169
9,1.0,224,200,6,"(32, 32)",14.878669734886715
9,1.0,224,200,8,"(32, 32)",15.98851149090572
9,1.0,320,50,2,"(32, 32)",10.020131446752837
9,1.0,320,50,4,"(32, 32)",12.642837764549643
9,1.0,320,50,6,"(32, 32)",14.3102723099599
9,1.0,320,50,8,"(32, 32)",15.41151372348036
9,1.0,320,100,2,"(32, 32)",9.958942240423712
9,1.0,320,100,4,"(32, 32)",12.700909072900105
9,1.0,320,100,6,"(32, 32)",14.228615894893776
9,1.0,320,100,8,"(32, 32)",15.308681837229026
9,1.0,320,200,2,"(32, 32)",10.010092601366855
9,1.0,320,200,4,"(32, 32)",12.637623132243547
9,1.0,320,200,6,"(32, 32)",14.179573298222966
9,1.0,320,200,8,"(32, 32)",15.324253351589151
9,1.0,416,50,2,"(32, 32)",9.522583069623026
9,1.0,416,50,4,"(32, 32)",12.44632258509854
9,1.0,416,50,6,"(32, 32)",14.045113356537854
9,1.0,416,50,8,"(32, 32)",15.079304671712292
9,1.0,416,100,2,"(32, 32)",9.532462021106504
9,1.0,416,100,4,"(32, 32)",12.388072497768205
9,1.0,416,100,6,"(32, 32)",13.97171637595003
9,1.0,416,100,8,"(32, 32)",15.007928151802563
9,1.0,416,200,2,"(32, 32)",9.526131077689731
9,1.0,416,200,4,"(32, 32)",12.36003903848847
9,1.0,416,200,6,"(32, 32)",13.959857337463166
9,1.0,416,200,8,"(32, 32)",14.936882868192924
9,1.0,512,50,2,"(32, 32)",9.279362033750918
9,1.0,512,50,4,"(32, 32)",12.226032555158476
9,1.0,512,50,6,"(32, 32)",13.871620935226188
9,1.0,512,50,8,"(32, 32)",14.916231728007682
9,1.0,512,100,2,"(32, 32)",9.277304687417764
9,1.0,512,100,4,"(32, 32)",12.234580319607364
9,1.0,512,100,6,"(32, 32)",13.75783897973566
9,1.0,512,100,8,"(32, 32)",14.850554438557786
9,1.0,512,200,2,"(32, 32)",9.26630202291786
9,1.0,512,200,4,"(32, 32)",12.239318394600424
9,1.0,512,200,6,"(32, 32)",13.745161974005631
9,1.0,512,200,8,"(32, 32)",14.845648264723987
9,10.0,8,50,2,,22.271315576264428
9,10.0,8,50,4,,20.137172926952537
9,10.0,8,50,6,,20.29368992718169
9,10.0,8,50,8,,20.19027709755671
9,10.0,8,100,2,,22.50313469984971
9,10.0,8,100,4,,20.26811594716814
9,10.0,8,100,6,,20.544302450793925
9,10.0,8,100,8,,20.57777602610204
9,10.0,8,200,2,,21.66540069794103
9,10.0,8,200,4,,20.24778415188989
9,10.0,8,200,6,,20.250430632356892
9,10.0,8,200,8,,20.409020228552205
9,10.0,14,50,2,,15.715561287372095
9,10.0,14,50,4,,16.610411589206386
9,10.0,14,50,6,,17.30171280689418
9,10.0,14,50,8,,17.796201296305156
9,10.0,14,100,2,,15.832647462679455
9,10.0,14,100,4,,16.325334783278805
9,10.0,14,100,6,,17.336365043384397
9,10.0,14,100,8,,17.765477269614443
9,10.0,14,200,2,,15.959854664343984
9,10.0,14,200,4,,16.37293084736116
9,10.0,14,200,6,,17.244034329898067
9,10.0,14,200,8,,17.860206190843467
9,10.0,20,50,2,,13.5748940367102
9,10.0,20,50,4,,15.245218121352904
9,10.0,20,50,6,,16.09525838653412
9,10.0,20,50,8,,16.888815642638626
9,10.0,20,100,2,,13.501528759333564
9,10.0,20,100,4,,15.032839748515284
9,10.0,20,100,6,,16.158446171907425
9,10.0,20,100,8,,16.78321119388407
9,10.0,20,200,2,,13.582202013953832
9,10.0,20,200,4,,15.302194295869946
9,10.0,20,200,6,,16.182464641247773
9,10.0,20,200,8,,16.770317053894203
9,10.0,26,50,2,,12.803646396767869
9,10.0,26,50,4,,14.59107636296691
9,10.0,26,50,6,,15.597477469314123
9,10.0,26,50,8,,16.267821648247782
9,10.0,26,100,2,,12.848213404088598
9,10.0,26,100,4,,14.70152593464804
9,10.0,26,100,6,,15.74213733901748
9,10.0,26,100,8,,16.253921270420843
9,10.0,26,200,2,,12.70859971731356
9,10.0,26,200,4,,14.615671687839692
9,10.0,26,200,6,,15.599528188172984
9,10.0,26,200,8,,16.35866249959436
9,10.0,32,50,2,,12.343802536478387
9,10.0,32,50,2,,17.47383592300253
9,10.0,32,50,4,,14.379459253365178
9,10.0,32,50,4,,17.524058997212745
9,10.0,32,50,6,,15.39074645018705
9,10.0,32,50,6,,18.479293576234458
9,10.0,32,50,8,,15.9451797233111
9,10.0,32,50,8,,19.27831138338941
9,10.0,32,100,2,,12.295435975153213
9,10.0,32,100,2,,17.521273625209524
9,10.0,32,100,4,,14.3096814441212
9,10.0,32,100,4,,17.784458400575673
9,10.0,32,100,6,,15.341957997642153
9,10.0,32,100,6,,18.82731992654438
9,10.0,32,100,8,,15.913154946967962
9,10.0,32,100,8,,19.55986965643081
9,10.0,32,200,2,,12.399552004935328
9,10.0,32,200,2,,18.026326424606182
9,10.0,32,200,4,,14.259841331465928
9,10.0,32,200,4,,17.783240449919642
9,10.0,32,200,6,,15.33513777246518
9,10.0,32,200,6,,18.57470918122252
9,10.0,32,200,8,,16.036383388831894
9,10.0,32,200,8,,19.539032141026244
9,10.0,56,50,2,,13.856957604317463
9,10.0,56,50,4,,15.973710276996629
9,10.0,56,50,6,,17.33029252058017
9,10.0,56,50,8,,18.120132424079085
9,10.0,56,100,2,,13.733827269723813
9,10.0,56,100,4,,16.017667790833954
9,10.0,56,100,6,,17.24481831000031
9,10.0,56,100,8,,18.14272793615481
9,10.0,56,200,2,,13.80894251791696
9,10.0,56,200,4,,15.950559284605012
9,10.0,56,200,6,,17.358276112657947
9,10.0,56,200,8,,18.15055897169857
9,10.0,80,50,2,,12.807822364504558
9,10.0,80,50,4,,15.49713452832062
9,10.0,80,50,6,,16.920604992775324
9,10.0,80,50,8,,17.69967782109898
9,10.0,80,100,2,,12.764764054027026
9,10.0,80,100,4,,15.49556964192772
9,10.0,80,100,6,,16.911827535293046
9,10.0,80,100,8,,17.685574052643393
9,10.0,80,200,2,,12.688355665996912
9,10.0,80,200,4,,15.494390395495634
9,10.0,80,200,6,,16.832192498756232
9,10.0,80,200,8,,17.605325417689507
9,10.0,104,50,2,,12.346559460739584
9,10.0,104,50,4,,15.165477720056796
9,10.0,104,50,6,,16.603331362567125
9,10.0,104,50,8,,17.345320017092835
9,10.0,104,100,2,,12.382334837741045
9,10.0,104,100,4,,15.189212655411358
9,10.0,104,100,6,,16.65275413943492
9,10.0,104,100,8,,17.377142794640385
9,10.0,104,200,2,,12.324012602277463
9,10.0,104,200,4,,15.176443337391238
9,10.0,104,200,6,,16.660276116032747
9,10.0,104,200,8,,17.35426773218933
9,10.0,128,50,2,"(32, 32)",16.384021516137597
9,10.0,128,50,2,,12.084701899054592
9,10.0,128,50,4,"(32, 32)",17.804601370321514
9,10.0,128,50,4,,15.006413042548324
9,10.0,128,50,6,"(32, 32)",19.29742504988446
9,10.0,128,50,6,,16.468961363273937
9,10.0,128,50,8,"(32, 32)",20.476914316565825
9,10.0,128,50,8,,17.272487854096813
9,10.0,128,100,2,"(32, 32)",16.491027473192265
9,10.0,128,100,2,,12.11935812657364
9,10.0,128,100,4,"(32, 32)",17.726011587957576
9,10.0,128,100,4,,15.003643483485638
9,10.0,128,100,6,"(32, 32)",19.383404588554704
9,10.0,128,100,6,,16.469371342383717
9,10.0,128,100,8,"(32, 32)",20.44855268062211
9,10.0,128,100,8,,17.267694879108454
9,10.0,128,200,2,"(32, 32)",16.240587530924163
9,10.0,128,200,2,,12.080949973590831
9,10.0,128,200,4,"(32, 32)",17.827201264344147
9,10.0,128,200,4,,15.038561400945564
9,10.0,128,200,6,"(32, 32)",19.480194597780148
9,10.0,128,200,6,,16.48175126298247
9,10.0,128,200,8,"(32, 32)",20.34639468486649
9,10.0,128,200,8,,17.259540738994072
9,10.0,224,50,2,"(32, 32)",13.53218353786595
9,10.0,224,50,4,"(32, 32)",16.805029134500952
9,10.0,224,50,6,"(32, 32)",18.730603981524336
9,10.0,224,50,8,"(32, 32)",19.704636832672648
9,10.0,224,100,2,"(32, 32)",13.592555061524893
9,10.0,224,100,4,"(32, 32)",16.88590345989039
9,10.0,224,100,6,"(32, 32)",18.73176776729159
9,10.0,224,100,8,"(32, 32)",19.71602015635164
9,10.0,224,200,2,"(32, 32)",13.61979841982186
9,10.0,224,200,4,"(32, 32)",16.754243455527615
9,10.0,224,200,6,"(32, 32)",18.621894936023583
9,10.0,224,200,8,"(32, 32)",19.677624456889035
9,10.0,320,50,2,"(32, 32)",12.883614926306048
9,10.0,320,50,4,"(32, 32)",16.585947159824084
9,10.0,320,50,6,"(32, 32)",18.406021816218765
9,10.0,320,50,8,"(32, 32)",19.638843391841768
9,10.0,320,100,2,"(32, 32)",12.870619389731862
9,10.0,320,100,4,"(32, 32)",16.438064391451324
9,10.0,320,100,6,"(32, 32)",18.29115827660604
9,10.0,320,100,8,"(32, 32)",19.41145458857694
9,10.0,320,200,2,"(32, 32)",12.82973812986676
9,10.0,320,200,4,"(32, 32)",16.516171708888244
9,10.0,320,200,6,"(32, 32)",18.304075106293304
9,10.0,320,200,8,"(32, 32)",19.367297111838116
9,10.0,416,50,2,"(32, 32)",12.54289667090392
9,10.0,416,50,4,"(32, 32)",16.26913768938003
9,10.0,416,50,6,"(32, 32)",18.28626546284497
9,10.0,416,50,8,"(32, 32)",19.439561053842358
9,10.0,416,100,2,"(32, 32)",12.527804007905695
9,10.0,416,100,4,"(32, 32)",16.33758020009186
9,10.0,416,100,6,"(32, 32)",18.25435304329619
9,10.0,416,100,8,"(32, 32)",19.32171016192777
9,10.0,416,200,2,"(32, 32)",12.567545774219775
9,10.0,416,200,4,"(32, 32)",16.329307929451083
9,10.0,416,200,6,"(32, 32)",18.21001925254277
9,10.0,416,200,8,"(32, 32)",19.342103558358275
9,10.0,512,50,2,"(32, 32)",12.350683809569608
9,10.0,512,50,4,"(32, 32)",16.303178133374338
9,10.0,512,50,6,"(32, 32)",18.202312192656613
9,10.0,512,50,8,"(32, 32)",19.373353752830827
9,10.0,512,100,2,"(32, 32)",12.356373032925504
9,10.0,512,100,4,"(32, 32)",16.278034383221694
9,10.0,512,100,6,"(32, 32)",18.137650908901183
9,10.0,512,100,8,"(32, 32)",19.24801536336842
9,10.0,512,200,2,"(32, 32)",12.38140595447156
9,10.0,512,200,4,"(32, 32)",16.219966776633896
9,10.0,512,200,6,"(32, 32)",18.13656930987189
9,10.0,512,200,8,"(32, 32)",19.26551461168826
