rep,alp,num_cell,cell_size,sparse_freq,error,filter_dim
0,0.01,8,50,2,30.975746634708205,
0,0.01,8,50,4,31.548574809002837,
0,0.01,8,50,6,30.957604551572352,
0,0.01,8,50,8,30.99076742693619,
0,0.01,8,100,2,30.75252919534262,
0,0.01,8,100,4,32.010049016951335,
0,0.01,8,100,6,30.96325345345039,
0,0.01,8,100,8,30.75236378089972,
0,0.01,8,200,2,30.815935295452984,
0,0.01,8,200,4,31.49895905485301,
0,0.01,8,200,6,31.335442823729625,
0,0.01,8,200,8,31.03601068433245,
0,0.01,14,50,2,28.566022993719905,
0,0.01,14,50,4,29.686246311419296,
0,0.01,14,50,6,29.290657868972776,
0,0.01,14,50,8,29.041152759823166,
0,0.01,14,100,2,28.547294926804177,
0,0.01,14,100,4,29.433344197370253,
0,0.01,14,100,6,29.187512938927476,
0,0.01,14,100,8,29.121717996641745,
0,0.01,14,200,2,28.57831454540067,
0,0.01,14,200,4,29.87726791903276,
0,0.01,14,200,6,28.682168103551053,
0,0.01,14,200,8,29.324099264921585,
0,0.01,20,50,2,25.85371857981549,
0,0.01,20,50,4,26.318710282911105,
0,0.01,20,50,6,25.341531639989636,
0,0.01,20,50,8,25.103474292203195,
0,0.01,20,100,2,25.6648805995938,
0,0.01,20,100,4,26.185225285538305,
0,0.01,20,100,6,25.6353610793938,
0,0.01,20,100,8,24.967268688581505,
0,0.01,20,200,2,25.991211652997595,
0,0.01,20,200,4,25.611958008631216,
0,0.01,20,200,6,26.147094290875938,
0,0.01,20,200,8,24.265655890922265,
0,0.01,26,50,2,21.49372479436472,
0,0.01,26,50,4,21.65502838168137,
0,0.01,26,50,6,20.527319777281438,
0,0.01,26,50,8,20.058558567094263,
0,0.01,26,100,2,22.36318026723925,
0,0.01,26,100,4,22.06404596807216,
0,0.01,26,100,6,20.461839187755256,
0,0.01,26,100,8,20.064926618664774,
0,0.01,26,200,2,21.993356048273156,
0,0.01,26,200,4,21.281234315482703,
0,0.01,26,200,6,20.360936934191777,
0,0.01,26,200,8,19.550857540747757,
0,0.01,32,50,2,17.24103467965166,
0,0.01,32,50,2,52.3876979247978,
0,0.01,32,50,4,15.413895820223043,
0,0.01,32,50,4,59.621693261539015,
0,0.01,32,50,6,14.0571618014661,
0,0.01,32,50,6,60.52847622417895,
0,0.01,32,50,8,14.912008968432437,
0,0.01,32,50,8,60.26234236805209,
0,0.01,32,100,2,17.31579073813029,
0,0.01,32,100,2,53.23254140568584,
0,0.01,32,100,4,15.491759540073586,
0,0.01,32,100,4,59.868412491647206,
0,0.01,32,100,6,14.307642749672151,
0,0.01,32,100,6,60.19265465138344,
0,0.01,32,100,8,14.041185561332542,
0,0.01,32,100,8,60.0543916848079,
0,0.01,32,200,2,17.02816974188068,
0,0.01,32,200,2,51.64333075332775,
0,0.01,32,200,4,15.852023219994232,
0,0.01,32,200,4,59.80271680140137,
0,0.01,32,200,6,15.728783865137848,
0,0.01,32,200,6,61.097120514991445,
0,0.01,32,200,8,14.271119512579732,
0,0.01,32,200,8,60.22341788412135,
0,0.01,56,50,2,47.061626127319045,
0,0.01,56,50,4,54.27072001010341,
0,0.01,56,50,6,54.66992731759735,
0,0.01,56,50,8,54.69165340673164,
0,0.01,56,100,2,46.69388733747768,
0,0.01,56,100,4,54.85937611257475,
0,0.01,56,100,6,55.16917427948267,
0,0.01,56,100,8,55.02948788925367,
0,0.01,56,200,2,46.977586555833625,
0,0.01,56,200,4,54.54385777621584,
0,0.01,56,200,6,54.49107641256368,
0,0.01,56,200,8,54.31091653954102,
0,0.01,80,50,2,39.81327567550085,
0,0.01,80,50,4,46.08058202899151,
0,0.01,80,50,6,44.01026497658616,
0,0.01,80,50,8,44.66104337301152,
0,0.01,80,100,2,40.01933936859197,
0,0.01,80,100,4,46.135244870319966,
0,0.01,80,100,6,46.295397402422125,
0,0.01,80,100,8,43.48565893440025,
0,0.01,80,200,2,39.97875402786592,
0,0.01,80,200,4,46.12017408313304,
0,0.01,80,200,6,45.16408437594069,
0,0.01,80,200,8,44.10622575025958,
0,0.01,104,50,2,31.11110073573833,
0,0.01,104,50,4,33.12543783798197,
0,0.01,104,50,6,29.964920387970697,
0,0.01,104,50,8,30.388521050042677,
0,0.01,104,100,2,31.566731265632036,
0,0.01,104,100,4,32.052922355738,
0,0.01,104,100,6,32.98315045764016,
0,0.01,104,100,8,29.89597411083788,
0,0.01,104,200,2,31.06652069166649,
0,0.01,104,200,4,33.47010226327246,
0,0.01,104,200,6,32.219107032965844,
0,0.01,104,200,8,29.048727533569867,
0,0.01,128,50,2,73.7552760160509,"(32, 32)"
0,0.01,128,50,2,19.933157612377983,
0,0.01,128,50,4,87.2170884327089,"(32, 32)"
0,0.01,128,50,4,20.283413200043555,
0,0.01,128,50,6,90.9306925005141,"(32, 32)"
0,0.01,128,50,6,15.61198652414165,
0,0.01,128,50,8,92.4950896738283,"(32, 32)"
0,0.01,128,50,8,13.947221453289176,
0,0.01,128,100,2,73.560964952397,"(32, 32)"
0,0.01,128,100,2,19.915576133506462,
0,0.01,128,100,4,86.1709334708522,"(32, 32)"
0,0.01,128,100,4,18.37578233363932,
0,0.01,128,100,6,90.1715950902872,"(32, 32)"
0,0.01,128,100,6,15.042815329245558,
0,0.01,128,100,8,92.6335162573353,"(32, 32)"
0,0.01,128,100,8,14.510939056274816,
0,0.01,128,200,2,72.3921632066047,"(32, 32)"
0,0.01,128,200,2,20.827539182467447,
0,0.01,128,200,4,86.1964144781933,"(32, 32)"
0,0.01,128,200,4,16.709489828342644,
0,0.01,128,200,6,90.3726358909105,"(32, 32)"
0,0.01,128,200,6,15.660436257123482,
0,0.01,128,200,8,92.0652401393982,"(32, 32)"
0,0.01,128,200,8,12.698145867715615,
0,0.01,224,50,2,64.3367978713058,"(32, 32)"
0,0.01,224,50,4,76.492961784171,"(32, 32)"
0,0.01,224,50,6,80.7221084232787,"(32, 32)"
0,0.01,224,50,8,80.4885005437895,"(32, 32)"
0,0.01,224,100,2,63.3553706360703,"(32, 32)"
0,0.01,224,100,4,77.2153157512955,"(32, 32)"
0,0.01,224,100,6,80.001832011227,"(32, 32)"
0,0.01,224,100,8,80.2374218979726,"(32, 32)"
0,0.01,224,200,2,63.1535855070497,"(32, 32)"
0,0.01,224,200,4,76.3111642881527,"(32, 32)"
0,0.01,224,200,6,80.1920597150691,"(32, 32)"
0,0.01,224,200,8,81.2821322711843,"(32, 32)"
0,0.01,320,50,2,53.5072521036116,"(32, 32)"
0,0.01,320,50,4,61.7594081800399,"(32, 32)"
0,0.01,320,50,6,63.1347981921803,"(32, 32)"
0,0.01,320,50,8,61.043001089602,"(32, 32)"
0,0.01,320,100,2,53.116127691456,"(32, 32)"
0,0.01,320,100,4,62.8217049150129,"(32, 32)"
0,0.01,320,100,6,62.8709366321526,"(32, 32)"
0,0.01,320,100,8,60.3825349706352,"(32, 32)"
0,0.01,320,200,2,52.997771522168,"(32, 32)"
0,0.01,320,200,4,62.2543095395323,"(32, 32)"
0,0.01,320,200,6,63.5550701708958,"(32, 32)"
0,0.01,320,200,8,60.52833253115,"(32, 32)"
0,0.01,416,50,2,38.1950326036578,"(32, 32)"
0,0.01,416,50,4,38.917802460547,"(32, 32)"
0,0.01,416,50,6,34.8245356521265,"(32, 32)"
0,0.01,416,50,8,29.1235335476111,"(32, 32)"
0,0.01,416,100,2,39.5983790075507,"(32, 32)"
0,0.01,416,100,4,39.7777718029574,"(32, 32)"
0,0.01,416,100,6,32.6895335277884,"(32, 32)"
0,0.01,416,100,8,33.0364228008395,"(32, 32)"
0,0.01,416,200,2,37.821898397391,"(32, 32)"
0,0.01,416,200,4,38.561753771222,"(32, 32)"
0,0.01,416,200,6,31.7328253724077,"(32, 32)"
0,0.01,416,200,8,31.6483376980962,"(32, 32)"
0,0.01,512,50,2,18.1940054778256,"(32, 32)"
0,0.01,512,50,4,8.53998451106433,"(32, 32)"
0,0.01,512,50,6,5.41143832112768,"(32, 32)"
0,0.01,512,50,8,5.7172496057282,"(32, 32)"
0,0.01,512,100,2,17.2223665347599,"(32, 32)"
0,0.01,512,100,4,5.10544820254568,"(32, 32)"
0,0.01,512,100,6,5.38559193820905,"(32, 32)"
0,0.01,512,100,8,5.64840947272179,"(32, 32)"
0,0.01,512,200,2,19.3099074120379,"(32, 32)"
0,0.01,512,200,4,5.43481273675944,"(32, 32)"
0,0.01,512,200,6,5.34529600032166,"(32, 32)"
0,0.01,512,200,8,5.69318818085242,"(32, 32)"
0,0.1,8,50,2,18.078914799825665,
0,0.1,8,50,4,17.6643924808851,
0,0.1,8,50,6,17.709531185551235,
0,0.1,8,50,8,16.965047021289696,
0,0.1,8,100,2,17.934571243065932,
0,0.1,8,100,4,17.55847415055903,
0,0.1,8,100,6,17.65797769651345,
0,0.1,8,100,8,16.866629778151953,
0,0.1,8,200,2,17.90003771644753,
0,0.1,8,200,4,17.657000122339937,
0,0.1,8,200,6,17.175322390533168,
0,0.1,8,200,8,17.17429813022556,
0,0.1,14,50,2,12.27009133824906,
0,0.1,14,50,4,11.99436627703587,
0,0.1,14,50,6,11.130916436673797,
0,0.1,14,50,8,11.289748607232225,
0,0.1,14,100,2,12.429757933833674,
0,0.1,14,100,4,11.694404724810742,
0,0.1,14,100,6,11.826196712401664,
0,0.1,14,100,8,11.336695135077656,
0,0.1,14,200,2,12.507881731440971,
0,0.1,14,200,4,12.028218469531604,
0,0.1,14,200,6,11.710889290677956,
0,0.1,14,200,8,11.561672696595975,
0,0.1,20,50,2,8.467849739900283,
0,0.1,20,50,4,7.948408905691759,
0,0.1,20,50,6,7.87172521893157,
0,0.1,20,50,8,8.231952462892286,
0,0.1,20,100,2,8.446891023124602,
0,0.1,20,100,4,7.9934646615170495,
0,0.1,20,100,6,8.308727584356399,
0,0.1,20,100,8,8.119465982700973,
0,0.1,20,200,2,8.484804146101729,
0,0.1,20,200,4,8.006433284427485,
0,0.1,20,200,6,8.069649298893287,
0,0.1,20,200,8,8.102212495396344,
0,0.1,26,50,2,6.290888588732107,
0,0.1,26,50,4,6.362274933377279,
0,0.1,26,50,6,6.584679027430807,
0,0.1,26,50,8,6.842388418261376,
0,0.1,26,100,2,6.366822626623637,
0,0.1,26,100,4,6.298656429345977,
0,0.1,26,100,6,6.751186690391226,
0,0.1,26,100,8,6.745554555120247,
0,0.1,26,200,2,6.331015748400421,
0,0.1,26,200,4,6.332252644475487,
0,0.1,26,200,6,6.533586148151891,
0,0.1,26,200,8,6.903000287111915,
0,0.1,32,50,2,5.100205151788703,
0,0.1,32,50,2,21.863243824086915,
0,0.1,32,50,4,5.461492813101432,
0,0.1,32,50,4,26.413133940556307,
0,0.1,32,50,6,5.819906130948065,
0,0.1,32,50,6,27.493817761565985,
0,0.1,32,50,8,6.109971897791092,
0,0.1,32,50,8,27.721684280133356,
0,0.1,32,100,2,5.1146463155915045,
0,0.1,32,100,2,21.70121450233753,
0,0.1,32,100,4,5.42361501426844,
0,0.1,32,100,4,26.541254787952173,
0,0.1,32,100,6,5.858403890880317,
0,0.1,32,100,6,27.55066577363081,
0,0.1,32,100,8,6.10657735706527,
0,0.1,32,100,8,27.21959894303869,
0,0.1,32,200,2,5.101761023965578,
0,0.1,32,200,2,22.025948480454208,
0,0.1,32,200,4,5.475380327784246,
0,0.1,32,200,4,26.73684104902832,
0,0.1,32,200,6,5.792314817903722,
0,0.1,32,200,6,27.588272605209543,
0,0.1,32,200,8,6.096886087052644,
0,0.1,32,200,8,27.46404495998295,
0,0.1,56,50,2,10.59727576894857,
0,0.1,56,50,4,11.247567825197672,
0,0.1,56,50,6,12.528172141157956,
0,0.1,56,50,8,10.978240773334084,
0,0.1,56,100,2,10.564186097048196,
0,0.1,56,100,4,10.716999767420573,
0,0.1,56,100,6,10.957004790520635,
0,0.1,56,100,8,10.621245315441184,
0,0.1,56,200,2,10.748460171444508,
0,0.1,56,200,4,10.482562344759394,
0,0.1,56,200,6,11.091133088409608,
0,0.1,56,200,8,11.200397409472886,
0,0.1,80,50,2,6.917766652098122,
0,0.1,80,50,4,6.884128959924069,
0,0.1,80,50,6,7.20559855127787,
0,0.1,80,50,8,7.418794333912788,
0,0.1,80,100,2,6.944194965543697,
0,0.1,80,100,4,6.905379158454768,
0,0.1,80,100,6,7.254444732975023,
0,0.1,80,100,8,7.479987847629406,
0,0.1,80,200,2,6.887217260743245,
0,0.1,80,200,4,6.890590399484416,
0,0.1,80,200,6,7.179261370311168,
0,0.1,80,200,8,7.458157613662665,
0,0.1,104,50,2,5.502640523818997,
0,0.1,104,50,4,5.992109514547124,
0,0.1,104,50,6,6.4829299971275525,
0,0.1,104,50,8,6.83568777445646,
0,0.1,104,100,2,5.541425924402018,
0,0.1,104,100,4,6.020701300241402,
0,0.1,104,100,6,6.491453567683182,
0,0.1,104,100,8,6.781912072554707,
0,0.1,104,200,2,5.541997952227178,
0,0.1,104,200,4,6.0087686678154215,
0,0.1,104,200,6,6.500347128182097,
0,0.1,104,200,8,6.766246035927246,
0,0.1,128,50,2,26.630981131689,"(32, 32)"
0,0.1,128,50,2,4.758801788056298,
0,0.1,128,50,4,38.779384964723,"(32, 32)"
0,0.1,128,50,4,5.540944026017849,
0,0.1,128,50,6,42.8191751218736,"(32, 32)"
0,0.1,128,50,6,6.083681523361125,
0,0.1,128,50,8,39.8152575054414,"(32, 32)"
0,0.1,128,50,8,6.423080442577858,
0,0.1,128,100,2,25.1641826372142,"(32, 32)"
0,0.1,128,100,2,4.748305168956505,
0,0.1,128,100,4,38.5365589998266,"(32, 32)"
0,0.1,128,100,4,5.511337732112968,
0,0.1,128,100,6,41.4112921181974,"(32, 32)"
0,0.1,128,100,6,6.079338678232069,
0,0.1,128,100,8,42.0463426230929,"(32, 32)"
0,0.1,128,100,8,6.3980445974070985,
0,0.1,128,200,2,25.8456265968649,"(32, 32)"
0,0.1,128,200,2,4.752456431422424,
0,0.1,128,200,4,37.5754402708452,"(32, 32)"
0,0.1,128,200,4,5.544779808962915,
0,0.1,128,200,6,42.382144787007,"(32, 32)"
0,0.1,128,200,6,6.085478974723899,
0,0.1,128,200,8,41.9498472045007,"(32, 32)"
0,0.1,128,200,8,6.379353850359432,
0,0.1,224,50,2,9.08296534174903,"(32, 32)"
0,0.1,224,50,4,8.20190327583735,"(32, 32)"
0,0.1,224,50,6,10.028834161977,"(32, 32)"
0,0.1,224,50,8,9.41383172856413,"(32, 32)"
0,0.1,224,100,2,8.94281743997094,"(32, 32)"
0,0.1,224,100,4,8.31456025484483,"(32, 32)"
0,0.1,224,100,6,8.87909099153385,"(32, 32)"
0,0.1,224,100,8,8.68328887088495,"(32, 32)"
0,0.1,224,200,2,8.98360475638512,"(32, 32)"
0,0.1,224,200,4,8.15934092683665,"(32, 32)"
0,0.1,224,200,6,8.43475523208559,"(32, 32)"
0,0.1,224,200,8,8.6606414342409,"(32, 32)"
0,0.1,320,50,2,6.44684522495245,"(32, 32)"
0,0.1,320,50,4,6.88951963524623,"(32, 32)"
0,0.1,320,50,6,7.45236029390658,"(32, 32)"
0,0.1,320,50,8,7.90273571692255,"(32, 32)"
0,0.1,320,100,2,6.50701613665477,"(32, 32)"
0,0.1,320,100,4,6.84208010850367,"(32, 32)"
0,0.1,320,100,6,7.41388190062573,"(32, 32)"
0,0.1,320,100,8,7.86607121083615,"(32, 32)"
0,0.1,320,200,2,6.4396613483358,"(32, 32)"
0,0.1,320,200,4,6.85764633328534,"(32, 32)"
0,0.1,320,200,6,7.40344210807429,"(32, 32)"
0,0.1,320,200,8,7.85296381501479,"(32, 32)"
0,0.1,416,50,2,5.39728380343613,"(32, 32)"
0,0.1,416,50,4,6.30215815560137,"(32, 32)"
0,0.1,416,50,6,7.05306538703277,"(32, 32)"
0,0.1,416,50,8,7.53236121372983,"(32, 32)"
0,0.1,416,100,2,5.42699355663158,"(32, 32)"
0,0.1,416,100,4,6.25461652011702,"(32, 32)"
0,0.1,416,100,6,6.98558276356603,"(32, 32)"
0,0.1,416,100,8,7.47262102628264,"(32, 32)"
0,0.1,416,200,2,5.37823176258609,"(32, 32)"
0,0.1,416,200,4,6.26193532015921,"(32, 32)"
0,0.1,416,200,6,7.00372133792784,"(32, 32)"
0,0.1,416,200,8,7.46027841902402,"(32, 32)"
0,0.1,512,50,2,4.89262412653025,"(32, 32)"
0,0.1,512,50,4,6.01678408070525,"(32, 32)"
0,0.1,512,50,6,6.82341151493506,"(32, 32)"
0,0.1,512,50,8,7.33677959382382,"(32, 32)"
0,0.1,512,100,2,4.86452277701981,"(32, 32)"
0,0.1,512,100,4,5.96636755564741,"(32, 32)"
0,0.1,512,100,6,6.76311575013013,"(32, 32)"
0,0.1,512,100,8,7.25115484050617,"(32, 32)"
0,0.1,512,200,2,4.88105554327676,"(32, 32)"
0,0.1,512,200,4,5.98492349446667,"(32, 32)"
0,0.1,512,200,6,6.79059487839543,"(32, 32)"
0,0.1,512,200,8,7.239122320266,"(32, 32)"
0,1.0,8,50,2,14.28642009081458,
0,1.0,8,50,4,13.16485734571801,
0,1.0,8,50,6,12.944109568996229,
0,1.0,8,50,8,12.974636277115344,
0,1.0,8,100,2,14.23416971672089,
0,1.0,8,100,4,12.99589062810908,
0,1.0,8,100,6,13.110012980090248,
0,1.0,8,100,8,12.875801579975684,
0,1.0,8,200,2,14.04141607919348,
0,1.0,8,200,4,12.941462992489926,
0,1.0,8,200,6,12.796706425600986,
0,1.0,8,200,8,12.812577856804223,
0,1.0,14,50,2,9.934318561039644,
0,1.0,14,50,4,9.585029540397004,
0,1.0,14,50,6,9.877074011767633,
0,1.0,14,50,8,10.081716066242494,
0,1.0,14,100,2,9.921611439966483,
0,1.0,14,100,4,9.584448464792723,
0,1.0,14,100,6,9.86412415179282,
0,1.0,14,100,8,10.103089915579549,
0,1.0,14,200,2,9.720156650615255,
0,1.0,14,200,4,9.616895359786543,
0,1.0,14,200,6,9.956861336636257,
0,1.0,14,200,8,10.048054247715775,
0,1.0,20,50,2,7.771998532014827,
0,1.0,20,50,4,8.16380059949234,
0,1.0,20,50,6,8.55478114246693,
0,1.0,20,50,8,8.880976853811166,
0,1.0,20,100,2,7.835675829457578,
0,1.0,20,100,4,8.160399335177802,
0,1.0,20,100,6,8.55783421721044,
0,1.0,20,100,8,8.852219478942507,
0,1.0,20,200,2,7.85605121807176,
0,1.0,20,200,4,8.192065181979498,
0,1.0,20,200,6,8.526027548158234,
0,1.0,20,200,8,8.869406858479334,
0,1.0,26,50,2,6.730830346133938,
0,1.0,26,50,4,7.440363228657942,
0,1.0,26,50,6,7.909474555888282,
0,1.0,26,50,8,8.16973253687788,
0,1.0,26,100,2,6.719943060406645,
0,1.0,26,100,4,7.414521953789243,
0,1.0,26,100,6,7.936116495984783,
0,1.0,26,100,8,8.207436320545566,
0,1.0,26,200,2,6.757066206985539,
0,1.0,26,200,4,7.460258732622215,
0,1.0,26,200,6,7.88720435602571,
0,1.0,26,200,8,8.215318783073457,
0,1.0,32,50,2,6.087001408832024,
0,1.0,32,50,2,11.704904092544878,
0,1.0,32,50,4,7.009144395971181,
0,1.0,32,50,4,11.079605240382657,
0,1.0,32,50,6,7.481807770169294,
0,1.0,32,50,6,11.387090775708629,
0,1.0,32,50,8,7.785657989978372,
0,1.0,32,50,8,11.506734286036302,
0,1.0,32,100,2,6.158376878198165,
0,1.0,32,100,2,11.769835105136334,
0,1.0,32,100,4,6.980956740951986,
0,1.0,32,100,4,11.09308375117558,
0,1.0,32,100,6,7.4868437770820115,
0,1.0,32,100,6,11.298967729528645,
0,1.0,32,100,8,7.764191708225659,
0,1.0,32,100,8,11.476659557537175,
0,1.0,32,200,2,6.127296484342116,
0,1.0,32,200,2,11.752659435833973,
0,1.0,32,200,4,7.011536220204266,
0,1.0,32,200,4,11.138450121356968,
0,1.0,32,200,6,7.450388535986442,
0,1.0,32,200,6,11.277746612889953,
0,1.0,32,200,8,7.791874629490596,
0,1.0,32,200,8,11.447964243259207,
0,1.0,56,50,2,8.443102975447113,
0,1.0,56,50,4,8.845569005662414,
0,1.0,56,50,6,9.298109982311678,
0,1.0,56,50,8,9.688782834669317,
0,1.0,56,100,2,8.445241583739026,
0,1.0,56,100,4,8.810193564878967,
0,1.0,56,100,6,9.317274265118812,
0,1.0,56,100,8,9.673030753403962,
0,1.0,56,200,2,8.38115477369176,
0,1.0,56,200,4,8.894543044225273,
0,1.0,56,200,6,9.201831046623042,
0,1.0,56,200,8,9.661467590053403,
0,1.0,80,50,2,7.133192739556949,
0,1.0,80,50,4,7.955847733150514,
0,1.0,80,50,6,8.603510082645775,
0,1.0,80,50,8,8.976142415309157,
0,1.0,80,100,2,7.107680837804258,
0,1.0,80,100,4,7.956141651072071,
0,1.0,80,100,6,8.56740635549384,
0,1.0,80,100,8,8.978018513946582,
0,1.0,80,200,2,7.100085953742892,
0,1.0,80,200,4,7.962263751155745,
0,1.0,80,200,6,8.584182129405837,
0,1.0,80,200,8,8.936051471408286,
0,1.0,104,50,2,6.567223583687746,
0,1.0,104,50,4,7.566037446242217,
0,1.0,104,50,6,8.181154310863125,
0,1.0,104,50,8,8.600128580950795,
0,1.0,104,100,2,6.528009952537579,
0,1.0,104,100,4,7.5455712876580066,
0,1.0,104,100,6,8.183497957747829,
0,1.0,104,100,8,8.625947983101783,
0,1.0,104,200,2,6.5442273742795285,
0,1.0,104,200,4,7.5747392464757235,
0,1.0,104,200,6,8.136427135616906,
0,1.0,104,200,8,8.625725978207461,
0,1.0,128,50,2,10.836557074933,"(32, 32)"
0,1.0,128,50,2,6.218867775266652,
0,1.0,128,50,4,10.4697904610639,"(32, 32)"
0,1.0,128,50,4,7.348365145145992,
0,1.0,128,50,6,10.9799719460273,"(32, 32)"
0,1.0,128,50,6,7.96458846988524,
0,1.0,128,50,8,11.3200258965078,"(32, 32)"
0,1.0,128,50,8,8.430492514706797,
0,1.0,128,100,2,10.8606010787726,"(32, 32)"
0,1.0,128,100,2,6.191572910316067,
0,1.0,128,100,4,10.4692275208839,"(32, 32)"
0,1.0,128,100,4,7.314967594974522,
0,1.0,128,100,6,10.9477114720205,"(32, 32)"
0,1.0,128,100,6,7.969677201725741,
0,1.0,128,100,8,11.2698902198569,"(32, 32)"
0,1.0,128,100,8,8.414218458396775,
0,1.0,128,200,2,10.7574137473189,"(32, 32)"
0,1.0,128,200,2,6.188187686196954,
0,1.0,128,200,4,10.5020584631829,"(32, 32)"
0,1.0,128,200,4,7.328156233275657,
0,1.0,128,200,6,10.9192865930952,"(32, 32)"
0,1.0,128,200,6,8.016950293247085,
0,1.0,128,200,8,11.2330209396196,"(32, 32)"
0,1.0,128,200,8,8.410146951559536,
0,1.0,224,50,2,8.0161403914167,"(32, 32)"
0,1.0,224,50,4,8.93289471398781,"(32, 32)"
0,1.0,224,50,6,9.68765160226639,"(32, 32)"
0,1.0,224,50,8,10.1777499295242,"(32, 32)"
0,1.0,224,100,2,8.01335483698358,"(32, 32)"
0,1.0,224,100,4,8.93735338637667,"(32, 32)"
0,1.0,224,100,6,9.63233252301769,"(32, 32)"
0,1.0,224,100,8,10.1030553671989,"(32, 32)"
0,1.0,224,200,2,8.02798692488734,"(32, 32)"
0,1.0,224,200,4,8.92815588283839,"(32, 32)"
0,1.0,224,200,6,9.62432086084367,"(32, 32)"
0,1.0,224,200,8,10.0796849189439,"(32, 32)"
0,1.0,320,50,2,7.20171668462224,"(32, 32)"
0,1.0,320,50,4,8.49338790424887,"(32, 32)"
0,1.0,320,50,6,9.19421245311727,"(32, 32)"
0,1.0,320,50,8,9.77779007920541,"(32, 32)"
0,1.0,320,100,2,7.17217471757649,"(32, 32)"
0,1.0,320,100,4,8.43363310189406,"(32, 32)"
0,1.0,320,100,6,9.16685335373789,"(32, 32)"
0,1.0,320,100,8,9.74749038871923,"(32, 32)"
0,1.0,320,200,2,7.15633928668031,"(32, 32)"
0,1.0,320,200,4,8.42563637161025,"(32, 32)"
0,1.0,320,200,6,9.12962621184824,"(32, 32)"
0,1.0,320,200,8,9.66114381893452,"(32, 32)"
0,1.0,416,50,2,6.80637441193901,"(32, 32)"
0,1.0,416,50,4,8.23878734294825,"(32, 32)"
0,1.0,416,50,6,9.00833909148939,"(32, 32)"
0,1.0,416,50,8,9.60487918045016,"(32, 32)"
0,1.0,416,100,2,6.78606950217356,"(32, 32)"
0,1.0,416,100,4,8.18440922063233,"(32, 32)"
0,1.0,416,100,6,8.95705041496532,"(32, 32)"
0,1.0,416,100,8,9.50829796033649,"(32, 32)"
0,1.0,416,200,2,6.7726222408918,"(32, 32)"
0,1.0,416,200,4,8.16212993910427,"(32, 32)"
0,1.0,416,200,6,8.95761384662206,"(32, 32)"
0,1.0,416,200,8,9.51669711382572,"(32, 32)"
0,1.0,512,50,2,6.62754312323517,"(32, 32)"
0,1.0,512,50,4,8.06355479829507,"(32, 32)"
0,1.0,512,50,6,8.89279754321053,"(32, 32)"
0,1.0,512,50,8,9.49264763866723,"(32, 32)"
0,1.0,512,100,2,6.60827252366837,"(32, 32)"
0,1.0,512,100,4,8.01377969362943,"(32, 32)"
0,1.0,512,100,6,8.82610229005542,"(32, 32)"
0,1.0,512,100,8,9.42204059309809,"(32, 32)"
0,1.0,512,200,2,6.59803813328265,"(32, 32)"
0,1.0,512,200,4,8.04010993502788,"(32, 32)"
0,1.0,512,200,6,8.82680308479542,"(32, 32)"
0,1.0,512,200,8,9.37723707846987,"(32, 32)"
0,10.0,8,50,2,14.362296553350268,
0,10.0,8,50,4,13.43142562900492,
0,10.0,8,50,6,13.312121748587591,
0,10.0,8,50,8,13.584900248824349,
0,10.0,8,100,2,14.48399680095512,
0,10.0,8,100,4,13.32531164781802,
0,10.0,8,100,6,13.248770458825764,
0,10.0,8,100,8,13.57805673035556,
0,10.0,8,200,2,14.65529331753208,
0,10.0,8,200,4,13.249164482980438,
0,10.0,8,200,6,13.411104048212891,
0,10.0,8,200,8,13.42054992458656,
0,10.0,14,50,2,10.74927376356616,
0,10.0,14,50,4,11.071576893599604,
0,10.0,14,50,6,11.586199746536842,
0,10.0,14,50,8,11.934369380736843,
0,10.0,14,100,2,10.598504633960124,
0,10.0,14,100,4,11.079641736019047,
0,10.0,14,100,6,11.587995309130214,
0,10.0,14,100,8,11.929866567090922,
0,10.0,14,200,2,10.731195903590626,
0,10.0,14,200,4,11.050060282409008,
0,10.0,14,200,6,11.635711657075452,
0,10.0,14,200,8,11.915787208667588,
0,10.0,20,50,2,9.394625657334894,
0,10.0,20,50,4,10.401535111618028,
0,10.0,20,50,6,10.979182572084856,
0,10.0,20,50,8,11.315406215251937,
0,10.0,20,100,2,9.486780103629426,
0,10.0,20,100,4,10.361285601644598,
0,10.0,20,100,6,10.965533271203686,
0,10.0,20,100,8,11.284994840540486,
0,10.0,20,200,2,9.443098416120272,
0,10.0,20,200,4,10.36640739811773,
0,10.0,20,200,6,10.93503861115681,
0,10.0,20,200,8,11.352942743158858,
0,10.0,26,50,2,8.921563084589744,
0,10.0,26,50,4,10.027044347521755,
0,10.0,26,50,6,10.588961889231708,
0,10.0,26,50,8,10.972492329509398,
0,10.0,26,100,2,8.976089717409817,
0,10.0,26,100,4,10.022402655684704,
0,10.0,26,100,6,10.568697764461024,
0,10.0,26,100,8,11.003787689057772,
0,10.0,26,200,2,8.949267343549868,
0,10.0,26,200,4,10.03146637775297,
0,10.0,26,200,6,10.61773882312352,
0,10.0,26,200,8,10.98675103352693,
0,10.0,32,50,2,8.662339034793717,
0,10.0,32,50,2,11.575697177134462,
0,10.0,32,50,4,9.807303638150442,
0,10.0,32,50,4,11.758394367610231,
0,10.0,32,50,6,10.393797426006596,
0,10.0,32,50,6,12.3966146954805,
0,10.0,32,50,8,10.76862566893322,
0,10.0,32,50,8,12.723083357746807,
0,10.0,32,100,2,8.667269636844331,
0,10.0,32,100,2,11.654147615622882,
0,10.0,32,100,4,9.864237074664494,
0,10.0,32,100,4,11.810522166182604,
0,10.0,32,100,6,10.393872113637364,
0,10.0,32,100,6,12.275226853521689,
0,10.0,32,100,8,10.79906797979241,
0,10.0,32,100,8,12.747130875241576,
0,10.0,32,200,2,8.645633287681612,
0,10.0,32,200,2,11.679591639709042,
0,10.0,32,200,4,9.837663591471546,
0,10.0,32,200,4,11.809052140768069,
0,10.0,32,200,6,10.402670854789454,
0,10.0,32,200,6,12.340222745643992,
0,10.0,32,200,8,10.813015964082451,
0,10.0,32,200,8,12.67168504452647,
0,10.0,56,50,2,9.559840212647773,
0,10.0,56,50,4,10.844859305595175,
0,10.0,56,50,6,11.509157598111344,
0,10.0,56,50,8,11.919778982071996,
0,10.0,56,100,2,9.579529402608433,
0,10.0,56,100,4,10.889920051778656,
0,10.0,56,100,6,11.54009174568293,
0,10.0,56,100,8,11.960345392502632,
0,10.0,56,200,2,9.601809021258072,
0,10.0,56,200,4,10.868059947399244,
0,10.0,56,200,6,11.526380053329364,
0,10.0,56,200,8,11.8522564377428,
0,10.0,80,50,2,9.00070781043731,
0,10.0,80,50,4,10.536659549307258,
0,10.0,80,50,6,11.2305901827674,
0,10.0,80,50,8,11.649949403579273,
0,10.0,80,100,2,8.97740069826,
0,10.0,80,100,4,10.528380775684951,
0,10.0,80,100,6,11.215496643471337,
0,10.0,80,100,8,11.589917971145477,
0,10.0,80,200,2,9.031945858451005,
0,10.0,80,200,4,10.507098750154954,
0,10.0,80,200,6,11.195511490729778,
0,10.0,80,200,8,11.609112126902728,
0,10.0,104,50,2,8.749617867981057,
0,10.0,104,50,4,10.38990099686274,
0,10.0,104,50,6,11.031590615868287,
0,10.0,104,50,8,11.471080241864025,
0,10.0,104,100,2,8.739326943117598,
0,10.0,104,100,4,10.3498244413515,
0,10.0,104,100,6,11.010406080305245,
0,10.0,104,100,8,11.435763868297771,
0,10.0,104,200,2,8.731961648784301,
0,10.0,104,200,4,10.36138647927724,
0,10.0,104,200,6,11.048696580885666,
0,10.0,104,200,8,11.451190030420111,
0,10.0,128,50,2,10.8824989509188,"(32, 32)"
0,10.0,128,50,2,8.600019463805419,
0,10.0,128,50,4,11.8634497436174,"(32, 32)"
0,10.0,128,50,4,10.280047407226498,
0,10.0,128,50,6,12.6318442044933,"(32, 32)"
0,10.0,128,50,6,10.96369752508846,
0,10.0,128,50,8,13.1105777520642,"(32, 32)"
0,10.0,128,50,8,11.419657981280515,
0,10.0,128,100,2,10.9277743450453,"(32, 32)"
0,10.0,128,100,2,8.605808301573855,
0,10.0,128,100,4,11.8516049871519,"(32, 32)"
0,10.0,128,100,4,10.257856567938948,
0,10.0,128,100,6,12.6218058256259,"(32, 32)"
0,10.0,128,100,6,10.95480024774608,
0,10.0,128,100,8,13.0608748743769,"(32, 32)"
0,10.0,128,100,8,11.352442749927471,
0,10.0,128,200,2,10.9085029963818,"(32, 32)"
0,10.0,128,200,2,8.618382444559614,
0,10.0,128,200,4,11.7909099933669,"(32, 32)"
0,10.0,128,200,4,10.274598726850735,
0,10.0,128,200,6,12.5502458464719,"(32, 32)"
0,10.0,128,200,6,10.98513674095727,
0,10.0,128,200,8,13.1146698035595,"(32, 32)"
0,10.0,128,200,8,11.368940143557488,
0,10.0,224,50,2,9.4012900420935,"(32, 32)"
0,10.0,224,50,4,11.3295392436169,"(32, 32)"
0,10.0,224,50,6,12.2124047547983,"(32, 32)"
0,10.0,224,50,8,12.6601267210779,"(32, 32)"
0,10.0,224,100,2,9.40289043870527,"(32, 32)"
0,10.0,224,100,4,11.2954838530651,"(32, 32)"
0,10.0,224,100,6,12.0846531289714,"(32, 32)"
0,10.0,224,100,8,12.5834394707319,"(32, 32)"
0,10.0,224,200,2,9.4503250389108,"(32, 32)"
0,10.0,224,200,4,11.302350291016,"(32, 32)"
0,10.0,224,200,6,12.1154703661221,"(32, 32)"
0,10.0,224,200,8,12.6188989382037,"(32, 32)"
0,10.0,320,50,2,9.00775321153515,"(32, 32)"
0,10.0,320,50,4,11.1232085767987,"(32, 32)"
0,10.0,320,50,6,12.0394503303852,"(32, 32)"
0,10.0,320,50,8,12.5537581512264,"(32, 32)"
0,10.0,320,100,2,9.0208593871788,"(32, 32)"
0,10.0,320,100,4,11.1272399019017,"(32, 32)"
0,10.0,320,100,6,11.9671102252103,"(32, 32)"
0,10.0,320,100,8,12.4786762699493,"(32, 32)"
0,10.0,320,200,2,9.03115116052099,"(32, 32)"
0,10.0,320,200,4,11.096527869366,"(32, 32)"
0,10.0,320,200,6,11.9411529224642,"(32, 32)"
0,10.0,320,200,8,12.4887437111353,"(32, 32)"
0,10.0,416,50,2,8.84045521319264,"(32, 32)"
0,10.0,416,50,4,11.065667857249,"(32, 32)"
0,10.0,416,50,6,11.9694865425908,"(32, 32)"
0,10.0,416,50,8,12.4753571789815,"(32, 32)"
0,10.0,416,100,2,8.84765172288791,"(32, 32)"
0,10.0,416,100,4,11.0541277740366,"(32, 32)"
0,10.0,416,100,6,11.9192390777629,"(32, 32)"
0,10.0,416,100,8,12.3948136281555,"(32, 32)"
0,10.0,416,200,2,8.8298698928942,"(32, 32)"
0,10.0,416,200,4,11.0096447017486,"(32, 32)"
0,10.0,416,200,6,11.8844372643628,"(32, 32)"
0,10.0,416,200,8,12.3529014175374,"(32, 32)"
0,10.0,512,50,2,8.73376004096317,"(32, 32)"
0,10.0,512,50,4,11.0263740634804,"(32, 32)"
0,10.0,512,50,6,11.9066625008001,"(32, 32)"
0,10.0,512,50,8,12.41892930138,"(32, 32)"
0,10.0,512,100,2,8.71962982441929,"(32, 32)"
0,10.0,512,100,4,11.0038259961686,"(32, 32)"
0,10.0,512,100,6,11.8539668079193,"(32, 32)"
0,10.0,512,100,8,12.3947280690231,"(32, 32)"
0,10.0,512,200,2,8.72971499472693,"(32, 32)"
0,10.0,512,200,4,10.9599273063866,"(32, 32)"
0,10.0,512,200,6,11.840234239684,"(32, 32)"
0,10.0,512,200,8,12.3228107790725,"(32, 32)"
1,0.01,8,50,2,30.18014847543848,
1,0.01,8,50,4,31.84323667762016,
1,0.01,8,50,6,30.857201021129548,
1,0.01,8,50,8,30.955570623073605,
1,0.01,8,100,2,30.46589310774892,
1,0.01,8,100,4,31.65474005183147,
1,0.01,8,100,6,31.26799079298157,
1,0.01,8,100,8,30.91779657100273,
1,0.01,8,200,2,30.354108494004898,
1,0.01,8,200,4,31.55042735443624,
1,0.01,8,200,6,31.444452264048664,
1,0.01,8,200,8,30.38259491336172,
1,0.01,14,50,2,28.737877919025586,
1,0.01,14,50,4,29.71943440737291,
1,0.01,14,50,6,29.5237630405734,
1,0.01,14,50,8,28.688622679174184,
1,0.01,14,100,2,28.977429716123563,
1,0.01,14,100,4,29.96941507852507,
1,0.01,14,100,6,29.37313109600849,
1,0.01,14,100,8,28.723117699632866,
1,0.01,14,200,2,28.853116416867906,
1,0.01,14,200,4,29.69675033207581,
1,0.01,14,200,6,29.49821492629496,
1,0.01,14,200,8,28.68683957605056,
1,0.01,20,50,2,25.493971093246174,
1,0.01,20,50,4,26.039701008171555,
1,0.01,20,50,6,25.595758343010832,
1,0.01,20,50,8,24.91301211430328,
1,0.01,20,100,2,25.65996588724772,
1,0.01,20,100,4,26.528194687403868,
1,0.01,20,100,6,24.97281564929869,
1,0.01,20,100,8,24.692148355280267,
1,0.01,20,200,2,25.414083964552493,
1,0.01,20,200,4,26.046989966987205,
1,0.01,20,200,6,25.61793145172409,
1,0.01,20,200,8,24.64565189538781,
1,0.01,26,50,2,22.11363635294395,
1,0.01,26,50,4,21.61641244770684,
1,0.01,26,50,6,20.328198561069826,
1,0.01,26,50,8,20.034324945587525,
1,0.01,26,100,2,21.624537909537523,
1,0.01,26,100,4,21.002064648813445,
1,0.01,26,100,6,21.06776964503272,
1,0.01,26,100,8,20.069623021347315,
1,0.01,26,200,2,21.91784979040632,
1,0.01,26,200,4,20.83791826786057,
1,0.01,26,200,6,19.87358021013457,
1,0.01,26,200,8,20.367268599102538,
1,0.01,32,50,2,16.896800222455386,
1,0.01,32,50,2,52.4246414296008,
1,0.01,32,50,4,15.102907928984305,
1,0.01,32,50,4,59.17704092421644,
1,0.01,32,50,6,14.560735374576296,
1,0.01,32,50,6,60.660308466277,
1,0.01,32,50,8,14.30943045537716,
1,0.01,32,50,8,60.2442690391118,
1,0.01,32,100,2,16.889555467590682,
1,0.01,32,100,2,52.838066061582666,
1,0.01,32,100,4,15.811776005149191,
1,0.01,32,100,4,60.04496621942789,
1,0.01,32,100,6,15.853488073810295,
1,0.01,32,100,6,60.65402401549679,
1,0.01,32,100,8,14.853301306187214,
1,0.01,32,100,8,60.10168512555734,
1,0.01,32,200,2,17.57593682126969,
1,0.01,32,200,2,52.3790137089075,
1,0.01,32,200,4,14.986698356359604,
1,0.01,32,200,4,59.553849191481554,
1,0.01,32,200,6,14.95753316766886,
1,0.01,32,200,6,60.77640085367279,
1,0.01,32,200,8,14.077361531783334,
1,0.01,32,200,8,60.099831085475486,
1,0.01,56,50,2,46.41954348476495,
1,0.01,56,50,4,54.65868810643334,
1,0.01,56,50,6,54.87366450950456,
1,0.01,56,50,8,54.366850985540665,
1,0.01,56,100,2,47.09821256416746,
1,0.01,56,100,4,54.72615029985067,
1,0.01,56,100,6,54.85191283598374,
1,0.01,56,100,8,54.69397607442108,
1,0.01,56,200,2,47.44242662421623,
1,0.01,56,200,4,54.338744044273625,
1,0.01,56,200,6,55.11614742690057,
1,0.01,56,200,8,54.73258242229468,
1,0.01,80,50,2,40.25162929293774,
1,0.01,80,50,4,45.65450183777521,
1,0.01,80,50,6,45.28807581915319,
1,0.01,80,50,8,43.48881457108082,
1,0.01,80,100,2,39.91152004014985,
1,0.01,80,100,4,45.786426321860375,
1,0.01,80,100,6,44.65529157972834,
1,0.01,80,100,8,43.78814351106925,
1,0.01,80,200,2,40.246913293985706,
1,0.01,80,200,4,46.39996073326554,
1,0.01,80,200,6,44.75714425113977,
1,0.01,80,200,8,43.32923576837848,
1,0.01,104,50,2,31.15065268970114,
1,0.01,104,50,4,32.93923789258543,
1,0.01,104,50,6,30.96794144299548,
1,0.01,104,50,8,30.095415269325564,
1,0.01,104,100,2,31.54542064290153,
1,0.01,104,100,4,33.02761783316936,
1,0.01,104,100,6,32.91941559978543,
1,0.01,104,100,8,28.79054340502945,
1,0.01,104,200,2,30.685625007359477,
1,0.01,104,200,4,33.62406874717856,
1,0.01,104,200,6,31.03402903426117,
1,0.01,104,200,8,30.486247667505467,
1,0.01,128,50,2,74.2977054072202,"(32, 32)"
1,0.01,128,50,2,20.257047109859915,
1,0.01,128,50,4,86.3914898425297,"(32, 32)"
1,0.01,128,50,4,17.662182484747227,
1,0.01,128,50,6,91.2242315618046,"(32, 32)"
1,0.01,128,50,6,15.600113481940252,
1,0.01,128,50,8,93.152720479507,"(32, 32)"
1,0.01,128,50,8,15.208737191189924,
1,0.01,128,100,2,73.8496685715394,"(32, 32)"
1,0.01,128,100,2,21.587298742083977,
1,0.01,128,100,4,86.3212723082641,"(32, 32)"
1,0.01,128,100,4,18.155768645794893,
1,0.01,128,100,6,90.8912231992225,"(32, 32)"
1,0.01,128,100,6,16.63973002288123,
1,0.01,128,100,8,92.0623716727694,"(32, 32)"
1,0.01,128,100,8,14.684637042279135,
1,0.01,128,200,2,73.0962231997614,"(32, 32)"
1,0.01,128,200,2,21.174738819083377,
1,0.01,128,200,4,86.2283354156408,"(32, 32)"
1,0.01,128,200,4,19.338866768332128,
1,0.01,128,200,6,91.2305409624928,"(32, 32)"
1,0.01,128,200,6,16.7897435578693,
1,0.01,128,200,8,91.7680255323243,"(32, 32)"
1,0.01,128,200,8,15.394139604056146,
1,0.01,224,50,2,63.9618202708621,"(32, 32)"
1,0.01,224,50,4,76.382926242428,"(32, 32)"
1,0.01,224,50,6,79.977500398023,"(32, 32)"
1,0.01,224,50,8,81.1563123982586,"(32, 32)"
1,0.01,224,100,2,63.0521956494832,"(32, 32)"
1,0.01,224,100,4,76.6412022995666,"(32, 32)"
1,0.01,224,100,6,80.8024567797104,"(32, 32)"
1,0.01,224,100,8,81.1115201263334,"(32, 32)"
1,0.01,224,200,2,63.9330101785989,"(32, 32)"
1,0.01,224,200,4,76.4475140004604,"(32, 32)"
1,0.01,224,200,6,80.2676725328772,"(32, 32)"
1,0.01,224,200,8,81.1652860138929,"(32, 32)"
1,0.01,320,50,2,52.8235345813215,"(32, 32)"
1,0.01,320,50,4,61.2201975660554,"(32, 32)"
1,0.01,320,50,6,62.3656483827882,"(32, 32)"
1,0.01,320,50,8,61.9286947294709,"(32, 32)"
1,0.01,320,100,2,52.6465489356866,"(32, 32)"
1,0.01,320,100,4,62.6528107191491,"(32, 32)"
1,0.01,320,100,6,63.6687363226593,"(32, 32)"
1,0.01,320,100,8,60.5312627616085,"(32, 32)"
1,0.01,320,200,2,52.760312053229,"(32, 32)"
1,0.01,320,200,4,63.4345848278099,"(32, 32)"
1,0.01,320,200,6,64.1642176701597,"(32, 32)"
1,0.01,320,200,8,62.5308626497502,"(32, 32)"
1,0.01,416,50,2,37.9052310061313,"(32, 32)"
1,0.01,416,50,4,39.9853122447793,"(32, 32)"
1,0.01,416,50,6,36.7003138453397,"(32, 32)"
1,0.01,416,50,8,25.4076849988489,"(32, 32)"
1,0.01,416,100,2,37.9451204844457,"(32, 32)"
1,0.01,416,100,4,39.0888638084331,"(32, 32)"
1,0.01,416,100,6,35.2702453047526,"(32, 32)"
1,0.01,416,100,8,28.1247255439083,"(32, 32)"
1,0.01,416,200,2,38.5787347534494,"(32, 32)"
1,0.01,416,200,4,38.4680822765371,"(32, 32)"
1,0.01,416,200,6,32.8924619764256,"(32, 32)"
1,0.01,416,200,8,34.3861585781825,"(32, 32)"
1,0.01,512,50,2,17.1522835904419,"(32, 32)"
1,0.01,512,50,4,5.18364121646033,"(32, 32)"
1,0.01,512,50,6,5.39406911319278,"(32, 32)"
1,0.01,512,50,8,6.38803652546186,"(32, 32)"
1,0.01,512,100,2,17.3702420093849,"(32, 32)"
1,0.01,512,100,4,8.62170457771777,"(32, 32)"
1,0.01,512,100,6,5.39238252599355,"(32, 32)"
1,0.01,512,100,8,5.7146738669854,"(32, 32)"
1,0.01,512,200,2,18.2915871632209,"(32, 32)"
1,0.01,512,200,4,5.82200878438022,"(32, 32)"
1,0.01,512,200,6,8.11472621754384,"(32, 32)"
1,0.01,512,200,8,5.67954846911163,"(32, 32)"
1,0.1,8,50,2,17.92010462696322,
1,0.1,8,50,4,17.684689787176147,
1,0.1,8,50,6,17.400043579573154,
1,0.1,8,50,8,16.709571900285784,
1,0.1,8,100,2,17.924856162458436,
1,0.1,8,100,4,17.93341166728518,
1,0.1,8,100,6,17.2368209915369,
1,0.1,8,100,8,16.854298192262736,
1,0.1,8,200,2,17.912890522780057,
1,0.1,8,200,4,17.467347336141966,
1,0.1,8,200,6,17.56789936949879,
1,0.1,8,200,8,17.668124096811802,
1,0.1,14,50,2,12.663105330162235,
1,0.1,14,50,4,11.870702829354368,
1,0.1,14,50,6,11.255021055617904,
1,0.1,14,50,8,11.261242822387995,
1,0.1,14,100,2,12.470683547850726,
1,0.1,14,100,4,12.154987809031129,
1,0.1,14,100,6,11.27426362265644,
1,0.1,14,100,8,12.018549093311954,
1,0.1,14,200,2,12.45192660090071,
1,0.1,14,200,4,11.758819678882675,
1,0.1,14,200,6,11.765669418595602,
1,0.1,14,200,8,11.257170193606484,
1,0.1,20,50,2,8.761546554608065,
1,0.1,20,50,4,7.9937729442228385,
1,0.1,20,50,6,8.094429370543473,
1,0.1,20,50,8,8.196667845504736,
1,0.1,20,100,2,8.5201892065253,
1,0.1,20,100,4,8.092269703178127,
1,0.1,20,100,6,8.07863050166739,
1,0.1,20,100,8,8.330048816624878,
1,0.1,20,200,2,8.470856014083118,
1,0.1,20,200,4,8.321754982427013,
1,0.1,20,200,6,8.13255780175744,
1,0.1,20,200,8,8.072625950326618,
1,0.1,26,50,2,6.320962804056331,
1,0.1,26,50,4,6.259764101501375,
1,0.1,26,50,6,6.585953718099842,
1,0.1,26,50,8,6.766828962863365,
1,0.1,26,100,2,6.357159052747055,
1,0.1,26,100,4,6.345447632591336,
1,0.1,26,100,6,6.681625495543379,
1,0.1,26,100,8,6.810833928475245,
1,0.1,26,200,2,6.369933864184308,
1,0.1,26,200,4,6.313363497754993,
1,0.1,26,200,6,6.575203942446624,
1,0.1,26,200,8,6.712907388781076,
1,0.1,32,50,2,5.092806301577808,
1,0.1,32,50,2,22.688956726218567,
1,0.1,32,50,4,5.492178123325033,
1,0.1,32,50,4,27.126024780604126,
1,0.1,32,50,6,5.833267683840498,
1,0.1,32,50,6,27.65359584335511,
1,0.1,32,50,8,6.124593915907048,
1,0.1,32,50,8,27.293880025398007,
1,0.1,32,100,2,5.112236691435346,
1,0.1,32,100,2,22.511351032156394,
1,0.1,32,100,4,5.501717732695299,
1,0.1,32,100,4,27.025194422528017,
1,0.1,32,100,6,5.853573299578229,
1,0.1,32,100,6,26.287774000857624,
1,0.1,32,100,8,6.10305967046928,
1,0.1,32,100,8,25.090356352652236,
1,0.1,32,200,2,5.156096115127946,
1,0.1,32,200,2,21.508245084813822,
1,0.1,32,200,4,5.473938665769061,
1,0.1,32,200,4,27.111935893091324,
1,0.1,32,200,6,5.903857841661737,
1,0.1,32,200,6,26.762609344216283,
1,0.1,32,200,8,6.112827584005404,
1,0.1,32,200,8,25.90617998249453,
1,0.1,56,50,2,10.685624699839972,
1,0.1,56,50,4,11.204488290918428,
1,0.1,56,50,6,12.552357541119036,
1,0.1,56,50,8,10.628891894054988,
1,0.1,56,100,2,10.8566884182353,
1,0.1,56,100,4,10.20023976960453,
1,0.1,56,100,6,10.613497802412107,
1,0.1,56,100,8,11.049392952793568,
1,0.1,56,200,2,10.788908342037695,
1,0.1,56,200,4,10.809933925712564,
1,0.1,56,200,6,10.055504114383565,
1,0.1,56,200,8,10.079164909708522,
1,0.1,80,50,2,6.881354984102791,
1,0.1,80,50,4,6.884882811502677,
1,0.1,80,50,6,7.237497269756744,
1,0.1,80,50,8,7.430792853665215,
1,0.1,80,100,2,6.913435154272023,
1,0.1,80,100,4,6.893610785315909,
1,0.1,80,100,6,7.190648989614616,
1,0.1,80,100,8,7.433051566127925,
1,0.1,80,200,2,6.948080706244587,
1,0.1,80,200,4,6.853985104769797,
1,0.1,80,200,6,7.218135923218313,
1,0.1,80,200,8,7.468961704717277,
1,0.1,104,50,2,5.521468830120495,
1,0.1,104,50,4,5.981549185960314,
1,0.1,104,50,6,6.4745855132478844,
1,0.1,104,50,8,6.810325345461489,
1,0.1,104,100,2,5.540451757968212,
1,0.1,104,100,4,5.989934743993851,
1,0.1,104,100,6,6.499057701473351,
1,0.1,104,100,8,6.785486822689912,
1,0.1,104,200,2,5.534110326485449,
1,0.1,104,200,4,5.966826283683664,
1,0.1,104,200,6,6.456729648790351,
1,0.1,104,200,8,6.797711480945174,
1,0.1,128,50,2,26.269842296021,"(32, 32)"
1,0.1,128,50,2,4.756509436450533,
1,0.1,128,50,4,35.438272188577,"(32, 32)"
1,0.1,128,50,4,5.561197535583964,
1,0.1,128,50,6,42.93846300314,"(32, 32)"
1,0.1,128,50,6,6.075789839022475,
1,0.1,128,50,8,42.0450434064329,"(32, 32)"
1,0.1,128,50,8,6.419060231765489,
1,0.1,128,100,2,25.9351870321307,"(32, 32)"
1,0.1,128,100,2,4.727295672087572,
1,0.1,128,100,4,38.1439038046834,"(32, 32)"
1,0.1,128,100,4,5.531930310497872,
1,0.1,128,100,6,42.9446303487101,"(32, 32)"
1,0.1,128,100,6,6.092730158049722,
1,0.1,128,100,8,40.7761041544362,"(32, 32)"
1,0.1,128,100,8,6.401052757938502,
1,0.1,128,200,2,27.0919319079614,"(32, 32)"
1,0.1,128,200,2,4.760297755697683,
1,0.1,128,200,4,37.079864756925,"(32, 32)"
1,0.1,128,200,4,5.5544735723792735,
1,0.1,128,200,6,42.6424451015307,"(32, 32)"
1,0.1,128,200,6,6.070500080053029,
1,0.1,128,200,8,42.8589316639655,"(32, 32)"
1,0.1,128,200,8,6.411873187090804,
1,0.1,224,50,2,8.9994440966691,"(32, 32)"
1,0.1,224,50,4,8.1967106618343,"(32, 32)"
1,0.1,224,50,6,10.4409618004804,"(32, 32)"
1,0.1,224,50,8,8.79077023339745,"(32, 32)"
1,0.1,224,100,2,9.24707417997134,"(32, 32)"
1,0.1,224,100,4,8.22702201871289,"(32, 32)"
1,0.1,224,100,6,8.51026991706369,"(32, 32)"
1,0.1,224,100,8,8.70476698667094,"(32, 32)"
1,0.1,224,200,2,8.88189408009075,"(32, 32)"
1,0.1,224,200,4,8.15243920643684,"(32, 32)"
1,0.1,224,200,6,8.53745253900207,"(32, 32)"
1,0.1,224,200,8,8.67971606726285,"(32, 32)"
1,0.1,320,50,2,6.47868049326697,"(32, 32)"
1,0.1,320,50,4,6.8491964049838,"(32, 32)"
1,0.1,320,50,6,7.44439659609371,"(32, 32)"
1,0.1,320,50,8,7.92065059070461,"(32, 32)"
1,0.1,320,100,2,6.43930650566703,"(32, 32)"
1,0.1,320,100,4,6.82661864820123,"(32, 32)"
1,0.1,320,100,6,7.41837705399465,"(32, 32)"
1,0.1,320,100,8,7.85008124048266,"(32, 32)"
1,0.1,320,200,2,6.49094052968913,"(32, 32)"
1,0.1,320,200,4,6.83049169242258,"(32, 32)"
1,0.1,320,200,6,7.4175902516654,"(32, 32)"
1,0.1,320,200,8,7.82027323252816,"(32, 32)"
1,0.1,416,50,2,5.40663313197136,"(32, 32)"
1,0.1,416,50,4,6.31367768736585,"(32, 32)"
1,0.1,416,50,6,7.03168347188143,"(32, 32)"
1,0.1,416,50,8,7.54038807970638,"(32, 32)"
1,0.1,416,100,2,5.37863603964543,"(32, 32)"
1,0.1,416,100,4,6.27189311284832,"(32, 32)"
1,0.1,416,100,6,6.98921298899715,"(32, 32)"
1,0.1,416,100,8,7.50182244093412,"(32, 32)"
1,0.1,416,200,2,5.39810608041108,"(32, 32)"
1,0.1,416,200,4,6.27365700989718,"(32, 32)"
1,0.1,416,200,6,6.9791382139015,"(32, 32)"
1,0.1,416,200,8,7.4652106545755,"(32, 32)"
1,0.1,512,50,2,4.8753924089613,"(32, 32)"
1,0.1,512,50,4,6.02404987868776,"(32, 32)"
1,0.1,512,50,6,6.8248238341683,"(32, 32)"
1,0.1,512,50,8,7.3310996323927,"(32, 32)"
1,0.1,512,100,2,4.88057331469644,"(32, 32)"
1,0.1,512,100,4,5.98469180072851,"(32, 32)"
1,0.1,512,100,6,6.78531900846459,"(32, 32)"
1,0.1,512,100,8,7.24970876174533,"(32, 32)"
1,0.1,512,200,2,4.87594673549484,"(32, 32)"
1,0.1,512,200,4,5.99511106310263,"(32, 32)"
1,0.1,512,200,6,6.75940077975609,"(32, 32)"
1,0.1,512,200,8,7.24708603802111,"(32, 32)"
1,1.0,8,50,2,14.266571180671754,
1,1.0,8,50,4,12.89318984900253,
1,1.0,8,50,6,13.029670162168808,
1,1.0,8,50,8,12.923865906416742,
1,1.0,8,100,2,14.25111197432968,
1,1.0,8,100,4,13.038342492010434,
1,1.0,8,100,6,12.9504639177921,
1,1.0,8,100,8,12.926141000112336,
1,1.0,8,200,2,14.243331553533972,
1,1.0,8,200,4,12.94063275872896,
1,1.0,8,200,6,12.8493022565992,
1,1.0,8,200,8,12.880956660692128,
1,1.0,14,50,2,9.823994895250316,
1,1.0,14,50,4,9.734930276723906,
1,1.0,14,50,6,9.900101447308112,
1,1.0,14,50,8,10.085958869373664,
1,1.0,14,100,2,9.967335567758944,
1,1.0,14,100,4,9.620801530149114,
1,1.0,14,100,6,9.914767962427527,
1,1.0,14,100,8,10.13858872293006,
1,1.0,14,200,2,9.86732184408494,
1,1.0,14,200,4,9.57247285087364,
1,1.0,14,200,6,9.726599170048846,
1,1.0,14,200,8,10.16875075778126,
1,1.0,20,50,2,7.815569709420581,
1,1.0,20,50,4,8.141253134130773,
1,1.0,20,50,6,8.618069282853469,
1,1.0,20,50,8,8.800202141954344,
1,1.0,20,100,2,7.876228842150651,
1,1.0,20,100,4,8.185596972899067,
1,1.0,20,100,6,8.597517373793192,
1,1.0,20,100,8,8.87657065663956,
1,1.0,20,200,2,7.818064912563132,
1,1.0,20,200,4,8.134785085886085,
1,1.0,20,200,6,8.566242152084792,
1,1.0,20,200,8,8.834825521666572,
1,1.0,26,50,2,6.707218654105039,
1,1.0,26,50,4,7.487498227025301,
1,1.0,26,50,6,7.877523350997305,
1,1.0,26,50,8,8.209424896727526,
1,1.0,26,100,2,6.720956271569225,
1,1.0,26,100,4,7.39016664144194,
1,1.0,26,100,6,7.929487614860655,
1,1.0,26,100,8,8.234997604545796,
1,1.0,26,200,2,6.639954584724736,
1,1.0,26,200,4,7.391569500628211,
1,1.0,26,200,6,7.877897183772198,
1,1.0,26,200,8,8.240142713255302,
1,1.0,32,50,2,6.108757436617826,
1,1.0,32,50,2,11.606912138605622,
1,1.0,32,50,4,7.008893222042839,
1,1.0,32,50,4,11.004585004137196,
1,1.0,32,50,6,7.496503396343305,
1,1.0,32,50,6,11.310898978395258,
1,1.0,32,50,8,7.776176299871273,
1,1.0,32,50,8,11.443557552634111,
1,1.0,32,100,2,6.143701767756375,
1,1.0,32,100,2,11.573890148368609,
1,1.0,32,100,4,7.008111613512671,
1,1.0,32,100,4,11.14232563665511,
1,1.0,32,100,6,7.462887302488792,
1,1.0,32,100,6,11.314033362229,
1,1.0,32,100,8,7.833232743719872,
1,1.0,32,100,8,11.431346634695684,
1,1.0,32,200,2,6.124477442034404,
1,1.0,32,200,2,11.622827306361645,
1,1.0,32,200,4,6.994441959352719,
1,1.0,32,200,4,11.113033588244358,
1,1.0,32,200,6,7.506585599462684,
1,1.0,32,200,6,11.449658044764526,
1,1.0,32,200,8,7.832590135529956,
1,1.0,32,200,8,11.410873019681231,
1,1.0,56,50,2,8.432028797961864,
1,1.0,56,50,4,8.850109819495952,
1,1.0,56,50,6,9.299448788622731,
1,1.0,56,50,8,9.668873655567849,
1,1.0,56,100,2,8.433265584238804,
1,1.0,56,100,4,8.860207062792417,
1,1.0,56,100,6,9.369717953731088,
1,1.0,56,100,8,9.663910922416775,
1,1.0,56,200,2,8.47284242065806,
1,1.0,56,200,4,8.85368710883452,
1,1.0,56,200,6,9.308952936117237,
1,1.0,56,200,8,9.687805761618751,
1,1.0,80,50,2,7.105401104337153,
1,1.0,80,50,4,7.988660882635706,
1,1.0,80,50,6,8.545264502059386,
1,1.0,80,50,8,8.960029216786841,
1,1.0,80,100,2,7.099035235123942,
1,1.0,80,100,4,7.968127895830151,
1,1.0,80,100,6,8.573199638680865,
1,1.0,80,100,8,8.965123310592057,
1,1.0,80,200,2,7.147479017026082,
1,1.0,80,200,4,7.981817563756626,
1,1.0,80,200,6,8.578873843111088,
1,1.0,80,200,8,8.98143230510706,
1,1.0,104,50,2,6.519930873574612,
1,1.0,104,50,4,7.598019000417996,
1,1.0,104,50,6,8.216728629084306,
1,1.0,104,50,8,8.64271914609524,
1,1.0,104,100,2,6.559982834305052,
1,1.0,104,100,4,7.56225030660233,
1,1.0,104,100,6,8.202893644430953,
1,1.0,104,100,8,8.57445120876515,
1,1.0,104,200,2,6.5083435501363605,
1,1.0,104,200,4,7.569260783013724,
1,1.0,104,200,6,8.213322344851058,
1,1.0,104,200,8,8.61666732975006,
1,1.0,128,50,2,10.9369818864449,"(32, 32)"
1,1.0,128,50,2,6.207707554899651,
1,1.0,128,50,4,10.5184541838603,"(32, 32)"
1,1.0,128,50,4,7.337550886715316,
1,1.0,128,50,6,10.950018819157,"(32, 32)"
1,1.0,128,50,6,8.019526731078244,
1,1.0,128,50,8,11.2746205809502,"(32, 32)"
1,1.0,128,50,8,8.424026922068817,
1,1.0,128,100,2,10.8377911908058,"(32, 32)"
1,1.0,128,100,2,6.192760966734731,
1,1.0,128,100,4,10.4980519622081,"(32, 32)"
1,1.0,128,100,4,7.315445787531509,
1,1.0,128,100,6,10.8767063950625,"(32, 32)"
1,1.0,128,100,6,8.000693052789313,
1,1.0,128,100,8,11.322589568906,"(32, 32)"
1,1.0,128,100,8,8.435259034001453,
1,1.0,128,200,2,10.8915193866403,"(32, 32)"
1,1.0,128,200,2,6.213859130048406,
1,1.0,128,200,4,10.5115269558752,"(32, 32)"
1,1.0,128,200,4,7.333745366861126,
1,1.0,128,200,6,10.9135126891532,"(32, 32)"
1,1.0,128,200,6,7.976772204714649,
1,1.0,128,200,8,11.2426408221667,"(32, 32)"
1,1.0,128,200,8,8.398827207528088,
1,1.0,224,50,2,8.02985533245502,"(32, 32)"
1,1.0,224,50,4,8.92336964822741,"(32, 32)"
1,1.0,224,50,6,9.61650622237873,"(32, 32)"
1,1.0,224,50,8,10.1365928686187,"(32, 32)"
1,1.0,224,100,2,8.04830866514107,"(32, 32)"
1,1.0,224,100,4,8.94777893978848,"(32, 32)"
1,1.0,224,100,6,9.56080522665488,"(32, 32)"
1,1.0,224,100,8,10.113459851105,"(32, 32)"
1,1.0,224,200,2,8.0183317436619,"(32, 32)"
1,1.0,224,200,4,8.97404509753532,"(32, 32)"
1,1.0,224,200,6,9.59501912920677,"(32, 32)"
1,1.0,224,200,8,10.1016344390927,"(32, 32)"
1,1.0,320,50,2,7.15911061778253,"(32, 32)"
1,1.0,320,50,4,8.46534598655715,"(32, 32)"
1,1.0,320,50,6,9.20097100482556,"(32, 32)"
1,1.0,320,50,8,9.74356434016964,"(32, 32)"
1,1.0,320,100,2,7.14668080575218,"(32, 32)"
1,1.0,320,100,4,8.44254338744415,"(32, 32)"
1,1.0,320,100,6,9.19085009473374,"(32, 32)"
1,1.0,320,100,8,9.68653776250642,"(32, 32)"
1,1.0,320,200,2,7.17658765287204,"(32, 32)"
1,1.0,320,200,4,8.42377650039247,"(32, 32)"
1,1.0,320,200,6,9.12343385398754,"(32, 32)"
1,1.0,320,200,8,9.69586883350448,"(32, 32)"
1,1.0,416,50,2,6.81095434730653,"(32, 32)"
1,1.0,416,50,4,8.21315281797592,"(32, 32)"
1,1.0,416,50,6,8.99804199960526,"(32, 32)"
1,1.0,416,50,8,9.55336908958897,"(32, 32)"
1,1.0,416,100,2,6.79680512491022,"(32, 32)"
1,1.0,416,100,4,8.16806285626982,"(32, 32)"
1,1.0,416,100,6,8.93775587449229,"(32, 32)"
1,1.0,416,100,8,9.52005978926148,"(32, 32)"
1,1.0,416,200,2,6.8119828614105,"(32, 32)"
1,1.0,416,200,4,8.1431206156237,"(32, 32)"
1,1.0,416,200,6,8.95158737853008,"(32, 32)"
1,1.0,416,200,8,9.48239773748215,"(32, 32)"
1,1.0,512,50,2,6.62151979409145,"(32, 32)"
1,1.0,512,50,4,8.0694571352881,"(32, 32)"
1,1.0,512,50,6,8.88510373374307,"(32, 32)"
1,1.0,512,50,8,9.46456907521632,"(32, 32)"
1,1.0,512,100,2,6.5732293475259,"(32, 32)"
1,1.0,512,100,4,8.02329391455017,"(32, 32)"
1,1.0,512,100,6,8.80989934545513,"(32, 32)"
1,1.0,512,100,8,9.39636826666469,"(32, 32)"
1,1.0,512,200,2,6.5868711341494,"(32, 32)"
1,1.0,512,200,4,8.02490696362907,"(32, 32)"
1,1.0,512,200,6,8.81522559904513,"(32, 32)"
1,1.0,512,200,8,9.40721677963586,"(32, 32)"
1,10.0,8,50,2,14.492808301435517,
1,10.0,8,50,4,13.18656202117263,
1,10.0,8,50,6,13.41380996777435,
1,10.0,8,50,8,13.460858575608366,
1,10.0,8,100,2,14.443754088377691,
1,10.0,8,100,4,13.217448574057752,
1,10.0,8,100,6,13.479979610937075,
1,10.0,8,100,8,13.64725154272501,
1,10.0,8,200,2,14.263607421461934,
1,10.0,8,200,4,13.25313128053192,
1,10.0,8,200,6,13.4077197427434,
1,10.0,8,200,8,13.524828508174776,
1,10.0,14,50,2,10.69467154477797,
1,10.0,14,50,4,11.095359320166406,
1,10.0,14,50,6,11.587148097681226,
1,10.0,14,50,8,11.918185761913126,
1,10.0,14,100,2,10.635623602328186,
1,10.0,14,100,4,11.06294965099583,
1,10.0,14,100,6,11.68160519373702,
1,10.0,14,100,8,12.004538790332743,
1,10.0,14,200,2,10.593624688141595,
1,10.0,14,200,4,11.057002021396752,
1,10.0,14,200,6,11.587383486132126,
1,10.0,14,200,8,11.92827437449452,
1,10.0,20,50,2,9.454081942460403,
1,10.0,20,50,4,10.403477938192074,
1,10.0,20,50,6,10.877427805733548,
1,10.0,20,50,8,11.288213297969223,
1,10.0,20,100,2,9.459543316001806,
1,10.0,20,100,4,10.397800073496713,
1,10.0,20,100,6,10.93570472152333,
1,10.0,20,100,8,11.231757398892576,
1,10.0,20,200,2,9.493006491160266,
1,10.0,20,200,4,10.398399897506671,
1,10.0,20,200,6,10.958905706699465,
1,10.0,20,200,8,11.290184477387749,
1,10.0,26,50,2,8.998197798956767,
1,10.0,26,50,4,10.0156436628385,
1,10.0,26,50,6,10.58076297655399,
1,10.0,26,50,8,10.961455873288935,
1,10.0,26,100,2,8.936211980028336,
1,10.0,26,100,4,10.039903562470167,
1,10.0,26,100,6,10.607933070045016,
1,10.0,26,100,8,10.97154195959672,
1,10.0,26,200,2,8.930790229853049,
1,10.0,26,200,4,10.001995650478332,
1,10.0,26,200,6,10.64280483419524,
1,10.0,26,200,8,10.95026180703357,
1,10.0,32,50,2,8.647335157982063,
1,10.0,32,50,2,11.629821433798169,
1,10.0,32,50,4,9.848405397179157,
1,10.0,32,50,4,11.766011954906304,
1,10.0,32,50,6,10.39131903374092,
1,10.0,32,50,6,12.392884095415102,
1,10.0,32,50,8,10.803734550460614,
1,10.0,32,50,8,12.670276395196122,
1,10.0,32,100,2,8.637448380532714,
1,10.0,32,100,2,11.709352188760056,
1,10.0,32,100,4,9.854863943924922,
1,10.0,32,100,4,11.826426859090532,
1,10.0,32,100,6,10.410438588162384,
1,10.0,32,100,6,12.35716966709596,
1,10.0,32,100,8,10.792570766051728,
1,10.0,32,100,8,12.732606580143244,
1,10.0,32,200,2,8.629371530362636,
1,10.0,32,200,2,11.625719930034508,
1,10.0,32,200,4,9.867653347202992,
1,10.0,32,200,4,11.791206180131574,
1,10.0,32,200,6,10.40662866768344,
1,10.0,32,200,6,12.315096818525554,
1,10.0,32,200,8,10.77243929215768,
1,10.0,32,200,8,12.74831199691755,
1,10.0,56,50,2,9.594020976361946,
1,10.0,56,50,4,10.83979166654154,
1,10.0,56,50,6,11.552813457305405,
1,10.0,56,50,8,11.94293296969807,
1,10.0,56,100,2,9.577066932472214,
1,10.0,56,100,4,10.889949826912243,
1,10.0,56,100,6,11.582934658590446,
1,10.0,56,100,8,11.91175710917489,
1,10.0,56,200,2,9.585133214909357,
1,10.0,56,200,4,10.82613012039801,
1,10.0,56,200,6,11.489590121163754,
1,10.0,56,200,8,11.889856461540038,
1,10.0,80,50,2,9.008701144980895,
1,10.0,80,50,4,10.578035385225556,
1,10.0,80,50,6,11.28271627011354,
1,10.0,80,50,8,11.590559281291174,
1,10.0,80,100,2,9.022668265710353,
1,10.0,80,100,4,10.49836318564169,
1,10.0,80,100,6,11.20258443850376,
1,10.0,80,100,8,11.595568244436189,
1,10.0,80,200,2,8.980009979038599,
1,10.0,80,200,4,10.549309976439403,
1,10.0,80,200,6,11.211127877031217,
1,10.0,80,200,8,11.584900143999324,
1,10.0,104,50,2,8.771253658803301,
1,10.0,104,50,4,10.38245280427078,
1,10.0,104,50,6,11.04834734265294,
1,10.0,104,50,8,11.460643595520068,
1,10.0,104,100,2,8.755229150375559,
1,10.0,104,100,4,10.371022944379297,
1,10.0,104,100,6,11.04909863140004,
1,10.0,104,100,8,11.466946909681033,
1,10.0,104,200,2,8.731198410504353,
1,10.0,104,200,4,10.326588203258506,
1,10.0,104,200,6,11.05259770027265,
1,10.0,104,200,8,11.481183621999108,
1,10.0,128,50,2,10.8599633805306,"(32, 32)"
1,10.0,128,50,2,8.617451114720618,
1,10.0,128,50,4,11.8515589593971,"(32, 32)"
1,10.0,128,50,4,10.284148483076889,
1,10.0,128,50,6,12.6338180113513,"(32, 32)"
1,10.0,128,50,6,10.985503441269968,
1,10.0,128,50,8,13.0649754857075,"(32, 32)"
1,10.0,128,50,8,11.35751978273577,
1,10.0,128,100,2,10.8705621192547,"(32, 32)"
1,10.0,128,100,2,8.598086175217416,
1,10.0,128,100,4,11.8246355641764,"(32, 32)"
1,10.0,128,100,4,10.27860956577848,
1,10.0,128,100,6,12.6573386395224,"(32, 32)"
1,10.0,128,100,6,10.94271447267622,
1,10.0,128,100,8,13.0535969304351,"(32, 32)"
1,10.0,128,100,8,11.365884670829011,
1,10.0,128,200,2,10.9392295995732,"(32, 32)"
1,10.0,128,200,2,8.597981912562389,
1,10.0,128,200,4,11.8637089104263,"(32, 32)"
1,10.0,128,200,4,10.253445674179943,
1,10.0,128,200,6,12.6710156620902,"(32, 32)"
1,10.0,128,200,6,10.969621672596215,
1,10.0,128,200,8,13.1080129504636,"(32, 32)"
1,10.0,128,200,8,11.36970698694536,
1,10.0,224,50,2,9.41173122554322,"(32, 32)"
1,10.0,224,50,4,11.3248232324544,"(32, 32)"
1,10.0,224,50,6,12.1382693014499,"(32, 32)"
1,10.0,224,50,8,12.7100005176703,"(32, 32)"
1,10.0,224,100,2,9.39771438569234,"(32, 32)"
1,10.0,224,100,4,11.2631860386487,"(32, 32)"
1,10.0,224,100,6,12.1015888211362,"(32, 32)"
1,10.0,224,100,8,12.6462527126465,"(32, 32)"
1,10.0,224,200,2,9.406518875284,"(32, 32)"
1,10.0,224,200,4,11.2844512708691,"(32, 32)"
1,10.0,224,200,6,12.1128324827183,"(32, 32)"
1,10.0,224,200,8,12.640119808933,"(32, 32)"
1,10.0,320,50,2,8.99537370245811,"(32, 32)"
1,10.0,320,50,4,11.1698769656708,"(32, 32)"
1,10.0,320,50,6,12.00885477798,"(32, 32)"
1,10.0,320,50,8,12.5490685774628,"(32, 32)"
1,10.0,320,100,2,9.01938956485186,"(32, 32)"
1,10.0,320,100,4,11.1388441377176,"(32, 32)"
1,10.0,320,100,6,11.9780043239869,"(32, 32)"
1,10.0,320,100,8,12.4675578453324,"(32, 32)"
1,10.0,320,200,2,9.03348373719551,"(32, 32)"
1,10.0,320,200,4,11.1073478641261,"(32, 32)"
1,10.0,320,200,6,11.987075998646,"(32, 32)"
1,10.0,320,200,8,12.5192995237428,"(32, 32)"
1,10.0,416,50,2,8.8449913205136,"(32, 32)"
1,10.0,416,50,4,11.0586579111085,"(32, 32)"
1,10.0,416,50,6,11.9669672582023,"(32, 32)"
1,10.0,416,50,8,12.4708572939766,"(32, 32)"
1,10.0,416,100,2,8.84990852437993,"(32, 32)"
1,10.0,416,100,4,11.0194080106544,"(32, 32)"
1,10.0,416,100,6,11.9047595916019,"(32, 32)"
1,10.0,416,100,8,12.3940511154246,"(32, 32)"
1,10.0,416,200,2,8.8544152318434,"(32, 32)"
1,10.0,416,200,4,11.0053054846203,"(32, 32)"
1,10.0,416,200,6,11.896997896947,"(32, 32)"
1,10.0,416,200,8,12.4205395250571,"(32, 32)"
1,10.0,512,50,2,8.72751409384716,"(32, 32)"
1,10.0,512,50,4,11.0123857645958,"(32, 32)"
1,10.0,512,50,6,11.8921721926841,"(32, 32)"
1,10.0,512,50,8,12.3778658544335,"(32, 32)"
1,10.0,512,100,2,8.73388386609729,"(32, 32)"
1,10.0,512,100,4,10.974377528028,"(32, 32)"
1,10.0,512,100,6,11.8264818549383,"(32, 32)"
1,10.0,512,100,8,12.3549759821116,"(32, 32)"
1,10.0,512,200,2,8.74165382153998,"(32, 32)"
1,10.0,512,200,4,10.9676226175105,"(32, 32)"
1,10.0,512,200,6,11.8233721719568,"(32, 32)"
1,10.0,512,200,8,12.3291171488144,"(32, 32)"
2,0.01,8,50,2,31.39074494342285,
2,0.01,8,50,4,31.348740550269877,
2,0.01,8,50,6,31.19476833007407,
2,0.01,8,50,8,30.51046773416333,
2,0.01,8,100,2,30.989783418581137,
2,0.01,8,100,4,31.062417166463216,
2,0.01,8,100,6,30.951827120734187,
2,0.01,8,100,8,30.81070430080622,
2,0.01,8,200,2,30.860452970195283,
2,0.01,8,200,4,32.340455172136444,
2,0.01,8,200,6,31.42617697078382,
2,0.01,8,200,8,31.12394105879347,
2,0.01,14,50,2,28.51190405410567,
2,0.01,14,50,4,29.8144133331703,
2,0.01,14,50,6,29.43852099290166,
2,0.01,14,50,8,28.77782904457949,
2,0.01,14,100,2,28.50165492824376,
2,0.01,14,100,4,30.26467602551197,
2,0.01,14,100,6,29.350019311329923,
2,0.01,14,100,8,28.31173300809456,
2,0.01,14,200,2,29.098647478795552,
2,0.01,14,200,4,29.367659020805604,
2,0.01,14,200,6,29.097307850163688,
2,0.01,14,200,8,28.922481190466534,
2,0.01,20,50,2,25.7453126066828,
2,0.01,20,50,4,26.33130769141537,
2,0.01,20,50,6,25.764898267945256,
2,0.01,20,50,8,25.253985326514822,
2,0.01,20,100,2,26.029307500161973,
2,0.01,20,100,4,26.43774695314902,
2,0.01,20,100,6,25.51264228837193,
2,0.01,20,100,8,24.917284427329196,
2,0.01,20,200,2,25.952672064478776,
2,0.01,20,200,4,27.359200434016195,
2,0.01,20,200,6,25.57781210435909,
2,0.01,20,200,8,24.77899005682201,
2,0.01,26,50,2,22.028605763718016,
2,0.01,26,50,4,21.43505382761549,
2,0.01,26,50,6,20.544346271585443,
2,0.01,26,50,8,19.64607312516937,
2,0.01,26,100,2,21.64458694271846,
2,0.01,26,100,4,22.23673924672096,
2,0.01,26,100,6,20.32941828490757,
2,0.01,26,100,8,20.31611267828296,
2,0.01,26,200,2,21.40905244400819,
2,0.01,26,200,4,21.534280638431973,
2,0.01,26,200,6,19.991587109213302,
2,0.01,26,200,8,19.602653463935653,
2,0.01,32,50,2,17.316266252712058,
2,0.01,32,50,2,52.15691852998232,
2,0.01,32,50,4,15.926492996535714,
2,0.01,32,50,4,59.95898733341266,
2,0.01,32,50,6,15.1992843810826,
2,0.01,32,50,6,60.45581891093404,
2,0.01,32,50,8,14.548839137380044,
2,0.01,32,50,8,60.4700392001621,
2,0.01,32,100,2,17.755113536715562,
2,0.01,32,100,2,52.4420641616668,
2,0.01,32,100,4,16.106149463391596,
2,0.01,32,100,4,60.1264134675108,
2,0.01,32,100,6,15.337126691110043,
2,0.01,32,100,6,60.49248678672089,
2,0.01,32,100,8,14.84453341374287,
2,0.01,32,100,8,60.20015205668259,
2,0.01,32,200,2,17.375714184470525,
2,0.01,32,200,2,51.88931043936039,
2,0.01,32,200,4,16.115427058825656,
2,0.01,32,200,4,59.47794988114679,
2,0.01,32,200,6,14.815903670951498,
2,0.01,32,200,6,59.975976553277455,
2,0.01,32,200,8,14.184644100765478,
2,0.01,32,200,8,59.85153101442358,
2,0.01,56,50,2,47.0576312015052,
2,0.01,56,50,4,54.21593066533983,
2,0.01,56,50,6,55.2229767041482,
2,0.01,56,50,8,55.25357527406173,
2,0.01,56,100,2,46.630480814890085,
2,0.01,56,100,4,54.97971368681125,
2,0.01,56,100,6,54.89548299582332,
2,0.01,56,100,8,53.9317748743259,
2,0.01,56,200,2,46.726566745213816,
2,0.01,56,200,4,54.81724672197146,
2,0.01,56,200,6,54.59947135306066,
2,0.01,56,200,8,54.91135924205314,
2,0.01,80,50,2,40.33902595217822,
2,0.01,80,50,4,46.11317267399066,
2,0.01,80,50,6,45.55055065471228,
2,0.01,80,50,8,44.50237632150106,
2,0.01,80,100,2,40.05347244506057,
2,0.01,80,100,4,46.02462660820888,
2,0.01,80,100,6,45.54910169232789,
2,0.01,80,100,8,43.514192874703134,
2,0.01,80,200,2,40.046523504541625,
2,0.01,80,200,4,45.0587713680396,
2,0.01,80,200,6,45.30487985663866,
2,0.01,80,200,8,43.64246213483132,
2,0.01,104,50,2,31.32298788441684,
2,0.01,104,50,4,33.080991596457366,
2,0.01,104,50,6,30.11982334343524,
2,0.01,104,50,8,29.42582072472213,
2,0.01,104,100,2,30.6461833326182,
2,0.01,104,100,4,33.755429770652675,
2,0.01,104,100,6,31.441213885162096,
2,0.01,104,100,8,29.5703045662349,
2,0.01,104,200,2,32.24529403535899,
2,0.01,104,200,4,32.230308435226526,
2,0.01,104,200,6,31.69867282098827,
2,0.01,104,200,8,27.32982108958224,
2,0.01,128,50,2,73.6500542696813,"(32, 32)"
2,0.01,128,50,2,19.72656337020419,
2,0.01,128,50,4,87.0386316973409,"(32, 32)"
2,0.01,128,50,4,15.291398187232842,
2,0.01,128,50,6,90.6271038574154,"(32, 32)"
2,0.01,128,50,6,14.725128541136018,
2,0.01,128,50,8,92.5427649952513,"(32, 32)"
2,0.01,128,50,8,15.020254955540649,
2,0.01,128,100,2,73.5170690737221,"(32, 32)"
2,0.01,128,100,2,20.763671875,
2,0.01,128,100,4,85.8065149007939,"(32, 32)"
2,0.01,128,100,4,17.842541014004304,
2,0.01,128,100,6,90.6890995402487,"(32, 32)"
2,0.01,128,100,6,14.919483508458988,
2,0.01,128,100,8,92.2557477943712,"(32, 32)"
2,0.01,128,100,8,13.55045272239764,
2,0.01,128,200,2,73.3090187800728,"(32, 32)"
2,0.01,128,200,2,20.11833326910088,
2,0.01,128,200,4,86.0659963081821,"(32, 32)"
2,0.01,128,200,4,20.940314989025342,
2,0.01,128,200,6,90.5388083734582,"(32, 32)"
2,0.01,128,200,6,15.25227714171928,
2,0.01,128,200,8,91.8364490619724,"(32, 32)"
2,0.01,128,200,8,13.75513473350462,
2,0.01,224,50,2,64.4731244421239,"(32, 32)"
2,0.01,224,50,4,76.9392476135148,"(32, 32)"
2,0.01,224,50,6,80.8604955623216,"(32, 32)"
2,0.01,224,50,8,81.6969604384346,"(32, 32)"
2,0.01,224,100,2,63.2273005889418,"(32, 32)"
2,0.01,224,100,4,76.5894068930553,"(32, 32)"
2,0.01,224,100,6,80.2230226562502,"(32, 32)"
2,0.01,224,100,8,80.4611632450151,"(32, 32)"
2,0.01,224,200,2,63.4933755678284,"(32, 32)"
2,0.01,224,200,4,76.737167080786,"(32, 32)"
2,0.01,224,200,6,80.0947251991679,"(32, 32)"
2,0.01,224,200,8,81.0943953471883,"(32, 32)"
2,0.01,320,50,2,53.1162796582544,"(32, 32)"
2,0.01,320,50,4,62.4853367503719,"(32, 32)"
2,0.01,320,50,6,62.8865724686653,"(32, 32)"
2,0.01,320,50,8,60.858161336332,"(32, 32)"
2,0.01,320,100,2,52.4772919000317,"(32, 32)"
2,0.01,320,100,4,62.2120475128685,"(32, 32)"
2,0.01,320,100,6,63.2389740512154,"(32, 32)"
2,0.01,320,100,8,61.6213476866796,"(32, 32)"
2,0.01,320,200,2,53.4935216813909,"(32, 32)"
2,0.01,320,200,4,61.1835016925643,"(32, 32)"
2,0.01,320,200,6,62.86955082906,"(32, 32)"
2,0.01,320,200,8,62.3544948716665,"(32, 32)"
2,0.01,416,50,2,38.2671304377809,"(32, 32)"
2,0.01,416,50,4,40.0229070875148,"(32, 32)"
2,0.01,416,50,6,32.0298381810622,"(32, 32)"
2,0.01,416,50,8,27.1649202436838,"(32, 32)"
2,0.01,416,100,2,37.8399295910267,"(32, 32)"
2,0.01,416,100,4,40.2126103526253,"(32, 32)"
2,0.01,416,100,6,34.0240629539419,"(32, 32)"
2,0.01,416,100,8,28.0000532013524,"(32, 32)"
2,0.01,416,200,2,37.6018676111368,"(32, 32)"
2,0.01,416,200,4,41.0036565034043,"(32, 32)"
2,0.01,416,200,6,36.5862904934224,"(32, 32)"
2,0.01,416,200,8,30.9922183945129,"(32, 32)"
2,0.01,512,50,2,16.8701856739294,"(32, 32)"
2,0.01,512,50,4,5.14698171221247,"(32, 32)"
2,0.01,512,50,6,5.41048234858823,"(32, 32)"
2,0.01,512,50,8,5.69566446689782,"(32, 32)"
2,0.01,512,100,2,16.5374384295758,"(32, 32)"
2,0.01,512,100,4,9.00008604220481,"(32, 32)"
2,0.01,512,100,6,5.43165045733558,"(32, 32)"
2,0.01,512,100,8,8.58471182213426,"(32, 32)"
2,0.01,512,200,2,15.7336521380393,"(32, 32)"
2,0.01,512,200,4,5.16129938901597,"(32, 32)"
2,0.01,512,200,6,5.36991002581074,"(32, 32)"
2,0.01,512,200,8,8.82080963328593,"(32, 32)"
2,0.1,8,50,2,17.845676725622095,
2,0.1,8,50,4,17.99094279560025,
2,0.1,8,50,6,17.275617181598086,
2,0.1,8,50,8,17.234568341468492,
2,0.1,8,100,2,17.73633199640691,
2,0.1,8,100,4,17.601483070136748,
2,0.1,8,100,6,17.322444221934198,
2,0.1,8,100,8,17.080769465889848,
2,0.1,8,200,2,17.748166808979054,
2,0.1,8,200,4,17.551067174216428,
2,0.1,8,200,6,17.01573843870015,
2,0.1,8,200,8,17.185224014788883,
2,0.1,14,50,2,12.2332000752882,
2,0.1,14,50,4,11.773419841507575,
2,0.1,14,50,6,11.096997110892223,
2,0.1,14,50,8,11.13047947045353,
2,0.1,14,100,2,12.632951253248123,
2,0.1,14,100,4,11.785440767095096,
2,0.1,14,100,6,11.122258395012226,
2,0.1,14,100,8,11.39808057052321,
2,0.1,14,200,2,12.308050290733645,
2,0.1,14,200,4,11.86494228678547,
2,0.1,14,200,6,11.45884655352179,
2,0.1,14,200,8,11.174106359059948,
2,0.1,20,50,2,8.500285424320872,
2,0.1,20,50,4,8.113664907274583,
2,0.1,20,50,6,7.988166162832338,
2,0.1,20,50,8,8.176183203135816,
2,0.1,20,100,2,8.474576740329535,
2,0.1,20,100,4,8.198064612895948,
2,0.1,20,100,6,8.309574845842135,
2,0.1,20,100,8,8.075756205294555,
2,0.1,20,200,2,8.445969463418747,
2,0.1,20,200,4,7.90228413263782,
2,0.1,20,200,6,8.184478668220514,
2,0.1,20,200,8,8.080938502280333,
2,0.1,26,50,2,6.434641379298133,
2,0.1,26,50,4,6.308005063961418,
2,0.1,26,50,6,6.617890772102874,
2,0.1,26,50,8,6.8217886499452245,
2,0.1,26,100,2,6.312580674666259,
2,0.1,26,100,4,6.394562270847175,
2,0.1,26,100,6,6.569521099966888,
2,0.1,26,100,8,6.804276288612006,
2,0.1,26,200,2,6.37945371148521,
2,0.1,26,200,4,6.34335491284328,
2,0.1,26,200,6,6.489091081967363,
2,0.1,26,200,8,6.847889105781293,
2,0.1,32,50,2,5.179645152659659,
2,0.1,32,50,2,21.99178446913672,
2,0.1,32,50,4,5.450789774094847,
2,0.1,32,50,4,26.033262983252325,
2,0.1,32,50,6,5.873930813510174,
2,0.1,32,50,6,27.93342550379342,
2,0.1,32,50,8,6.136397364873702,
2,0.1,32,50,8,26.12214404105754,
2,0.1,32,100,2,5.114685471933405,
2,0.1,32,100,2,22.032982551140844,
2,0.1,32,100,4,5.475685822195122,
2,0.1,32,100,4,26.81985323007408,
2,0.1,32,100,6,5.868655736001651,
2,0.1,32,100,6,26.62334856096492,
2,0.1,32,100,8,6.132552803518243,
2,0.1,32,100,8,26.678094354428485,
2,0.1,32,200,2,5.154660991543881,
2,0.1,32,200,2,21.83100189496105,
2,0.1,32,200,4,5.496174609057826,
2,0.1,32,200,4,26.215485980040075,
2,0.1,32,200,6,5.83947238315441,
2,0.1,32,200,6,27.344167058761386,
2,0.1,32,200,8,6.150346277924431,
2,0.1,32,200,8,27.60998444675227,
2,0.1,56,50,2,10.79505156426529,
2,0.1,56,50,4,10.273402781844856,
2,0.1,56,50,6,10.75055072172177,
2,0.1,56,50,8,10.219869103237317,
2,0.1,56,100,2,11.164848711053931,
2,0.1,56,100,4,10.39933056510815,
2,0.1,56,100,6,11.802155501483666,
2,0.1,56,100,8,10.526134844780769,
2,0.1,56,200,2,10.938684192311744,
2,0.1,56,200,4,10.166805287234292,
2,0.1,56,200,6,10.470316573260195,
2,0.1,56,200,8,10.1810778636677,
2,0.1,80,50,2,6.923312414679823,
2,0.1,80,50,4,6.914079603615851,
2,0.1,80,50,6,7.1837145581025785,
2,0.1,80,50,8,7.500238541942193,
2,0.1,80,100,2,6.906840441566166,
2,0.1,80,100,4,6.887021184156153,
2,0.1,80,100,6,7.21559979288581,
2,0.1,80,100,8,7.462482456205823,
2,0.1,80,200,2,6.926699917921209,
2,0.1,80,200,4,6.883099310763006,
2,0.1,80,200,6,7.226670712872226,
2,0.1,80,200,8,7.473334146590902,
2,0.1,104,50,2,5.559796994571799,
2,0.1,104,50,4,5.966671886477327,
2,0.1,104,50,6,6.484305875478699,
2,0.1,104,50,8,6.812899516578683,
2,0.1,104,100,2,5.529285836486686,
2,0.1,104,100,4,5.982902006932802,
2,0.1,104,100,6,6.485636466623554,
2,0.1,104,100,8,6.799927475486411,
2,0.1,104,200,2,5.5365127268930605,
2,0.1,104,200,4,6.006904761661685,
2,0.1,104,200,6,6.449514787742908,
2,0.1,104,200,8,6.80378431595729,
2,0.1,128,50,2,25.8938208053987,"(32, 32)"
2,0.1,128,50,2,4.729455790595289,
2,0.1,128,50,4,37.2644452242168,"(32, 32)"
2,0.1,128,50,4,5.53594288859373,
2,0.1,128,50,6,43.4101262404428,"(32, 32)"
2,0.1,128,50,6,6.093168729788937,
2,0.1,128,50,8,41.1007368870967,"(32, 32)"
2,0.1,128,50,8,6.419647647303343,
2,0.1,128,100,2,26.0579346973884,"(32, 32)"
2,0.1,128,100,2,4.776113106773269,
2,0.1,128,100,4,37.3819997095222,"(32, 32)"
2,0.1,128,100,4,5.513153646386259,
2,0.1,128,100,6,41.5077928327287,"(32, 32)"
2,0.1,128,100,6,6.095990673788951,
2,0.1,128,100,8,42.2872338638704,"(32, 32)"
2,0.1,128,100,8,6.414856428292489,
2,0.1,128,200,2,26.4865277430996,"(32, 32)"
2,0.1,128,200,2,4.743583360642589,
2,0.1,128,200,4,36.7326014847958,"(32, 32)"
2,0.1,128,200,4,5.519096168383836,
2,0.1,128,200,6,41.6362512635444,"(32, 32)"
2,0.1,128,200,6,6.075342477948484,
2,0.1,128,200,8,43.8892162799025,"(32, 32)"
2,0.1,128,200,8,6.427427838045422,
2,0.1,224,50,2,8.96952024335728,"(32, 32)"
2,0.1,224,50,4,8.43436492320049,"(32, 32)"
2,0.1,224,50,6,8.49798268333605,"(32, 32)"
2,0.1,224,50,8,8.79156149368896,"(32, 32)"
2,0.1,224,100,2,9.00362280939443,"(32, 32)"
2,0.1,224,100,4,8.82380762446985,"(32, 32)"
2,0.1,224,100,6,8.71518932633689,"(32, 32)"
2,0.1,224,100,8,9.05736085595848,"(32, 32)"
2,0.1,224,200,2,9.08375949618178,"(32, 32)"
2,0.1,224,200,4,8.27403296037932,"(32, 32)"
2,0.1,224,200,6,8.45209015947918,"(32, 32)"
2,0.1,224,200,8,8.67774800246511,"(32, 32)"
2,0.1,320,50,2,6.45874871999803,"(32, 32)"
2,0.1,320,50,4,6.84388934825314,"(32, 32)"
2,0.1,320,50,6,7.43876008971679,"(32, 32)"
2,0.1,320,50,8,7.89408257902109,"(32, 32)"
2,0.1,320,100,2,6.51159982738587,"(32, 32)"
2,0.1,320,100,4,6.79729142941269,"(32, 32)"
2,0.1,320,100,6,7.38584929482779,"(32, 32)"
2,0.1,320,100,8,7.85466429519337,"(32, 32)"
2,0.1,320,200,2,6.48422821981841,"(32, 32)"
2,0.1,320,200,4,6.83003623628848,"(32, 32)"
2,0.1,320,200,6,7.39811317514446,"(32, 32)"
2,0.1,320,200,8,7.85189457281288,"(32, 32)"
2,0.1,416,50,2,5.4074225945649,"(32, 32)"
2,0.1,416,50,4,6.27748686004807,"(32, 32)"
2,0.1,416,50,6,7.04438172615657,"(32, 32)"
2,0.1,416,50,8,7.55530729384605,"(32, 32)"
2,0.1,416,100,2,5.40010983390724,"(32, 32)"
2,0.1,416,100,4,6.25603072080362,"(32, 32)"
2,0.1,416,100,6,6.99504131705766,"(32, 32)"
2,0.1,416,100,8,7.47095638868092,"(32, 32)"
2,0.1,416,200,2,5.42700691193744,"(32, 32)"
2,0.1,416,200,4,6.27675030982628,"(32, 32)"
2,0.1,416,200,6,6.98033048880282,"(32, 32)"
2,0.1,416,200,8,7.46397215157861,"(32, 32)"
2,0.1,512,50,2,4.89696503673907,"(32, 32)"
2,0.1,512,50,4,6.00401457947569,"(32, 32)"
2,0.1,512,50,6,6.81307728972465,"(32, 32)"
2,0.1,512,50,8,7.32453567022674,"(32, 32)"
2,0.1,512,100,2,4.87091127740624,"(32, 32)"
2,0.1,512,100,4,5.98205712751112,"(32, 32)"
2,0.1,512,100,6,6.76663531717389,"(32, 32)"
2,0.1,512,100,8,7.25557625835607,"(32, 32)"
2,0.1,512,200,2,4.86271096681443,"(32, 32)"
2,0.1,512,200,4,5.95876031515014,"(32, 32)"
2,0.1,512,200,6,6.77390858773069,"(32, 32)"
2,0.1,512,200,8,7.2411858484267,"(32, 32)"
2,1.0,8,50,2,14.288186556923494,
2,1.0,8,50,4,13.005759503905855,
2,1.0,8,50,6,12.943453391087552,
2,1.0,8,50,8,12.851997048124469,
2,1.0,8,100,2,14.511150545109174,
2,1.0,8,100,4,13.062330034966305,
2,1.0,8,100,6,12.936780826648423,
2,1.0,8,100,8,12.900331779767376,
2,1.0,8,200,2,14.412193412861436,
2,1.0,8,200,4,13.01982820013705,
2,1.0,8,200,6,12.76223153215847,
2,1.0,8,200,8,12.931811127765108,
2,1.0,14,50,2,9.883287646063136,
2,1.0,14,50,4,9.609241813418985,
2,1.0,14,50,6,9.909634273797884,
2,1.0,14,50,8,10.040600373148584,
2,1.0,14,100,2,9.951412993889418,
2,1.0,14,100,4,9.644521559520747,
2,1.0,14,100,6,9.938613925137131,
2,1.0,14,100,8,10.127764289174108,
2,1.0,14,200,2,9.911908095247002,
2,1.0,14,200,4,9.645986886721277,
2,1.0,14,200,6,9.846441960475158,
2,1.0,14,200,8,10.05855866953834,
2,1.0,20,50,2,7.78431341084879,
2,1.0,20,50,4,8.162917178185147,
2,1.0,20,50,6,8.518128081448582,
2,1.0,20,50,8,8.83604823683096,
2,1.0,20,100,2,7.765925626097518,
2,1.0,20,100,4,8.191176193419393,
2,1.0,20,100,6,8.473337205015069,
2,1.0,20,100,8,8.899104521203068,
2,1.0,20,200,2,7.762407277117057,
2,1.0,20,200,4,8.19901845686457,
2,1.0,20,200,6,8.526839796649437,
2,1.0,20,200,8,8.858161318362782,
2,1.0,26,50,2,6.718912379941856,
2,1.0,26,50,4,7.428536022018061,
2,1.0,26,50,6,7.842517041573023,
2,1.0,26,50,8,8.225020072935708,
2,1.0,26,100,2,6.721715370315174,
2,1.0,26,100,4,7.422895694617032,
2,1.0,26,100,6,7.876673929235613,
2,1.0,26,100,8,8.199371351009649,
2,1.0,26,200,2,6.728589043957205,
2,1.0,26,200,4,7.413338532388817,
2,1.0,26,200,6,7.86952939828294,
2,1.0,26,200,8,8.220631663237743,
2,1.0,32,50,2,6.124858621016603,
2,1.0,32,50,2,11.645073571896102,
2,1.0,32,50,4,6.97705459140778,
2,1.0,32,50,4,11.18678528617862,
2,1.0,32,50,6,7.478488080224802,
2,1.0,32,50,6,11.3613338329451,
2,1.0,32,50,8,7.804722935746007,
2,1.0,32,50,8,11.601741041871117,
2,1.0,32,100,2,6.133798313483113,
2,1.0,32,100,2,11.650973601036558,
2,1.0,32,100,4,6.986508037329096,
2,1.0,32,100,4,11.188036175884504,
2,1.0,32,100,6,7.523074195780912,
2,1.0,32,100,6,11.211392766235114,
2,1.0,32,100,8,7.82293736386937,
2,1.0,32,100,8,11.548564864663904,
2,1.0,32,200,2,6.143358393904513,
2,1.0,32,200,2,11.719740843527775,
2,1.0,32,200,4,7.010095673042904,
2,1.0,32,200,4,11.123845244065382,
2,1.0,32,200,6,7.48354849502511,
2,1.0,32,200,6,11.26017843318515,
2,1.0,32,200,8,7.787033689201416,
2,1.0,32,200,8,11.474947135986364,
2,1.0,56,50,2,8.401194360381636,
2,1.0,56,50,4,8.874691595172411,
2,1.0,56,50,6,9.323383909198984,
2,1.0,56,50,8,9.667597057248928,
2,1.0,56,100,2,8.382623419713456,
2,1.0,56,100,4,8.881645615831271,
2,1.0,56,100,6,9.286641927641892,
2,1.0,56,100,8,9.65795290847518,
2,1.0,56,200,2,8.428795513656453,
2,1.0,56,200,4,8.90897367892165,
2,1.0,56,200,6,9.371845579339658,
2,1.0,56,200,8,9.625654718499185,
2,1.0,80,50,2,7.148575177977449,
2,1.0,80,50,4,7.979038672420778,
2,1.0,80,50,6,8.555019480216556,
2,1.0,80,50,8,8.967528363010972,
2,1.0,80,100,2,7.092848934804892,
2,1.0,80,100,4,7.987598820942149,
2,1.0,80,100,6,8.561608929455812,
2,1.0,80,100,8,8.948700615525073,
2,1.0,80,200,2,7.129212322196677,
2,1.0,80,200,4,7.985753964901464,
2,1.0,80,200,6,8.544445522436705,
2,1.0,80,200,8,8.997696051808077,
2,1.0,104,50,2,6.534941437742695,
2,1.0,104,50,4,7.587284805287906,
2,1.0,104,50,6,8.202231861720792,
2,1.0,104,50,8,8.638603650038641,
2,1.0,104,100,2,6.508783714481111,
2,1.0,104,100,4,7.581093873179836,
2,1.0,104,100,6,8.196410942830404,
2,1.0,104,100,8,8.594151490976495,
2,1.0,104,200,2,6.543635402138711,
2,1.0,104,200,4,7.562991039633471,
2,1.0,104,200,6,8.170616155056575,
2,1.0,104,200,8,8.613851667619882,
2,1.0,128,50,2,10.8568586548916,"(32, 32)"
2,1.0,128,50,2,6.223749499362144,
2,1.0,128,50,4,10.6056863611422,"(32, 32)"
2,1.0,128,50,4,7.357246884947807,
2,1.0,128,50,6,10.9131671644768,"(32, 32)"
2,1.0,128,50,6,7.99325658783116,
2,1.0,128,50,8,11.249758569458,"(32, 32)"
2,1.0,128,50,8,8.429935709752279,
2,1.0,128,100,2,10.9648569702895,"(32, 32)"
2,1.0,128,100,2,6.189304897739931,
2,1.0,128,100,4,10.5008281199548,"(32, 32)"
2,1.0,128,100,4,7.344655342299458,
2,1.0,128,100,6,10.9193996085535,"(32, 32)"
2,1.0,128,100,6,7.960263269565949,
2,1.0,128,100,8,11.237880197104,"(32, 32)"
2,1.0,128,100,8,8.410159651865893,
2,1.0,128,200,2,10.7804126359032,"(32, 32)"
2,1.0,128,200,2,6.157267684859704,
2,1.0,128,200,4,10.5163419799337,"(32, 32)"
2,1.0,128,200,4,7.330226182141152,
2,1.0,128,200,6,10.9567283547706,"(32, 32)"
2,1.0,128,200,6,7.963483438888117,
2,1.0,128,200,8,11.2672355019194,"(32, 32)"
2,1.0,128,200,8,8.424453708584666,
2,1.0,224,50,2,8.02353662951482,"(32, 32)"
2,1.0,224,50,4,9.00427695481452,"(32, 32)"
2,1.0,224,50,6,9.67440738095143,"(32, 32)"
2,1.0,224,50,8,10.1844314915418,"(32, 32)"
2,1.0,224,100,2,7.98631666130872,"(32, 32)"
2,1.0,224,100,4,8.91130420425931,"(32, 32)"
2,1.0,224,100,6,9.55560932095013,"(32, 32)"
2,1.0,224,100,8,10.1363354560843,"(32, 32)"
2,1.0,224,200,2,8.02032725401368,"(32, 32)"
2,1.0,224,200,4,8.94704860847924,"(32, 32)"
2,1.0,224,200,6,9.59769957318773,"(32, 32)"
2,1.0,224,200,8,10.0816721743254,"(32, 32)"
2,1.0,320,50,2,7.17869041252082,"(32, 32)"
2,1.0,320,50,4,8.44049403439619,"(32, 32)"
2,1.0,320,50,6,9.24451593265443,"(32, 32)"
2,1.0,320,50,8,9.77773936100358,"(32, 32)"
2,1.0,320,100,2,7.16409950704387,"(32, 32)"
2,1.0,320,100,4,8.42733129286648,"(32, 32)"
2,1.0,320,100,6,9.13478483467619,"(32, 32)"
2,1.0,320,100,8,9.7254554700714,"(32, 32)"
2,1.0,320,200,2,7.13326573681519,"(32, 32)"
2,1.0,320,200,4,8.44150408644426,"(32, 32)"
2,1.0,320,200,6,9.16531558628194,"(32, 32)"
2,1.0,320,200,8,9.6851642376903,"(32, 32)"
2,1.0,416,50,2,6.80100084681002,"(32, 32)"
2,1.0,416,50,4,8.21535175111396,"(32, 32)"
2,1.0,416,50,6,9.01641323934505,"(32, 32)"
2,1.0,416,50,8,9.59245763765853,"(32, 32)"
2,1.0,416,100,2,6.81477136106658,"(32, 32)"
2,1.0,416,100,4,8.14539418577458,"(32, 32)"
2,1.0,416,100,6,8.98306631093636,"(32, 32)"
2,1.0,416,100,8,9.52170833069949,"(32, 32)"
2,1.0,416,200,2,6.78925269664895,"(32, 32)"
2,1.0,416,200,4,8.1992192152513,"(32, 32)"
2,1.0,416,200,6,8.92481339630894,"(32, 32)"
2,1.0,416,200,8,9.50015198435425,"(32, 32)"
2,1.0,512,50,2,6.62212669394686,"(32, 32)"
2,1.0,512,50,4,8.08272600022583,"(32, 32)"
2,1.0,512,50,6,8.87847531469082,"(32, 32)"
2,1.0,512,50,8,9.46838015598869,"(32, 32)"
2,1.0,512,100,2,6.59078724906972,"(32, 32)"
2,1.0,512,100,4,8.01468074360264,"(32, 32)"
2,1.0,512,100,6,8.83830821699899,"(32, 32)"
2,1.0,512,100,8,9.37615756199955,"(32, 32)"
2,1.0,512,200,2,6.57618028613585,"(32, 32)"
2,1.0,512,200,4,8.01922609814281,"(32, 32)"
2,1.0,512,200,6,8.84134708825306,"(32, 32)"
2,1.0,512,200,8,9.39847829148723,"(32, 32)"
2,10.0,8,50,2,14.391770904346124,
2,10.0,8,50,4,13.309203550152963,
2,10.0,8,50,6,13.436682671818389,
2,10.0,8,50,8,13.460970514913445,
2,10.0,8,100,2,14.613369090762792,
2,10.0,8,100,4,13.092969047181734,
2,10.0,8,100,6,13.33831862392629,
2,10.0,8,100,8,13.65665517245228,
2,10.0,8,200,2,14.387939069926992,
2,10.0,8,200,4,13.267705064579332,
2,10.0,8,200,6,13.515398497695644,
2,10.0,8,200,8,13.559824033512538,
2,10.0,14,50,2,10.704151054263036,
2,10.0,14,50,4,11.08183521289642,
2,10.0,14,50,6,11.592808276485536,
2,10.0,14,50,8,11.919235877308822,
2,10.0,14,100,2,10.680355606445271,
2,10.0,14,100,4,11.157552349250688,
2,10.0,14,100,6,11.64299898454019,
2,10.0,14,100,8,11.952193399664694,
2,10.0,14,200,2,10.711331038197974,
2,10.0,14,200,4,11.08221540812354,
2,10.0,14,200,6,11.495203593584543,
2,10.0,14,200,8,11.946734785952955,
2,10.0,20,50,2,9.458546998779727,
2,10.0,20,50,4,10.360368637831744,
2,10.0,20,50,6,10.936067149449368,
2,10.0,20,50,8,11.27009314023839,
2,10.0,20,100,2,9.471420465460548,
2,10.0,20,100,4,10.39447913717677,
2,10.0,20,100,6,10.94565892675358,
2,10.0,20,100,8,11.273669625772024,
2,10.0,20,200,2,9.405796787838408,
2,10.0,20,200,4,10.38971962103458,
2,10.0,20,200,6,10.949747606965651,
2,10.0,20,200,8,11.274611953181546,
2,10.0,26,50,2,8.966338893567256,
2,10.0,26,50,4,10.016410142234152,
2,10.0,26,50,6,10.598884531025044,
2,10.0,26,50,8,10.945687330472884,
2,10.0,26,100,2,8.957377277782443,
2,10.0,26,100,4,10.011715130278803,
2,10.0,26,100,6,10.628476998866285,
2,10.0,26,100,8,10.974603292121024,
2,10.0,26,200,2,8.948755179844783,
2,10.0,26,200,4,10.029135983373545,
2,10.0,26,200,6,10.609127260891585,
2,10.0,26,200,8,10.982167614987564,
2,10.0,32,50,2,8.636546712513725,
2,10.0,32,50,2,11.52804860073966,
2,10.0,32,50,4,9.89288564582484,
2,10.0,32,50,4,11.805437509781807,
2,10.0,32,50,6,10.392109012034927,
2,10.0,32,50,6,12.359251077177804,
2,10.0,32,50,8,10.791858705753665,
2,10.0,32,50,8,12.632497242123808,
2,10.0,32,100,2,8.68946322206651,
2,10.0,32,100,2,11.626777431007088,
2,10.0,32,100,4,9.82981753671836,
2,10.0,32,100,4,11.823982914418018,
2,10.0,32,100,6,10.40356667321,
2,10.0,32,100,6,12.347992064300152,
2,10.0,32,100,8,10.740224252416125,
2,10.0,32,100,8,12.674289233501929,
2,10.0,32,200,2,8.653454050163496,
2,10.0,32,200,2,11.700723276849857,
2,10.0,32,200,4,9.858233547484955,
2,10.0,32,200,4,11.721028424341387,
2,10.0,32,200,6,10.391654010959762,
2,10.0,32,200,6,12.280375131599309,
2,10.0,32,200,8,10.770948181917358,
2,10.0,32,200,8,12.643166945435636,
2,10.0,56,50,2,9.585155302808351,
2,10.0,56,50,4,10.867983955469738,
2,10.0,56,50,6,11.494908574069685,
2,10.0,56,50,8,11.928153648272104,
2,10.0,56,100,2,9.566607621527986,
2,10.0,56,100,4,10.861873904534962,
2,10.0,56,100,6,11.483048425987084,
2,10.0,56,100,8,11.881764462894768,
2,10.0,56,200,2,9.666927421823782,
2,10.0,56,200,4,10.862022461397522,
2,10.0,56,200,6,11.481643954076594,
2,10.0,56,200,8,11.904598251671134,
2,10.0,80,50,2,9.006910002626325,
2,10.0,80,50,4,10.521771701977531,
2,10.0,80,50,6,11.19842967196383,
2,10.0,80,50,8,11.623697843737164,
2,10.0,80,100,2,9.019461253585584,
2,10.0,80,100,4,10.531604070399451,
2,10.0,80,100,6,11.144984094703384,
2,10.0,80,100,8,11.579780161719391,
2,10.0,80,200,2,9.02237378741125,
2,10.0,80,200,4,10.496946890046228,
2,10.0,80,200,6,11.21081143085693,
2,10.0,80,200,8,11.615968538940532,
2,10.0,104,50,2,8.764926059757025,
2,10.0,104,50,4,10.39084178727093,
2,10.0,104,50,6,11.05612930223345,
2,10.0,104,50,8,11.477842463405135,
2,10.0,104,100,2,8.74347007145223,
2,10.0,104,100,4,10.344549879972462,
2,10.0,104,100,6,11.021432630737564,
2,10.0,104,100,8,11.426370510980258,
2,10.0,104,200,2,8.73624778146043,
2,10.0,104,200,4,10.364113668921911,
2,10.0,104,200,6,11.044326250794311,
2,10.0,104,200,8,11.49468274130444,
2,10.0,128,50,2,10.8988120175345,"(32, 32)"
2,10.0,128,50,2,8.621084015343394,
2,10.0,128,50,4,11.8476845841237,"(32, 32)"
2,10.0,128,50,4,10.283022093017136,
2,10.0,128,50,6,12.6432935163731,"(32, 32)"
2,10.0,128,50,6,10.991906569848709,
2,10.0,128,50,8,13.0564077671831,"(32, 32)"
2,10.0,128,50,8,11.366994702778657,
2,10.0,128,100,2,10.8833458106382,"(32, 32)"
2,10.0,128,100,2,8.609193554193357,
2,10.0,128,100,4,11.8235912427438,"(32, 32)"
2,10.0,128,100,4,10.293177402415528,
2,10.0,128,100,6,12.5908339084726,"(32, 32)"
2,10.0,128,100,6,10.962823989586814,
2,10.0,128,100,8,13.0015931253677,"(32, 32)"
2,10.0,128,100,8,11.373092994550571,
2,10.0,128,200,2,10.9299443768956,"(32, 32)"
2,10.0,128,200,2,8.609233432720492,
2,10.0,128,200,4,11.8468757470407,"(32, 32)"
2,10.0,128,200,4,10.27453820891694,
2,10.0,128,200,6,12.5795254703653,"(32, 32)"
2,10.0,128,200,6,10.92489839764102,
2,10.0,128,200,8,13.0804575454526,"(32, 32)"
2,10.0,128,200,8,11.378096777281929,
2,10.0,224,50,2,9.41937070749137,"(32, 32)"
2,10.0,224,50,4,11.3463244498705,"(32, 32)"
2,10.0,224,50,6,12.1814857706708,"(32, 32)"
2,10.0,224,50,8,12.707590667203,"(32, 32)"
2,10.0,224,100,2,9.41910422405151,"(32, 32)"
2,10.0,224,100,4,11.281254395883,"(32, 32)"
2,10.0,224,100,6,12.1569466280954,"(32, 32)"
2,10.0,224,100,8,12.6231138123419,"(32, 32)"
2,10.0,224,200,2,9.44232862620519,"(32, 32)"
2,10.0,224,200,4,11.3187744275171,"(32, 32)"
2,10.0,224,200,6,12.1251337103009,"(32, 32)"
2,10.0,224,200,8,12.6160668220855,"(32, 32)"
2,10.0,320,50,2,9.01534531290066,"(32, 32)"
2,10.0,320,50,4,11.1440386791996,"(32, 32)"
2,10.0,320,50,6,11.991134229499,"(32, 32)"
2,10.0,320,50,8,12.5614108851878,"(32, 32)"
2,10.0,320,100,2,9.00315843898359,"(32, 32)"
2,10.0,320,100,4,11.1359478520784,"(32, 32)"
2,10.0,320,100,6,11.9327443821097,"(32, 32)"
2,10.0,320,100,8,12.4416098393861,"(32, 32)"
2,10.0,320,200,2,9.03407195990589,"(32, 32)"
2,10.0,320,200,4,11.1155326077984,"(32, 32)"
2,10.0,320,200,6,11.9825605190125,"(32, 32)"
2,10.0,320,200,8,12.4691347144107,"(32, 32)"
2,10.0,416,50,2,8.82488122271177,"(32, 32)"
2,10.0,416,50,4,11.0736512269152,"(32, 32)"
2,10.0,416,50,6,11.9557245756238,"(32, 32)"
2,10.0,416,50,8,12.4520541966794,"(32, 32)"
2,10.0,416,100,2,8.8453699791676,"(32, 32)"
2,10.0,416,100,4,11.0700848972611,"(32, 32)"
2,10.0,416,100,6,11.8834197060405,"(32, 32)"
2,10.0,416,100,8,12.4105381701246,"(32, 32)"
2,10.0,416,200,2,8.84058444788165,"(32, 32)"
2,10.0,416,200,4,11.0149619910735,"(32, 32)"
2,10.0,416,200,6,11.906595059899,"(32, 32)"
2,10.0,416,200,8,12.3942325530802,"(32, 32)"
2,10.0,512,50,2,8.7148888354672,"(32, 32)"
2,10.0,512,50,4,11.0123596113178,"(32, 32)"
2,10.0,512,50,6,11.9116456629083,"(32, 32)"
2,10.0,512,50,8,12.4108289440853,"(32, 32)"
2,10.0,512,100,2,8.73194788749407,"(32, 32)"
2,10.0,512,100,4,10.994976457169,"(32, 32)"
2,10.0,512,100,6,11.8671198347622,"(32, 32)"
2,10.0,512,100,8,12.3568073986331,"(32, 32)"
2,10.0,512,200,2,8.72966758243712,"(32, 32)"
2,10.0,512,200,4,10.9788033258202,"(32, 32)"
2,10.0,512,200,6,11.8352463120686,"(32, 32)"
2,10.0,512,200,8,12.3108696027525,"(32, 32)"
3,0.01,8,50,2,31.09320570886286,
3,0.01,8,50,4,31.39220956512324,
3,0.01,8,50,6,31.153516092752778,
3,0.01,8,50,8,30.66317667659609,
3,0.01,8,100,2,30.951040429790456,
3,0.01,8,100,4,31.30671361274167,
3,0.01,8,100,6,31.32777668671316,
3,0.01,8,100,8,30.91375801682643,
3,0.01,8,200,2,31.179801158846026,
3,0.01,8,200,4,31.942400890350942,
3,0.01,8,200,6,31.74168689660706,
3,0.01,8,200,8,30.5488499776151,
3,0.01,14,50,2,28.987058843271782,
3,0.01,14,50,4,29.931043784832504,
3,0.01,14,50,6,29.47812099871269,
3,0.01,14,50,8,28.772507589592607,
3,0.01,14,100,2,28.668368074656165,
3,0.01,14,100,4,29.659722497713247,
3,0.01,14,100,6,29.008519335373904,
3,0.01,14,100,8,29.05195245796525,
3,0.01,14,200,2,28.435010796899224,
3,0.01,14,200,4,29.67276637630215,
3,0.01,14,200,6,29.617581883337657,
3,0.01,14,200,8,28.709656513727754,
3,0.01,20,50,2,25.85384399638956,
3,0.01,20,50,4,25.634404461741536,
3,0.01,20,50,6,25.32014745407197,
3,0.01,20,50,8,24.73044977713101,
3,0.01,20,100,2,25.538686689457343,
3,0.01,20,100,4,26.288316645251665,
3,0.01,20,100,6,25.693436208194697,
3,0.01,20,100,8,25.47885639025665,
3,0.01,20,200,2,25.773923926548964,
3,0.01,20,200,4,26.31590970162484,
3,0.01,20,200,6,26.27486332096516,
3,0.01,20,200,8,24.72303983596008,
3,0.01,26,50,2,22.018138084170594,
3,0.01,26,50,4,21.564858923985035,
3,0.01,26,50,6,20.810436707826653,
3,0.01,26,50,8,19.405465372781677,
3,0.01,26,100,2,22.21150821324238,
3,0.01,26,100,4,21.131968234926287,
3,0.01,26,100,6,21.025539218007204,
3,0.01,26,100,8,19.597572258048288,
3,0.01,26,200,2,21.49465441230548,
3,0.01,26,200,4,21.356523704393656,
3,0.01,26,200,6,19.78716075266625,
3,0.01,26,200,8,19.527425895162537,
3,0.01,32,50,2,16.92108563865433,
3,0.01,32,50,2,51.980525184670086,
3,0.01,32,50,4,15.8062319187168,
3,0.01,32,50,4,59.66981744527661,
3,0.01,32,50,6,15.328239852677187,
3,0.01,32,50,6,60.39849386926817,
3,0.01,32,50,8,15.8385762150831,
3,0.01,32,50,8,60.16983238761117,
3,0.01,32,100,2,17.186030765505468,
3,0.01,32,100,2,52.47166590173845,
3,0.01,32,100,4,15.756798260965567,
3,0.01,32,100,4,59.828602535626445,
3,0.01,32,100,6,14.764656156210778,
3,0.01,32,100,6,60.25501999578445,
3,0.01,32,100,8,13.996000672354825,
3,0.01,32,100,8,59.6257441252333,
3,0.01,32,200,2,16.908422644266338,
3,0.01,32,200,2,52.43564508769716,
3,0.01,32,200,4,15.819364241449849,
3,0.01,32,200,4,59.16245585040378,
3,0.01,32,200,6,15.125268350537826,
3,0.01,32,200,6,60.259838741326014,
3,0.01,32,200,8,14.669325081889566,
3,0.01,32,200,8,59.69671706689115,
3,0.01,56,50,2,47.65807973882382,
3,0.01,56,50,4,54.52180709620367,
3,0.01,56,50,6,54.736635188144064,
3,0.01,56,50,8,54.516635560684094,
3,0.01,56,100,2,47.01143430046112,
3,0.01,56,100,4,54.803778586324384,
3,0.01,56,100,6,54.90116602592207,
3,0.01,56,100,8,54.607674860650526,
3,0.01,56,200,2,46.60831768641058,
3,0.01,56,200,4,54.51191948553375,
3,0.01,56,200,6,56.149177492253976,
3,0.01,56,200,8,53.95208550100011,
3,0.01,80,50,2,40.77734229998381,
3,0.01,80,50,4,46.240500139481775,
3,0.01,80,50,6,45.1714318543017,
3,0.01,80,50,8,43.36897891245746,
3,0.01,80,100,2,40.078100395566885,
3,0.01,80,100,4,46.44424635912336,
3,0.01,80,100,6,45.6091358352355,
3,0.01,80,100,8,44.256118825506086,
3,0.01,80,200,2,39.49986392613404,
3,0.01,80,200,4,45.54845091512797,
3,0.01,80,200,6,45.254575550726,
3,0.01,80,200,8,43.31050036990175,
3,0.01,104,50,2,30.68966064305277,
3,0.01,104,50,4,33.645599805338385,
3,0.01,104,50,6,29.402075184355343,
3,0.01,104,50,8,30.761458208222045,
3,0.01,104,100,2,31.567949727242176,
3,0.01,104,100,4,33.25880476170553,
3,0.01,104,100,6,30.682154545337024,
3,0.01,104,100,8,29.02070733394687,
3,0.01,104,200,2,31.254005724712027,
3,0.01,104,200,4,32.90479213749226,
3,0.01,104,200,6,30.941890458964536,
3,0.01,104,200,8,29.602153096633742,
3,0.01,128,50,2,73.2884579365089,"(32, 32)"
3,0.01,128,50,2,19.72313901295669,
3,0.01,128,50,4,86.446152436752,"(32, 32)"
3,0.01,128,50,4,17.718259559046928,
3,0.01,128,50,6,91.2200528267756,"(32, 32)"
3,0.01,128,50,6,15.245451201871097,
3,0.01,128,50,8,92.8280810291987,"(32, 32)"
3,0.01,128,50,8,13.911417277551774,
3,0.01,128,100,2,73.5875144309199,"(32, 32)"
3,0.01,128,100,2,19.413353644157795,
3,0.01,128,100,4,85.8161804343495,"(32, 32)"
3,0.01,128,100,4,16.42550302603251,
3,0.01,128,100,6,90.0379177962416,"(32, 32)"
3,0.01,128,100,6,16.690670326627043,
3,0.01,128,100,8,92.675389986167,"(32, 32)"
3,0.01,128,100,8,13.716238430626344,
3,0.01,128,200,2,73.1340639414613,"(32, 32)"
3,0.01,128,200,2,20.2042540008342,
3,0.01,128,200,4,86.0171801905489,"(32, 32)"
3,0.01,128,200,4,19.03674347364325,
3,0.01,128,200,6,90.4895566742149,"(32, 32)"
3,0.01,128,200,6,14.264489152695006,
3,0.01,128,200,8,92.423880976289,"(32, 32)"
3,0.01,128,200,8,16.111457046361085,
3,0.01,224,50,2,63.8101483994304,"(32, 32)"
3,0.01,224,50,4,76.6276577959978,"(32, 32)"
3,0.01,224,50,6,80.5495594128636,"(32, 32)"
3,0.01,224,50,8,81.5360357269736,"(32, 32)"
3,0.01,224,100,2,63.648137530267,"(32, 32)"
3,0.01,224,100,4,76.2307418016904,"(32, 32)"
3,0.01,224,100,6,80.3023601854957,"(32, 32)"
3,0.01,224,100,8,79.2693917168871,"(32, 32)"
3,0.01,224,200,2,63.6552650701313,"(32, 32)"
3,0.01,224,200,4,76.6526958949512,"(32, 32)"
3,0.01,224,200,6,80.4427268250011,"(32, 32)"
3,0.01,224,200,8,80.7801304870594,"(32, 32)"
3,0.01,320,50,2,52.1658200488794,"(32, 32)"
3,0.01,320,50,4,62.5712829278345,"(32, 32)"
3,0.01,320,50,6,64.3500598186935,"(32, 32)"
3,0.01,320,50,8,62.6226010653068,"(32, 32)"
3,0.01,320,100,2,53.38226347554,"(32, 32)"
3,0.01,320,100,4,62.4638793939575,"(32, 32)"
3,0.01,320,100,6,63.0105900113843,"(32, 32)"
3,0.01,320,100,8,60.8039442200993,"(32, 32)"
3,0.01,320,200,2,53.3084691660402,"(32, 32)"
3,0.01,320,200,4,63.1924348709611,"(32, 32)"
3,0.01,320,200,6,63.8012671078742,"(32, 32)"
3,0.01,320,200,8,60.8865722999077,"(32, 32)"
3,0.01,416,50,2,39.2080893324835,"(32, 32)"
3,0.01,416,50,4,38.4413047830277,"(32, 32)"
3,0.01,416,50,6,34.8677584331932,"(32, 32)"
3,0.01,416,50,8,28.3960086838553,"(32, 32)"
3,0.01,416,100,2,37.4908204605465,"(32, 32)"
3,0.01,416,100,4,40.3004527461743,"(32, 32)"
3,0.01,416,100,6,34.2714329505726,"(32, 32)"
3,0.01,416,100,8,30.8671773043002,"(32, 32)"
3,0.01,416,200,2,37.8150576900822,"(32, 32)"
3,0.01,416,200,4,40.1516296816065,"(32, 32)"
3,0.01,416,200,6,34.73382576162,"(32, 32)"
3,0.01,416,200,8,31.2544957093324,"(32, 32)"
3,0.01,512,50,2,16.8228050897479,"(32, 32)"
3,0.01,512,50,4,11.1710918445453,"(32, 32)"
3,0.01,512,50,6,5.44376442137603,"(32, 32)"
3,0.01,512,50,8,5.72742242328485,"(32, 32)"
3,0.01,512,100,2,15.2614587976965,"(32, 32)"
3,0.01,512,100,4,9.1406227046605,"(32, 32)"
3,0.01,512,100,6,5.49206143447511,"(32, 32)"
3,0.01,512,100,8,5.68714551554558,"(32, 32)"
3,0.01,512,200,2,19.118788664206,"(32, 32)"
3,0.01,512,200,4,8.67737433841226,"(32, 32)"
3,0.01,512,200,6,5.37066937243922,"(32, 32)"
3,0.01,512,200,8,6.66768155320287,"(32, 32)"
3,0.1,8,50,2,17.756897244444364,
3,0.1,8,50,4,17.806929831684002,
3,0.1,8,50,6,17.607584688827107,
3,0.1,8,50,8,17.13650582822334,
3,0.1,8,100,2,17.813132184505236,
3,0.1,8,100,4,17.505618583081215,
3,0.1,8,100,6,17.548584553297133,
3,0.1,8,100,8,16.888393822881678,
3,0.1,8,200,2,17.99768210427968,
3,0.1,8,200,4,17.21352488583792,
3,0.1,8,200,6,17.210741565782126,
3,0.1,8,200,8,17.303153148681275,
3,0.1,14,50,2,12.086044182827472,
3,0.1,14,50,4,11.346050775251276,
3,0.1,14,50,6,11.441077334754535,
3,0.1,14,50,8,11.445039859167364,
3,0.1,14,100,2,12.491096530056652,
3,0.1,14,100,4,12.012374855048568,
3,0.1,14,100,6,11.37442937404796,
3,0.1,14,100,8,11.399015290412784,
3,0.1,14,200,2,12.254802463142545,
3,0.1,14,200,4,11.64295491704917,
3,0.1,14,200,6,11.37783560150407,
3,0.1,14,200,8,11.945863839518449,
3,0.1,20,50,2,8.426033649369241,
3,0.1,20,50,4,7.966044366811166,
3,0.1,20,50,6,8.311831798801183,
3,0.1,20,50,8,8.067907131857757,
3,0.1,20,100,2,8.48363490240042,
3,0.1,20,100,4,7.966897906321874,
3,0.1,20,100,6,8.091272394675867,
3,0.1,20,100,8,8.149998165200618,
3,0.1,20,200,2,8.495035853677924,
3,0.1,20,200,4,8.063868443475602,
3,0.1,20,200,6,8.010239247381627,
3,0.1,20,200,8,8.16330854959128,
3,0.1,26,50,2,6.30526893326532,
3,0.1,26,50,4,6.321730408686171,
3,0.1,26,50,6,6.533408652409917,
3,0.1,26,50,8,6.874670124809711,
3,0.1,26,100,2,6.269129355790856,
3,0.1,26,100,4,6.381337026811534,
3,0.1,26,100,6,6.606448127424566,
3,0.1,26,100,8,6.718554684661073,
3,0.1,26,200,2,6.396921800405865,
3,0.1,26,200,4,6.298890503567095,
3,0.1,26,200,6,6.547226051987978,
3,0.1,26,200,8,6.77229329336939,
3,0.1,32,50,2,5.164637546580479,
3,0.1,32,50,2,21.841267587954523,
3,0.1,32,50,4,5.46085192786585,
3,0.1,32,50,4,26.77995882961308,
3,0.1,32,50,6,5.840917543419307,
3,0.1,32,50,6,26.73348617636858,
3,0.1,32,50,8,6.118317676268873,
3,0.1,32,50,8,26.28072121685824,
3,0.1,32,100,2,5.143897223886024,
3,0.1,32,100,2,22.14857528616753,
3,0.1,32,100,4,5.464448643240174,
3,0.1,32,100,4,26.21978328519252,
3,0.1,32,100,6,5.806375866399306,
3,0.1,32,100,6,27.09061161154899,
3,0.1,32,100,8,6.095774153002559,
3,0.1,32,100,8,27.686103802819883,
3,0.1,32,200,2,5.155590778172047,
3,0.1,32,200,2,21.931935965984955,
3,0.1,32,200,4,5.496118042545817,
3,0.1,32,200,4,26.37378230605996,
3,0.1,32,200,6,5.84370952734982,
3,0.1,32,200,6,26.953694443146777,
3,0.1,32,200,8,6.115791716956629,
3,0.1,32,200,8,27.097303955990707,
3,0.1,56,50,2,11.01256641103787,
3,0.1,56,50,4,10.79933114276544,
3,0.1,56,50,6,11.177911666698552,
3,0.1,56,50,8,11.945751274438212,
3,0.1,56,100,2,10.320995184058342,
3,0.1,56,100,4,11.377916905261143,
3,0.1,56,100,6,11.08977099774701,
3,0.1,56,100,8,11.413179147992034,
3,0.1,56,200,2,10.598346264511292,
3,0.1,56,200,4,10.290894596519763,
3,0.1,56,200,6,11.06489528435803,
3,0.1,56,200,8,10.913760858953516,
3,0.1,80,50,2,6.917096902113101,
3,0.1,80,50,4,6.890215872385016,
3,0.1,80,50,6,7.181144491803392,
3,0.1,80,50,8,7.45745659759608,
3,0.1,80,100,2,6.890051716249152,
3,0.1,80,100,4,6.91233205746485,
3,0.1,80,100,6,7.15313013025769,
3,0.1,80,100,8,7.455833342838455,
3,0.1,80,200,2,6.900682233171088,
3,0.1,80,200,4,6.849089190220529,
3,0.1,80,200,6,7.174667978081155,
3,0.1,80,200,8,7.474843368675391,
3,0.1,104,50,2,5.528816334315488,
3,0.1,104,50,4,5.981959879014622,
3,0.1,104,50,6,6.451144969952221,
3,0.1,104,50,8,6.793663371076884,
3,0.1,104,100,2,5.552521402660412,
3,0.1,104,100,4,6.010800495376206,
3,0.1,104,100,6,6.446359112466879,
3,0.1,104,100,8,6.789332763068532,
3,0.1,104,200,2,5.5263004895526695,
3,0.1,104,200,4,5.975518188990234,
3,0.1,104,200,6,6.473677817599821,
3,0.1,104,200,8,6.761213242946976,
3,0.1,128,50,2,27.1980788421958,"(32, 32)"
3,0.1,128,50,2,4.734941001774278,
3,0.1,128,50,4,36.9041553649047,"(32, 32)"
3,0.1,128,50,4,5.525030227509401,
3,0.1,128,50,6,41.3301683465209,"(32, 32)"
3,0.1,128,50,6,6.1045927174623005,
3,0.1,128,50,8,42.4232240465889,"(32, 32)"
3,0.1,128,50,8,6.440415990437482,
3,0.1,128,100,2,25.8639057350789,"(32, 32)"
3,0.1,128,100,2,4.73238398922103,
3,0.1,128,100,4,37.6142399505574,"(32, 32)"
3,0.1,128,100,4,5.526479269300996,
3,0.1,128,100,6,42.5490572366594,"(32, 32)"
3,0.1,128,100,6,6.0902909854217455,
3,0.1,128,100,8,43.0618781721732,"(32, 32)"
3,0.1,128,100,8,6.395204726484708,
3,0.1,128,200,2,26.2762632231482,"(32, 32)"
3,0.1,128,200,2,4.745568065022946,
3,0.1,128,200,4,38.0548626232562,"(32, 32)"
3,0.1,128,200,4,5.5302940447755295,
3,0.1,128,200,6,43.0214732026305,"(32, 32)"
3,0.1,128,200,6,6.095136435830352,
3,0.1,128,200,8,42.7150301314807,"(32, 32)"
3,0.1,128,200,8,6.405206064904292,
3,0.1,224,50,2,9.07083357070785,"(32, 32)"
3,0.1,224,50,4,8.21711697327834,"(32, 32)"
3,0.1,224,50,6,8.51651617864047,"(32, 32)"
3,0.1,224,50,8,8.71071525256001,"(32, 32)"
3,0.1,224,100,2,9.18844516589452,"(32, 32)"
3,0.1,224,100,4,9.31709739312667,"(32, 32)"
3,0.1,224,100,6,8.93386019770998,"(32, 32)"
3,0.1,224,100,8,8.7164598964385,"(32, 32)"
3,0.1,224,200,2,9.07549159712531,"(32, 32)"
3,0.1,224,200,4,8.17842729218967,"(32, 32)"
3,0.1,224,200,6,8.42488726531991,"(32, 32)"
3,0.1,224,200,8,8.72371562259546,"(32, 32)"
3,0.1,320,50,2,6.42654523858763,"(32, 32)"
3,0.1,320,50,4,6.87830703265695,"(32, 32)"
3,0.1,320,50,6,7.44022069583192,"(32, 32)"
3,0.1,320,50,8,7.87717008209149,"(32, 32)"
3,0.1,320,100,2,6.44993412664324,"(32, 32)"
3,0.1,320,100,4,6.86882824007134,"(32, 32)"
3,0.1,320,100,6,7.42029485646197,"(32, 32)"
3,0.1,320,100,8,7.86571985247424,"(32, 32)"
3,0.1,320,200,2,6.51845805464423,"(32, 32)"
3,0.1,320,200,4,6.81505151965678,"(32, 32)"
3,0.1,320,200,6,7.41934604323242,"(32, 32)"
3,0.1,320,200,8,7.83411243974108,"(32, 32)"
3,0.1,416,50,2,5.43871600705717,"(32, 32)"
3,0.1,416,50,4,6.29088676957838,"(32, 32)"
3,0.1,416,50,6,7.02646348581074,"(32, 32)"
3,0.1,416,50,8,7.52801089455671,"(32, 32)"
3,0.1,416,100,2,5.40815621876102,"(32, 32)"
3,0.1,416,100,4,6.29022729168855,"(32, 32)"
3,0.1,416,100,6,6.99117049168092,"(32, 32)"
3,0.1,416,100,8,7.49960580425653,"(32, 32)"
3,0.1,416,200,2,5.44987255262394,"(32, 32)"
3,0.1,416,200,4,6.23976517944617,"(32, 32)"
3,0.1,416,200,6,6.98486053349409,"(32, 32)"
3,0.1,416,200,8,7.41124264118861,"(32, 32)"
3,0.1,512,50,2,4.88283046871694,"(32, 32)"
3,0.1,512,50,4,6.02788074051933,"(32, 32)"
3,0.1,512,50,6,6.8342732349105,"(32, 32)"
3,0.1,512,50,8,7.32107849347466,"(32, 32)"
3,0.1,512,100,2,4.87762967123549,"(32, 32)"
3,0.1,512,100,4,5.99660586677053,"(32, 32)"
3,0.1,512,100,6,6.76595173458663,"(32, 32)"
3,0.1,512,100,8,7.25939201520485,"(32, 32)"
3,0.1,512,200,2,4.86809579080137,"(32, 32)"
3,0.1,512,200,4,5.97707565198981,"(32, 32)"
3,0.1,512,200,6,6.78086099519682,"(32, 32)"
3,0.1,512,200,8,7.24654937710052,"(32, 32)"
3,1.0,8,50,2,14.25387252924896,
3,1.0,8,50,4,13.110195711655123,
3,1.0,8,50,6,13.105024122720266,
3,1.0,8,50,8,12.856599714523371,
3,1.0,8,100,2,14.101351901777493,
3,1.0,8,100,4,13.111868401835816,
3,1.0,8,100,6,12.985935966593503,
3,1.0,8,100,8,13.006349186883403,
3,1.0,8,200,2,14.439395136118849,
3,1.0,8,200,4,13.079197045507977,
3,1.0,8,200,6,12.822514486113167,
3,1.0,8,200,8,12.916434123909545,
3,1.0,14,50,2,9.829685978729415,
3,1.0,14,50,4,9.631822422253649,
3,1.0,14,50,6,9.919732098192084,
3,1.0,14,50,8,10.133593832816956,
3,1.0,14,100,2,9.89276938672463,
3,1.0,14,100,4,9.691442659456497,
3,1.0,14,100,6,9.921772537303122,
3,1.0,14,100,8,10.174663671235226,
3,1.0,14,200,2,9.953068851330537,
3,1.0,14,200,4,9.64696878845474,
3,1.0,14,200,6,9.835503311815238,
3,1.0,14,200,8,10.089878154582264,
3,1.0,20,50,2,7.824060294669827,
3,1.0,20,50,4,8.170998053971012,
3,1.0,20,50,6,8.593269695384707,
3,1.0,20,50,8,8.824886626036752,
3,1.0,20,100,2,7.743175331941761,
3,1.0,20,100,4,8.111292382686722,
3,1.0,20,100,6,8.608304658185302,
3,1.0,20,100,8,8.89072390000187,
3,1.0,20,200,2,7.764541765338351,
3,1.0,20,200,4,8.228800035510284,
3,1.0,20,200,6,8.614603161740959,
3,1.0,20,200,8,8.877852935006059,
3,1.0,26,50,2,6.729733028926556,
3,1.0,26,50,4,7.426369167695111,
3,1.0,26,50,6,7.916611467135547,
3,1.0,26,50,8,8.195760738307936,
3,1.0,26,100,2,6.730474417800863,
3,1.0,26,100,4,7.43943107603716,
3,1.0,26,100,6,7.908310452084122,
3,1.0,26,100,8,8.22171953171023,
3,1.0,26,200,2,6.747372433734593,
3,1.0,26,200,4,7.384916718154784,
3,1.0,26,200,6,7.832626419094284,
3,1.0,26,200,8,8.159438872772187,
3,1.0,32,50,2,6.118763765625475,
3,1.0,32,50,2,11.638215131738916,
3,1.0,32,50,4,6.986315020430818,
3,1.0,32,50,4,11.16317115466172,
3,1.0,32,50,6,7.488098874604914,
3,1.0,32,50,6,11.24927908388918,
3,1.0,32,50,8,7.8128181087580115,
3,1.0,32,50,8,11.437671264033243,
3,1.0,32,100,2,6.155933352619612,
3,1.0,32,100,2,11.70193895102957,
3,1.0,32,100,4,6.986100702634034,
3,1.0,32,100,4,11.094563027261106,
3,1.0,32,100,6,7.456785698550117,
3,1.0,32,100,6,11.286159303110406,
3,1.0,32,100,8,7.810108764907038,
3,1.0,32,100,8,11.479007966778626,
3,1.0,32,200,2,6.126852261482498,
3,1.0,32,200,2,11.787226529554491,
3,1.0,32,200,4,6.992491646230793,
3,1.0,32,200,4,11.120814532629373,
3,1.0,32,200,6,7.4167336735930975,
3,1.0,32,200,6,11.407982765163334,
3,1.0,32,200,8,7.812618163168898,
3,1.0,32,200,8,11.422924823237436,
3,1.0,56,50,2,8.339041191990178,
3,1.0,56,50,4,8.823019039876733,
3,1.0,56,50,6,9.390303468198113,
3,1.0,56,50,8,9.654430822963146,
3,1.0,56,100,2,8.394968396889034,
3,1.0,56,100,4,8.80538913263347,
3,1.0,56,100,6,9.358696761735846,
3,1.0,56,100,8,9.669292049588448,
3,1.0,56,200,2,8.461575668093102,
3,1.0,56,200,4,8.845896537891567,
3,1.0,56,200,6,9.289712971337906,
3,1.0,56,200,8,9.654165888690107,
3,1.0,80,50,2,7.119122942364871,
3,1.0,80,50,4,8.010419259403704,
3,1.0,80,50,6,8.564230862281281,
3,1.0,80,50,8,8.96436226409899,
3,1.0,80,100,2,7.075204410902535,
3,1.0,80,100,4,7.996156245939211,
3,1.0,80,100,6,8.579191992711362,
3,1.0,80,100,8,8.941051071132062,
3,1.0,80,200,2,7.093057069250641,
3,1.0,80,200,4,7.999932288836985,
3,1.0,80,200,6,8.559615937289271,
3,1.0,80,200,8,8.900615207968618,
3,1.0,104,50,2,6.507762089015436,
3,1.0,104,50,4,7.574700720386118,
3,1.0,104,50,6,8.200274337273294,
3,1.0,104,50,8,8.675086064420206,
3,1.0,104,100,2,6.528473040121687,
3,1.0,104,100,4,7.554613525280921,
3,1.0,104,100,6,8.212069388934902,
3,1.0,104,100,8,8.640010211726619,
3,1.0,104,200,2,6.509050377467227,
3,1.0,104,200,4,7.554186578532546,
3,1.0,104,200,6,8.173583805712394,
3,1.0,104,200,8,8.592233752958453,
3,1.0,128,50,2,10.8890295625107,"(32, 32)"
3,1.0,128,50,2,6.207750570438167,
3,1.0,128,50,4,10.4586679676113,"(32, 32)"
3,1.0,128,50,4,7.340837396152962,
3,1.0,128,50,6,10.8858635672255,"(32, 32)"
3,1.0,128,50,6,8.00312434222164,
3,1.0,128,50,8,11.266285277764,"(32, 32)"
3,1.0,128,50,8,8.43633437405716,
3,1.0,128,100,2,10.820410684629,"(32, 32)"
3,1.0,128,100,2,6.210143301227222,
3,1.0,128,100,4,10.5336036655487,"(32, 32)"
3,1.0,128,100,4,7.338043463107525,
3,1.0,128,100,6,10.9049220110078,"(32, 32)"
3,1.0,128,100,6,7.976882913189975,
3,1.0,128,100,8,11.1946979574984,"(32, 32)"
3,1.0,128,100,8,8.389086136453361,
3,1.0,128,200,2,10.9274739552303,"(32, 32)"
3,1.0,128,200,2,6.229465167017939,
3,1.0,128,200,4,10.5304599544857,"(32, 32)"
3,1.0,128,200,4,7.32329030573687,
3,1.0,128,200,6,10.962163702962,"(32, 32)"
3,1.0,128,200,6,7.975362031665573,
3,1.0,128,200,8,11.2218315971383,"(32, 32)"
3,1.0,128,200,8,8.446487951919652,
3,1.0,224,50,2,8.01525616308445,"(32, 32)"
3,1.0,224,50,4,8.94438045260309,"(32, 32)"
3,1.0,224,50,6,9.6596312297305,"(32, 32)"
3,1.0,224,50,8,10.1465110682998,"(32, 32)"
3,1.0,224,100,2,8.05173809171706,"(32, 32)"
3,1.0,224,100,4,8.94192694018266,"(32, 32)"
3,1.0,224,100,6,9.57939361086621,"(32, 32)"
3,1.0,224,100,8,10.0929567007582,"(32, 32)"
3,1.0,224,200,2,8.04019770934287,"(32, 32)"
3,1.0,224,200,4,8.93338835779961,"(32, 32)"
3,1.0,224,200,6,9.6111296749732,"(32, 32)"
3,1.0,224,200,8,10.0866273486003,"(32, 32)"
3,1.0,320,50,2,7.14262886227536,"(32, 32)"
3,1.0,320,50,4,8.47532978147666,"(32, 32)"
3,1.0,320,50,6,9.19916131716414,"(32, 32)"
3,1.0,320,50,8,9.76295275938746,"(32, 32)"
3,1.0,320,100,2,7.16346397104453,"(32, 32)"
3,1.0,320,100,4,8.43862025983208,"(32, 32)"
3,1.0,320,100,6,9.14211976960682,"(32, 32)"
3,1.0,320,100,8,9.70911540754719,"(32, 32)"
3,1.0,320,200,2,7.17531528112493,"(32, 32)"
3,1.0,320,200,4,8.3831360426554,"(32, 32)"
3,1.0,320,200,6,9.14974588343552,"(32, 32)"
3,1.0,320,200,8,9.71424805609833,"(32, 32)"
3,1.0,416,50,2,6.81611131614802,"(32, 32)"
3,1.0,416,50,4,8.21247072722677,"(32, 32)"
3,1.0,416,50,6,8.99456347404492,"(32, 32)"
3,1.0,416,50,8,9.60266335417692,"(32, 32)"
3,1.0,416,100,2,6.81598091438021,"(32, 32)"
3,1.0,416,100,4,8.18153874854512,"(32, 32)"
3,1.0,416,100,6,8.95110709732725,"(32, 32)"
3,1.0,416,100,8,9.52703764338868,"(32, 32)"
3,1.0,416,200,2,6.76678611887964,"(32, 32)"
3,1.0,416,200,4,8.15222021648139,"(32, 32)"
3,1.0,416,200,6,8.94254805980946,"(32, 32)"
3,1.0,416,200,8,9.48833793789674,"(32, 32)"
3,1.0,512,50,2,6.62305263472914,"(32, 32)"
3,1.0,512,50,4,8.06851350539662,"(32, 32)"
3,1.0,512,50,6,8.87486481899414,"(32, 32)"
3,1.0,512,50,8,9.45052060908365,"(32, 32)"
3,1.0,512,100,2,6.59285437119353,"(32, 32)"
3,1.0,512,100,4,8.02902131383749,"(32, 32)"
3,1.0,512,100,6,8.84499412385477,"(32, 32)"
3,1.0,512,100,8,9.41471466717947,"(32, 32)"
3,1.0,512,200,2,6.59035314050784,"(32, 32)"
3,1.0,512,200,4,7.99657009030925,"(32, 32)"
3,1.0,512,200,6,8.82724043203874,"(32, 32)"
3,1.0,512,200,8,9.36495270529239,"(32, 32)"
3,10.0,8,50,2,14.62703631969931,
3,10.0,8,50,4,13.19107889362844,
3,10.0,8,50,6,13.3521923365285,
3,10.0,8,50,8,13.468754531611768,
3,10.0,8,100,2,14.30996135202623,
3,10.0,8,100,4,13.239292352671711,
3,10.0,8,100,6,13.350390745009436,
3,10.0,8,100,8,13.469925052516444,
3,10.0,8,200,2,14.453612217294667,
3,10.0,8,200,4,13.223070957999989,
3,10.0,8,200,6,13.306904364496994,
3,10.0,8,200,8,13.615322911148803,
3,10.0,14,50,2,10.589344109962582,
3,10.0,14,50,4,11.026589595182454,
3,10.0,14,50,6,11.539046962265267,
3,10.0,14,50,8,11.887289333783295,
3,10.0,14,100,2,10.573990570300817,
3,10.0,14,100,4,11.042565785394077,
3,10.0,14,100,6,11.612745327200791,
3,10.0,14,100,8,11.925023934202349,
3,10.0,14,200,2,10.620848080093683,
3,10.0,14,200,4,11.064019567575755,
3,10.0,14,200,6,11.566690046596442,
3,10.0,14,200,8,11.94928036362425,
3,10.0,20,50,2,9.438404570421897,
3,10.0,20,50,4,10.351893973171627,
3,10.0,20,50,6,10.915316510366724,
3,10.0,20,50,8,11.298588244266474,
3,10.0,20,100,2,9.40787550355969,
3,10.0,20,100,4,10.321879057922397,
3,10.0,20,100,6,10.912295526815187,
3,10.0,20,100,8,11.34133658469511,
3,10.0,20,200,2,9.434615547017248,
3,10.0,20,200,4,10.342586394261057,
3,10.0,20,200,6,10.90249053079937,
3,10.0,20,200,8,11.336380006762072,
3,10.0,26,50,2,8.934112547108109,
3,10.0,26,50,4,10.018347312178374,
3,10.0,26,50,6,10.611828347599024,
3,10.0,26,50,8,10.93510227624745,
3,10.0,26,100,2,8.93504801373851,
3,10.0,26,100,4,9.995341741874824,
3,10.0,26,100,6,10.597066624539163,
3,10.0,26,100,8,10.953584887200332,
3,10.0,26,200,2,8.950979884546422,
3,10.0,26,200,4,10.019298814007158,
3,10.0,26,200,6,10.571418743791762,
3,10.0,26,200,8,11.019222456680176,
3,10.0,32,50,2,8.63034290185017,
3,10.0,32,50,2,11.654765425734928,
3,10.0,32,50,4,9.837291912122293,
3,10.0,32,50,4,11.768921085193895,
3,10.0,32,50,6,10.426431600582765,
3,10.0,32,50,6,12.413081904021944,
3,10.0,32,50,8,10.775570111338205,
3,10.0,32,50,8,12.722357610864073,
3,10.0,32,100,2,8.65894834691889,
3,10.0,32,100,2,11.706499619070543,
3,10.0,32,100,4,9.841927302110069,
3,10.0,32,100,4,11.77275511770815,
3,10.0,32,100,6,10.41116464393701,
3,10.0,32,100,6,12.414456898382108,
3,10.0,32,100,8,10.734177055921478,
3,10.0,32,100,8,12.63758464599998,
3,10.0,32,200,2,8.658571007862289,
3,10.0,32,200,2,11.607451781469129,
3,10.0,32,200,4,9.792875066551794,
3,10.0,32,200,4,11.754576907638484,
3,10.0,32,200,6,10.449332468715312,
3,10.0,32,200,6,12.317576180112743,
3,10.0,32,200,8,10.731673121344986,
3,10.0,32,200,8,12.62028506022034,
3,10.0,56,50,2,9.590384523640296,
3,10.0,56,50,4,10.875916190303952,
3,10.0,56,50,6,11.478146064005736,
3,10.0,56,50,8,11.914654026043005,
3,10.0,56,100,2,9.564335864989795,
3,10.0,56,100,4,10.821840342268716,
3,10.0,56,100,6,11.443775394063596,
3,10.0,56,100,8,11.936410265010515,
3,10.0,56,200,2,9.534950213489868,
3,10.0,56,200,4,10.880383090960294,
3,10.0,56,200,6,11.529179746461615,
3,10.0,56,200,8,11.881113988106868,
3,10.0,80,50,2,9.05807218575852,
3,10.0,80,50,4,10.489490335627403,
3,10.0,80,50,6,11.22921528330926,
3,10.0,80,50,8,11.643763176771849,
3,10.0,80,100,2,9.009947048289922,
3,10.0,80,100,4,10.507128520954684,
3,10.0,80,100,6,11.197933169803733,
3,10.0,80,100,8,11.6692331125197,
3,10.0,80,200,2,8.98874426705617,
3,10.0,80,200,4,10.490213829166716,
3,10.0,80,200,6,11.205122723024372,
3,10.0,80,200,8,11.609113769878071,
3,10.0,104,50,2,8.766597374278408,
3,10.0,104,50,4,10.368550513557684,
3,10.0,104,50,6,11.094705030139853,
3,10.0,104,50,8,11.480480379693836,
3,10.0,104,100,2,8.721814126458677,
3,10.0,104,100,4,10.384754788585187,
3,10.0,104,100,6,11.04818817060188,
3,10.0,104,100,8,11.452904338714614,
3,10.0,104,200,2,8.733658489939739,
3,10.0,104,200,4,10.336521354210742,
3,10.0,104,200,6,11.077818700862975,
3,10.0,104,200,8,11.466517758696318,
3,10.0,128,50,2,10.8363103052983,"(32, 32)"
3,10.0,128,50,2,8.593325850683506,
3,10.0,128,50,4,11.8928743458038,"(32, 32)"
3,10.0,128,50,4,10.311084812046728,
3,10.0,128,50,6,12.6065047352311,"(32, 32)"
3,10.0,128,50,6,10.934794238421732,
3,10.0,128,50,8,13.0237084390871,"(32, 32)"
3,10.0,128,50,8,11.376325089961618,
3,10.0,128,100,2,10.8994540926517,"(32, 32)"
3,10.0,128,100,2,8.601780250280816,
3,10.0,128,100,4,11.8928485250094,"(32, 32)"
3,10.0,128,100,4,10.266757385876954,
3,10.0,128,100,6,12.565112549247,"(32, 32)"
3,10.0,128,100,6,10.958409839745013,
3,10.0,128,100,8,13.0131376346611,"(32, 32)"
3,10.0,128,100,8,11.37434770998481,
3,10.0,128,200,2,10.8702769930447,"(32, 32)"
3,10.0,128,200,2,8.594871863918492,
3,10.0,128,200,4,11.83643608428,"(32, 32)"
3,10.0,128,200,4,10.244121633681155,
3,10.0,128,200,6,12.5868882637668,"(32, 32)"
3,10.0,128,200,6,10.9186865609853,
3,10.0,128,200,8,12.9604637790632,"(32, 32)"
3,10.0,128,200,8,11.356429986781835,
3,10.0,224,50,2,9.42166223491369,"(32, 32)"
3,10.0,224,50,4,11.3444899640824,"(32, 32)"
3,10.0,224,50,6,12.1940196278774,"(32, 32)"
3,10.0,224,50,8,12.6789577647857,"(32, 32)"
3,10.0,224,100,2,9.41441989077834,"(32, 32)"
3,10.0,224,100,4,11.2938099946633,"(32, 32)"
3,10.0,224,100,6,12.1870126480083,"(32, 32)"
3,10.0,224,100,8,12.5810940667925,"(32, 32)"
3,10.0,224,200,2,9.40771209404723,"(32, 32)"
3,10.0,224,200,4,11.3048540273131,"(32, 32)"
3,10.0,224,200,6,12.135757393481,"(32, 32)"
3,10.0,224,200,8,12.6026171191524,"(32, 32)"
3,10.0,320,50,2,9.02071603136391,"(32, 32)"
3,10.0,320,50,4,11.1670609779391,"(32, 32)"
3,10.0,320,50,6,12.0340774186319,"(32, 32)"
3,10.0,320,50,8,12.507584064025,"(32, 32)"
3,10.0,320,100,2,9.04023269556384,"(32, 32)"
3,10.0,320,100,4,11.1400231925134,"(32, 32)"
3,10.0,320,100,6,11.9899973506463,"(32, 32)"
3,10.0,320,100,8,12.5093679801165,"(32, 32)"
3,10.0,320,200,2,9.038950241038,"(32, 32)"
3,10.0,320,200,4,11.1291814939418,"(32, 32)"
3,10.0,320,200,6,11.9642835604863,"(32, 32)"
3,10.0,320,200,8,12.4659673124044,"(32, 32)"
3,10.0,416,50,2,8.8608042053626,"(32, 32)"
3,10.0,416,50,4,11.0671766493002,"(32, 32)"
3,10.0,416,50,6,11.9564954207059,"(32, 32)"
3,10.0,416,50,8,12.4422190545916,"(32, 32)"
3,10.0,416,100,2,8.80396782981059,"(32, 32)"
3,10.0,416,100,4,11.060218015319,"(32, 32)"
3,10.0,416,100,6,11.879926121543,"(32, 32)"
3,10.0,416,100,8,12.3903828581617,"(32, 32)"
3,10.0,416,200,2,8.84296923314779,"(32, 32)"
3,10.0,416,200,4,11.0179200290971,"(32, 32)"
3,10.0,416,200,6,11.879955342013,"(32, 32)"
3,10.0,416,200,8,12.362125365595,"(32, 32)"
3,10.0,512,50,2,8.73828998099698,"(32, 32)"
3,10.0,512,50,4,11.0279292222479,"(32, 32)"
3,10.0,512,50,6,11.9278423128918,"(32, 32)"
3,10.0,512,50,8,12.4118982328619,"(32, 32)"
3,10.0,512,100,2,8.74335838024388,"(32, 32)"
3,10.0,512,100,4,10.9701392877963,"(32, 32)"
3,10.0,512,100,6,11.8439963926589,"(32, 32)"
3,10.0,512,100,8,12.3583712357094,"(32, 32)"
3,10.0,512,200,2,8.74921958712828,"(32, 32)"
3,10.0,512,200,4,10.9714366089701,"(32, 32)"
3,10.0,512,200,6,11.799917149657,"(32, 32)"
3,10.0,512,200,8,12.3395261080616,"(32, 32)"
4,0.01,8,50,2,30.898864480792696,
4,0.01,8,50,4,31.662574128833352,
4,0.01,8,50,6,31.02349473865832,
4,0.01,8,50,8,30.794255238610397,
4,0.01,8,100,2,30.500409483115064,
4,0.01,8,100,4,31.02431641839213,
4,0.01,8,100,6,31.615032148029638,
4,0.01,8,100,8,30.8164982861433,
4,0.01,8,200,2,30.87161625532529,
4,0.01,8,200,4,32.07808652969335,
4,0.01,8,200,6,31.529664376865377,
4,0.01,8,200,8,31.09892326527202,
4,0.01,14,50,2,29.227183123547885,
4,0.01,14,50,4,29.510493982072173,
4,0.01,14,50,6,29.579417253367723,
4,0.01,14,50,8,29.31050737517745,
4,0.01,14,100,2,28.22384134622561,
4,0.01,14,100,4,29.441777916690967,
4,0.01,14,100,6,29.1762778295704,
4,0.01,14,100,8,28.81137923503998,
4,0.01,14,200,2,29.02603953468912,
4,0.01,14,200,4,29.48754451759668,
4,0.01,14,200,6,29.42787346693418,
4,0.01,14,200,8,28.9811713162708,
4,0.01,20,50,2,25.37953325941153,
4,0.01,20,50,4,26.237261560527934,
4,0.01,20,50,6,25.269594577787203,
4,0.01,20,50,8,25.070284654715373,
4,0.01,20,100,2,25.830553442578463,
4,0.01,20,100,4,26.006397340591388,
4,0.01,20,100,6,25.75594179801686,
4,0.01,20,100,8,25.34976836029099,
4,0.01,20,200,2,25.78411716123753,
4,0.01,20,200,4,26.359749384891305,
4,0.01,20,200,6,25.35705149613008,
4,0.01,20,200,8,25.116630184937705,
4,0.01,26,50,2,21.872374109971304,
4,0.01,26,50,4,20.555918188018023,
4,0.01,26,50,6,19.643844012946666,
4,0.01,26,50,8,20.021839329601587,
4,0.01,26,100,2,21.662300090450696,
4,0.01,26,100,4,21.218591254066062,
4,0.01,26,100,6,20.44968352131216,
4,0.01,26,100,8,20.031101267912632,
4,0.01,26,200,2,21.31713065128845,
4,0.01,26,200,4,21.288200688548297,
4,0.01,26,200,6,19.732270503848778,
4,0.01,26,200,8,20.29842849436429,
4,0.01,32,50,2,17.50190048797324,
4,0.01,32,50,2,52.72984800447419,
4,0.01,32,50,4,15.267983636037298,
4,0.01,32,50,4,59.52849435110444,
4,0.01,32,50,6,15.040557707733711,
4,0.01,32,50,6,60.892968410459005,
4,0.01,32,50,8,14.535233671437854,
4,0.01,32,50,8,60.01552953019776,
4,0.01,32,100,2,17.214155356066783,
4,0.01,32,100,2,52.59211508101826,
4,0.01,32,100,4,15.908368941930474,
4,0.01,32,100,4,59.62140019264389,
4,0.01,32,100,6,14.556196166316097,
4,0.01,32,100,6,60.715352323122914,
4,0.01,32,100,8,14.168290093845116,
4,0.01,32,100,8,59.58485868764531,
4,0.01,32,200,2,17.67001330268847,
4,0.01,32,200,2,52.55912942319228,
4,0.01,32,200,4,15.534846114030904,
4,0.01,32,200,4,59.61443166420766,
4,0.01,32,200,6,14.089655719176111,
4,0.01,32,200,6,60.17662059343432,
4,0.01,32,200,8,13.92633649620626,
4,0.01,32,200,8,59.59011274418965,
4,0.01,56,50,2,47.35988160318319,
4,0.01,56,50,4,54.2579256939514,
4,0.01,56,50,6,54.42969289653429,
4,0.01,56,50,8,54.34155205816569,
4,0.01,56,100,2,46.62902765545056,
4,0.01,56,100,4,55.26430633498895,
4,0.01,56,100,6,54.80499160475589,
4,0.01,56,100,8,53.98381916207154,
4,0.01,56,200,2,46.82936817004439,
4,0.01,56,200,4,55.37273497071647,
4,0.01,56,200,6,55.57081052679528,
4,0.01,56,200,8,53.716419890654855,
4,0.01,80,50,2,39.83915749804216,
4,0.01,80,50,4,45.34715240353708,
4,0.01,80,50,6,45.02632070719305,
4,0.01,80,50,8,44.069063647393925,
4,0.01,80,100,2,40.22178594576263,
4,0.01,80,100,4,45.26507713399788,
4,0.01,80,100,6,45.735637807664034,
4,0.01,80,100,8,43.49134227492589,
4,0.01,80,200,2,39.74568963822512,
4,0.01,80,200,4,45.97182202787643,
4,0.01,80,200,6,44.76980472245188,
4,0.01,80,200,8,44.06073003149407,
4,0.01,104,50,2,31.671863377121543,
4,0.01,104,50,4,33.74431890074167,
4,0.01,104,50,6,30.383811645872147,
4,0.01,104,50,8,28.449915462428635,
4,0.01,104,100,2,30.603588295273987,
4,0.01,104,100,4,33.19601808131629,
4,0.01,104,100,6,31.517251210580685,
4,0.01,104,100,8,28.61889450060088,
4,0.01,104,200,2,30.89790069461005,
4,0.01,104,200,4,32.87369485447308,
4,0.01,104,200,6,31.101257522034448,
4,0.01,104,200,8,29.86289458239699,
4,0.01,128,50,2,73.4040748660434,"(32, 32)"
4,0.01,128,50,2,19.21982944837592,
4,0.01,128,50,4,86.5880351058178,"(32, 32)"
4,0.01,128,50,4,18.132240059563426,
4,0.01,128,50,6,91.0907062735227,"(32, 32)"
4,0.01,128,50,6,15.577192976914649,
4,0.01,128,50,8,92.419074295186,"(32, 32)"
4,0.01,128,50,8,14.861621642726696,
4,0.01,128,100,2,72.9316779708368,"(32, 32)"
4,0.01,128,100,2,21.047811667167743,
4,0.01,128,100,4,86.235219291567,"(32, 32)"
4,0.01,128,100,4,19.58282370479114,
4,0.01,128,100,6,90.4238030238156,"(32, 32)"
4,0.01,128,100,6,14.935740474994098,
4,0.01,128,100,8,91.8800448946413,"(32, 32)"
4,0.01,128,100,8,16.71334825758286,
4,0.01,128,200,2,73.4693871149617,"(32, 32)"
4,0.01,128,200,2,20.796477969626544,
4,0.01,128,200,4,85.5634950366793,"(32, 32)"
4,0.01,128,200,4,18.1398999236016,
4,0.01,128,200,6,91.0781837629416,"(32, 32)"
4,0.01,128,200,6,14.974054021999512,
4,0.01,128,200,8,92.0416122328144,"(32, 32)"
4,0.01,128,200,8,13.880079971874611,
4,0.01,224,50,2,63.4213176363532,"(32, 32)"
4,0.01,224,50,4,76.8279399454535,"(32, 32)"
4,0.01,224,50,6,80.8321142858496,"(32, 32)"
4,0.01,224,50,8,80.8513958548022,"(32, 32)"
4,0.01,224,100,2,63.5057612531439,"(32, 32)"
4,0.01,224,100,4,77.0110828053171,"(32, 32)"
4,0.01,224,100,6,80.4735027561464,"(32, 32)"
4,0.01,224,100,8,81.1201694972433,"(32, 32)"
4,0.01,224,200,2,62.8951146313331,"(32, 32)"
4,0.01,224,200,4,76.3159547065982,"(32, 32)"
4,0.01,224,200,6,80.5731632346433,"(32, 32)"
4,0.01,224,200,8,80.7528520913047,"(32, 32)"
4,0.01,320,50,2,52.8097733194391,"(32, 32)"
4,0.01,320,50,4,61.8843323114367,"(32, 32)"
4,0.01,320,50,6,63.997638688634,"(32, 32)"
4,0.01,320,50,8,61.6199387644334,"(32, 32)"
4,0.01,320,100,2,53.0991832160272,"(32, 32)"
4,0.01,320,100,4,62.9232033607571,"(32, 32)"
4,0.01,320,100,6,62.9565258494597,"(32, 32)"
4,0.01,320,100,8,61.5317876277935,"(32, 32)"
4,0.01,320,200,2,52.3868702840857,"(32, 32)"
4,0.01,320,200,4,62.2497155363025,"(32, 32)"
4,0.01,320,200,6,63.2282782486451,"(32, 32)"
4,0.01,320,200,8,62.3798359007296,"(32, 32)"
4,0.01,416,50,2,38.5030928521293,"(32, 32)"
4,0.01,416,50,4,37.9293392145763,"(32, 32)"
4,0.01,416,50,6,32.6032229415927,"(32, 32)"
4,0.01,416,50,8,28.6102188127584,"(32, 32)"
4,0.01,416,100,2,38.5813181758039,"(32, 32)"
4,0.01,416,100,4,40.4700274291628,"(32, 32)"
4,0.01,416,100,6,34.8806042287269,"(32, 32)"
4,0.01,416,100,8,31.0281709217136,"(32, 32)"
4,0.01,416,200,2,38.3141963514743,"(32, 32)"
4,0.01,416,200,4,41.0858194915649,"(32, 32)"
4,0.01,416,200,6,32.3424448828055,"(32, 32)"
4,0.01,416,200,8,32.1038351435855,"(32, 32)"
4,0.01,512,50,2,18.1846090949069,"(32, 32)"
4,0.01,512,50,4,5.28872747219466,"(32, 32)"
4,0.01,512,50,6,5.44963701071769,"(32, 32)"
4,0.01,512,50,8,5.72597759845494,"(32, 32)"
4,0.01,512,100,2,17.3177912919966,"(32, 32)"
4,0.01,512,100,4,8.94596643181551,"(32, 32)"
4,0.01,512,100,6,6.86963041596868,"(32, 32)"
4,0.01,512,100,8,5.669711286134,"(32, 32)"
4,0.01,512,200,2,17.9721104406975,"(32, 32)"
4,0.01,512,200,4,8.0815243089562,"(32, 32)"
4,0.01,512,200,6,5.38648823666047,"(32, 32)"
4,0.01,512,200,8,5.67733527041561,"(32, 32)"
4,0.1,8,50,2,17.994107659493032,
4,0.1,8,50,4,17.63785760356132,
4,0.1,8,50,6,17.546819888917515,
4,0.1,8,50,8,17.38224202452239,
4,0.1,8,100,2,18.024722922810543,
4,0.1,8,100,4,17.135733366322814,
4,0.1,8,100,6,16.962203587842588,
4,0.1,8,100,8,17.1376656800434,
4,0.1,8,200,2,17.89104046068504,
4,0.1,8,200,4,17.851044187805112,
4,0.1,8,200,6,17.661639823944775,
4,0.1,8,200,8,17.264591514070208,
4,0.1,14,50,2,12.075432046620476,
4,0.1,14,50,4,11.658561579606154,
4,0.1,14,50,6,11.465513515892146,
4,0.1,14,50,8,11.53634026713122,
4,0.1,14,100,2,12.281016107326703,
4,0.1,14,100,4,11.640353820509512,
4,0.1,14,100,6,11.5508487868439,
4,0.1,14,100,8,11.16334508962649,
4,0.1,14,200,2,12.213287927829125,
4,0.1,14,200,4,11.696991682069385,
4,0.1,14,200,6,11.618785058225669,
4,0.1,14,200,8,11.285999429008148,
4,0.1,20,50,2,8.352834492265233,
4,0.1,20,50,4,8.008601809423073,
4,0.1,20,50,6,8.108010237850582,
4,0.1,20,50,8,8.21846617001884,
4,0.1,20,100,2,8.507515445844298,
4,0.1,20,100,4,7.911208938441443,
4,0.1,20,100,6,8.087139950598505,
4,0.1,20,100,8,8.25641706183588,
4,0.1,20,200,2,8.46914367886862,
4,0.1,20,200,4,8.008476534967985,
4,0.1,20,200,6,8.175194731559964,
4,0.1,20,200,8,8.265146165906495,
4,0.1,26,50,2,6.328129219713099,
4,0.1,26,50,4,6.332371621982298,
4,0.1,26,50,6,6.5423291431779695,
4,0.1,26,50,8,6.732174825935738,
4,0.1,26,100,2,6.380094400024396,
4,0.1,26,100,4,6.371626915248502,
4,0.1,26,100,6,6.618349588041663,
4,0.1,26,100,8,6.749443313813868,
4,0.1,26,200,2,6.41371902865759,
4,0.1,26,200,4,6.530284755509296,
4,0.1,26,200,6,6.537890403279407,
4,0.1,26,200,8,6.757067336084124,
4,0.1,32,50,2,5.108617883984896,
4,0.1,32,50,2,22.255520510803315,
4,0.1,32,50,4,5.485029480401988,
4,0.1,32,50,4,25.48276573166101,
4,0.1,32,50,6,5.813188737651698,
4,0.1,32,50,6,27.28029020004072,
4,0.1,32,50,8,6.124570247598882,
4,0.1,32,50,8,28.121347486896138,
4,0.1,32,100,2,5.131924672906713,
4,0.1,32,100,2,21.019590957973644,
4,0.1,32,100,4,5.495721366538068,
4,0.1,32,100,4,27.223916405445483,
4,0.1,32,100,6,5.874365589707791,
4,0.1,32,100,6,28.09277545736536,
4,0.1,32,100,8,6.106952782193059,
4,0.1,32,100,8,27.653690611953948,
4,0.1,32,200,2,5.095193670034168,
4,0.1,32,200,2,21.689943819021625,
4,0.1,32,200,4,5.457030900478693,
4,0.1,32,200,4,26.249551823741022,
4,0.1,32,200,6,5.792933849144698,
4,0.1,32,200,6,27.691753672087053,
4,0.1,32,200,8,6.13323172333072,
4,0.1,32,200,8,26.547867494276304,
4,0.1,56,50,2,10.571238858497994,
4,0.1,56,50,4,11.28870228123392,
4,0.1,56,50,6,10.78920923087678,
4,0.1,56,50,8,11.88426666090015,
4,0.1,56,100,2,11.363408984597038,
4,0.1,56,100,4,10.443080301231936,
4,0.1,56,100,6,12.036376019665038,
4,0.1,56,100,8,11.013526229585402,
4,0.1,56,200,2,10.536426211635158,
4,0.1,56,200,4,10.34499294039235,
4,0.1,56,200,6,10.960218975636227,
4,0.1,56,200,8,10.767284603121132,
4,0.1,80,50,2,6.958709737072957,
4,0.1,80,50,4,6.869354704600512,
4,0.1,80,50,6,7.194797161919985,
4,0.1,80,50,8,7.477120150474306,
4,0.1,80,100,2,6.906339756999458,
4,0.1,80,100,4,6.837584344040316,
4,0.1,80,100,6,7.172711093012747,
4,0.1,80,100,8,7.465492463881501,
4,0.1,80,200,2,6.941316396875538,
4,0.1,80,200,4,6.891659613547661,
4,0.1,80,200,6,7.186591049438199,
4,0.1,80,200,8,7.4428276406601155,
4,0.1,104,50,2,5.563276601006518,
4,0.1,104,50,4,6.0066694702638666,
4,0.1,104,50,6,6.447389580090607,
4,0.1,104,50,8,6.777638682343463,
4,0.1,104,100,2,5.486743209199896,
4,0.1,104,100,4,5.974695250588296,
4,0.1,104,100,6,6.441333999367386,
4,0.1,104,100,8,6.811542688704875,
4,0.1,104,200,2,5.560950245511701,
4,0.1,104,200,4,5.998563594541105,
4,0.1,104,200,6,6.442890465849287,
4,0.1,104,200,8,6.804742718723286,
4,0.1,128,50,2,27.017760192968,"(32, 32)"
4,0.1,128,50,2,4.74553792077049,
4,0.1,128,50,4,37.5579063412133,"(32, 32)"
4,0.1,128,50,4,5.54314527170034,
4,0.1,128,50,6,41.7807741787165,"(32, 32)"
4,0.1,128,50,6,6.066436747850737,
4,0.1,128,50,8,41.371597749444,"(32, 32)"
4,0.1,128,50,8,6.416713598831089,
4,0.1,128,100,2,25.2381672847025,"(32, 32)"
4,0.1,128,100,2,4.753316424225153,
4,0.1,128,100,4,39.2361889005507,"(32, 32)"
4,0.1,128,100,4,5.538194338148456,
4,0.1,128,100,6,41.7655582791362,"(32, 32)"
4,0.1,128,100,6,6.074428189214828,
4,0.1,128,100,8,40.7569875986493,"(32, 32)"
4,0.1,128,100,8,6.393114570372731,
4,0.1,128,200,2,25.9738110179305,"(32, 32)"
4,0.1,128,200,2,4.758662706901661,
4,0.1,128,200,4,38.119239647118,"(32, 32)"
4,0.1,128,200,4,5.521860547740355,
4,0.1,128,200,6,40.1810793575307,"(32, 32)"
4,0.1,128,200,6,6.082562471783133,
4,0.1,128,200,8,42.3164048527214,"(32, 32)"
4,0.1,128,200,8,6.385142915301749,
4,0.1,224,50,2,8.8377425747268,"(32, 32)"
4,0.1,224,50,4,8.19293382014641,"(32, 32)"
4,0.1,224,50,6,8.39939061633819,"(32, 32)"
4,0.1,224,50,8,8.74084756927199,"(32, 32)"
4,0.1,224,100,2,8.88188999992137,"(32, 32)"
4,0.1,224,100,4,8.17105197591267,"(32, 32)"
4,0.1,224,100,6,9.09621120849826,"(32, 32)"
4,0.1,224,100,8,8.96593237024585,"(32, 32)"
4,0.1,224,200,2,8.95418884454474,"(32, 32)"
4,0.1,224,200,4,9.10178149045827,"(32, 32)"
4,0.1,224,200,6,8.44349107324134,"(32, 32)"
4,0.1,224,200,8,9.08331371153599,"(32, 32)"
4,0.1,320,50,2,6.49039130490385,"(32, 32)"
4,0.1,320,50,4,6.83780694303979,"(32, 32)"
4,0.1,320,50,6,7.44008354386216,"(32, 32)"
4,0.1,320,50,8,7.91519828697419,"(32, 32)"
4,0.1,320,100,2,6.47681782659784,"(32, 32)"
4,0.1,320,100,4,6.84024362141386,"(32, 32)"
4,0.1,320,100,6,7.43170915088315,"(32, 32)"
4,0.1,320,100,8,7.84949711446225,"(32, 32)"
4,0.1,320,200,2,6.48780177008063,"(32, 32)"
4,0.1,320,200,4,6.82609000532092,"(32, 32)"
4,0.1,320,200,6,7.43457332697709,"(32, 32)"
4,0.1,320,200,8,7.80475983762773,"(32, 32)"
4,0.1,416,50,2,5.39942845746069,"(32, 32)"
4,0.1,416,50,4,6.30068982904073,"(32, 32)"
4,0.1,416,50,6,7.04662679501564,"(32, 32)"
4,0.1,416,50,8,7.52879882431856,"(32, 32)"
4,0.1,416,100,2,5.43979534942295,"(32, 32)"
4,0.1,416,100,4,6.28283823155558,"(32, 32)"
4,0.1,416,100,6,6.99873177075145,"(32, 32)"
4,0.1,416,100,8,7.47340892584505,"(32, 32)"
4,0.1,416,200,2,5.47070103311277,"(32, 32)"
4,0.1,416,200,4,6.27298112589306,"(32, 32)"
4,0.1,416,200,6,7.00938086677404,"(32, 32)"
4,0.1,416,200,8,7.46668243520071,"(32, 32)"
4,0.1,512,50,2,4.89161628207633,"(32, 32)"
4,0.1,512,50,4,6.02751209866968,"(32, 32)"
4,0.1,512,50,6,6.82045120849787,"(32, 32)"
4,0.1,512,50,8,7.31474673976778,"(32, 32)"
4,0.1,512,100,2,4.87550194919372,"(32, 32)"
4,0.1,512,100,4,5.98407826298008,"(32, 32)"
4,0.1,512,100,6,6.78747048274976,"(32, 32)"
4,0.1,512,100,8,7.27860247895369,"(32, 32)"
4,0.1,512,200,2,4.87300929970483,"(32, 32)"
4,0.1,512,200,4,5.9723966154122,"(32, 32)"
4,0.1,512,200,6,6.77985420452888,"(32, 32)"
4,0.1,512,200,8,7.21914156557742,"(32, 32)"
4,1.0,8,50,2,14.266165949748435,
4,1.0,8,50,4,13.026625876257086,
4,1.0,8,50,6,12.76953065253134,
4,1.0,8,50,8,12.996970777440737,
4,1.0,8,100,2,14.24545630578773,
4,1.0,8,100,4,13.03482218935328,
4,1.0,8,100,6,12.865142159415978,
4,1.0,8,100,8,12.84744855435076,
4,1.0,8,200,2,14.456990746743116,
4,1.0,8,200,4,13.092410217058893,
4,1.0,8,200,6,12.787565205427368,
4,1.0,8,200,8,12.880497323617242,
4,1.0,14,50,2,9.968447498287938,
4,1.0,14,50,4,9.71791431231738,
4,1.0,14,50,6,9.848931780368645,
4,1.0,14,50,8,10.083187848347295,
4,1.0,14,100,2,9.925813917326211,
4,1.0,14,100,4,9.680603525878134,
4,1.0,14,100,6,9.85026446147196,
4,1.0,14,100,8,10.0791492030442,
4,1.0,14,200,2,9.821292121236596,
4,1.0,14,200,4,9.698338505918972,
4,1.0,14,200,6,9.758513426211534,
4,1.0,14,200,8,10.074168766839945,
4,1.0,20,50,2,7.833188427606144,
4,1.0,20,50,4,8.187837783019102,
4,1.0,20,50,6,8.583025757053292,
4,1.0,20,50,8,8.915361207842821,
4,1.0,20,100,2,7.800280238276975,
4,1.0,20,100,4,8.161092555636174,
4,1.0,20,100,6,8.595207617861282,
4,1.0,20,100,8,8.912931164856086,
4,1.0,20,200,2,7.79368559712076,
4,1.0,20,200,4,8.189337837177423,
4,1.0,20,200,6,8.527456481160483,
4,1.0,20,200,8,8.809466117071015,
4,1.0,26,50,2,6.708277858086162,
4,1.0,26,50,4,7.419108242521996,
4,1.0,26,50,6,7.862173139755457,
4,1.0,26,50,8,8.186923873083352,
4,1.0,26,100,2,6.738638464263444,
4,1.0,26,100,4,7.434045839018017,
4,1.0,26,100,6,7.883605614678665,
4,1.0,26,100,8,8.185826720267066,
4,1.0,26,200,2,6.751245454399276,
4,1.0,26,200,4,7.374496701410957,
4,1.0,26,200,6,7.86299962820018,
4,1.0,26,200,8,8.217863201845601,
4,1.0,32,50,2,6.1060788367811245,
4,1.0,32,50,2,11.58309619761458,
4,1.0,32,50,4,6.987197339868094,
4,1.0,32,50,4,11.222083656370424,
4,1.0,32,50,6,7.449583351722284,
4,1.0,32,50,6,11.302965730362889,
4,1.0,32,50,8,7.787916154595262,
4,1.0,32,50,8,11.502361718523712,
4,1.0,32,100,2,6.119176158929703,
4,1.0,32,100,2,11.639437498416363,
4,1.0,32,100,4,7.004079992093503,
4,1.0,32,100,4,11.082270999180068,
4,1.0,32,100,6,7.513734321939615,
4,1.0,32,100,6,11.462861006947596,
4,1.0,32,100,8,7.780982568273958,
4,1.0,32,100,8,11.372380887839867,
4,1.0,32,200,2,6.142264188619126,
4,1.0,32,200,2,11.783635310323762,
4,1.0,32,200,4,6.994781183579108,
4,1.0,32,200,4,11.119420742069265,
4,1.0,32,200,6,7.4832079779895,
4,1.0,32,200,6,11.26155581903904,
4,1.0,32,200,8,7.799911733274614,
4,1.0,32,200,8,11.513103152037385,
4,1.0,56,50,2,8.375223640758188,
4,1.0,56,50,4,8.765153460815753,
4,1.0,56,50,6,9.340961563310604,
4,1.0,56,50,8,9.657272926641282,
4,1.0,56,100,2,8.434790055986825,
4,1.0,56,100,4,8.93057516230014,
4,1.0,56,100,6,9.332878396890347,
4,1.0,56,100,8,9.669173891112532,
4,1.0,56,200,2,8.461849314975167,
4,1.0,56,200,4,8.91230177478325,
4,1.0,56,200,6,9.32148544720115,
4,1.0,56,200,8,9.668950589348752,
4,1.0,80,50,2,7.095603935877746,
4,1.0,80,50,4,8.002328772150511,
4,1.0,80,50,6,8.591100443827758,
4,1.0,80,50,8,9.007677829923498,
4,1.0,80,100,2,7.1307451609416646,
4,1.0,80,100,4,7.997500029000762,
4,1.0,80,100,6,8.552919248615636,
4,1.0,80,100,8,8.951511310864504,
4,1.0,80,200,2,7.1070891006528925,
4,1.0,80,200,4,8.011862780960946,
4,1.0,80,200,6,8.55618877737296,
4,1.0,80,200,8,8.96273591437351,
4,1.0,104,50,2,6.547813621371247,
4,1.0,104,50,4,7.594135039187031,
4,1.0,104,50,6,8.205935623411044,
4,1.0,104,50,8,8.599708738495908,
4,1.0,104,100,2,6.515256729513031,
4,1.0,104,100,4,7.571004074206431,
4,1.0,104,100,6,8.204874487921728,
4,1.0,104,100,8,8.63337301100324,
4,1.0,104,200,2,6.542984783096028,
4,1.0,104,200,4,7.565206752657142,
4,1.0,104,200,6,8.22013141350686,
4,1.0,104,200,8,8.615216442185485,
4,1.0,128,50,2,10.838969735316,"(32, 32)"
4,1.0,128,50,2,6.195139474845822,
4,1.0,128,50,4,10.4568904372757,"(32, 32)"
4,1.0,128,50,4,7.32167117152201,
4,1.0,128,50,6,10.8415701046474,"(32, 32)"
4,1.0,128,50,6,7.979481371324972,
4,1.0,128,50,8,11.2280880628828,"(32, 32)"
4,1.0,128,50,8,8.443418786296299,
4,1.0,128,100,2,10.8750613857598,"(32, 32)"
4,1.0,128,100,2,6.212318046253951,
4,1.0,128,100,4,10.4952957877849,"(32, 32)"
4,1.0,128,100,4,7.346592389589171,
4,1.0,128,100,6,10.9946838017023,"(32, 32)"
4,1.0,128,100,6,7.981192654468638,
4,1.0,128,100,8,11.2183300566641,"(32, 32)"
4,1.0,128,100,8,8.417565653414353,
4,1.0,128,200,2,10.8084243413721,"(32, 32)"
4,1.0,128,200,2,6.171007776295348,
4,1.0,128,200,4,10.5618011423991,"(32, 32)"
4,1.0,128,200,4,7.340760227092963,
4,1.0,128,200,6,10.9361397033564,"(32, 32)"
4,1.0,128,200,6,7.976253552109478,
4,1.0,128,200,8,11.2087621405919,"(32, 32)"
4,1.0,128,200,8,8.400716896346323,
4,1.0,224,50,2,7.98016234345092,"(32, 32)"
4,1.0,224,50,4,8.97457855850259,"(32, 32)"
4,1.0,224,50,6,9.66437906843064,"(32, 32)"
4,1.0,224,50,8,10.1444987229335,"(32, 32)"
4,1.0,224,100,2,8.04855726120007,"(32, 32)"
4,1.0,224,100,4,8.9474365910865,"(32, 32)"
4,1.0,224,100,6,9.61824353367577,"(32, 32)"
4,1.0,224,100,8,10.0910756255958,"(32, 32)"
4,1.0,224,200,2,8.03072560301605,"(32, 32)"
4,1.0,224,200,4,8.9093078717794,"(32, 32)"
4,1.0,224,200,6,9.60335038054398,"(32, 32)"
4,1.0,224,200,8,10.0573175009513,"(32, 32)"
4,1.0,320,50,2,7.14700506481452,"(32, 32)"
4,1.0,320,50,4,8.47792597761009,"(32, 32)"
4,1.0,320,50,6,9.21593781590675,"(32, 32)"
4,1.0,320,50,8,9.75657099819513,"(32, 32)"
4,1.0,320,100,2,7.14896071556867,"(32, 32)"
4,1.0,320,100,4,8.40933409205665,"(32, 32)"
4,1.0,320,100,6,9.14644287673428,"(32, 32)"
4,1.0,320,100,8,9.70167734646751,"(32, 32)"
4,1.0,320,200,2,7.14732637368633,"(32, 32)"
4,1.0,320,200,4,8.43617045912308,"(32, 32)"
4,1.0,320,200,6,9.15732044823965,"(32, 32)"
4,1.0,320,200,8,9.70811955512657,"(32, 32)"
4,1.0,416,50,2,6.8093814536454,"(32, 32)"
4,1.0,416,50,4,8.21238084587623,"(32, 32)"
4,1.0,416,50,6,9.0236408425411,"(32, 32)"
4,1.0,416,50,8,9.56974647560853,"(32, 32)"
4,1.0,416,100,2,6.79583858612188,"(32, 32)"
4,1.0,416,100,4,8.15005128996454,"(32, 32)"
4,1.0,416,100,6,8.96015183081731,"(32, 32)"
4,1.0,416,100,8,9.52183733320157,"(32, 32)"
4,1.0,416,200,2,6.79603757412982,"(32, 32)"
4,1.0,416,200,4,8.16109863215664,"(32, 32)"
4,1.0,416,200,6,8.97580624840119,"(32, 32)"
4,1.0,416,200,8,9.49861175030886,"(32, 32)"
4,1.0,512,50,2,6.62425889962328,"(32, 32)"
4,1.0,512,50,4,8.08325599030398,"(32, 32)"
4,1.0,512,50,6,8.86679837217486,"(32, 32)"
4,1.0,512,50,8,9.44937922139215,"(32, 32)"
4,1.0,512,100,2,6.604183385529,"(32, 32)"
4,1.0,512,100,4,8.02196824272601,"(32, 32)"
4,1.0,512,100,6,8.83414824943349,"(32, 32)"
4,1.0,512,100,8,9.41136886872225,"(32, 32)"
4,1.0,512,200,2,6.59113422595243,"(32, 32)"
4,1.0,512,200,4,7.98698940883826,"(32, 32)"
4,1.0,512,200,6,8.81768840885934,"(32, 32)"
4,1.0,512,200,8,9.3569373521109,"(32, 32)"
4,10.0,8,50,2,14.175232814377225,
4,10.0,8,50,4,13.024991442188812,
4,10.0,8,50,6,13.398062244198378,
4,10.0,8,50,8,13.609717241050516,
4,10.0,8,100,2,14.36352120562923,
4,10.0,8,100,4,13.115479131418711,
4,10.0,8,100,6,13.383095546207752,
4,10.0,8,100,8,13.456111775781087,
4,10.0,8,200,2,14.361792293472964,
4,10.0,8,200,4,13.204431159966749,
4,10.0,8,200,6,13.412495329928053,
4,10.0,8,200,8,13.550231306628488,
4,10.0,14,50,2,10.57914586965994,
4,10.0,14,50,4,11.099995319262367,
4,10.0,14,50,6,11.54918749705108,
4,10.0,14,50,8,11.984781151445649,
4,10.0,14,100,2,10.62343235792823,
4,10.0,14,100,4,11.071458368217348,
4,10.0,14,100,6,11.59266760367041,
4,10.0,14,100,8,11.963662762071252,
4,10.0,14,200,2,10.64377004158969,
4,10.0,14,200,4,11.040318897451373,
4,10.0,14,200,6,11.506197876322648,
4,10.0,14,200,8,11.94464105449194,
4,10.0,20,50,2,9.466671555029812,
4,10.0,20,50,4,10.411366530842663,
4,10.0,20,50,6,10.94072793467046,
4,10.0,20,50,8,11.272826370519631,
4,10.0,20,100,2,9.450807397652822,
4,10.0,20,100,4,10.37735234445223,
4,10.0,20,100,6,10.9059336269366,
4,10.0,20,100,8,11.26219448814132,
4,10.0,20,200,2,9.427192768845694,
4,10.0,20,200,4,10.360977071986524,
4,10.0,20,200,6,10.95159161292098,
4,10.0,20,200,8,11.334866326565711,
4,10.0,26,50,2,8.934584989211494,
4,10.0,26,50,4,10.0270732609846,
4,10.0,26,50,6,10.600749086506498,
4,10.0,26,50,8,10.987526497141683,
4,10.0,26,100,2,8.960409825693509,
4,10.0,26,100,4,10.016885996452087,
4,10.0,26,100,6,10.635885967445308,
4,10.0,26,100,8,10.976999337948966,
4,10.0,26,200,2,8.942088409839982,
4,10.0,26,200,4,10.05087670445102,
4,10.0,26,200,6,10.5951828789331,
4,10.0,26,200,8,10.93145846674656,
4,10.0,32,50,2,8.645743152806856,
4,10.0,32,50,2,11.658409429978503,
4,10.0,32,50,4,9.843732948893962,
4,10.0,32,50,4,11.821639627507938,
4,10.0,32,50,6,10.412978371282206,
4,10.0,32,50,6,12.360642861249548,
4,10.0,32,50,8,10.811093453888056,
4,10.0,32,50,8,12.7217654091133,
4,10.0,32,100,2,8.659107163636323,
4,10.0,32,100,2,11.587346285198588,
4,10.0,32,100,4,9.838066858345565,
4,10.0,32,100,4,11.794663784123632,
4,10.0,32,100,6,10.391450089127792,
4,10.0,32,100,6,12.317431241790644,
4,10.0,32,100,8,10.78411844766921,
4,10.0,32,100,8,12.773372097022929,
4,10.0,32,200,2,8.703356426456262,
4,10.0,32,200,2,11.59037727591079,
4,10.0,32,200,4,9.82687898873186,
4,10.0,32,200,4,11.799482812700598,
4,10.0,32,200,6,10.43283543317833,
4,10.0,32,200,6,12.279825453123497,
4,10.0,32,200,8,10.739116748598978,
4,10.0,32,200,8,12.735009150717076,
4,10.0,56,50,2,9.563952366855885,
4,10.0,56,50,4,10.879959378727646,
4,10.0,56,50,6,11.52410501906671,
4,10.0,56,50,8,11.960653968206252,
4,10.0,56,100,2,9.582943673435746,
4,10.0,56,100,4,10.843636371995624,
4,10.0,56,100,6,11.515780526797018,
4,10.0,56,100,8,11.932358518313563,
4,10.0,56,200,2,9.581000489173098,
4,10.0,56,200,4,10.838821038466603,
4,10.0,56,200,6,11.518149442121548,
4,10.0,56,200,8,11.935831962006006,
4,10.0,80,50,2,9.001870490779329,
4,10.0,80,50,4,10.564895809614857,
4,10.0,80,50,6,11.179332628889068,
4,10.0,80,50,8,11.617071914354376,
4,10.0,80,100,2,8.998857001733414,
4,10.0,80,100,4,10.552462893278216,
4,10.0,80,100,6,11.20547064960897,
4,10.0,80,100,8,11.585424184199386,
4,10.0,80,200,2,8.988246024078084,
4,10.0,80,200,4,10.527118902689256,
4,10.0,80,200,6,11.210784889804058,
4,10.0,80,200,8,11.578880625171951,
4,10.0,104,50,2,8.723292107645628,
4,10.0,104,50,4,10.404665531353515,
4,10.0,104,50,6,11.03181486331541,
4,10.0,104,50,8,11.431865534157776,
4,10.0,104,100,2,8.734171474317037,
4,10.0,104,100,4,10.357868804295224,
4,10.0,104,100,6,11.085860936960334,
4,10.0,104,100,8,11.498578025144752,
4,10.0,104,200,2,8.761291411850717,
4,10.0,104,200,4,10.3597005157191,
4,10.0,104,200,6,11.044354228063378,
4,10.0,104,200,8,11.46887323380871,
4,10.0,128,50,2,10.8301098258102,"(32, 32)"
4,10.0,128,50,2,8.61627352891878,
4,10.0,128,50,4,11.825523664884,"(32, 32)"
4,10.0,128,50,4,10.271746199600807,
4,10.0,128,50,6,12.6423000739449,"(32, 32)"
4,10.0,128,50,6,10.956244749512967,
4,10.0,128,50,8,13.0901143345746,"(32, 32)"
4,10.0,128,50,8,11.378185287353586,
4,10.0,128,100,2,10.9644864482442,"(32, 32)"
4,10.0,128,100,2,8.592166269196015,
4,10.0,128,100,4,11.7816885707182,"(32, 32)"
4,10.0,128,100,4,10.262483206025482,
4,10.0,128,100,6,12.5724516210803,"(32, 32)"
4,10.0,128,100,6,11.004028276302458,
4,10.0,128,100,8,13.0440056666573,"(32, 32)"
4,10.0,128,100,8,11.33688356853994,
4,10.0,128,200,2,10.8696688157825,"(32, 32)"
4,10.0,128,200,2,8.59365944554563,
4,10.0,128,200,4,11.8054737003456,"(32, 32)"
4,10.0,128,200,4,10.257393566214413,
4,10.0,128,200,6,12.5568835101043,"(32, 32)"
4,10.0,128,200,6,10.940840031314794,
4,10.0,128,200,8,13.0471631412325,"(32, 32)"
4,10.0,128,200,8,11.345642772638156,
4,10.0,224,50,2,9.42484207628127,"(32, 32)"
4,10.0,224,50,4,11.3421654973892,"(32, 32)"
4,10.0,224,50,6,12.1878064239323,"(32, 32)"
4,10.0,224,50,8,12.7217148832826,"(32, 32)"
4,10.0,224,100,2,9.43528105057915,"(32, 32)"
4,10.0,224,100,4,11.3169324421374,"(32, 32)"
4,10.0,224,100,6,12.1382515451662,"(32, 32)"
4,10.0,224,100,8,12.6310573436724,"(32, 32)"
4,10.0,224,200,2,9.44367405111698,"(32, 32)"
4,10.0,224,200,4,11.3409228624513,"(32, 32)"
4,10.0,224,200,6,12.1299417394637,"(32, 32)"
4,10.0,224,200,8,12.6458412601922,"(32, 32)"
4,10.0,320,50,2,9.0118423539421,"(32, 32)"
4,10.0,320,50,4,11.1536179972012,"(32, 32)"
4,10.0,320,50,6,12.0187212820201,"(32, 32)"
4,10.0,320,50,8,12.5334313984004,"(32, 32)"
4,10.0,320,100,2,9.03218279710515,"(32, 32)"
4,10.0,320,100,4,11.1667461866897,"(32, 32)"
4,10.0,320,100,6,12.0254823012991,"(32, 32)"
4,10.0,320,100,8,12.470729737638,"(32, 32)"
4,10.0,320,200,2,9.02239091096391,"(32, 32)"
4,10.0,320,200,4,11.1396906863542,"(32, 32)"
4,10.0,320,200,6,11.9751838940734,"(32, 32)"
4,10.0,320,200,8,12.4853651205563,"(32, 32)"
4,10.0,416,50,2,8.8465601901115,"(32, 32)"
4,10.0,416,50,4,11.0709081044015,"(32, 32)"
4,10.0,416,50,6,11.9391190793999,"(32, 32)"
4,10.0,416,50,8,12.5006361227299,"(32, 32)"
4,10.0,416,100,2,8.83668845414918,"(32, 32)"
4,10.0,416,100,4,11.0538496259328,"(32, 32)"
4,10.0,416,100,6,11.9400318915933,"(32, 32)"
4,10.0,416,100,8,12.3817211356107,"(32, 32)"
4,10.0,416,200,2,8.85319031362413,"(32, 32)"
4,10.0,416,200,4,11.007044010668,"(32, 32)"
4,10.0,416,200,6,11.8938816337899,"(32, 32)"
4,10.0,416,200,8,12.4137739528494,"(32, 32)"
4,10.0,512,50,2,8.73346499375358,"(32, 32)"
4,10.0,512,50,4,10.998903046445,"(32, 32)"
4,10.0,512,50,6,11.9091751630398,"(32, 32)"
4,10.0,512,50,8,12.401884372644,"(32, 32)"
4,10.0,512,100,2,8.74143693717243,"(32, 32)"
4,10.0,512,100,4,10.9896137448051,"(32, 32)"
4,10.0,512,100,6,11.8734571558903,"(32, 32)"
4,10.0,512,100,8,12.3593654319061,"(32, 32)"
4,10.0,512,200,2,8.73683353005172,"(32, 32)"
4,10.0,512,200,4,10.9746775030142,"(32, 32)"
4,10.0,512,200,6,11.8479466715558,"(32, 32)"
4,10.0,512,200,8,12.339605248813,"(32, 32)"
5,0.01,8,50,2,30.62636310891407,
5,0.01,8,50,4,31.972141537167264,
5,0.01,8,50,6,30.82196388606977,
5,0.01,8,50,8,30.96465507710669,
5,0.01,8,100,2,30.750225407464303,
5,0.01,8,100,4,31.843429548843023,
5,0.01,8,100,6,30.86325368721874,
5,0.01,8,100,8,30.538910356729613,
5,0.01,8,200,2,30.522653515454905,
5,0.01,8,200,4,31.22862544151684,
5,0.01,8,200,6,31.330455269085448,
5,0.01,8,200,8,30.885858827013013,
5,0.01,14,50,2,28.654024826067808,
5,0.01,14,50,4,29.677664579138064,
5,0.01,14,50,6,29.43114990943193,
5,0.01,14,50,8,28.968269813286085,
5,0.01,14,100,2,28.325667395140524,
5,0.01,14,100,4,29.237929111314667,
5,0.01,14,100,6,28.8791711610119,
5,0.01,14,100,8,28.80723977220756,
5,0.01,14,200,2,28.740410175621854,
5,0.01,14,200,4,29.525973636811035,
5,0.01,14,200,6,29.01032086578568,
5,0.01,14,200,8,28.71967574029494,
5,0.01,20,50,2,25.57215941344513,
5,0.01,20,50,4,25.779948105741347,
5,0.01,20,50,6,25.65708440615592,
5,0.01,20,50,8,25.057420629691343,
5,0.01,20,100,2,25.548262009604997,
5,0.01,20,100,4,26.57407369353968,
5,0.01,20,100,6,25.35864617786449,
5,0.01,20,100,8,24.90543539325674,
5,0.01,20,200,2,25.260434327004678,
5,0.01,20,200,4,26.74497689118299,
5,0.01,20,200,6,25.859803312044864,
5,0.01,20,200,8,24.82231879838313,
5,0.01,26,50,2,21.509767487145798,
5,0.01,26,50,4,21.42569276275028,
5,0.01,26,50,6,20.366315430121837,
5,0.01,26,50,8,19.87615022989678,
5,0.01,26,100,2,21.65619002164652,
5,0.01,26,100,4,21.464595387126604,
5,0.01,26,100,6,20.69728018542472,
5,0.01,26,100,8,20.48150116455367,
5,0.01,26,200,2,21.91982163419341,
5,0.01,26,200,4,21.13058677699896,
5,0.01,26,200,6,20.06789917355552,
5,0.01,26,200,8,19.655983830576897,
5,0.01,32,50,2,17.12925066019911,
5,0.01,32,50,2,52.850123909306056,
5,0.01,32,50,4,16.214016909138646,
5,0.01,32,50,4,59.61350224156953,
5,0.01,32,50,6,14.920146870030838,
5,0.01,32,50,6,60.89117038277978,
5,0.01,32,50,8,15.028190317247974,
5,0.01,32,50,8,59.88451400698501,
5,0.01,32,100,2,17.23499364079778,
5,0.01,32,100,2,52.318293570825546,
5,0.01,32,100,4,15.754598279339254,
5,0.01,32,100,4,59.04811755869396,
5,0.01,32,100,6,14.285707541872885,
5,0.01,32,100,6,60.09616260178722,
5,0.01,32,100,8,14.12821046246063,
5,0.01,32,100,8,60.28203554170607,
5,0.01,32,200,2,16.708709040323537,
5,0.01,32,200,2,52.30549580161004,
5,0.01,32,200,4,15.862171306165576,
5,0.01,32,200,4,59.49475343797559,
5,0.01,32,200,6,14.600701124522642,
5,0.01,32,200,6,60.27962914517948,
5,0.01,32,200,8,14.464026584356064,
5,0.01,32,200,8,59.90133680275287,
5,0.01,56,50,2,46.628934269817016,
5,0.01,56,50,4,54.63753346529642,
5,0.01,56,50,6,55.43541740281669,
5,0.01,56,50,8,54.64948713754752,
5,0.01,56,100,2,46.45828303632309,
5,0.01,56,100,4,54.8148359542573,
5,0.01,56,100,6,54.64694345761942,
5,0.01,56,100,8,54.833788296900096,
5,0.01,56,200,2,46.41885860251156,
5,0.01,56,200,4,54.57181147139324,
5,0.01,56,200,6,55.47673942517292,
5,0.01,56,200,8,53.65397920952247,
5,0.01,80,50,2,40.07370695335227,
5,0.01,80,50,4,45.846530738959295,
5,0.01,80,50,6,44.14650485416284,
5,0.01,80,50,8,42.97527671489648,
5,0.01,80,100,2,40.144358305796594,
5,0.01,80,100,4,46.054285028590215,
5,0.01,80,100,6,44.804496529262806,
5,0.01,80,100,8,43.63476086042732,
5,0.01,80,200,2,40.14376810433652,
5,0.01,80,200,4,44.93356030083298,
5,0.01,80,200,6,45.1592973043882,
5,0.01,80,200,8,43.51873270714058,
5,0.01,104,50,2,31.90693853608656,
5,0.01,104,50,4,32.13049465346006,
5,0.01,104,50,6,30.607623717607872,
5,0.01,104,50,8,29.888702250972933,
5,0.01,104,100,2,31.85761238524362,
5,0.01,104,100,4,33.34419623436542,
5,0.01,104,100,6,30.707483004663366,
5,0.01,104,100,8,29.26109807674241,
5,0.01,104,200,2,31.86770115480704,
5,0.01,104,200,4,34.21602248378083,
5,0.01,104,200,6,31.028599866970957,
5,0.01,104,200,8,29.432588203937627,
5,0.01,128,50,2,73.9168006382545,"(32, 32)"
5,0.01,128,50,2,21.85692944320081,
5,0.01,128,50,4,86.3659969777456,"(32, 32)"
5,0.01,128,50,4,17.325799013679063,
5,0.01,128,50,6,90.6576980427835,"(32, 32)"
5,0.01,128,50,6,15.205082515453766,
5,0.01,128,50,8,92.3294649335177,"(32, 32)"
5,0.01,128,50,8,12.938100754800042,
5,0.01,128,100,2,73.417905983945,"(32, 32)"
5,0.01,128,100,2,20.788421265447667,
5,0.01,128,100,4,86.7421194009446,"(32, 32)"
5,0.01,128,100,4,18.30779187607521,
5,0.01,128,100,6,89.8028618745221,"(32, 32)"
5,0.01,128,100,6,15.390560432724651,
5,0.01,128,100,8,91.7454164903673,"(32, 32)"
5,0.01,128,100,8,12.651787166478078,
5,0.01,128,200,2,73.3522397667337,"(32, 32)"
5,0.01,128,200,2,20.688600355313195,
5,0.01,128,200,4,86.124257564805,"(32, 32)"
5,0.01,128,200,4,18.21134670064581,
5,0.01,128,200,6,90.7506876727655,"(32, 32)"
5,0.01,128,200,6,16.359071511966764,
5,0.01,128,200,8,92.214601791193,"(32, 32)"
5,0.01,128,200,8,15.473251766618231,
5,0.01,224,50,2,64.1211320926344,"(32, 32)"
5,0.01,224,50,4,76.7586253783691,"(32, 32)"
5,0.01,224,50,6,80.4547724226389,"(32, 32)"
5,0.01,224,50,8,81.4745180746073,"(32, 32)"
5,0.01,224,100,2,63.9696838280928,"(32, 32)"
5,0.01,224,100,4,76.5332871115719,"(32, 32)"
5,0.01,224,100,6,81.2127207756124,"(32, 32)"
5,0.01,224,100,8,80.7707672578038,"(32, 32)"
5,0.01,224,200,2,63.2313939045302,"(32, 32)"
5,0.01,224,200,4,77.2414876698394,"(32, 32)"
5,0.01,224,200,6,80.4364954034277,"(32, 32)"
5,0.01,224,200,8,81.4719930865891,"(32, 32)"
5,0.01,320,50,2,54.135128773823,"(32, 32)"
5,0.01,320,50,4,63.469563406198,"(32, 32)"
5,0.01,320,50,6,62.2422765207115,"(32, 32)"
5,0.01,320,50,8,61.4761927355167,"(32, 32)"
5,0.01,320,100,2,52.5537801034485,"(32, 32)"
5,0.01,320,100,4,62.6247208640451,"(32, 32)"
5,0.01,320,100,6,64.2757174012288,"(32, 32)"
5,0.01,320,100,8,62.4734956313683,"(32, 32)"
5,0.01,320,200,2,51.9625658862128,"(32, 32)"
5,0.01,320,200,4,62.2050514794854,"(32, 32)"
5,0.01,320,200,6,62.8030455500766,"(32, 32)"
5,0.01,320,200,8,62.0819116758192,"(32, 32)"
5,0.01,416,50,2,39.1893797793202,"(32, 32)"
5,0.01,416,50,4,38.3200376977118,"(32, 32)"
5,0.01,416,50,6,34.5023093072649,"(32, 32)"
5,0.01,416,50,8,29.6493809164172,"(32, 32)"
5,0.01,416,100,2,39.9523802543513,"(32, 32)"
5,0.01,416,100,4,40.4226978691581,"(32, 32)"
5,0.01,416,100,6,37.2742411955181,"(32, 32)"
5,0.01,416,100,8,31.5362123302858,"(32, 32)"
5,0.01,416,200,2,38.2171440878814,"(32, 32)"
5,0.01,416,200,4,38.1377454621634,"(32, 32)"
5,0.01,416,200,6,33.8875730484893,"(32, 32)"
5,0.01,416,200,8,30.7546074369528,"(32, 32)"
5,0.01,512,50,2,16.8356172252382,"(32, 32)"
5,0.01,512,50,4,7.52336321801011,"(32, 32)"
5,0.01,512,50,6,5.42865463422525,"(32, 32)"
5,0.01,512,50,8,5.74698725845361,"(32, 32)"
5,0.01,512,100,2,17.179157909854,"(32, 32)"
5,0.01,512,100,4,5.84557097923224,"(32, 32)"
5,0.01,512,100,6,5.50491772055745,"(32, 32)"
5,0.01,512,100,8,5.69122025101442,"(32, 32)"
5,0.01,512,200,2,18.4732864927379,"(32, 32)"
5,0.01,512,200,4,7.60736295508313,"(32, 32)"
5,0.01,512,200,6,5.3737958402025,"(32, 32)"
5,0.01,512,200,8,6.14159061517648,"(32, 32)"
5,0.1,8,50,2,17.80933306465359,
5,0.1,8,50,4,17.65027856363812,
5,0.1,8,50,6,17.363022991787176,
5,0.1,8,50,8,17.307944018498006,
5,0.1,8,100,2,18.127013522149134,
5,0.1,8,100,4,17.666581795446596,
5,0.1,8,100,6,17.582331094005106,
5,0.1,8,100,8,17.565880935343607,
5,0.1,8,200,2,17.776770377756375,
5,0.1,8,200,4,17.91208680043011,
5,0.1,8,200,6,17.080611680488456,
5,0.1,8,200,8,17.242199557688636,
5,0.1,14,50,2,12.374291293725578,
5,0.1,14,50,4,11.944658300175815,
5,0.1,14,50,6,11.39139289517683,
5,0.1,14,50,8,11.864973151702662,
5,0.1,14,100,2,12.35034945839124,
5,0.1,14,100,4,11.784815079375583,
5,0.1,14,100,6,11.625060378707447,
5,0.1,14,100,8,11.3183388157708,
5,0.1,14,200,2,12.095718420737544,
5,0.1,14,200,4,11.520564558447704,
5,0.1,14,200,6,11.454879314131526,
5,0.1,14,200,8,11.395517143777244,
5,0.1,20,50,2,8.539122808999059,
5,0.1,20,50,4,8.249124422716333,
5,0.1,20,50,6,8.261607471916076,
5,0.1,20,50,8,8.16180534736772,
5,0.1,20,100,2,8.45423190895602,
5,0.1,20,100,4,7.920933533953963,
5,0.1,20,100,6,8.158768422179174,
5,0.1,20,100,8,8.078195597415764,
5,0.1,20,200,2,8.742962650300012,
5,0.1,20,200,4,7.914454609532954,
5,0.1,20,200,6,7.953334363418772,
5,0.1,20,200,8,8.046148234019094,
5,0.1,26,50,2,6.332025225552347,
5,0.1,26,50,4,6.324616842010446,
5,0.1,26,50,6,6.585351594359856,
5,0.1,26,50,8,6.799394232751403,
5,0.1,26,100,2,6.32216395548851,
5,0.1,26,100,4,6.449258971709827,
5,0.1,26,100,6,6.562848763053949,
5,0.1,26,100,8,6.883532413931988,
5,0.1,26,200,2,6.378104557227007,
5,0.1,26,200,4,6.363131976264777,
5,0.1,26,200,6,6.5941700010637945,
5,0.1,26,200,8,6.769585064972912,
5,0.1,32,50,2,5.089401542091234,
5,0.1,32,50,2,22.27173196129264,
5,0.1,32,50,4,5.415808546122356,
5,0.1,32,50,4,26.89505271655404,
5,0.1,32,50,6,5.838833459328283,
5,0.1,32,50,6,26.962518601992524,
5,0.1,32,50,8,6.120123965933896,
5,0.1,32,50,8,25.72737586910308,
5,0.1,32,100,2,5.1111101942936905,
5,0.1,32,100,2,21.76087697225373,
5,0.1,32,100,4,5.465287338478982,
5,0.1,32,100,4,26.81927127300424,
5,0.1,32,100,6,5.850928808310854,
5,0.1,32,100,6,27.276736031309326,
5,0.1,32,100,8,6.11532045911144,
5,0.1,32,100,8,27.00617444116766,
5,0.1,32,200,2,5.17318404765556,
5,0.1,32,200,2,22.24105003457852,
5,0.1,32,200,4,5.466989811596291,
5,0.1,32,200,4,27.47972830159165,
5,0.1,32,200,6,5.830712774292593,
5,0.1,32,200,6,26.56462501552725,
5,0.1,32,200,8,6.135040150754287,
5,0.1,32,200,8,27.190069458659867,
5,0.1,56,50,2,10.746809552507262,
5,0.1,56,50,4,10.22140459117074,
5,0.1,56,50,6,11.379094822555654,
5,0.1,56,50,8,9.65044873236908,
5,0.1,56,100,2,10.340433101769854,
5,0.1,56,100,4,10.571187075503996,
5,0.1,56,100,6,11.484301093246458,
5,0.1,56,100,8,9.92410392655766,
5,0.1,56,200,2,10.478879668070457,
5,0.1,56,200,4,10.92248428675385,
5,0.1,56,200,6,10.177089872068546,
5,0.1,56,200,8,11.062334479693922,
5,0.1,80,50,2,6.880721884270693,
5,0.1,80,50,4,6.933863606104222,
5,0.1,80,50,6,7.203174516420775,
5,0.1,80,50,8,7.475502441258887,
5,0.1,80,100,2,6.8945973682205,
5,0.1,80,100,4,6.8875016726510845,
5,0.1,80,100,6,7.199018983765307,
5,0.1,80,100,8,7.4679664615803585,
5,0.1,80,200,2,6.880311058908164,
5,0.1,80,200,4,6.903413630297446,
5,0.1,80,200,6,7.174091603264573,
5,0.1,80,200,8,7.497110191558161,
5,0.1,104,50,2,5.552910929746773,
5,0.1,104,50,4,5.999213802963028,
5,0.1,104,50,6,6.48286762411789,
5,0.1,104,50,8,6.781444072143726,
5,0.1,104,100,2,5.5279134396126,
5,0.1,104,100,4,5.974443685897209,
5,0.1,104,100,6,6.453591392233487,
5,0.1,104,100,8,6.775891696483254,
5,0.1,104,200,2,5.528476170437008,
5,0.1,104,200,4,5.960718313364531,
5,0.1,104,200,6,6.452407612307311,
5,0.1,104,200,8,6.7764825191268105,
5,0.1,128,50,2,26.3706232570559,"(32, 32)"
5,0.1,128,50,2,4.7809081111169,
5,0.1,128,50,4,37.4682598829626,"(32, 32)"
5,0.1,128,50,4,5.547332314995045,
5,0.1,128,50,6,40.7975507057128,"(32, 32)"
5,0.1,128,50,6,6.083812259302987,
5,0.1,128,50,8,40.8213653983529,"(32, 32)"
5,0.1,128,50,8,6.422803974018814,
5,0.1,128,100,2,25.8195692085242,"(32, 32)"
5,0.1,128,100,2,4.7613974909573065,
5,0.1,128,100,4,38.2104904969158,"(32, 32)"
5,0.1,128,100,4,5.482078832338569,
5,0.1,128,100,6,41.5814059976037,"(32, 32)"
5,0.1,128,100,6,6.0859591247409455,
5,0.1,128,100,8,41.9634000161804,"(32, 32)"
5,0.1,128,100,8,6.401122185552702,
5,0.1,128,200,2,25.5332519792235,"(32, 32)"
5,0.1,128,200,2,4.741774413767957,
5,0.1,128,200,4,37.0173394066625,"(32, 32)"
5,0.1,128,200,4,5.53624435207469,
5,0.1,128,200,6,40.8072450768603,"(32, 32)"
5,0.1,128,200,6,6.099029601408525,
5,0.1,128,200,8,43.314388305544,"(32, 32)"
5,0.1,128,200,8,6.384543960284912,
5,0.1,224,50,2,8.76223988711536,"(32, 32)"
5,0.1,224,50,4,8.2275971923948,"(32, 32)"
5,0.1,224,50,6,8.42744490920907,"(32, 32)"
5,0.1,224,50,8,8.74189819184495,"(32, 32)"
5,0.1,224,100,2,8.98304550285412,"(32, 32)"
5,0.1,224,100,4,9.86711211187056,"(32, 32)"
5,0.1,224,100,6,8.4558956097355,"(32, 32)"
5,0.1,224,100,8,8.82133398231464,"(32, 32)"
5,0.1,224,200,2,8.81697391005917,"(32, 32)"
5,0.1,224,200,4,8.44197291740984,"(32, 32)"
5,0.1,224,200,6,8.46637267355735,"(32, 32)"
5,0.1,224,200,8,8.71668199740849,"(32, 32)"
5,0.1,320,50,2,6.52512258363361,"(32, 32)"
5,0.1,320,50,4,6.84229810110926,"(32, 32)"
5,0.1,320,50,6,7.43542554118563,"(32, 32)"
5,0.1,320,50,8,7.88422834008216,"(32, 32)"
5,0.1,320,100,2,6.42277635620502,"(32, 32)"
5,0.1,320,100,4,6.8663478160025,"(32, 32)"
5,0.1,320,100,6,7.40385250125579,"(32, 32)"
5,0.1,320,100,8,7.87377072382584,"(32, 32)"
5,0.1,320,200,2,6.44251685344962,"(32, 32)"
5,0.1,320,200,4,6.8526199899249,"(32, 32)"
5,0.1,320,200,6,7.39420726971194,"(32, 32)"
5,0.1,320,200,8,7.87857337895312,"(32, 32)"
5,0.1,416,50,2,5.4236842937582,"(32, 32)"
5,0.1,416,50,4,6.31456881321876,"(32, 32)"
5,0.1,416,50,6,7.0690951990756,"(32, 32)"
5,0.1,416,50,8,7.51189166508273,"(32, 32)"
5,0.1,416,100,2,5.42233582223039,"(32, 32)"
5,0.1,416,100,4,6.28532770751606,"(32, 32)"
5,0.1,416,100,6,6.99240626840026,"(32, 32)"
5,0.1,416,100,8,7.48963720932755,"(32, 32)"
5,0.1,416,200,2,5.43997136220687,"(32, 32)"
5,0.1,416,200,4,6.26347698578162,"(32, 32)"
5,0.1,416,200,6,6.97485795508786,"(32, 32)"
5,0.1,416,200,8,7.46058853691441,"(32, 32)"
5,0.1,512,50,2,4.89027008621337,"(32, 32)"
5,0.1,512,50,4,6.02397230572053,"(32, 32)"
5,0.1,512,50,6,6.82111730557295,"(32, 32)"
5,0.1,512,50,8,7.32171728116516,"(32, 32)"
5,0.1,512,100,2,4.87340852240203,"(32, 32)"
5,0.1,512,100,4,5.99387110169141,"(32, 32)"
5,0.1,512,100,6,6.78629688257285,"(32, 32)"
5,0.1,512,100,8,7.28389603501963,"(32, 32)"
5,0.1,512,200,2,4.86823683888054,"(32, 32)"
5,0.1,512,200,4,5.97474728612488,"(32, 32)"
5,0.1,512,200,6,6.77492273715962,"(32, 32)"
5,0.1,512,200,8,7.25415419903041,"(32, 32)"
5,1.0,8,50,2,14.32410090689016,
5,1.0,8,50,4,12.900031191765978,
5,1.0,8,50,6,13.069614790805018,
5,1.0,8,50,8,12.972008426782327,
5,1.0,8,100,2,14.04134490024606,
5,1.0,8,100,4,13.28382701331318,
5,1.0,8,100,6,12.864223970446735,
5,1.0,8,100,8,12.929592498706878,
5,1.0,8,200,2,14.109036497531356,
5,1.0,8,200,4,12.971359983038411,
5,1.0,8,200,6,12.92455347938959,
5,1.0,8,200,8,12.80111739526604,
5,1.0,14,50,2,9.941925215150365,
5,1.0,14,50,4,9.605055320377886,
5,1.0,14,50,6,9.81160037053358,
5,1.0,14,50,8,10.04354817556196,
5,1.0,14,100,2,9.954973704879574,
5,1.0,14,100,4,9.546607680253944,
5,1.0,14,100,6,9.847941350990016,
5,1.0,14,100,8,10.123514702254242,
5,1.0,14,200,2,9.909530337200964,
5,1.0,14,200,4,9.66259636084511,
5,1.0,14,200,6,9.89528301649642,
5,1.0,14,200,8,10.064699868409496,
5,1.0,20,50,2,7.717024266613015,
5,1.0,20,50,4,8.137440708489352,
5,1.0,20,50,6,8.572039114687954,
5,1.0,20,50,8,8.879627579448758,
5,1.0,20,100,2,7.748344983000301,
5,1.0,20,100,4,8.204889830617372,
5,1.0,20,100,6,8.532755177502132,
5,1.0,20,100,8,8.748631833604666,
5,1.0,20,200,2,7.82517697070186,
5,1.0,20,200,4,8.138090416369186,
5,1.0,20,200,6,8.55381635297599,
5,1.0,20,200,8,8.838126939174881,
5,1.0,26,50,2,6.725515818046882,
5,1.0,26,50,4,7.426579512262231,
5,1.0,26,50,6,7.896081710840975,
5,1.0,26,50,8,8.149439047014576,
5,1.0,26,100,2,6.703193575279324,
5,1.0,26,100,4,7.456395869015322,
5,1.0,26,100,6,7.9030453666998035,
5,1.0,26,100,8,8.180133330137604,
5,1.0,26,200,2,6.721083125064251,
5,1.0,26,200,4,7.394837161032256,
5,1.0,26,200,6,7.857924098028123,
5,1.0,26,200,8,8.187965438076587,
5,1.0,32,50,2,6.120875624304347,
5,1.0,32,50,2,11.510872221112155,
5,1.0,32,50,4,6.97618165210133,
5,1.0,32,50,4,11.020034059170744,
5,1.0,32,50,6,7.517229761430258,
5,1.0,32,50,6,11.326908777653124,
5,1.0,32,50,8,7.797743632334628,
5,1.0,32,50,8,11.448823253681706,
5,1.0,32,100,2,6.139788155644411,
5,1.0,32,100,2,11.67078497723539,
5,1.0,32,100,4,6.940579942113002,
5,1.0,32,100,4,11.172904952796676,
5,1.0,32,100,6,7.482086660055082,
5,1.0,32,100,6,11.278717686698696,
5,1.0,32,100,8,7.816149294174105,
5,1.0,32,100,8,11.565906249746696,
5,1.0,32,200,2,6.116573220075352,
5,1.0,32,200,2,11.644444436840937,
5,1.0,32,200,4,6.976468451913681,
5,1.0,32,200,4,11.231086260196935,
5,1.0,32,200,6,7.481351428830232,
5,1.0,32,200,6,11.32754292012075,
5,1.0,32,200,8,7.823322581915124,
5,1.0,32,200,8,11.523605004079196,
5,1.0,56,50,2,8.423651739618103,
5,1.0,56,50,4,8.841449991124568,
5,1.0,56,50,6,9.317226567331204,
5,1.0,56,50,8,9.6798938054967,
5,1.0,56,100,2,8.372337487444119,
5,1.0,56,100,4,8.854783148153889,
5,1.0,56,100,6,9.356232435557787,
5,1.0,56,100,8,9.6959337501151,
5,1.0,56,200,2,8.410098191276607,
5,1.0,56,200,4,8.850785223830094,
5,1.0,56,200,6,9.30829438349658,
5,1.0,56,200,8,9.606920775583092,
5,1.0,80,50,2,7.129780821781998,
5,1.0,80,50,4,7.968695187847643,
5,1.0,80,50,6,8.607391295044385,
5,1.0,80,50,8,8.957255690466502,
5,1.0,80,100,2,7.118644422865175,
5,1.0,80,100,4,7.988945714647947,
5,1.0,80,100,6,8.50862021066896,
5,1.0,80,100,8,8.948562071812217,
5,1.0,80,200,2,7.075159660128427,
5,1.0,80,200,4,7.982227372538588,
5,1.0,80,200,6,8.578669963264879,
5,1.0,80,200,8,8.990926619354058,
5,1.0,104,50,2,6.517140017958175,
5,1.0,104,50,4,7.57830571224609,
5,1.0,104,50,6,8.197979924799286,
5,1.0,104,50,8,8.62517823850592,
5,1.0,104,100,2,6.507588871551627,
5,1.0,104,100,4,7.555006618130788,
5,1.0,104,100,6,8.205467950377233,
5,1.0,104,100,8,8.641116136937462,
5,1.0,104,200,2,6.484832379859409,
5,1.0,104,200,4,7.584844948598957,
5,1.0,104,200,6,8.193317705123476,
5,1.0,104,200,8,8.618493984920756,
5,1.0,128,50,2,10.825972261882,"(32, 32)"
5,1.0,128,50,2,6.2010254657913295,
5,1.0,128,50,4,10.5065543290085,"(32, 32)"
5,1.0,128,50,4,7.316386958563728,
5,1.0,128,50,6,10.9366958758534,"(32, 32)"
5,1.0,128,50,6,8.009182666697358,
5,1.0,128,50,8,11.2461777021767,"(32, 32)"
5,1.0,128,50,8,8.41446395100506,
5,1.0,128,100,2,10.8176588860259,"(32, 32)"
5,1.0,128,100,2,6.206903109419125,
5,1.0,128,100,4,10.465041138431,"(32, 32)"
5,1.0,128,100,4,7.373523111689098,
5,1.0,128,100,6,10.8986088346187,"(32, 32)"
5,1.0,128,100,6,7.990289039396852,
5,1.0,128,100,8,11.2523889336384,"(32, 32)"
5,1.0,128,100,8,8.413426168849504,
5,1.0,128,200,2,10.8264039008038,"(32, 32)"
5,1.0,128,200,2,6.191393927432532,
5,1.0,128,200,4,10.5482509591457,"(32, 32)"
5,1.0,128,200,4,7.333920657596049,
5,1.0,128,200,6,10.9452996046275,"(32, 32)"
5,1.0,128,200,6,7.980283760245808,
5,1.0,128,200,8,11.2341018240322,"(32, 32)"
5,1.0,128,200,8,8.423344697973537,
5,1.0,224,50,2,7.99130802032636,"(32, 32)"
5,1.0,224,50,4,8.95024469989443,"(32, 32)"
5,1.0,224,50,6,9.66063997790596,"(32, 32)"
5,1.0,224,50,8,10.1149087232166,"(32, 32)"
5,1.0,224,100,2,8.03156015710079,"(32, 32)"
5,1.0,224,100,4,8.94684949438875,"(32, 32)"
5,1.0,224,100,6,9.59548049876593,"(32, 32)"
5,1.0,224,100,8,10.079793913112,"(32, 32)"
5,1.0,224,200,2,8.04543088528407,"(32, 32)"
5,1.0,224,200,4,8.9417580018322,"(32, 32)"
5,1.0,224,200,6,9.59916827254623,"(32, 32)"
5,1.0,224,200,8,10.0942091704529,"(32, 32)"
5,1.0,320,50,2,7.14464764633179,"(32, 32)"
5,1.0,320,50,4,8.47364851266625,"(32, 32)"
5,1.0,320,50,6,9.19137284012999,"(32, 32)"
5,1.0,320,50,8,9.78006978577599,"(32, 32)"
5,1.0,320,100,2,7.14106705714206,"(32, 32)"
5,1.0,320,100,4,8.41454215351735,"(32, 32)"
5,1.0,320,100,6,9.18039288347035,"(32, 32)"
5,1.0,320,100,8,9.70316038263476,"(32, 32)"
5,1.0,320,200,2,7.15583633493275,"(32, 32)"
5,1.0,320,200,4,8.39494544951555,"(32, 32)"
5,1.0,320,200,6,9.16345764401475,"(32, 32)"
5,1.0,320,200,8,9.6966664908068,"(32, 32)"
5,1.0,416,50,2,6.8047934522822,"(32, 32)"
5,1.0,416,50,4,8.24293678095995,"(32, 32)"
5,1.0,416,50,6,9.00379673028566,"(32, 32)"
5,1.0,416,50,8,9.57023158447936,"(32, 32)"
5,1.0,416,100,2,6.79552198952424,"(32, 32)"
5,1.0,416,100,4,8.15834293332443,"(32, 32)"
5,1.0,416,100,6,8.97283055854851,"(32, 32)"
5,1.0,416,100,8,9.50131878984901,"(32, 32)"
5,1.0,416,200,2,6.7816322324411,"(32, 32)"
5,1.0,416,200,4,8.14192174735119,"(32, 32)"
5,1.0,416,200,6,8.97354051204368,"(32, 32)"
5,1.0,416,200,8,9.50945714738949,"(32, 32)"
5,1.0,512,50,2,6.62291267189305,"(32, 32)"
5,1.0,512,50,4,8.07352822889374,"(32, 32)"
5,1.0,512,50,6,8.91164922519069,"(32, 32)"
5,1.0,512,50,8,9.46290150928167,"(32, 32)"
5,1.0,512,100,2,6.59675189923929,"(32, 32)"
5,1.0,512,100,4,8.0350871734543,"(32, 32)"
5,1.0,512,100,6,8.82724929112164,"(32, 32)"
5,1.0,512,100,8,9.39616852449305,"(32, 32)"
5,1.0,512,200,2,6.59736281217271,"(32, 32)"
5,1.0,512,200,4,8.01403150279149,"(32, 32)"
5,1.0,512,200,6,8.80705536732704,"(32, 32)"
5,1.0,512,200,8,9.37972659170077,"(32, 32)"
5,10.0,8,50,2,14.69506095902142,
5,10.0,8,50,4,13.121585510796272,
5,10.0,8,50,6,13.362044717938549,
5,10.0,8,50,8,13.59010873017032,
5,10.0,8,100,2,14.459671105196652,
5,10.0,8,100,4,13.159758836107589,
5,10.0,8,100,6,13.254637716285956,
5,10.0,8,100,8,13.458968786270177,
5,10.0,8,200,2,14.245421761682344,
5,10.0,8,200,4,13.1957250319432,
5,10.0,8,200,6,13.32703004299329,
5,10.0,8,200,8,13.504907493119124,
5,10.0,14,50,2,10.688031456655478,
5,10.0,14,50,4,11.131969369114888,
5,10.0,14,50,6,11.56944338607834,
5,10.0,14,50,8,11.945486383064464,
5,10.0,14,100,2,10.703328151584806,
5,10.0,14,100,4,11.17172202692472,
5,10.0,14,100,6,11.617185201433028,
5,10.0,14,100,8,11.940692255089807,
5,10.0,14,200,2,10.68668580997281,
5,10.0,14,200,4,11.078697114491336,
5,10.0,14,200,6,11.551632449561223,
5,10.0,14,200,8,12.005541475628949,
5,10.0,20,50,2,9.426764034252194,
5,10.0,20,50,4,10.356187424962773,
5,10.0,20,50,6,10.96517407850972,
5,10.0,20,50,8,11.292845961207671,
5,10.0,20,100,2,9.514444713335877,
5,10.0,20,100,4,10.355197253961752,
5,10.0,20,100,6,10.935583851406498,
5,10.0,20,100,8,11.332748921604026,
5,10.0,20,200,2,9.41035974899306,
5,10.0,20,200,4,10.320223233965288,
5,10.0,20,200,6,11.020280349405462,
5,10.0,20,200,8,11.357527507838515,
5,10.0,26,50,2,8.97932432763509,
5,10.0,26,50,4,9.973329646097952,
5,10.0,26,50,6,10.657113406645788,
5,10.0,26,50,8,11.007875917467253,
5,10.0,26,100,2,8.947389479810186,
5,10.0,26,100,4,10.000393669009048,
5,10.0,26,100,6,10.615219820884686,
5,10.0,26,100,8,10.962592067353643,
5,10.0,26,200,2,8.963506461736925,
5,10.0,26,200,4,9.978223741510536,
5,10.0,26,200,6,10.63388892449264,
5,10.0,26,200,8,11.021040820143863,
5,10.0,32,50,2,8.73010630015253,
5,10.0,32,50,2,11.573329163944647,
5,10.0,32,50,4,9.81206147009734,
5,10.0,32,50,4,11.854411537756487,
5,10.0,32,50,6,10.39820142745972,
5,10.0,32,50,6,12.329231318933532,
5,10.0,32,50,8,10.77921247164138,
5,10.0,32,50,8,12.731942947398888,
5,10.0,32,100,2,8.6567208613052,
5,10.0,32,100,2,11.65268339761234,
5,10.0,32,100,4,9.88120779647356,
5,10.0,32,100,4,11.821107987628562,
5,10.0,32,100,6,10.425630318959492,
5,10.0,32,100,6,12.260684278101492,
5,10.0,32,100,8,10.753126355154212,
5,10.0,32,100,8,12.791567045107586,
5,10.0,32,200,2,8.680069194816747,
5,10.0,32,200,2,11.603766296894694,
5,10.0,32,200,4,9.83701096207424,
5,10.0,32,200,4,11.800513750950715,
5,10.0,32,200,6,10.407647299676,
5,10.0,32,200,6,12.452488747763782,
5,10.0,32,200,8,10.799871754767905,
5,10.0,32,200,8,12.597582969748103,
5,10.0,56,50,2,9.585838609603504,
5,10.0,56,50,4,10.86799624057518,
5,10.0,56,50,6,11.531173250930223,
5,10.0,56,50,8,11.893838976929649,
5,10.0,56,100,2,9.59914760779011,
5,10.0,56,100,4,10.843698990671632,
5,10.0,56,100,6,11.539878862826123,
5,10.0,56,100,8,11.878824361050365,
5,10.0,56,200,2,9.582483491671878,
5,10.0,56,200,4,10.873869913950488,
5,10.0,56,200,6,11.558639129209247,
5,10.0,56,200,8,11.945204560295512,
5,10.0,80,50,2,8.967349059315765,
5,10.0,80,50,4,10.51389392587823,
5,10.0,80,50,6,11.230050773471858,
5,10.0,80,50,8,11.656731235091517,
5,10.0,80,100,2,8.986305626466077,
5,10.0,80,100,4,10.505703966246909,
5,10.0,80,100,6,11.166864213097597,
5,10.0,80,100,8,11.56934595288722,
5,10.0,80,200,2,8.9826883607051,
5,10.0,80,200,4,10.556123693691896,
5,10.0,80,200,6,11.192723935298185,
5,10.0,80,200,8,11.578692176507266,
5,10.0,104,50,2,8.768708854464563,
5,10.0,104,50,4,10.361428449973769,
5,10.0,104,50,6,11.004629028112976,
5,10.0,104,50,8,11.476802815621271,
5,10.0,104,100,2,8.759676786756875,
5,10.0,104,100,4,10.366177588043977,
5,10.0,104,100,6,11.050727744325222,
5,10.0,104,100,8,11.490298449804346,
5,10.0,104,200,2,8.736275072147766,
5,10.0,104,200,4,10.375142291828272,
5,10.0,104,200,6,11.06331118610675,
5,10.0,104,200,8,11.47399383322404,
5,10.0,128,50,2,10.8877395901339,"(32, 32)"
5,10.0,128,50,2,8.614809733640445,
5,10.0,128,50,4,11.8375124648289,"(32, 32)"
5,10.0,128,50,4,10.232201917730372,
5,10.0,128,50,6,12.558968422434,"(32, 32)"
5,10.0,128,50,6,10.949637517634002,
5,10.0,128,50,8,13.075851261006,"(32, 32)"
5,10.0,128,50,8,11.36987323297777,
5,10.0,128,100,2,10.8416074015713,"(32, 32)"
5,10.0,128,100,2,8.600888814018775,
5,10.0,128,100,4,11.7903505990507,"(32, 32)"
5,10.0,128,100,4,10.24641299868396,
5,10.0,128,100,6,12.589275161445,"(32, 32)"
5,10.0,128,100,6,10.911903468166496,
5,10.0,128,100,8,13.0653889212987,"(32, 32)"
5,10.0,128,100,8,11.377710543457034,
5,10.0,128,200,2,10.8698449906542,"(32, 32)"
5,10.0,128,200,2,8.582589077085846,
5,10.0,128,200,4,11.8858748583637,"(32, 32)"
5,10.0,128,200,4,10.238574289074649,
5,10.0,128,200,6,12.5499298823248,"(32, 32)"
5,10.0,128,200,6,10.979515596137658,
5,10.0,128,200,8,13.0208410318988,"(32, 32)"
5,10.0,128,200,8,11.365428712464622,
5,10.0,224,50,2,9.4072102915131,"(32, 32)"
5,10.0,224,50,4,11.3451439707713,"(32, 32)"
5,10.0,224,50,6,12.177007452492,"(32, 32)"
5,10.0,224,50,8,12.6914556942039,"(32, 32)"
5,10.0,224,100,2,9.44440051299206,"(32, 32)"
5,10.0,224,100,4,11.3559140228639,"(32, 32)"
5,10.0,224,100,6,12.121225300406,"(32, 32)"
5,10.0,224,100,8,12.5940323033651,"(32, 32)"
5,10.0,224,200,2,9.4182405309966,"(32, 32)"
5,10.0,224,200,4,11.2959088641805,"(32, 32)"
5,10.0,224,200,6,12.1319231541304,"(32, 32)"
5,10.0,224,200,8,12.6098693221337,"(32, 32)"
5,10.0,320,50,2,9.01272065504956,"(32, 32)"
5,10.0,320,50,4,11.1762683259596,"(32, 32)"
5,10.0,320,50,6,12.0548905005084,"(32, 32)"
5,10.0,320,50,8,12.5443640223642,"(32, 32)"
5,10.0,320,100,2,9.01225569522217,"(32, 32)"
5,10.0,320,100,4,11.1602632372584,"(32, 32)"
5,10.0,320,100,6,12.006375685376,"(32, 32)"
5,10.0,320,100,8,12.4654925305148,"(32, 32)"
5,10.0,320,200,2,9.01855357716899,"(32, 32)"
5,10.0,320,200,4,11.1339020848383,"(32, 32)"
5,10.0,320,200,6,11.9798597760026,"(32, 32)"
5,10.0,320,200,8,12.4728735508494,"(32, 32)"
5,10.0,416,50,2,8.81757484570831,"(32, 32)"
5,10.0,416,50,4,11.0701438228703,"(32, 32)"
5,10.0,416,50,6,11.9597432084089,"(32, 32)"
5,10.0,416,50,8,12.4498626762691,"(32, 32)"
5,10.0,416,100,2,8.84022737581745,"(32, 32)"
5,10.0,416,100,4,11.0634168686739,"(32, 32)"
5,10.0,416,100,6,11.8984780564497,"(32, 32)"
5,10.0,416,100,8,12.4413322027329,"(32, 32)"
5,10.0,416,200,2,8.8328196778092,"(32, 32)"
5,10.0,416,200,4,11.0250314794251,"(32, 32)"
5,10.0,416,200,6,11.8811865502378,"(32, 32)"
5,10.0,416,200,8,12.3661886885436,"(32, 32)"
5,10.0,512,50,2,8.73712628046941,"(32, 32)"
5,10.0,512,50,4,11.0224550108101,"(32, 32)"
5,10.0,512,50,6,11.8878570021684,"(32, 32)"
5,10.0,512,50,8,12.4297685218918,"(32, 32)"
5,10.0,512,100,2,8.74167585878522,"(32, 32)"
5,10.0,512,100,4,10.9771207945764,"(32, 32)"
5,10.0,512,100,6,11.8497848233674,"(32, 32)"
5,10.0,512,100,8,12.3530941133622,"(32, 32)"
5,10.0,512,200,2,8.74022259077418,"(32, 32)"
5,10.0,512,200,4,11.0160597695119,"(32, 32)"
5,10.0,512,200,6,11.8246881488221,"(32, 32)"
5,10.0,512,200,8,12.3334680154681,"(32, 32)"
6,0.01,8,50,2,30.837873987126585,
6,0.01,8,50,4,31.56597857049252,
6,0.01,8,50,6,31.145912100565813,
6,0.01,8,50,8,30.651390569359968,
6,0.01,8,100,2,30.807546221255677,
6,0.01,8,100,4,31.60741541808854,
6,0.01,8,100,6,31.12947405789005,
6,0.01,8,100,8,30.667196421263096,
6,0.01,8,200,2,31.23653329221216,
6,0.01,8,200,4,31.373636710043964,
6,0.01,8,200,6,31.33228899520747,
6,0.01,8,200,8,31.0776281225991,
6,0.01,14,50,2,28.34933473859395,
6,0.01,14,50,4,29.897583282683897,
6,0.01,14,50,6,28.685261956970848,
6,0.01,14,50,8,29.149951970108276,
6,0.01,14,100,2,28.651653491067783,
6,0.01,14,100,4,30.171278550086733,
6,0.01,14,100,6,29.3323755613656,
6,0.01,14,100,8,28.76211213103588,
6,0.01,14,200,2,29.142736707166044,
6,0.01,14,200,4,29.527521000923205,
6,0.01,14,200,6,28.72453686479425,
6,0.01,14,200,8,29.118310708627483,
6,0.01,20,50,2,25.55722722745776,
6,0.01,20,50,4,26.298492400034046,
6,0.01,20,50,6,26.15905396666998,
6,0.01,20,50,8,25.064818315469594,
6,0.01,20,100,2,25.919553499850103,
6,0.01,20,100,4,26.01724412249953,
6,0.01,20,100,6,25.407179248890536,
6,0.01,20,100,8,26.05892509989736,
6,0.01,20,200,2,25.66988776996422,
6,0.01,20,200,4,25.685592097875748,
6,0.01,20,200,6,25.901406639519827,
6,0.01,20,200,8,24.724652884026412,
6,0.01,26,50,2,22.08757241306837,
6,0.01,26,50,4,21.5001735236684,
6,0.01,26,50,6,20.35005739471065,
6,0.01,26,50,8,19.079707749405763,
6,0.01,26,100,2,21.783607037942456,
6,0.01,26,100,4,21.269237113439104,
6,0.01,26,100,6,20.1172970074386,
6,0.01,26,100,8,20.33861058443696,
6,0.01,26,200,2,21.8341768213464,
6,0.01,26,200,4,21.119165641891914,
6,0.01,26,200,6,21.25583335246041,
6,0.01,26,200,8,20.010705371569824,
6,0.01,32,50,2,16.95366007580134,
6,0.01,32,50,2,52.74284422732149,
6,0.01,32,50,4,15.204283431986388,
6,0.01,32,50,4,59.479500805594895,
6,0.01,32,50,6,15.478138673446288,
6,0.01,32,50,6,60.41514945745036,
6,0.01,32,50,8,14.761822892180277,
6,0.01,32,50,8,59.76403027769261,
6,0.01,32,100,2,16.851030068083933,
6,0.01,32,100,2,52.39477792009332,
6,0.01,32,100,4,15.971085409352492,
6,0.01,32,100,4,60.010196455176406,
6,0.01,32,100,6,14.921064073187672,
6,0.01,32,100,6,59.90283823819786,
6,0.01,32,100,8,15.314719027670224,
6,0.01,32,100,8,59.469527030515,
6,0.01,32,200,2,17.669075579725188,
6,0.01,32,200,2,52.29815776198863,
6,0.01,32,200,4,15.534066203978592,
6,0.01,32,200,4,59.734055470603096,
6,0.01,32,200,6,14.865261063321858,
6,0.01,32,200,6,60.416643617121366,
6,0.01,32,200,8,14.514377043493578,
6,0.01,32,200,8,59.45545965716213,
6,0.01,56,50,2,47.77100090244792,
6,0.01,56,50,4,55.256744698047896,
6,0.01,56,50,6,54.95927693692343,
6,0.01,56,50,8,53.88528804393761,
6,0.01,56,100,2,47.08019200651286,
6,0.01,56,100,4,54.5809657779738,
6,0.01,56,100,6,54.87412700957963,
6,0.01,56,100,8,54.63190805850362,
6,0.01,56,200,2,47.25071437235113,
6,0.01,56,200,4,54.58189175087735,
6,0.01,56,200,6,54.9112522580048,
6,0.01,56,200,8,55.252817280604326,
6,0.01,80,50,2,40.348485454511184,
6,0.01,80,50,4,44.983392109125234,
6,0.01,80,50,6,45.24547946331472,
6,0.01,80,50,8,44.20441726947696,
6,0.01,80,100,2,40.46852867036483,
6,0.01,80,100,4,46.13510827433506,
6,0.01,80,100,6,44.48484694267732,
6,0.01,80,100,8,43.66418498512298,
6,0.01,80,200,2,40.09712277599641,
6,0.01,80,200,4,46.17602714548615,
6,0.01,80,200,6,44.87391967323113,
6,0.01,80,200,8,43.94469457030832,
6,0.01,104,50,2,30.78526448827486,
6,0.01,104,50,4,33.00094926798153,
6,0.01,104,50,6,31.452482623435152,
6,0.01,104,50,8,30.074164714930674,
6,0.01,104,100,2,31.515693690953743,
6,0.01,104,100,4,33.92569916692718,
6,0.01,104,100,6,31.796665170338063,
6,0.01,104,100,8,30.188481158942693,
6,0.01,104,200,2,30.92282551773832,
6,0.01,104,200,4,33.55193215049611,
6,0.01,104,200,6,30.655338627667337,
6,0.01,104,200,8,29.69625519799464,
6,0.01,128,50,2,73.5821862597574,"(32, 32)"
6,0.01,128,50,2,21.435013696387195,
6,0.01,128,50,4,86.5911290609469,"(32, 32)"
6,0.01,128,50,4,18.395332764510943,
6,0.01,128,50,6,90.6026081282426,"(32, 32)"
6,0.01,128,50,6,16.682451949082523,
6,0.01,128,50,8,92.3975809911843,"(32, 32)"
6,0.01,128,50,8,14.979660740513417,
6,0.01,128,100,2,73.4013501087305,"(32, 32)"
6,0.01,128,100,2,19.77831440577388,
6,0.01,128,100,4,85.9062719584437,"(32, 32)"
6,0.01,128,100,4,17.37488572336942,
6,0.01,128,100,6,90.1428526445888,"(32, 32)"
6,0.01,128,100,6,16.367435018265642,
6,0.01,128,100,8,92.4143293433159,"(32, 32)"
6,0.01,128,100,8,14.887780092873149,
6,0.01,128,200,2,72.9838489275858,"(32, 32)"
6,0.01,128,200,2,19.854407336713397,
6,0.01,128,200,4,86.0969071101885,"(32, 32)"
6,0.01,128,200,4,17.863671828020106,
6,0.01,128,200,6,89.6416682195443,"(32, 32)"
6,0.01,128,200,6,14.921301833723687,
6,0.01,128,200,8,91.9669547027284,"(32, 32)"
6,0.01,128,200,8,12.975287056101395,
6,0.01,224,50,2,64.398354628969,"(32, 32)"
6,0.01,224,50,4,77.2364694047813,"(32, 32)"
6,0.01,224,50,6,80.2407913628801,"(32, 32)"
6,0.01,224,50,8,80.9936557922593,"(32, 32)"
6,0.01,224,100,2,63.822654999606,"(32, 32)"
6,0.01,224,100,4,76.9139829465688,"(32, 32)"
6,0.01,224,100,6,81.2363050920871,"(32, 32)"
6,0.01,224,100,8,80.5501011436391,"(32, 32)"
6,0.01,224,200,2,63.529732419121,"(32, 32)"
6,0.01,224,200,4,76.7349189330444,"(32, 32)"
6,0.01,224,200,6,80.2470968321459,"(32, 32)"
6,0.01,224,200,8,80.8568171442126,"(32, 32)"
6,0.01,320,50,2,52.0972047242632,"(32, 32)"
6,0.01,320,50,4,61.7130846267463,"(32, 32)"
6,0.01,320,50,6,63.4213754691117,"(32, 32)"
6,0.01,320,50,8,61.1658021448282,"(32, 32)"
6,0.01,320,100,2,52.1994120086059,"(32, 32)"
6,0.01,320,100,4,63.1616220128987,"(32, 32)"
6,0.01,320,100,6,64.0250585791853,"(32, 32)"
6,0.01,320,100,8,61.130499625527,"(32, 32)"
6,0.01,320,200,2,52.600887401333,"(32, 32)"
6,0.01,320,200,4,62.8076595434073,"(32, 32)"
6,0.01,320,200,6,63.7633215056555,"(32, 32)"
6,0.01,320,200,8,60.8644390619168,"(32, 32)"
6,0.01,416,50,2,38.0967137198531,"(32, 32)"
6,0.01,416,50,4,40.4016811682019,"(32, 32)"
6,0.01,416,50,6,33.2045438575519,"(32, 32)"
6,0.01,416,50,8,28.5212870957191,"(32, 32)"
6,0.01,416,100,2,38.3126412368835,"(32, 32)"
6,0.01,416,100,4,37.9575573660088,"(32, 32)"
6,0.01,416,100,6,34.7780706523985,"(32, 32)"
6,0.01,416,100,8,33.2481491032617,"(32, 32)"
6,0.01,416,200,2,38.4030833913742,"(32, 32)"
6,0.01,416,200,4,39.8890646880753,"(32, 32)"
6,0.01,416,200,6,35.8174754576134,"(32, 32)"
6,0.01,416,200,8,30.3693166054616,"(32, 32)"
6,0.01,512,50,2,15.4219302840242,"(32, 32)"
6,0.01,512,50,4,8.42965921674762,"(32, 32)"
6,0.01,512,50,6,5.41449157864114,"(32, 32)"
6,0.01,512,50,8,5.72966487683443,"(32, 32)"
6,0.01,512,100,2,18.0051295071187,"(32, 32)"
6,0.01,512,100,4,7.67443904255679,"(32, 32)"
6,0.01,512,100,6,5.37675411966004,"(32, 32)"
6,0.01,512,100,8,5.66884429079347,"(32, 32)"
6,0.01,512,200,2,17.4082666732123,"(32, 32)"
6,0.01,512,200,4,9.46157454244618,"(32, 32)"
6,0.01,512,200,6,5.36701194331697,"(32, 32)"
6,0.01,512,200,8,5.69218637412492,"(32, 32)"
6,0.1,8,50,2,17.755311842736315,
6,0.1,8,50,4,17.48424616571027,
6,0.1,8,50,6,17.262535295167236,
6,0.1,8,50,8,17.079296298751505,
6,0.1,8,100,2,17.797946378562596,
6,0.1,8,100,4,17.32899708182965,
6,0.1,8,100,6,17.49444437396791,
6,0.1,8,100,8,17.340698083643467,
6,0.1,8,200,2,17.819555016472982,
6,0.1,8,200,4,17.532641024150877,
6,0.1,8,200,6,17.236050148254233,
6,0.1,8,200,8,17.07723999522441,
6,0.1,14,50,2,12.451538750722426,
6,0.1,14,50,4,11.934844835197246,
6,0.1,14,50,6,11.600149522015029,
6,0.1,14,50,8,11.700500927496469,
6,0.1,14,100,2,12.512328972347868,
6,0.1,14,100,4,11.59480235626758,
6,0.1,14,100,6,11.703249188363948,
6,0.1,14,100,8,11.494922180310596,
6,0.1,14,200,2,12.590753317089366,
6,0.1,14,200,4,11.540669716057089,
6,0.1,14,200,6,11.13664322114646,
6,0.1,14,200,8,11.76580559134728,
6,0.1,20,50,2,8.70260207627289,
6,0.1,20,50,4,8.194516502394013,
6,0.1,20,50,6,7.9223124667332225,
6,0.1,20,50,8,8.60590205268343,
6,0.1,20,100,2,8.427379727112182,
6,0.1,20,100,4,8.120873210163833,
6,0.1,20,100,6,7.941465573668608,
6,0.1,20,100,8,8.208215496424431,
6,0.1,20,200,2,8.569746306502458,
6,0.1,20,200,4,8.080124155733643,
6,0.1,20,200,6,8.066785516204899,
6,0.1,20,200,8,8.306147392333814,
6,0.1,26,50,2,6.314522296539628,
6,0.1,26,50,4,6.476924725056095,
6,0.1,26,50,6,6.5461539005657805,
6,0.1,26,50,8,6.728390895977452,
6,0.1,26,100,2,6.274046453846935,
6,0.1,26,100,4,6.344996137324752,
6,0.1,26,100,6,6.5744479451655415,
6,0.1,26,100,8,6.813016539423273,
6,0.1,26,200,2,6.410426123108665,
6,0.1,26,200,4,6.357325568106941,
6,0.1,26,200,6,6.57747431275569,
6,0.1,26,200,8,6.794847488544399,
6,0.1,32,50,2,5.101041291091258,
6,0.1,32,50,2,21.945631297190484,
6,0.1,32,50,4,5.511767889353949,
6,0.1,32,50,4,26.018873773665742,
6,0.1,32,50,6,5.794820498565568,
6,0.1,32,50,6,27.23694227749667,
6,0.1,32,50,8,6.112235645904407,
6,0.1,32,50,8,26.328759540642523,
6,0.1,32,100,2,5.10502528020893,
6,0.1,32,100,2,22.21998182871133,
6,0.1,32,100,4,5.499008782973059,
6,0.1,32,100,4,26.98980287212057,
6,0.1,32,100,6,5.8290605791248575,
6,0.1,32,100,6,27.494114263280323,
6,0.1,32,100,8,6.107023367035497,
6,0.1,32,100,8,27.008550420318464,
6,0.1,32,200,2,5.089112961975406,
6,0.1,32,200,2,21.968913396496283,
6,0.1,32,200,4,5.463387437746098,
6,0.1,32,200,4,27.34521738529202,
6,0.1,32,200,6,5.865336485541392,
6,0.1,32,200,6,27.128286065962754,
6,0.1,32,200,8,6.099689738403516,
6,0.1,32,200,8,26.30084876659888,
6,0.1,56,50,2,10.379001075733546,
6,0.1,56,50,4,10.58574218569819,
6,0.1,56,50,6,11.67067776709892,
6,0.1,56,50,8,11.369907454866402,
6,0.1,56,100,2,10.743993988728493,
6,0.1,56,100,4,10.849097260922363,
6,0.1,56,100,6,11.180339375703593,
6,0.1,56,100,8,11.03508261867028,
6,0.1,56,200,2,10.705327028840996,
6,0.1,56,200,4,10.702577184315489,
6,0.1,56,200,6,9.823321552905975,
6,0.1,56,200,8,11.469221141814884,
6,0.1,80,50,2,6.938870956089591,
6,0.1,80,50,4,6.872597291881502,
6,0.1,80,50,6,7.164375057079026,
6,0.1,80,50,8,7.490437833367745,
6,0.1,80,100,2,7.049541366485,
6,0.1,80,100,4,6.855736117026298,
6,0.1,80,100,6,7.206207608762457,
6,0.1,80,100,8,7.456555230927028,
6,0.1,80,200,2,6.894925460135887,
6,0.1,80,200,4,6.820976373582073,
6,0.1,80,200,6,7.204796719142058,
6,0.1,80,200,8,7.472712148167172,
6,0.1,104,50,2,5.516984550483483,
6,0.1,104,50,4,5.989308049606894,
6,0.1,104,50,6,6.509341643014928,
6,0.1,104,50,8,6.78226727005872,
6,0.1,104,100,2,5.563917343787208,
6,0.1,104,100,4,6.006403367131732,
6,0.1,104,100,6,6.434414318496309,
6,0.1,104,100,8,6.796606720639282,
6,0.1,104,200,2,5.507062019460253,
6,0.1,104,200,4,5.985633179992714,
6,0.1,104,200,6,6.474106786677428,
6,0.1,104,200,8,6.775586835494917,
6,0.1,128,50,2,26.1064866464167,"(32, 32)"
6,0.1,128,50,2,4.734641693963213,
6,0.1,128,50,4,37.7843096103975,"(32, 32)"
6,0.1,128,50,4,5.570209090248052,
6,0.1,128,50,6,41.8433726651968,"(32, 32)"
6,0.1,128,50,6,6.061852804029854,
6,0.1,128,50,8,42.1887378652305,"(32, 32)"
6,0.1,128,50,8,6.432629270355473,
6,0.1,128,100,2,26.1994526609368,"(32, 32)"
6,0.1,128,100,2,4.755575822527551,
6,0.1,128,100,4,36.5808787525343,"(32, 32)"
6,0.1,128,100,4,5.51896104074293,
6,0.1,128,100,6,42.8473063633836,"(32, 32)"
6,0.1,128,100,6,6.095188068996357,
6,0.1,128,100,8,42.166542284233,"(32, 32)"
6,0.1,128,100,8,6.414996173289608,
6,0.1,128,200,2,24.6794078070818,"(32, 32)"
6,0.1,128,200,2,4.753496990908706,
6,0.1,128,200,4,39.2768270571435,"(32, 32)"
6,0.1,128,200,4,5.5085704958247295,
6,0.1,128,200,6,41.2464193928629,"(32, 32)"
6,0.1,128,200,6,6.072590090137159,
6,0.1,128,200,8,43.7978164947273,"(32, 32)"
6,0.1,128,200,8,6.416972792948358,
6,0.1,224,50,2,9.04623342291396,"(32, 32)"
6,0.1,224,50,4,8.28401477653626,"(32, 32)"
6,0.1,224,50,6,8.39631059550628,"(32, 32)"
6,0.1,224,50,8,10.8310750710548,"(32, 32)"
6,0.1,224,100,2,9.17528817454457,"(32, 32)"
6,0.1,224,100,4,8.24358442138787,"(32, 32)"
6,0.1,224,100,6,8.41342095467976,"(32, 32)"
6,0.1,224,100,8,9.00999256231105,"(32, 32)"
6,0.1,224,200,2,8.85815507405001,"(32, 32)"
6,0.1,224,200,4,8.16443092208478,"(32, 32)"
6,0.1,224,200,6,8.38962610077707,"(32, 32)"
6,0.1,224,200,8,11.1253159724594,"(32, 32)"
6,0.1,320,50,2,6.46798627832357,"(32, 32)"
6,0.1,320,50,4,6.87009934976807,"(32, 32)"
6,0.1,320,50,6,7.44228638577885,"(32, 32)"
6,0.1,320,50,8,7.9069018189498,"(32, 32)"
6,0.1,320,100,2,6.46501693263127,"(32, 32)"
6,0.1,320,100,4,6.82331926939161,"(32, 32)"
6,0.1,320,100,6,7.40984324918814,"(32, 32)"
6,0.1,320,100,8,7.82683085025141,"(32, 32)"
6,0.1,320,200,2,6.4869006282463,"(32, 32)"
6,0.1,320,200,4,6.86631864881826,"(32, 32)"
6,0.1,320,200,6,7.43916699617127,"(32, 32)"
6,0.1,320,200,8,7.83784511846682,"(32, 32)"
6,0.1,416,50,2,5.43317811584312,"(32, 32)"
6,0.1,416,50,4,6.29065997762568,"(32, 32)"
6,0.1,416,50,6,7.03866200043358,"(32, 32)"
6,0.1,416,50,8,7.53858482942712,"(32, 32)"
6,0.1,416,100,2,5.42288348138567,"(32, 32)"
6,0.1,416,100,4,6.25774026321837,"(32, 32)"
6,0.1,416,100,6,7.00032315189499,"(32, 32)"
6,0.1,416,100,8,7.46126701865586,"(32, 32)"
6,0.1,416,200,2,5.40817314737539,"(32, 32)"
6,0.1,416,200,4,6.26842955419679,"(32, 32)"
6,0.1,416,200,6,7.0053989842977,"(32, 32)"
6,0.1,416,200,8,7.44237967304503,"(32, 32)"
6,0.1,512,50,2,4.89449033240578,"(32, 32)"
6,0.1,512,50,4,6.02467295918515,"(32, 32)"
6,0.1,512,50,6,6.8220741120593,"(32, 32)"
6,0.1,512,50,8,7.32634682625683,"(32, 32)"
6,0.1,512,100,2,4.8796051966322,"(32, 32)"
6,0.1,512,100,4,6.01174127625328,"(32, 32)"
6,0.1,512,100,6,6.8090481193412,"(32, 32)"
6,0.1,512,100,8,7.2802393134051,"(32, 32)"
6,0.1,512,200,2,4.88835934940408,"(32, 32)"
6,0.1,512,200,4,6.00169888922168,"(32, 32)"
6,0.1,512,200,6,6.79172898090382,"(32, 32)"
6,0.1,512,200,8,7.22093847880235,"(32, 32)"
6,1.0,8,50,2,14.321220439924666,
6,1.0,8,50,4,13.020879410725763,
6,1.0,8,50,6,13.03288862505492,
6,1.0,8,50,8,13.00065464425539,
6,1.0,8,100,2,14.286436512265546,
6,1.0,8,100,4,13.028702960390117,
6,1.0,8,100,6,12.90480443511427,
6,1.0,8,100,8,12.903945088950223,
6,1.0,8,200,2,14.215368250190544,
6,1.0,8,200,4,13.024318543983645,
6,1.0,8,200,6,12.83332732229381,
6,1.0,8,200,8,12.932770385157433,
6,1.0,14,50,2,9.864688173171327,
6,1.0,14,50,4,9.6608151011801,
6,1.0,14,50,6,9.77082830129357,
6,1.0,14,50,8,10.08856597146471,
6,1.0,14,100,2,9.936356196765198,
6,1.0,14,100,4,9.652071446862172,
6,1.0,14,100,6,9.894415203005815,
6,1.0,14,100,8,10.103679485308591,
6,1.0,14,200,2,9.837781277310707,
6,1.0,14,200,4,9.620483329511476,
6,1.0,14,200,6,9.911247268543596,
6,1.0,14,200,8,10.092110420968622,
6,1.0,20,50,2,7.788666771542162,
6,1.0,20,50,4,8.174787130121661,
6,1.0,20,50,6,8.580913041980626,
6,1.0,20,50,8,8.855652688181229,
6,1.0,20,100,2,7.74823470160855,
6,1.0,20,100,4,8.17210303256472,
6,1.0,20,100,6,8.548164563292113,
6,1.0,20,100,8,8.931707252238917,
6,1.0,20,200,2,7.762129858655223,
6,1.0,20,200,4,8.136267024561738,
6,1.0,20,200,6,8.62254895752424,
6,1.0,20,200,8,8.866481292431242,
6,1.0,26,50,2,6.677730661833569,
6,1.0,26,50,4,7.39905878215712,
6,1.0,26,50,6,7.863091805265732,
6,1.0,26,50,8,8.192033750032401,
6,1.0,26,100,2,6.710960521369856,
6,1.0,26,100,4,7.387816332968608,
6,1.0,26,100,6,7.843142299743975,
6,1.0,26,100,8,8.223149155728207,
6,1.0,26,200,2,6.7431787003144885,
6,1.0,26,200,4,7.419697460165787,
6,1.0,26,200,6,7.809178981633568,
6,1.0,26,200,8,8.20005034454522,
6,1.0,32,50,2,6.128186700910061,
6,1.0,32,50,2,11.694487089641637,
6,1.0,32,50,4,7.019433701760293,
6,1.0,32,50,4,11.157592692638689,
6,1.0,32,50,6,7.494185418976111,
6,1.0,32,50,6,11.434865179030211,
6,1.0,32,50,8,7.80732567906791,
6,1.0,32,50,8,11.499662643128351,
6,1.0,32,100,2,6.148609357707758,
6,1.0,32,100,2,11.758651632483687,
6,1.0,32,100,4,6.967433924914314,
6,1.0,32,100,4,11.148107982275407,
6,1.0,32,100,6,7.519172576673112,
6,1.0,32,100,6,11.306233730694572,
6,1.0,32,100,8,7.832313254742187,
6,1.0,32,100,8,11.48379087454756,
6,1.0,32,200,2,6.108101402275384,
6,1.0,32,200,2,11.723780333112364,
6,1.0,32,200,4,6.98477397009596,
6,1.0,32,200,4,11.11406573324104,
6,1.0,32,200,6,7.482695643973621,
6,1.0,32,200,6,11.338810289197632,
6,1.0,32,200,8,7.800641635033165,
6,1.0,32,200,8,11.55234539444475,
6,1.0,56,50,2,8.438096541050237,
6,1.0,56,50,4,8.87832171105718,
6,1.0,56,50,6,9.259319250406966,
6,1.0,56,50,8,9.660833264855464,
6,1.0,56,100,2,8.451888863088765,
6,1.0,56,100,4,8.817699224321258,
6,1.0,56,100,6,9.245255361757271,
6,1.0,56,100,8,9.611722631483914,
6,1.0,56,200,2,8.437987136906965,
6,1.0,56,200,4,8.874427024720516,
6,1.0,56,200,6,9.337782162816543,
6,1.0,56,200,8,9.675311684331666,
6,1.0,80,50,2,7.11478883624287,
6,1.0,80,50,4,7.991449316395222,
6,1.0,80,50,6,8.575023986960801,
6,1.0,80,50,8,8.996241314464944,
6,1.0,80,100,2,7.124139031040436,
6,1.0,80,100,4,8.007429011396766,
6,1.0,80,100,6,8.574955478029919,
6,1.0,80,100,8,8.978424914907777,
6,1.0,80,200,2,7.088315520555312,
6,1.0,80,200,4,7.972550506862447,
6,1.0,80,200,6,8.526671134504152,
6,1.0,80,200,8,8.942152826247645,
6,1.0,104,50,2,6.57468728601867,
6,1.0,104,50,4,7.539798427892615,
6,1.0,104,50,6,8.201533281212837,
6,1.0,104,50,8,8.645620933283016,
6,1.0,104,100,2,6.525298550962954,
6,1.0,104,100,4,7.561000959142274,
6,1.0,104,100,6,8.18562330329984,
6,1.0,104,100,8,8.62097604841492,
6,1.0,104,200,2,6.495944592018787,
6,1.0,104,200,4,7.563037191180259,
6,1.0,104,200,6,8.194754378784838,
6,1.0,104,200,8,8.649069992962485,
6,1.0,128,50,2,10.850384795929,"(32, 32)"
6,1.0,128,50,2,6.215318816302286,
6,1.0,128,50,4,10.5258603213301,"(32, 32)"
6,1.0,128,50,4,7.371093491239397,
6,1.0,128,50,6,10.9169697804387,"(32, 32)"
6,1.0,128,50,6,8.018613380939282,
6,1.0,128,50,8,11.2603981283755,"(32, 32)"
6,1.0,128,50,8,8.466837874756555,
6,1.0,128,100,2,10.8437927421145,"(32, 32)"
6,1.0,128,100,2,6.214681396665524,
6,1.0,128,100,4,10.493090945025,"(32, 32)"
6,1.0,128,100,4,7.335975459998965,
6,1.0,128,100,6,10.8335852569241,"(32, 32)"
6,1.0,128,100,6,8.01118402728604,
6,1.0,128,100,8,11.2553296498203,"(32, 32)"
6,1.0,128,100,8,8.384899608395505,
6,1.0,128,200,2,10.9664914666958,"(32, 32)"
6,1.0,128,200,2,6.203549925425449,
6,1.0,128,200,4,10.5285253424319,"(32, 32)"
6,1.0,128,200,4,7.322498495896883,
6,1.0,128,200,6,10.9536940662175,"(32, 32)"
6,1.0,128,200,6,7.974940150882404,
6,1.0,128,200,8,11.1722381319371,"(32, 32)"
6,1.0,128,200,8,8.402318552742901,
6,1.0,224,50,2,7.99270989136167,"(32, 32)"
6,1.0,224,50,4,8.98083574989553,"(32, 32)"
6,1.0,224,50,6,9.63687926592857,"(32, 32)"
6,1.0,224,50,8,10.1190047233805,"(32, 32)"
6,1.0,224,100,2,8.01665908062339,"(32, 32)"
6,1.0,224,100,4,8.92845731389827,"(32, 32)"
6,1.0,224,100,6,9.59248388428735,"(32, 32)"
6,1.0,224,100,8,10.0916328217506,"(32, 32)"
6,1.0,224,200,2,8.03376962049482,"(32, 32)"
6,1.0,224,200,4,8.92661652444323,"(32, 32)"
6,1.0,224,200,6,9.58199880402426,"(32, 32)"
6,1.0,224,200,8,10.1169512746915,"(32, 32)"
6,1.0,320,50,2,7.15430567285495,"(32, 32)"
6,1.0,320,50,4,8.46991589392977,"(32, 32)"
6,1.0,320,50,6,9.23224131143507,"(32, 32)"
6,1.0,320,50,8,9.76023601309159,"(32, 32)"
6,1.0,320,100,2,7.13905367267319,"(32, 32)"
6,1.0,320,100,4,8.4670969345619,"(32, 32)"
6,1.0,320,100,6,9.1668839400002,"(32, 32)"
6,1.0,320,100,8,9.71893035623196,"(32, 32)"
6,1.0,320,200,2,7.19189345384204,"(32, 32)"
6,1.0,320,200,4,8.39260676048175,"(32, 32)"
6,1.0,320,200,6,9.16288771908393,"(32, 32)"
6,1.0,320,200,8,9.683478523606,"(32, 32)"
6,1.0,416,50,2,6.82167345519031,"(32, 32)"
6,1.0,416,50,4,8.20267972191779,"(32, 32)"
6,1.0,416,50,6,8.99543349658614,"(32, 32)"
6,1.0,416,50,8,9.57948320973913,"(32, 32)"
6,1.0,416,100,2,6.7935078315423,"(32, 32)"
6,1.0,416,100,4,8.18653549453738,"(32, 32)"
6,1.0,416,100,6,8.9497988715562,"(32, 32)"
6,1.0,416,100,8,9.51233374391454,"(32, 32)"
6,1.0,416,200,2,6.8088590359068,"(32, 32)"
6,1.0,416,200,4,8.14714108739681,"(32, 32)"
6,1.0,416,200,6,8.95484127617537,"(32, 32)"
6,1.0,416,200,8,9.5054502412853,"(32, 32)"
6,1.0,512,50,2,6.60771342284658,"(32, 32)"
6,1.0,512,50,4,8.06928718604797,"(32, 32)"
6,1.0,512,50,6,8.89178748818861,"(32, 32)"
6,1.0,512,50,8,9.47649889843661,"(32, 32)"
6,1.0,512,100,2,6.60334520816778,"(32, 32)"
6,1.0,512,100,4,8.02476958422376,"(32, 32)"
6,1.0,512,100,6,8.84877243580179,"(32, 32)"
6,1.0,512,100,8,9.40776967290898,"(32, 32)"
6,1.0,512,200,2,6.60585306900533,"(32, 32)"
6,1.0,512,200,4,8.00877852404882,"(32, 32)"
6,1.0,512,200,6,8.83885785453117,"(32, 32)"
6,1.0,512,200,8,9.3804100194271,"(32, 32)"
6,10.0,8,50,2,14.35409684664831,
6,10.0,8,50,4,13.361953504358436,
6,10.0,8,50,6,13.240640177390553,
6,10.0,8,50,8,13.581306602756818,
6,10.0,8,100,2,14.498734254510293,
6,10.0,8,100,4,13.00239878310884,
6,10.0,8,100,6,13.30199436923722,
6,10.0,8,100,8,13.422972593181612,
6,10.0,8,200,2,14.391382054598033,
6,10.0,8,200,4,13.38619113368799,
6,10.0,8,200,6,13.478929819249956,
6,10.0,8,200,8,13.484223083135406,
6,10.0,14,50,2,10.63401376187487,
6,10.0,14,50,4,11.099472590108254,
6,10.0,14,50,6,11.64523572303996,
6,10.0,14,50,8,11.934099282203508,
6,10.0,14,100,2,10.627035865959366,
6,10.0,14,100,4,11.023281255813778,
6,10.0,14,100,6,11.518215514360456,
6,10.0,14,100,8,11.946457463061927,
6,10.0,14,200,2,10.770079202033122,
6,10.0,14,200,4,11.132074399874265,
6,10.0,14,200,6,11.50029190356434,
6,10.0,14,200,8,11.922212248465506,
6,10.0,20,50,2,9.41841469353285,
6,10.0,20,50,4,10.350074332887134,
6,10.0,20,50,6,10.935173964440088,
6,10.0,20,50,8,11.26918039288106,
6,10.0,20,100,2,9.477702224010915,
6,10.0,20,100,4,10.39414535201798,
6,10.0,20,100,6,10.964470096278593,
6,10.0,20,100,8,11.304379409567304,
6,10.0,20,200,2,9.400760709134149,
6,10.0,20,200,4,10.368886042387087,
6,10.0,20,200,6,10.990306571315203,
6,10.0,20,200,8,11.325092030671266,
6,10.0,26,50,2,8.943598660535502,
6,10.0,26,50,4,10.013573780178294,
6,10.0,26,50,6,10.682616785769373,
6,10.0,26,50,8,10.954314293827306,
6,10.0,26,100,2,8.940099164852288,
6,10.0,26,100,4,10.04330907873379,
6,10.0,26,100,6,10.589060597886062,
6,10.0,26,100,8,10.985813355995695,
6,10.0,26,200,2,8.93299101083496,
6,10.0,26,200,4,10.072472032255844,
6,10.0,26,200,6,10.598255380974802,
6,10.0,26,200,8,10.976525661637472,
6,10.0,32,50,2,8.643795156188538,
6,10.0,32,50,2,11.624323179169586,
6,10.0,32,50,4,9.82878210057413,
6,10.0,32,50,4,11.75633150322916,
6,10.0,32,50,6,10.441954250490468,
6,10.0,32,50,6,12.267770917228113,
6,10.0,32,50,8,10.779476119353614,
6,10.0,32,50,8,12.690916907309818,
6,10.0,32,100,2,8.670249882917249,
6,10.0,32,100,2,11.669640915812444,
6,10.0,32,100,4,9.85635082940757,
6,10.0,32,100,4,11.819944104935471,
6,10.0,32,100,6,10.388902105457875,
6,10.0,32,100,6,12.394408909782683,
6,10.0,32,100,8,10.74902889389852,
6,10.0,32,100,8,12.702915241531958,
6,10.0,32,200,2,8.685321562177634,
6,10.0,32,200,2,11.655582194080182,
6,10.0,32,200,4,9.844859227248794,
6,10.0,32,200,4,11.743212910826156,
6,10.0,32,200,6,10.436867152233429,
6,10.0,32,200,6,12.311642844479744,
6,10.0,32,200,8,10.750126682688332,
6,10.0,32,200,8,12.66645894800493,
6,10.0,56,50,2,9.5983094554758,
6,10.0,56,50,4,10.865993233936829,
6,10.0,56,50,6,11.525611884367876,
6,10.0,56,50,8,11.943448646692122,
6,10.0,56,100,2,9.608381514636612,
6,10.0,56,100,4,10.818720268680265,
6,10.0,56,100,6,11.50845871695228,
6,10.0,56,100,8,11.89608899769845,
6,10.0,56,200,2,9.5883258807041,
6,10.0,56,200,4,10.829828918176531,
6,10.0,56,200,6,11.461390990144045,
6,10.0,56,200,8,11.91108201064482,
6,10.0,80,50,2,8.986114811163613,
6,10.0,80,50,4,10.51709246209242,
6,10.0,80,50,6,11.204097774734064,
6,10.0,80,50,8,11.59317253710552,
6,10.0,80,100,2,9.008520755235557,
6,10.0,80,100,4,10.570716145344148,
6,10.0,80,100,6,11.175015436285568,
6,10.0,80,100,8,11.609661032026924,
6,10.0,80,200,2,8.985532576581894,
6,10.0,80,200,4,10.510954274447275,
6,10.0,80,200,6,11.214802932266368,
6,10.0,80,200,8,11.622486129821391,
6,10.0,104,50,2,8.749862451834623,
6,10.0,104,50,4,10.384988962827869,
6,10.0,104,50,6,11.06509748234064,
6,10.0,104,50,8,11.48256954611413,
6,10.0,104,100,2,8.745497716891938,
6,10.0,104,100,4,10.380365294274482,
6,10.0,104,100,6,11.067263854432712,
6,10.0,104,100,8,11.417814062521275,
6,10.0,104,200,2,8.754408897257477,
6,10.0,104,200,4,10.34598906562798,
6,10.0,104,200,6,11.034853943591482,
6,10.0,104,200,8,11.370776220177987,
6,10.0,128,50,2,10.9052531051822,"(32, 32)"
6,10.0,128,50,2,8.60154187774265,
6,10.0,128,50,4,11.8667556252163,"(32, 32)"
6,10.0,128,50,4,10.29368567385838,
6,10.0,128,50,6,12.5911270325556,"(32, 32)"
6,10.0,128,50,6,10.963218054748651,
6,10.0,128,50,8,13.0837015638751,"(32, 32)"
6,10.0,128,50,8,11.447409917406588,
6,10.0,128,100,2,10.8862020741563,"(32, 32)"
6,10.0,128,100,2,8.60671053051082,
6,10.0,128,100,4,11.7859151088234,"(32, 32)"
6,10.0,128,100,4,10.252487253005825,
6,10.0,128,100,6,12.6057380810629,"(32, 32)"
6,10.0,128,100,6,10.991850174728178,
6,10.0,128,100,8,13.0418653544118,"(32, 32)"
6,10.0,128,100,8,11.32513295615594,
6,10.0,128,200,2,10.9286637716372,"(32, 32)"
6,10.0,128,200,2,8.601077309487984,
6,10.0,128,200,4,11.8486734991806,"(32, 32)"
6,10.0,128,200,4,10.280392318245497,
6,10.0,128,200,6,12.6590738796034,"(32, 32)"
6,10.0,128,200,6,10.961645363146118,
6,10.0,128,200,8,13.0771234600543,"(32, 32)"
6,10.0,128,200,8,11.341572197813356,
6,10.0,224,50,2,9.39782032957757,"(32, 32)"
6,10.0,224,50,4,11.3714941302215,"(32, 32)"
6,10.0,224,50,6,12.1387564106067,"(32, 32)"
6,10.0,224,50,8,12.7050680666275,"(32, 32)"
6,10.0,224,100,2,9.43521454276571,"(32, 32)"
6,10.0,224,100,4,11.2940840907627,"(32, 32)"
6,10.0,224,100,6,12.1068159783465,"(32, 32)"
6,10.0,224,100,8,12.6166665551317,"(32, 32)"
6,10.0,224,200,2,9.37985531010088,"(32, 32)"
6,10.0,224,200,4,11.3259847789664,"(32, 32)"
6,10.0,224,200,6,12.1350139676624,"(32, 32)"
6,10.0,224,200,8,12.606485368974,"(32, 32)"
6,10.0,320,50,2,9.02938496164853,"(32, 32)"
6,10.0,320,50,4,11.162227279561,"(32, 32)"
6,10.0,320,50,6,12.0130912579679,"(32, 32)"
6,10.0,320,50,8,12.5434079065133,"(32, 32)"
6,10.0,320,100,2,9.00274955287099,"(32, 32)"
6,10.0,320,100,4,11.1179118346033,"(32, 32)"
6,10.0,320,100,6,12.0080237584092,"(32, 32)"
6,10.0,320,100,8,12.496602168805,"(32, 32)"
6,10.0,320,200,2,8.98573635236364,"(32, 32)"
6,10.0,320,200,4,11.1287201222808,"(32, 32)"
6,10.0,320,200,6,11.9696474859329,"(32, 32)"
6,10.0,320,200,8,12.4314859696782,"(32, 32)"
6,10.0,416,50,2,8.81888927671457,"(32, 32)"
6,10.0,416,50,4,11.076185823424,"(32, 32)"
6,10.0,416,50,6,11.9495477247641,"(32, 32)"
6,10.0,416,50,8,12.4779286648814,"(32, 32)"
6,10.0,416,100,2,8.83262770611465,"(32, 32)"
6,10.0,416,100,4,11.0682118643117,"(32, 32)"
6,10.0,416,100,6,11.8931936529821,"(32, 32)"
6,10.0,416,100,8,12.3901368630696,"(32, 32)"
6,10.0,416,200,2,8.84895026236726,"(32, 32)"
6,10.0,416,200,4,11.0258630669925,"(32, 32)"
6,10.0,416,200,6,11.8769274301852,"(32, 32)"
6,10.0,416,200,8,12.4027538994681,"(32, 32)"
6,10.0,512,50,2,8.73144831613093,"(32, 32)"
6,10.0,512,50,4,11.0378806095015,"(32, 32)"
6,10.0,512,50,6,11.8957208649262,"(32, 32)"
6,10.0,512,50,8,12.3949508908535,"(32, 32)"
6,10.0,512,100,2,8.74244320029313,"(32, 32)"
6,10.0,512,100,4,11.0064463366663,"(32, 32)"
6,10.0,512,100,6,11.8631158088048,"(32, 32)"
6,10.0,512,100,8,12.3482382811258,"(32, 32)"
6,10.0,512,200,2,8.73812190777273,"(32, 32)"
6,10.0,512,200,4,10.9907622996093,"(32, 32)"
6,10.0,512,200,6,11.8565982588485,"(32, 32)"
6,10.0,512,200,8,12.3093229735786,"(32, 32)"
7,0.01,8,50,2,30.68846337074597,
7,0.01,8,50,4,31.357627162302958,
7,0.01,8,50,6,31.19071066313082,
7,0.01,8,50,8,30.7018330775426,
7,0.01,8,100,2,31.01270501446872,
7,0.01,8,100,4,31.579646644379,
7,0.01,8,100,6,31.088451022152697,
7,0.01,8,100,8,31.075941466526896,
7,0.01,8,200,2,30.644989340903702,
7,0.01,8,200,4,31.99649296854855,
7,0.01,8,200,6,31.12589376001305,
7,0.01,8,200,8,30.38073638626263,
7,0.01,14,50,2,28.70595174875764,
7,0.01,14,50,4,29.53904693853316,
7,0.01,14,50,6,29.557146680479114,
7,0.01,14,50,8,28.65459361640023,
7,0.01,14,100,2,28.74577001883634,
7,0.01,14,100,4,29.468346375566306,
7,0.01,14,100,6,29.707253463686488,
7,0.01,14,100,8,28.66427044131529,
7,0.01,14,200,2,28.526620846567653,
7,0.01,14,200,4,29.538150816667805,
7,0.01,14,200,6,28.75828499212838,
7,0.01,14,200,8,28.831904895951624,
7,0.01,20,50,2,26.12267340562473,
7,0.01,20,50,4,26.088170278480703,
7,0.01,20,50,6,25.78270799617858,
7,0.01,20,50,8,25.58814779038392,
7,0.01,20,100,2,25.49762131311376,
7,0.01,20,100,4,25.920260810835007,
7,0.01,20,100,6,24.99554159463993,
7,0.01,20,100,8,24.931691270022984,
7,0.01,20,200,2,25.10525222478395,
7,0.01,20,200,4,26.197088484569413,
7,0.01,20,200,6,25.360656292242165,
7,0.01,20,200,8,24.901505194214668,
7,0.01,26,50,2,22.24368102107724,
7,0.01,26,50,4,21.556614523150596,
7,0.01,26,50,6,20.067078635379293,
7,0.01,26,50,8,19.955424416008967,
7,0.01,26,100,2,22.19905893891535,
7,0.01,26,100,4,21.34492393381805,
7,0.01,26,100,6,21.04193533042888,
7,0.01,26,100,8,19.77858403999632,
7,0.01,26,200,2,21.65882591792137,
7,0.01,26,200,4,21.241113128373783,
7,0.01,26,200,6,20.078934162622616,
7,0.01,26,200,8,19.85061714116238,
7,0.01,32,50,2,16.83584018333968,
7,0.01,32,50,2,52.02169119978362,
7,0.01,32,50,4,16.06981519078901,
7,0.01,32,50,4,59.91041772520082,
7,0.01,32,50,6,14.226644014044345,
7,0.01,32,50,6,60.10424976398227,
7,0.01,32,50,8,14.431737104664649,
7,0.01,32,50,8,60.32909826655997,
7,0.01,32,100,2,17.270529872803625,
7,0.01,32,100,2,52.49206533870571,
7,0.01,32,100,4,15.63042642588893,
7,0.01,32,100,4,59.48361002753581,
7,0.01,32,100,6,14.525692112727702,
7,0.01,32,100,6,59.91248242548895,
7,0.01,32,100,8,14.911365710828118,
7,0.01,32,100,8,59.857539997935866,
7,0.01,32,200,2,17.037980791726127,
7,0.01,32,200,2,51.85737126482879,
7,0.01,32,200,4,16.028271850222616,
7,0.01,32,200,4,59.68039489318861,
7,0.01,32,200,6,15.503943157080032,
7,0.01,32,200,6,60.789761344992165,
7,0.01,32,200,8,14.754513324815171,
7,0.01,32,200,8,59.52094400262297,
7,0.01,56,50,2,46.98082707326248,
7,0.01,56,50,4,55.12665501746235,
7,0.01,56,50,6,54.93125798477842,
7,0.01,56,50,8,54.64199271493388,
7,0.01,56,100,2,46.89446003124798,
7,0.01,56,100,4,53.81528716451188,
7,0.01,56,100,6,55.41232113352175,
7,0.01,56,100,8,54.668069720677565,
7,0.01,56,200,2,47.11609729485344,
7,0.01,56,200,4,54.18545834612087,
7,0.01,56,200,6,55.30047766425729,
7,0.01,56,200,8,54.516311164489096,
7,0.01,80,50,2,39.87131901794463,
7,0.01,80,50,4,45.59471496439392,
7,0.01,80,50,6,45.42154800827485,
7,0.01,80,50,8,43.26621299666466,
7,0.01,80,100,2,40.32892935067854,
7,0.01,80,100,4,45.97871702683312,
7,0.01,80,100,6,44.261881337748,
7,0.01,80,100,8,44.6062416379177,
7,0.01,80,200,2,39.9793641266246,
7,0.01,80,200,4,46.29995326952296,
7,0.01,80,200,6,45.569247987563934,
7,0.01,80,200,8,44.56883034276936,
7,0.01,104,50,2,31.611771300859303,
7,0.01,104,50,4,33.43705655098034,
7,0.01,104,50,6,31.059108618075538,
7,0.01,104,50,8,28.8318007030606,
7,0.01,104,100,2,31.979596666723435,
7,0.01,104,100,4,32.816633156726546,
7,0.01,104,100,6,30.547991907330218,
7,0.01,104,100,8,30.31888020805373,
7,0.01,104,200,2,31.82337469009627,
7,0.01,104,200,4,33.75671975385107,
7,0.01,104,200,6,31.72958168030549,
7,0.01,104,200,8,27.676102610938575,
7,0.01,128,50,2,73.1496055222133,"(32, 32)"
7,0.01,128,50,2,20.879520132462677,
7,0.01,128,50,4,86.3302752003503,"(32, 32)"
7,0.01,128,50,4,18.020453488383747,
7,0.01,128,50,6,90.280475131176,"(32, 32)"
7,0.01,128,50,6,15.68041272807428,
7,0.01,128,50,8,93.1296349517703,"(32, 32)"
7,0.01,128,50,8,14.598544981057696,
7,0.01,128,100,2,72.9793216211095,"(32, 32)"
7,0.01,128,100,2,20.48133167556714,
7,0.01,128,100,4,86.2550517938569,"(32, 32)"
7,0.01,128,100,4,16.975601414854086,
7,0.01,128,100,6,90.8296049933584,"(32, 32)"
7,0.01,128,100,6,16.385978105468723,
7,0.01,128,100,8,91.5258873553426,"(32, 32)"
7,0.01,128,100,8,13.766896634032266,
7,0.01,128,200,2,72.806164144144,"(32, 32)"
7,0.01,128,200,2,20.00992528685081,
7,0.01,128,200,4,86.0976191874934,"(32, 32)"
7,0.01,128,200,4,17.198933630422605,
7,0.01,128,200,6,90.7137386502912,"(32, 32)"
7,0.01,128,200,6,15.577223588122354,
7,0.01,128,200,8,91.8462734232693,"(32, 32)"
7,0.01,128,200,8,14.922753880367503,
7,0.01,224,50,2,63.8296588540646,"(32, 32)"
7,0.01,224,50,4,76.8032899926737,"(32, 32)"
7,0.01,224,50,6,81.0475389119879,"(32, 32)"
7,0.01,224,50,8,81.5047255942222,"(32, 32)"
7,0.01,224,100,2,63.6200124588168,"(32, 32)"
7,0.01,224,100,4,77.0941422865729,"(32, 32)"
7,0.01,224,100,6,79.722139927212,"(32, 32)"
7,0.01,224,100,8,81.248346540793,"(32, 32)"
7,0.01,224,200,2,62.9874539977169,"(32, 32)"
7,0.01,224,200,4,76.2158218328068,"(32, 32)"
7,0.01,224,200,6,80.0722460684981,"(32, 32)"
7,0.01,224,200,8,81.3950976795871,"(32, 32)"
7,0.01,320,50,2,52.5719900375202,"(32, 32)"
7,0.01,320,50,4,61.2426685538695,"(32, 32)"
7,0.01,320,50,6,63.0426237845099,"(32, 32)"
7,0.01,320,50,8,61.3913451764436,"(32, 32)"
7,0.01,320,100,2,52.9644378977416,"(32, 32)"
7,0.01,320,100,4,61.5434388990492,"(32, 32)"
7,0.01,320,100,6,63.0607273846992,"(32, 32)"
7,0.01,320,100,8,62.8619685537615,"(32, 32)"
7,0.01,320,200,2,52.1477977196241,"(32, 32)"
7,0.01,320,200,4,62.7332404503184,"(32, 32)"
7,0.01,320,200,6,62.973777127328,"(32, 32)"
7,0.01,320,200,8,61.9941428094282,"(32, 32)"
7,0.01,416,50,2,38.434873562532,"(32, 32)"
7,0.01,416,50,4,40.115060258459,"(32, 32)"
7,0.01,416,50,6,30.1251085841331,"(32, 32)"
7,0.01,416,50,8,29.5482188402838,"(32, 32)"
7,0.01,416,100,2,38.1078584751686,"(32, 32)"
7,0.01,416,100,4,40.6950587035694,"(32, 32)"
7,0.01,416,100,6,29.9600563526515,"(32, 32)"
7,0.01,416,100,8,33.9758482590663,"(32, 32)"
7,0.01,416,200,2,38.0623658025972,"(32, 32)"
7,0.01,416,200,4,39.2284295162579,"(32, 32)"
7,0.01,416,200,6,35.1607963097745,"(32, 32)"
7,0.01,416,200,8,27.4915100170281,"(32, 32)"
7,0.01,512,50,2,17.8136749415469,"(32, 32)"
7,0.01,512,50,4,6.21433335083992,"(32, 32)"
7,0.01,512,50,6,5.42124913365817,"(32, 32)"
7,0.01,512,50,8,5.74657769567265,"(32, 32)"
7,0.01,512,100,2,17.7156511452927,"(32, 32)"
7,0.01,512,100,4,4.828409822328,"(32, 32)"
7,0.01,512,100,6,6.02080806036092,"(32, 32)"
7,0.01,512,100,8,5.69299319416325,"(32, 32)"
7,0.01,512,200,2,18.1404788514919,"(32, 32)"
7,0.01,512,200,4,8.01263098170778,"(32, 32)"
7,0.01,512,200,6,5.38665890954344,"(32, 32)"
7,0.01,512,200,8,5.69259817488578,"(32, 32)"
7,0.1,8,50,2,18.062635903028685,
7,0.1,8,50,4,17.710069578735215,
7,0.1,8,50,6,17.17327603012697,
7,0.1,8,50,8,16.920756492387042,
7,0.1,8,100,2,17.892970835050146,
7,0.1,8,100,4,17.698342279080553,
7,0.1,8,100,6,17.400918633776676,
7,0.1,8,100,8,16.776956076356292,
7,0.1,8,200,2,17.679732703177685,
7,0.1,8,200,4,17.319447910064103,
7,0.1,8,200,6,17.355417536991173,
7,0.1,8,200,8,17.46639654858248,
7,0.1,14,50,2,12.450741260936129,
7,0.1,14,50,4,11.71226073583531,
7,0.1,14,50,6,11.534253564038767,
7,0.1,14,50,8,11.45129113393041,
7,0.1,14,100,2,12.485554549887356,
7,0.1,14,100,4,12.14439633976409,
7,0.1,14,100,6,11.05958786043034,
7,0.1,14,100,8,11.638878690057098,
7,0.1,14,200,2,12.368480313576685,
7,0.1,14,200,4,11.711749048087604,
7,0.1,14,200,6,11.332821965368137,
7,0.1,14,200,8,11.765879999363577,
7,0.1,20,50,2,8.441082229291464,
7,0.1,20,50,4,8.037429747563674,
7,0.1,20,50,6,8.05646164573925,
7,0.1,20,50,8,8.18231409669971,
7,0.1,20,100,2,8.539301499828921,
7,0.1,20,100,4,8.11129285298134,
7,0.1,20,100,6,8.050497421155251,
7,0.1,20,100,8,8.138008385407147,
7,0.1,20,200,2,8.416735607909816,
7,0.1,20,200,4,7.823935234581869,
7,0.1,20,200,6,8.243329212245794,
7,0.1,20,200,8,8.103724398145198,
7,0.1,26,50,2,6.36098180618167,
7,0.1,26,50,4,6.328835379205251,
7,0.1,26,50,6,6.661900087869955,
7,0.1,26,50,8,6.825552938231279,
7,0.1,26,100,2,6.417640050735222,
7,0.1,26,100,4,6.364257138181835,
7,0.1,26,100,6,6.508892725285718,
7,0.1,26,100,8,6.748397071683717,
7,0.1,26,200,2,6.353468192644956,
7,0.1,26,200,4,6.276285971375303,
7,0.1,26,200,6,6.608617716663599,
7,0.1,26,200,8,6.746742310131343,
7,0.1,32,50,2,5.12934021809804,
7,0.1,32,50,2,21.262204424167727,
7,0.1,32,50,4,5.450220772007594,
7,0.1,32,50,4,26.944999128926717,
7,0.1,32,50,6,5.809299367132227,
7,0.1,32,50,6,26.88805388195356,
7,0.1,32,50,8,6.093842960528922,
7,0.1,32,50,8,25.83874212268124,
7,0.1,32,100,2,5.158080359907896,
7,0.1,32,100,2,22.615418233502133,
7,0.1,32,100,4,5.512480706767187,
7,0.1,32,100,4,26.93795429032532,
7,0.1,32,100,6,5.845728901233682,
7,0.1,32,100,6,27.81917466212533,
7,0.1,32,100,8,6.133886313734096,
7,0.1,32,100,8,26.927018890205364,
7,0.1,32,200,2,5.118096144279614,
7,0.1,32,200,2,21.61766501155381,
7,0.1,32,200,4,5.522756488692801,
7,0.1,32,200,4,25.87405025194992,
7,0.1,32,200,6,5.850039437968025,
7,0.1,32,200,6,27.566784722453253,
7,0.1,32,200,8,6.08605972578645,
7,0.1,32,200,8,27.887513982546185,
7,0.1,56,50,2,10.849466625411049,
7,0.1,56,50,4,10.46988573888244,
7,0.1,56,50,6,10.763766146271076,
7,0.1,56,50,8,11.904049166823956,
7,0.1,56,100,2,10.725847124554155,
7,0.1,56,100,4,9.973935300370488,
7,0.1,56,100,6,10.555016569687464,
7,0.1,56,100,8,10.5230690170152,
7,0.1,56,200,2,10.95702968332208,
7,0.1,56,200,4,10.649527568815662,
7,0.1,56,200,6,10.79252517015086,
7,0.1,56,200,8,11.998307267644812,
7,0.1,80,50,2,6.873508915895471,
7,0.1,80,50,4,6.927966741768383,
7,0.1,80,50,6,7.163548375175973,
7,0.1,80,50,8,7.469499494542764,
7,0.1,80,100,2,6.872475732876371,
7,0.1,80,100,4,6.909969105189108,
7,0.1,80,100,6,7.204596578090084,
7,0.1,80,100,8,7.487909871952805,
7,0.1,80,200,2,6.909484658132385,
7,0.1,80,200,4,6.85362583179417,
7,0.1,80,200,6,7.19269380745237,
7,0.1,80,200,8,7.4842694938088,
7,0.1,104,50,2,5.545927928611719,
7,0.1,104,50,4,6.007932188034864,
7,0.1,104,50,6,6.478948100861153,
7,0.1,104,50,8,6.769762848570022,
7,0.1,104,100,2,5.550522843211062,
7,0.1,104,100,4,5.999941189795601,
7,0.1,104,100,6,6.479312841927333,
7,0.1,104,100,8,6.827476627808512,
7,0.1,104,200,2,5.505715608157595,
7,0.1,104,200,4,5.991604971888597,
7,0.1,104,200,6,6.462018477247877,
7,0.1,104,200,8,6.762524041716593,
7,0.1,128,50,2,26.4160084767781,"(32, 32)"
7,0.1,128,50,2,4.724752284424012,
7,0.1,128,50,4,36.4705498912327,"(32, 32)"
7,0.1,128,50,4,5.5362987860164194,
7,0.1,128,50,6,42.8960103863025,"(32, 32)"
7,0.1,128,50,6,6.090216448465535,
7,0.1,128,50,8,40.8065903782507,"(32, 32)"
7,0.1,128,50,8,6.437164890492753,
7,0.1,128,100,2,27.3032800401737,"(32, 32)"
7,0.1,128,100,2,4.794040302105614,
7,0.1,128,100,4,37.3785198174553,"(32, 32)"
7,0.1,128,100,4,5.524862103014357,
7,0.1,128,100,6,41.6045833153541,"(32, 32)"
7,0.1,128,100,6,6.069125615447747,
7,0.1,128,100,8,42.6425863550867,"(32, 32)"
7,0.1,128,100,8,6.420490496190297,
7,0.1,128,200,2,25.6595180349065,"(32, 32)"
7,0.1,128,200,2,4.765681031945192,
7,0.1,128,200,4,37.7656791412003,"(32, 32)"
7,0.1,128,200,4,5.525713029653637,
7,0.1,128,200,6,42.6922237524951,"(32, 32)"
7,0.1,128,200,6,6.0836037701977,
7,0.1,128,200,8,42.8707324425977,"(32, 32)"
7,0.1,128,200,8,6.411773235935027,
7,0.1,224,50,2,8.97193772291729,"(32, 32)"
7,0.1,224,50,4,8.34272994188957,"(32, 32)"
7,0.1,224,50,6,8.44506022511447,"(32, 32)"
7,0.1,224,50,8,8.79776847462222,"(32, 32)"
7,0.1,224,100,2,9.21552864301154,"(32, 32)"
7,0.1,224,100,4,8.18239148761186,"(32, 32)"
7,0.1,224,100,6,8.42154796298005,"(32, 32)"
7,0.1,224,100,8,8.67674236993913,"(32, 32)"
7,0.1,224,200,2,9.0225896263586,"(32, 32)"
7,0.1,224,200,4,8.16129821996807,"(32, 32)"
7,0.1,224,200,6,8.49693579699367,"(32, 32)"
7,0.1,224,200,8,9.21592663995367,"(32, 32)"
7,0.1,320,50,2,6.47462498819762,"(32, 32)"
7,0.1,320,50,4,6.84596056488118,"(32, 32)"
7,0.1,320,50,6,7.45006570467041,"(32, 32)"
7,0.1,320,50,8,7.91648835098488,"(32, 32)"
7,0.1,320,100,2,6.50172137428677,"(32, 32)"
7,0.1,320,100,4,6.83413006239396,"(32, 32)"
7,0.1,320,100,6,7.40568314970458,"(32, 32)"
7,0.1,320,100,8,7.84538270287936,"(32, 32)"
7,0.1,320,200,2,6.50162984514733,"(32, 32)"
7,0.1,320,200,4,6.86865274292781,"(32, 32)"
7,0.1,320,200,6,7.42546865095256,"(32, 32)"
7,0.1,320,200,8,7.83553732309416,"(32, 32)"
7,0.1,416,50,2,5.43881174685918,"(32, 32)"
7,0.1,416,50,4,6.26833309715546,"(32, 32)"
7,0.1,416,50,6,7.02442594198651,"(32, 32)"
7,0.1,416,50,8,7.51025833477963,"(32, 32)"
7,0.1,416,100,2,5.42074142170932,"(32, 32)"
7,0.1,416,100,4,6.29337912321943,"(32, 32)"
7,0.1,416,100,6,6.97722408152333,"(32, 32)"
7,0.1,416,100,8,7.4806859873809,"(32, 32)"
7,0.1,416,200,2,5.4337197679267,"(32, 32)"
7,0.1,416,200,4,6.23251276718038,"(32, 32)"
7,0.1,416,200,6,6.99188661407436,"(32, 32)"
7,0.1,416,200,8,7.4688621097594,"(32, 32)"
7,0.1,512,50,2,4.89222062378997,"(32, 32)"
7,0.1,512,50,4,6.02457449902374,"(32, 32)"
7,0.1,512,50,6,6.83066118918909,"(32, 32)"
7,0.1,512,50,8,7.31071254696394,"(32, 32)"
7,0.1,512,100,2,4.86411498250075,"(32, 32)"
7,0.1,512,100,4,5.97736763112387,"(32, 32)"
7,0.1,512,100,6,6.77328712798051,"(32, 32)"
7,0.1,512,100,8,7.25435691670201,"(32, 32)"
7,0.1,512,200,2,4.88711607222685,"(32, 32)"
7,0.1,512,200,4,5.983951085467,"(32, 32)"
7,0.1,512,200,6,6.78652088276008,"(32, 32)"
7,0.1,512,200,8,7.24481963191793,"(32, 32)"
7,1.0,8,50,2,14.214311447722723,
7,1.0,8,50,4,13.04673246203014,
7,1.0,8,50,6,12.745143937996312,
7,1.0,8,50,8,12.91954246419473,
7,1.0,8,100,2,14.285784579512814,
7,1.0,8,100,4,12.988703147518066,
7,1.0,8,100,6,12.91401494196854,
7,1.0,8,100,8,12.827526529270203,
7,1.0,8,200,2,14.165114029715877,
7,1.0,8,200,4,12.935821276862695,
7,1.0,8,200,6,12.84413224368473,
7,1.0,8,200,8,12.97068386136764,
7,1.0,14,50,2,9.891720293816125,
7,1.0,14,50,4,9.584308364581796,
7,1.0,14,50,6,9.898469872184634,
7,1.0,14,50,8,10.073684826147902,
7,1.0,14,100,2,9.74603543006098,
7,1.0,14,100,4,9.644395780172006,
7,1.0,14,100,6,9.840467505165334,
7,1.0,14,100,8,10.170747052777012,
7,1.0,14,200,2,9.978347033220526,
7,1.0,14,200,4,9.693497702330058,
7,1.0,14,200,6,9.854678914235894,
7,1.0,14,200,8,10.01402177044982,
7,1.0,20,50,2,7.745554479621026,
7,1.0,20,50,4,8.1168813197939,
7,1.0,20,50,6,8.591173930303846,
7,1.0,20,50,8,8.840550575199275,
7,1.0,20,100,2,7.7953610832946865,
7,1.0,20,100,4,8.155594254949616,
7,1.0,20,100,6,8.587376231893867,
7,1.0,20,100,8,8.866181841719662,
7,1.0,20,200,2,7.788947407781838,
7,1.0,20,200,4,8.181282769611844,
7,1.0,20,200,6,8.518116885620882,
7,1.0,20,200,8,8.878092482231015,
7,1.0,26,50,2,6.7407606964530125,
7,1.0,26,50,4,7.429681595439951,
7,1.0,26,50,6,7.882133280713518,
7,1.0,26,50,8,8.193355883119041,
7,1.0,26,100,2,6.750950216592054,
7,1.0,26,100,4,7.406184071436518,
7,1.0,26,100,6,7.909417644914792,
7,1.0,26,100,8,8.198638095804483,
7,1.0,26,200,2,6.724845924172347,
7,1.0,26,200,4,7.409131998351368,
7,1.0,26,200,6,7.89863020211886,
7,1.0,26,200,8,8.193174768852959,
7,1.0,32,50,2,6.1298818012435445,
7,1.0,32,50,2,11.801574336919376,
7,1.0,32,50,4,7.02106005324269,
7,1.0,32,50,4,11.222296789024396,
7,1.0,32,50,6,7.452479560463154,
7,1.0,32,50,6,11.2905100174916,
7,1.0,32,50,8,7.765707525969946,
7,1.0,32,50,8,11.457812340191598,
7,1.0,32,100,2,6.140067737715152,
7,1.0,32,100,2,11.81703623708021,
7,1.0,32,100,4,7.0215232200768325,
7,1.0,32,100,4,11.117549501638692,
7,1.0,32,100,6,7.518966851789583,
7,1.0,32,100,6,11.276264304179591,
7,1.0,32,100,8,7.779557499792525,
7,1.0,32,100,8,11.491809416048682,
7,1.0,32,200,2,6.121435568491222,
7,1.0,32,200,2,11.862903095306512,
7,1.0,32,200,4,7.002640090080396,
7,1.0,32,200,4,11.15555824678278,
7,1.0,32,200,6,7.458941671044947,
7,1.0,32,200,6,11.293044922293692,
7,1.0,32,200,8,7.778230992993914,
7,1.0,32,200,8,11.467313671340555,
7,1.0,56,50,2,8.446561567480131,
7,1.0,56,50,4,8.78993550351798,
7,1.0,56,50,6,9.328101894535347,
7,1.0,56,50,8,9.673527442391991,
7,1.0,56,100,2,8.445486626254763,
7,1.0,56,100,4,8.897544702180198,
7,1.0,56,100,6,9.276934818290076,
7,1.0,56,100,8,9.643946837359,
7,1.0,56,200,2,8.422348547026976,
7,1.0,56,200,4,8.855823269122176,
7,1.0,56,200,6,9.333380108670688,
7,1.0,56,200,8,9.685264083263236,
7,1.0,80,50,2,7.11198709311242,
7,1.0,80,50,4,7.954818695131405,
7,1.0,80,50,6,8.605508202502618,
7,1.0,80,50,8,8.96671157693311,
7,1.0,80,100,2,7.153856435220933,
7,1.0,80,100,4,7.978407807946541,
7,1.0,80,100,6,8.561753511954365,
7,1.0,80,100,8,8.930560425604927,
7,1.0,80,200,2,7.141648767983773,
7,1.0,80,200,4,7.97511665474169,
7,1.0,80,200,6,8.567576664586344,
7,1.0,80,200,8,8.938596431462312,
7,1.0,104,50,2,6.477630858430105,
7,1.0,104,50,4,7.562112341158569,
7,1.0,104,50,6,8.232534010950399,
7,1.0,104,50,8,8.62929019099714,
7,1.0,104,100,2,6.5232015418590965,
7,1.0,104,100,4,7.57508169199388,
7,1.0,104,100,6,8.224517075295434,
7,1.0,104,100,8,8.612635277293341,
7,1.0,104,200,2,6.512961742118318,
7,1.0,104,200,4,7.559076716643737,
7,1.0,104,200,6,8.154431136619232,
7,1.0,104,200,8,8.638629482854384,
7,1.0,128,50,2,11.0241307960469,"(32, 32)"
7,1.0,128,50,2,6.228558803060592,
7,1.0,128,50,4,10.511897657921,"(32, 32)"
7,1.0,128,50,4,7.354155744881305,
7,1.0,128,50,6,10.9090084751945,"(32, 32)"
7,1.0,128,50,6,7.992321143799528,
7,1.0,128,50,8,11.2735598234333,"(32, 32)"
7,1.0,128,50,8,8.417296231836692,
7,1.0,128,100,2,10.8628208758301,"(32, 32)"
7,1.0,128,100,2,6.231325555800551,
7,1.0,128,100,4,10.4755778806514,"(32, 32)"
7,1.0,128,100,4,7.335590130886497,
7,1.0,128,100,6,10.8766913140178,"(32, 32)"
7,1.0,128,100,6,8.009452480696002,
7,1.0,128,100,8,11.195970791445,"(32, 32)"
7,1.0,128,100,8,8.411291943174978,
7,1.0,128,200,2,10.8788832823478,"(32, 32)"
7,1.0,128,200,2,6.200849216507314,
7,1.0,128,200,4,10.4747980212129,"(32, 32)"
7,1.0,128,200,4,7.314409316457594,
7,1.0,128,200,6,10.9149729649991,"(32, 32)"
7,1.0,128,200,6,7.982241709491152,
7,1.0,128,200,8,11.2673712658685,"(32, 32)"
7,1.0,128,200,8,8.419759452808854,
7,1.0,224,50,2,7.99148249196816,"(32, 32)"
7,1.0,224,50,4,8.9619237993879,"(32, 32)"
7,1.0,224,50,6,9.64792864612112,"(32, 32)"
7,1.0,224,50,8,10.1488601796239,"(32, 32)"
7,1.0,224,100,2,8.02946101943931,"(32, 32)"
7,1.0,224,100,4,8.98583335650288,"(32, 32)"
7,1.0,224,100,6,9.60208970214032,"(32, 32)"
7,1.0,224,100,8,10.0907628035506,"(32, 32)"
7,1.0,224,200,2,8.01915117599713,"(32, 32)"
7,1.0,224,200,4,8.95080813376974,"(32, 32)"
7,1.0,224,200,6,9.590511409103,"(32, 32)"
7,1.0,224,200,8,10.0582019796278,"(32, 32)"
7,1.0,320,50,2,7.16544361176057,"(32, 32)"
7,1.0,320,50,4,8.46035519442707,"(32, 32)"
7,1.0,320,50,6,9.21150507322833,"(32, 32)"
7,1.0,320,50,8,9.75879800430204,"(32, 32)"
7,1.0,320,100,2,7.18568357652312,"(32, 32)"
7,1.0,320,100,4,8.41152890454303,"(32, 32)"
7,1.0,320,100,6,9.17566484334421,"(32, 32)"
7,1.0,320,100,8,9.68786187265148,"(32, 32)"
7,1.0,320,200,2,7.17107790837054,"(32, 32)"
7,1.0,320,200,4,8.43325314489948,"(32, 32)"
7,1.0,320,200,6,9.16580649299298,"(32, 32)"
7,1.0,320,200,8,9.73289299669965,"(32, 32)"
7,1.0,416,50,2,6.81608193399318,"(32, 32)"
7,1.0,416,50,4,8.20455739912145,"(32, 32)"
7,1.0,416,50,6,8.99251711561935,"(32, 32)"
7,1.0,416,50,8,9.55872804136611,"(32, 32)"
7,1.0,416,100,2,6.80808051708765,"(32, 32)"
7,1.0,416,100,4,8.16220378250618,"(32, 32)"
7,1.0,416,100,6,8.96860963930891,"(32, 32)"
7,1.0,416,100,8,9.53162700970555,"(32, 32)"
7,1.0,416,200,2,6.79917065667956,"(32, 32)"
7,1.0,416,200,4,8.14765658710087,"(32, 32)"
7,1.0,416,200,6,8.94602165243086,"(32, 32)"
7,1.0,416,200,8,9.5050370766179,"(32, 32)"
7,1.0,512,50,2,6.61682055828455,"(32, 32)"
7,1.0,512,50,4,8.07765583026154,"(32, 32)"
7,1.0,512,50,6,8.84883041843214,"(32, 32)"
7,1.0,512,50,8,9.47579160418162,"(32, 32)"
7,1.0,512,100,2,6.60252136850998,"(32, 32)"
7,1.0,512,100,4,8.02506763275263,"(32, 32)"
7,1.0,512,100,6,8.82497913044739,"(32, 32)"
7,1.0,512,100,8,9.39457875832582,"(32, 32)"
7,1.0,512,200,2,6.60709134232753,"(32, 32)"
7,1.0,512,200,4,8.02254670573827,"(32, 32)"
7,1.0,512,200,6,8.83086283942682,"(32, 32)"
7,1.0,512,200,8,9.38004563928494,"(32, 32)"
7,10.0,8,50,2,14.349711191281632,
7,10.0,8,50,4,13.193591550510762,
7,10.0,8,50,6,13.292319031653498,
7,10.0,8,50,8,13.622566495786648,
7,10.0,8,100,2,14.449415962005745,
7,10.0,8,100,4,13.28133875200125,
7,10.0,8,100,6,13.303349605184907,
7,10.0,8,100,8,13.547716090437158,
7,10.0,8,200,2,14.429617971966358,
7,10.0,8,200,4,13.137535430541025,
7,10.0,8,200,6,13.242698817101038,
7,10.0,8,200,8,13.572859644190624,
7,10.0,14,50,2,10.591150735754388,
7,10.0,14,50,4,11.012433048178998,
7,10.0,14,50,6,11.590660814696369,
7,10.0,14,50,8,11.97111053694656,
7,10.0,14,100,2,10.553972763607584,
7,10.0,14,100,4,11.179435508548494,
7,10.0,14,100,6,11.64671856422267,
7,10.0,14,100,8,11.950131109946948,
7,10.0,14,200,2,10.709401316147089,
7,10.0,14,200,4,11.122497963025213,
7,10.0,14,200,6,11.588853814996604,
7,10.0,14,200,8,12.023973360074011,
7,10.0,20,50,2,9.405694178384438,
7,10.0,20,50,4,10.400355597065428,
7,10.0,20,50,6,10.93782836421157,
7,10.0,20,50,8,11.28285556685149,
7,10.0,20,100,2,9.4538184550015,
7,10.0,20,100,4,10.347765002141804,
7,10.0,20,100,6,10.847101842321088,
7,10.0,20,100,8,11.291438439421702,
7,10.0,20,200,2,9.430599898575991,
7,10.0,20,200,4,10.43726682116966,
7,10.0,20,200,6,10.907428666833916,
7,10.0,20,200,8,11.343573955084125,
7,10.0,26,50,2,8.989371487687688,
7,10.0,26,50,4,10.027725503725966,
7,10.0,26,50,6,10.656841541327472,
7,10.0,26,50,8,10.943284080255872,
7,10.0,26,100,2,8.95829221730814,
7,10.0,26,100,4,10.049986077294266,
7,10.0,26,100,6,10.62469338367326,
7,10.0,26,100,8,11.039388879917269,
7,10.0,26,200,2,8.923045601018273,
7,10.0,26,200,4,10.00993978507026,
7,10.0,26,200,6,10.57156939762534,
7,10.0,26,200,8,10.953087212120533,
7,10.0,32,50,2,8.639960982623128,
7,10.0,32,50,2,11.633140093082906,
7,10.0,32,50,4,9.865426746849876,
7,10.0,32,50,4,11.808635584144804,
7,10.0,32,50,6,10.414345831139668,
7,10.0,32,50,6,12.30020426138632,
7,10.0,32,50,8,10.735569694480075,
7,10.0,32,50,8,12.714095480094253,
7,10.0,32,100,2,8.649818868339274,
7,10.0,32,100,2,11.567788888833135,
7,10.0,32,100,4,9.830000123870942,
7,10.0,32,100,4,11.76687011614908,
7,10.0,32,100,6,10.367863050239215,
7,10.0,32,100,6,12.35073261018555,
7,10.0,32,100,8,10.742824022334794,
7,10.0,32,100,8,12.690788256344948,
7,10.0,32,200,2,8.669244040648996,
7,10.0,32,200,2,11.60439484313133,
7,10.0,32,200,4,9.783138007619185,
7,10.0,32,200,4,11.826213001838068,
7,10.0,32,200,6,10.401236394601218,
7,10.0,32,200,6,12.42834611196749,
7,10.0,32,200,8,10.755367269873366,
7,10.0,32,200,8,12.682787842284226,
7,10.0,56,50,2,9.564848368390518,
7,10.0,56,50,4,10.852400525596572,
7,10.0,56,50,6,11.578098971483058,
7,10.0,56,50,8,11.905739119975706,
7,10.0,56,100,2,9.57288390200006,
7,10.0,56,100,4,10.820818925705224,
7,10.0,56,100,6,11.526820875128784,
7,10.0,56,100,8,11.933406587372318,
7,10.0,56,200,2,9.584052238589464,
7,10.0,56,200,4,10.83435319843855,
7,10.0,56,200,6,11.49689226037752,
7,10.0,56,200,8,11.92084223722365,
7,10.0,80,50,2,9.020612001824,
7,10.0,80,50,4,10.521133771075124,
7,10.0,80,50,6,11.265319566117856,
7,10.0,80,50,8,11.671351572987732,
7,10.0,80,100,2,8.996405413484295,
7,10.0,80,100,4,10.506747484654746,
7,10.0,80,100,6,11.18745430878414,
7,10.0,80,100,8,11.61966903031336,
7,10.0,80,200,2,9.01490058831419,
7,10.0,80,200,4,10.526208955824954,
7,10.0,80,200,6,11.244210342898764,
7,10.0,80,200,8,11.579895296035222,
7,10.0,104,50,2,8.737413345365631,
7,10.0,104,50,4,10.384652301255384,
7,10.0,104,50,6,11.078150481502782,
7,10.0,104,50,8,11.529415987547504,
7,10.0,104,100,2,8.739906593015665,
7,10.0,104,100,4,10.360300704539254,
7,10.0,104,100,6,11.08036009027796,
7,10.0,104,100,8,11.464565251621686,
7,10.0,104,200,2,8.752803026547165,
7,10.0,104,200,4,10.32927970952607,
7,10.0,104,200,6,11.070322665342458,
7,10.0,104,200,8,11.4987958194696,
7,10.0,128,50,2,10.9242443739978,"(32, 32)"
7,10.0,128,50,2,8.619043034585177,
7,10.0,128,50,4,11.8069239781962,"(32, 32)"
7,10.0,128,50,4,10.257590855849909,
7,10.0,128,50,6,12.6294149101088,"(32, 32)"
7,10.0,128,50,6,10.989701738970146,
7,10.0,128,50,8,13.0539636782244,"(32, 32)"
7,10.0,128,50,8,11.401082914349542,
7,10.0,128,100,2,10.8920310821706,"(32, 32)"
7,10.0,128,100,2,8.582605522433788,
7,10.0,128,100,4,11.8528232092521,"(32, 32)"
7,10.0,128,100,4,10.254267478756292,
7,10.0,128,100,6,12.6349728918596,"(32, 32)"
7,10.0,128,100,6,11.004330216251272,
7,10.0,128,100,8,13.0183754678915,"(32, 32)"
7,10.0,128,100,8,11.379887631201782,
7,10.0,128,200,2,10.9039027795187,"(32, 32)"
7,10.0,128,200,2,8.614514154958279,
7,10.0,128,200,4,11.8412516432392,"(32, 32)"
7,10.0,128,200,4,10.231709233570507,
7,10.0,128,200,6,12.5612127299311,"(32, 32)"
7,10.0,128,200,6,10.971052574770969,
7,10.0,128,200,8,13.0068754941234,"(32, 32)"
7,10.0,128,200,8,11.371450352425402,
7,10.0,224,50,2,9.42645951766017,"(32, 32)"
7,10.0,224,50,4,11.3459056981292,"(32, 32)"
7,10.0,224,50,6,12.185301910154,"(32, 32)"
7,10.0,224,50,8,12.6610063822385,"(32, 32)"
7,10.0,224,100,2,9.44183229961602,"(32, 32)"
7,10.0,224,100,4,11.3217417023425,"(32, 32)"
7,10.0,224,100,6,12.1178144419431,"(32, 32)"
7,10.0,224,100,8,12.6131961142702,"(32, 32)"
7,10.0,224,200,2,9.42993446917939,"(32, 32)"
7,10.0,224,200,4,11.3240353272378,"(32, 32)"
7,10.0,224,200,6,12.1761999709943,"(32, 32)"
7,10.0,224,200,8,12.6254024630313,"(32, 32)"
7,10.0,320,50,2,9.01469260539567,"(32, 32)"
7,10.0,320,50,4,11.171026451057,"(32, 32)"
7,10.0,320,50,6,12.0452626456781,"(32, 32)"
7,10.0,320,50,8,12.5252362135734,"(32, 32)"
7,10.0,320,100,2,9.02489313712216,"(32, 32)"
7,10.0,320,100,4,11.1304751863861,"(32, 32)"
7,10.0,320,100,6,11.9920733020825,"(32, 32)"
7,10.0,320,100,8,12.5030494022158,"(32, 32)"
7,10.0,320,200,2,9.03280847955498,"(32, 32)"
7,10.0,320,200,4,11.1166657508343,"(32, 32)"
7,10.0,320,200,6,11.9393785206957,"(32, 32)"
7,10.0,320,200,8,12.4782611261514,"(32, 32)"
7,10.0,416,50,2,8.84135873769486,"(32, 32)"
7,10.0,416,50,4,11.0775742064349,"(32, 32)"
7,10.0,416,50,6,11.93269850749,"(32, 32)"
7,10.0,416,50,8,12.4777672460083,"(32, 32)"
7,10.0,416,100,2,8.83814463550719,"(32, 32)"
7,10.0,416,100,4,11.0427936098819,"(32, 32)"
7,10.0,416,100,6,11.8938165258891,"(32, 32)"
7,10.0,416,100,8,12.4264573959881,"(32, 32)"
7,10.0,416,200,2,8.86921374322976,"(32, 32)"
7,10.0,416,200,4,11.0256286649458,"(32, 32)"
7,10.0,416,200,6,11.9107702290293,"(32, 32)"
7,10.0,416,200,8,12.4089513955672,"(32, 32)"
7,10.0,512,50,2,8.76111833723543,"(32, 32)"
7,10.0,512,50,4,11.0149642421507,"(32, 32)"
7,10.0,512,50,6,11.9085590196121,"(32, 32)"
7,10.0,512,50,8,12.4024758543653,"(32, 32)"
7,10.0,512,100,2,8.76046867823876,"(32, 32)"
7,10.0,512,100,4,10.9721060723919,"(32, 32)"
7,10.0,512,100,6,11.855428046419,"(32, 32)"
7,10.0,512,100,8,12.3586959555876,"(32, 32)"
7,10.0,512,200,2,8.76440943485066,"(32, 32)"
7,10.0,512,200,4,10.973932416777,"(32, 32)"
7,10.0,512,200,6,11.8560171889722,"(32, 32)"
7,10.0,512,200,8,12.3491568397239,"(32, 32)"
8,0.01,8,50,2,30.934848124586143,
8,0.01,8,50,4,31.271608251991385,
8,0.01,8,50,6,30.94452089733615,
8,0.01,8,50,8,30.978162888198103,
8,0.01,8,100,2,31.335857641384155,
8,0.01,8,100,4,31.7822894411202,
8,0.01,8,100,6,31.193495913681986,
8,0.01,8,100,8,31.33337814923051,
8,0.01,8,200,2,31.794575316101486,
8,0.01,8,200,4,31.55628721824683,
8,0.01,8,200,6,31.507917287185503,
8,0.01,8,200,8,30.487968760910583,
8,0.01,14,50,2,28.75653028544329,
8,0.01,14,50,4,29.86408656788993,
8,0.01,14,50,6,29.049281110420385,
8,0.01,14,50,8,28.943719051429383,
8,0.01,14,100,2,28.57889358546506,
8,0.01,14,100,4,29.580212115906495,
8,0.01,14,100,6,29.181763765343227,
8,0.01,14,100,8,28.67007761630412,
8,0.01,14,200,2,29.139649206601455,
8,0.01,14,200,4,29.62267039994091,
8,0.01,14,200,6,28.734632083309062,
8,0.01,14,200,8,28.57792390697343,
8,0.01,20,50,2,25.635281468024186,
8,0.01,20,50,4,25.87424862272857,
8,0.01,20,50,6,25.48522341571343,
8,0.01,20,50,8,24.630468390684968,
8,0.01,20,100,2,25.50826862388893,
8,0.01,20,100,4,26.129908853423743,
8,0.01,20,100,6,25.043394116966358,
8,0.01,20,100,8,25.06002239813873,
8,0.01,20,200,2,25.93279641027906,
8,0.01,20,200,4,26.39154531749904,
8,0.01,20,200,6,25.294241491867783,
8,0.01,20,200,8,24.8954427478323,
8,0.01,26,50,2,21.80515425758932,
8,0.01,26,50,4,21.535451182963605,
8,0.01,26,50,6,20.1687300496081,
8,0.01,26,50,8,20.590237724632637,
8,0.01,26,100,2,21.28066374969741,
8,0.01,26,100,4,21.687191567989835,
8,0.01,26,100,6,20.47668787667883,
8,0.01,26,100,8,20.472148211325425,
8,0.01,26,200,2,21.5130113663926,
8,0.01,26,200,4,21.38558751289018,
8,0.01,26,200,6,20.47091695948448,
8,0.01,26,200,8,20.58608370589684,
8,0.01,32,50,2,17.62366929678442,
8,0.01,32,50,2,52.309170779957576,
8,0.01,32,50,4,15.723289729086122,
8,0.01,32,50,4,60.2146358302038,
8,0.01,32,50,6,14.796487386232831,
8,0.01,32,50,6,60.50339435481773,
8,0.01,32,50,8,14.617222600881492,
8,0.01,32,50,8,60.48808495967303,
8,0.01,32,100,2,17.511296794980506,
8,0.01,32,100,2,51.89089924396111,
8,0.01,32,100,4,15.53969658986238,
8,0.01,32,100,4,60.21378859078956,
8,0.01,32,100,6,15.101962743863496,
8,0.01,32,100,6,60.331149207497,
8,0.01,32,100,8,14.610540039609194,
8,0.01,32,100,8,59.87026818677487,
8,0.01,32,200,2,17.399435849745366,
8,0.01,32,200,2,53.20359940506414,
8,0.01,32,200,4,15.874718250567854,
8,0.01,32,200,4,59.77865523167423,
8,0.01,32,200,6,15.078761396665456,
8,0.01,32,200,6,59.67931472016707,
8,0.01,32,200,8,14.06304388054148,
8,0.01,32,200,8,59.768036805401074,
8,0.01,56,50,2,47.52725345380076,
8,0.01,56,50,4,54.43696448569659,
8,0.01,56,50,6,55.00639122328364,
8,0.01,56,50,8,55.16339891480568,
8,0.01,56,100,2,46.4505591121732,
8,0.01,56,100,4,54.4078977840357,
8,0.01,56,100,6,55.39913958490734,
8,0.01,56,100,8,54.80960468574924,
8,0.01,56,200,2,46.88056684880405,
8,0.01,56,200,4,54.000752938284215,
8,0.01,56,200,6,55.14751768500217,
8,0.01,56,200,8,54.7190396983671,
8,0.01,80,50,2,39.52507652357343,
8,0.01,80,50,4,46.45340124844281,
8,0.01,80,50,6,45.22903804095988,
8,0.01,80,50,8,43.80856797536023,
8,0.01,80,100,2,39.79244662547356,
8,0.01,80,100,4,46.179055480814,
8,0.01,80,100,6,45.2728042044792,
8,0.01,80,100,8,42.9678042775897,
8,0.01,80,200,2,39.91609709671127,
8,0.01,80,200,4,45.66006510184781,
8,0.01,80,200,6,44.63275741555053,
8,0.01,80,200,8,44.59163715834697,
8,0.01,104,50,2,31.49689129218592,
8,0.01,104,50,4,33.8307255333418,
8,0.01,104,50,6,31.01555661595106,
8,0.01,104,50,8,29.95845696676225,
8,0.01,104,100,2,31.913586586586916,
8,0.01,104,100,4,32.73736788740152,
8,0.01,104,100,6,30.82364005919845,
8,0.01,104,100,8,30.933135061889217,
8,0.01,104,200,2,31.3379735216261,
8,0.01,104,200,4,32.5873019313024,
8,0.01,104,200,6,30.807168371620797,
8,0.01,104,200,8,29.805215133456283,
8,0.01,128,50,2,73.9164316402284,"(32, 32)"
8,0.01,128,50,2,20.69841337895854,
8,0.01,128,50,4,86.5193215548951,"(32, 32)"
8,0.01,128,50,4,17.090161715792036,
8,0.01,128,50,6,90.557619520146,"(32, 32)"
8,0.01,128,50,6,16.626957598855558,
8,0.01,128,50,8,92.5474560223615,"(32, 32)"
8,0.01,128,50,8,15.45110188230734,
8,0.01,128,100,2,73.3755370190284,"(32, 32)"
8,0.01,128,100,2,20.9877018112831,
8,0.01,128,100,4,86.402972824557,"(32, 32)"
8,0.01,128,100,4,17.825037241678803,
8,0.01,128,100,6,90.7420945100148,"(32, 32)"
8,0.01,128,100,6,14.632532120119809,
8,0.01,128,100,8,92.7834589776496,"(32, 32)"
8,0.01,128,100,8,15.45677668024668,
8,0.01,128,200,2,73.7388050181791,"(32, 32)"
8,0.01,128,200,2,21.005605585257904,
8,0.01,128,200,4,86.3867002697174,"(32, 32)"
8,0.01,128,200,4,16.924681595437285,
8,0.01,128,200,6,89.9985344661494,"(32, 32)"
8,0.01,128,200,6,14.581664478544408,
8,0.01,128,200,8,91.5725972828123,"(32, 32)"
8,0.01,128,200,8,12.957327866055826,
8,0.01,224,50,2,64.0085908965127,"(32, 32)"
8,0.01,224,50,4,76.1278361276063,"(32, 32)"
8,0.01,224,50,6,80.0680747551808,"(32, 32)"
8,0.01,224,50,8,80.5509107020852,"(32, 32)"
8,0.01,224,100,2,63.2075512141315,"(32, 32)"
8,0.01,224,100,4,76.8520266313451,"(32, 32)"
8,0.01,224,100,6,79.4283552931367,"(32, 32)"
8,0.01,224,100,8,81.1494583619493,"(32, 32)"
8,0.01,224,200,2,63.7126698719774,"(32, 32)"
8,0.01,224,200,4,76.6635113965228,"(32, 32)"
8,0.01,224,200,6,79.8030134879722,"(32, 32)"
8,0.01,224,200,8,80.8602232839713,"(32, 32)"
8,0.01,320,50,2,53.3898891435106,"(32, 32)"
8,0.01,320,50,4,62.410185772412,"(32, 32)"
8,0.01,320,50,6,63.7151864530052,"(32, 32)"
8,0.01,320,50,8,62.1242541876683,"(32, 32)"
8,0.01,320,100,2,53.2003901603561,"(32, 32)"
8,0.01,320,100,4,61.9634400832612,"(32, 32)"
8,0.01,320,100,6,62.7391860276289,"(32, 32)"
8,0.01,320,100,8,60.6988567250912,"(32, 32)"
8,0.01,320,200,2,53.4983178703183,"(32, 32)"
8,0.01,320,200,4,63.0907198748451,"(32, 32)"
8,0.01,320,200,6,63.8192436398666,"(32, 32)"
8,0.01,320,200,8,62.6860818750051,"(32, 32)"
8,0.01,416,50,2,38.4769074679174,"(32, 32)"
8,0.01,416,50,4,38.2721069877112,"(32, 32)"
8,0.01,416,50,6,33.4694261099718,"(32, 32)"
8,0.01,416,50,8,30.134576185584,"(32, 32)"
8,0.01,416,100,2,38.0260381834019,"(32, 32)"
8,0.01,416,100,4,37.7242386687391,"(32, 32)"
8,0.01,416,100,6,31.0736092978222,"(32, 32)"
8,0.01,416,100,8,29.5446126425775,"(32, 32)"
8,0.01,416,200,2,37.9262435779608,"(32, 32)"
8,0.01,416,200,4,40.4840289049214,"(32, 32)"
8,0.01,416,200,6,35.8526800284465,"(32, 32)"
8,0.01,416,200,8,30.6947822088086,"(32, 32)"
8,0.01,512,50,2,17.0890452938476,"(32, 32)"
8,0.01,512,50,4,7.59680415771294,"(32, 32)"
8,0.01,512,50,6,5.4048036614116,"(32, 32)"
8,0.01,512,50,8,5.73371305465023,"(32, 32)"
8,0.01,512,100,2,16.3072229962856,"(32, 32)"
8,0.01,512,100,4,5.86917864744339,"(32, 32)"
8,0.01,512,100,6,6.30588842438564,"(32, 32)"
8,0.01,512,100,8,5.70689522478637,"(32, 32)"
8,0.01,512,200,2,17.3784395833894,"(32, 32)"
8,0.01,512,200,4,9.01935890135519,"(32, 32)"
8,0.01,512,200,6,5.38445142978438,"(32, 32)"
8,0.01,512,200,8,5.67020343287742,"(32, 32)"
8,0.1,8,50,2,17.60846123613566,
8,0.1,8,50,4,17.399885839328938,
8,0.1,8,50,6,17.121699662554438,
8,0.1,8,50,8,17.2897313639752,
8,0.1,8,100,2,17.62816694227942,
8,0.1,8,100,4,17.850234154626655,
8,0.1,8,100,6,17.13459765052882,
8,0.1,8,100,8,17.126252845545082,
8,0.1,8,200,2,17.935262507274153,
8,0.1,8,200,4,17.40865957131876,
8,0.1,8,200,6,16.988967120301847,
8,0.1,8,200,8,17.230317316836253,
8,0.1,14,50,2,12.470795045422784,
8,0.1,14,50,4,11.716958847490634,
8,0.1,14,50,6,11.370155392728156,
8,0.1,14,50,8,11.502987349229894,
8,0.1,14,100,2,12.686435598439752,
8,0.1,14,100,4,11.650656986948809,
8,0.1,14,100,6,11.281452885121611,
8,0.1,14,100,8,11.763334945573389,
8,0.1,14,200,2,12.267185379201113,
8,0.1,14,200,4,11.669993625563944,
8,0.1,14,200,6,11.848166414842376,
8,0.1,14,200,8,11.4049914358091,
8,0.1,20,50,2,8.35130305373434,
8,0.1,20,50,4,7.876649229740963,
8,0.1,20,50,6,8.382437975819268,
8,0.1,20,50,8,8.09488625817033,
8,0.1,20,100,2,8.572765795530039,
8,0.1,20,100,4,7.9506342796797504,
8,0.1,20,100,6,8.201756535780417,
8,0.1,20,100,8,8.050412365320735,
8,0.1,20,200,2,8.428957988012034,
8,0.1,20,200,4,7.948563202392108,
8,0.1,20,200,6,8.18213110623982,
8,0.1,20,200,8,8.120260176601077,
8,0.1,26,50,2,6.299899981476796,
8,0.1,26,50,4,6.317890245335037,
8,0.1,26,50,6,6.552035171339865,
8,0.1,26,50,8,6.819104833837304,
8,0.1,26,100,2,6.295070342260972,
8,0.1,26,100,4,6.415996896376774,
8,0.1,26,100,6,6.541568180322858,
8,0.1,26,100,8,6.824044341646514,
8,0.1,26,200,2,6.294142212906304,
8,0.1,26,200,4,6.348705742567763,
8,0.1,26,200,6,6.581263285131712,
8,0.1,26,200,8,6.730363328033914,
8,0.1,32,50,2,5.133378042711693,
8,0.1,32,50,2,22.722165864948664,
8,0.1,32,50,4,5.46230507509407,
8,0.1,32,50,4,27.431995717375106,
8,0.1,32,50,6,5.83699600037122,
8,0.1,32,50,6,27.44496070729739,
8,0.1,32,50,8,6.100147195509693,
8,0.1,32,50,8,26.60690229824673,
8,0.1,32,100,2,5.090943107243628,
8,0.1,32,100,2,21.80010398000015,
8,0.1,32,100,4,5.454211282608332,
8,0.1,32,100,4,26.110203764641582,
8,0.1,32,100,6,5.862579202015299,
8,0.1,32,100,6,26.10598705507281,
8,0.1,32,100,8,6.092552028178705,
8,0.1,32,100,8,26.81086736656899,
8,0.1,32,200,2,5.11370237057403,
8,0.1,32,200,2,21.86152277355161,
8,0.1,32,200,4,5.490115560347232,
8,0.1,32,200,4,26.35115723647476,
8,0.1,32,200,6,5.799674702433985,
8,0.1,32,200,6,27.09807047995433,
8,0.1,32,200,8,6.103923423876711,
8,0.1,32,200,8,25.89350826252792,
8,0.1,56,50,2,10.955318389124074,
8,0.1,56,50,4,11.25344439866036,
8,0.1,56,50,6,10.441277648384991,
8,0.1,56,50,8,10.512865631240494,
8,0.1,56,100,2,10.88940072532636,
8,0.1,56,100,4,10.098648441643087,
8,0.1,56,100,6,9.489899134205409,
8,0.1,56,100,8,12.203265669203637,
8,0.1,56,200,2,10.946519195672234,
8,0.1,56,200,4,9.866329587728732,
8,0.1,56,200,6,10.072273578385458,
8,0.1,56,200,8,11.223468946274512,
8,0.1,80,50,2,6.947652999549447,
8,0.1,80,50,4,6.900759624739693,
8,0.1,80,50,6,7.20377636527526,
8,0.1,80,50,8,7.448788578953312,
8,0.1,80,100,2,6.905341593519712,
8,0.1,80,100,4,6.874721452098646,
8,0.1,80,100,6,7.217106091142803,
8,0.1,80,100,8,7.462488845995773,
8,0.1,80,200,2,6.911494546511274,
8,0.1,80,200,4,6.93983461430292,
8,0.1,80,200,6,7.168839886608168,
8,0.1,80,200,8,7.440324263120583,
8,0.1,104,50,2,5.5040313511554375,
8,0.1,104,50,4,5.990066570746326,
8,0.1,104,50,6,6.46220855941156,
8,0.1,104,50,8,6.807139396180543,
8,0.1,104,100,2,5.557989799410535,
8,0.1,104,100,4,5.974768674833649,
8,0.1,104,100,6,6.44811521685628,
8,0.1,104,100,8,6.786835088882125,
8,0.1,104,200,2,5.509774279393239,
8,0.1,104,200,4,5.956130503109242,
8,0.1,104,200,6,6.449314276151253,
8,0.1,104,200,8,6.8184832974451925,
8,0.1,128,50,2,25.7288235001839,"(32, 32)"
8,0.1,128,50,2,4.759262690781345,
8,0.1,128,50,4,37.1298103170278,"(32, 32)"
8,0.1,128,50,4,5.556603210001452,
8,0.1,128,50,6,41.870404529353,"(32, 32)"
8,0.1,128,50,6,6.0927902639663865,
8,0.1,128,50,8,41.0454809026884,"(32, 32)"
8,0.1,128,50,8,6.433773999448268,
8,0.1,128,100,2,27.2985942716203,"(32, 32)"
8,0.1,128,100,2,4.750731160960458,
8,0.1,128,100,4,37.0174361204935,"(32, 32)"
8,0.1,128,100,4,5.510574578929261,
8,0.1,128,100,6,41.6491335995101,"(32, 32)"
8,0.1,128,100,6,6.091802510818169,
8,0.1,128,100,8,42.5015096957275,"(32, 32)"
8,0.1,128,100,8,6.407745931000992,
8,0.1,128,200,2,26.044571599046,"(32, 32)"
8,0.1,128,200,2,4.751006170417763,
8,0.1,128,200,4,37.1722648635438,"(32, 32)"
8,0.1,128,200,4,5.520313204849764,
8,0.1,128,200,6,41.6504973254788,"(32, 32)"
8,0.1,128,200,6,6.0913293970398765,
8,0.1,128,200,8,43.2982797329413,"(32, 32)"
8,0.1,128,200,8,6.422713102054972,
8,0.1,224,50,2,9.40294764140075,"(32, 32)"
8,0.1,224,50,4,8.14736255493534,"(32, 32)"
8,0.1,224,50,6,8.47059211543873,"(32, 32)"
8,0.1,224,50,8,8.7653773743711,"(32, 32)"
8,0.1,224,100,2,8.94123047555493,"(32, 32)"
8,0.1,224,100,4,8.15876444793539,"(32, 32)"
8,0.1,224,100,6,8.46306078361419,"(32, 32)"
8,0.1,224,100,8,10.3072250284383,"(32, 32)"
8,0.1,224,200,2,8.83026216007621,"(32, 32)"
8,0.1,224,200,4,8.21602733464137,"(32, 32)"
8,0.1,224,200,6,10.2646591684399,"(32, 32)"
8,0.1,224,200,8,8.75677772690659,"(32, 32)"
8,0.1,320,50,2,6.48681653489015,"(32, 32)"
8,0.1,320,50,4,6.8802891586219,"(32, 32)"
8,0.1,320,50,6,7.43836341782877,"(32, 32)"
8,0.1,320,50,8,7.88356521082623,"(32, 32)"
8,0.1,320,100,2,6.45335228914572,"(32, 32)"
8,0.1,320,100,4,6.83638419299475,"(32, 32)"
8,0.1,320,100,6,7.42079093645405,"(32, 32)"
8,0.1,320,100,8,7.88539188705307,"(32, 32)"
8,0.1,320,200,2,6.48586202828892,"(32, 32)"
8,0.1,320,200,4,6.83946700177786,"(32, 32)"
8,0.1,320,200,6,7.43180950038086,"(32, 32)"
8,0.1,320,200,8,7.83964765652245,"(32, 32)"
8,0.1,416,50,2,5.41685829801748,"(32, 32)"
8,0.1,416,50,4,6.29310908004228,"(32, 32)"
8,0.1,416,50,6,7.00571045240032,"(32, 32)"
8,0.1,416,50,8,7.50744208812449,"(32, 32)"
8,0.1,416,100,2,5.42055317269354,"(32, 32)"
8,0.1,416,100,4,6.25644839464792,"(32, 32)"
8,0.1,416,100,6,6.99370346258394,"(32, 32)"
8,0.1,416,100,8,7.49898827404586,"(32, 32)"
8,0.1,416,200,2,5.40241224310341,"(32, 32)"
8,0.1,416,200,4,6.25665417260271,"(32, 32)"
8,0.1,416,200,6,6.97278399524086,"(32, 32)"
8,0.1,416,200,8,7.46340994087533,"(32, 32)"
8,0.1,512,50,2,4.8918358032169,"(32, 32)"
8,0.1,512,50,4,6.03607143141922,"(32, 32)"
8,0.1,512,50,6,6.83113531101904,"(32, 32)"
8,0.1,512,50,8,7.32166491934465,"(32, 32)"
8,0.1,512,100,2,4.86641073381356,"(32, 32)"
8,0.1,512,100,4,6.01832769542435,"(32, 32)"
8,0.1,512,100,6,6.7608019263981,"(32, 32)"
8,0.1,512,100,8,7.28105379421468,"(32, 32)"
8,0.1,512,200,2,4.86651930041568,"(32, 32)"
8,0.1,512,200,4,5.98077937938387,"(32, 32)"
8,0.1,512,200,6,6.78439244180666,"(32, 32)"
8,0.1,512,200,8,7.26188080818699,"(32, 32)"
8,1.0,8,50,2,14.364376620805572,
8,1.0,8,50,4,12.814230601967882,
8,1.0,8,50,6,12.785686441133931,
8,1.0,8,50,8,12.896690689370846,
8,1.0,8,100,2,14.192081064717383,
8,1.0,8,100,4,13.127611463600598,
8,1.0,8,100,6,12.90818583677349,
8,1.0,8,100,8,12.79058213663643,
8,1.0,8,200,2,14.137995590306408,
8,1.0,8,200,4,13.070109364081944,
8,1.0,8,200,6,12.915691183028168,
8,1.0,8,200,8,12.760417048655396,
8,1.0,14,50,2,9.936227777004884,
8,1.0,14,50,4,9.715407799580944,
8,1.0,14,50,6,9.901731212563758,
8,1.0,14,50,8,10.05342403556456,
8,1.0,14,100,2,9.796733459715687,
8,1.0,14,100,4,9.632623006994152,
8,1.0,14,100,6,9.869424525589556,
8,1.0,14,100,8,10.052457359088812,
8,1.0,14,200,2,10.023611993378376,
8,1.0,14,200,4,9.638570755231983,
8,1.0,14,200,6,9.911266705251997,
8,1.0,14,200,8,10.104329803303422,
8,1.0,20,50,2,7.790677774543597,
8,1.0,20,50,4,8.228899008989385,
8,1.0,20,50,6,8.594947093470138,
8,1.0,20,50,8,8.816512689045128,
8,1.0,20,100,2,7.692103302514386,
8,1.0,20,100,4,8.149250403258558,
8,1.0,20,100,6,8.535177479593163,
8,1.0,20,100,8,8.870709523892403,
8,1.0,20,200,2,7.828951428432163,
8,1.0,20,200,4,8.204151024003533,
8,1.0,20,200,6,8.561845740500752,
8,1.0,20,200,8,8.842535899366867,
8,1.0,26,50,2,6.73704783774876,
8,1.0,26,50,4,7.404100838624203,
8,1.0,26,50,6,7.8858705605843555,
8,1.0,26,50,8,8.181081337935112,
8,1.0,26,100,2,6.678507239934492,
8,1.0,26,100,4,7.370982482102698,
8,1.0,26,100,6,7.889834524916629,
8,1.0,26,100,8,8.170296335997708,
8,1.0,26,200,2,6.72451577410896,
8,1.0,26,200,4,7.393758935995498,
8,1.0,26,200,6,7.934483953856966,
8,1.0,26,200,8,8.216296391787791,
8,1.0,32,50,2,6.143647437728774,
8,1.0,32,50,2,11.78202999376278,
8,1.0,32,50,4,6.954929486266237,
8,1.0,32,50,4,11.172595789138729,
8,1.0,32,50,6,7.479386548677054,
8,1.0,32,50,6,11.330969807126817,
8,1.0,32,50,8,7.824565634082224,
8,1.0,32,50,8,11.518650853045475,
8,1.0,32,100,2,6.138070310367075,
8,1.0,32,100,2,11.755146928434456,
8,1.0,32,100,4,6.993190450502685,
8,1.0,32,100,4,11.079948329047625,
8,1.0,32,100,6,7.49729005810313,
8,1.0,32,100,6,11.376094555854834,
8,1.0,32,100,8,7.802121279886929,
8,1.0,32,100,8,11.53606068404449,
8,1.0,32,200,2,6.176208056685968,
8,1.0,32,200,2,11.758704836622716,
8,1.0,32,200,4,6.97133790276594,
8,1.0,32,200,4,11.164737667652563,
8,1.0,32,200,6,7.49868177909106,
8,1.0,32,200,6,11.351276685525615,
8,1.0,32,200,8,7.81555653099382,
8,1.0,32,200,8,11.445958412874733,
8,1.0,56,50,2,8.445076712423099,
8,1.0,56,50,4,8.884003062048896,
8,1.0,56,50,6,9.383420290863054,
8,1.0,56,50,8,9.669547495782489,
8,1.0,56,100,2,8.4224762710776,
8,1.0,56,100,4,8.845367822843023,
8,1.0,56,100,6,9.284430065010996,
8,1.0,56,100,8,9.640534980143434,
8,1.0,56,200,2,8.45584079741977,
8,1.0,56,200,4,8.854891710701603,
8,1.0,56,200,6,9.26820293929071,
8,1.0,56,200,8,9.677394001014886,
8,1.0,80,50,2,7.11278517541899,
8,1.0,80,50,4,7.967219186986531,
8,1.0,80,50,6,8.578990121377082,
8,1.0,80,50,8,8.975489832015263,
8,1.0,80,100,2,7.109265270015134,
8,1.0,80,100,4,7.978745358917116,
8,1.0,80,100,6,8.53139509699471,
8,1.0,80,100,8,8.948208242749788,
8,1.0,80,200,2,7.084122228635255,
8,1.0,80,200,4,8.006519760363782,
8,1.0,80,200,6,8.539003084051064,
8,1.0,80,200,8,8.975003179268022,
8,1.0,104,50,2,6.519012229377802,
8,1.0,104,50,4,7.590751903819017,
8,1.0,104,50,6,8.233399537884667,
8,1.0,104,50,8,8.636189817659776,
8,1.0,104,100,2,6.561423949168553,
8,1.0,104,100,4,7.592754283034521,
8,1.0,104,100,6,8.205897271506485,
8,1.0,104,100,8,8.597484983812127,
8,1.0,104,200,2,6.512304836870744,
8,1.0,104,200,4,7.586219853058277,
8,1.0,104,200,6,8.212071711550886,
8,1.0,104,200,8,8.631883610942143,
8,1.0,128,50,2,10.8171644788864,"(32, 32)"
8,1.0,128,50,2,6.205297901462784,
8,1.0,128,50,4,10.5133269974668,"(32, 32)"
8,1.0,128,50,4,7.356476879267365,
8,1.0,128,50,6,10.8894213937663,"(32, 32)"
8,1.0,128,50,6,8.005725480705175,
8,1.0,128,50,8,11.2410103378445,"(32, 32)"
8,1.0,128,50,8,8.453481049716155,
8,1.0,128,100,2,10.7755092208445,"(32, 32)"
8,1.0,128,100,2,6.206074587522186,
8,1.0,128,100,4,10.4645205935897,"(32, 32)"
8,1.0,128,100,4,7.361149859376405,
8,1.0,128,100,6,10.8836425114208,"(32, 32)"
8,1.0,128,100,6,7.984242417640047,
8,1.0,128,100,8,11.307776039089,"(32, 32)"
8,1.0,128,100,8,8.409439332759195,
8,1.0,128,200,2,10.8362698218688,"(32, 32)"
8,1.0,128,200,2,6.172549903763689,
8,1.0,128,200,4,10.5359439520015,"(32, 32)"
8,1.0,128,200,4,7.304321932697406,
8,1.0,128,200,6,10.92097628802,"(32, 32)"
8,1.0,128,200,6,7.994479420349556,
8,1.0,128,200,8,11.1867905716822,"(32, 32)"
8,1.0,128,200,8,8.398253767975719,
8,1.0,224,50,2,8.02164083272057,"(32, 32)"
8,1.0,224,50,4,8.9541470941182,"(32, 32)"
8,1.0,224,50,6,9.60351165281085,"(32, 32)"
8,1.0,224,50,8,10.1065641619769,"(32, 32)"
8,1.0,224,100,2,8.01933098797081,"(32, 32)"
8,1.0,224,100,4,8.8958947732726,"(32, 32)"
8,1.0,224,100,6,9.6261827807277,"(32, 32)"
8,1.0,224,100,8,10.1158239911305,"(32, 32)"
8,1.0,224,200,2,8.00411452343101,"(32, 32)"
8,1.0,224,200,4,8.96513947973557,"(32, 32)"
8,1.0,224,200,6,9.60484264143604,"(32, 32)"
8,1.0,224,200,8,10.071082015486,"(32, 32)"
8,1.0,320,50,2,7.15894383531246,"(32, 32)"
8,1.0,320,50,4,8.46771301452104,"(32, 32)"
8,1.0,320,50,6,9.17640732618249,"(32, 32)"
8,1.0,320,50,8,9.79100568988874,"(32, 32)"
8,1.0,320,100,2,7.14661088129353,"(32, 32)"
8,1.0,320,100,4,8.40032682237163,"(32, 32)"
8,1.0,320,100,6,9.19972712899936,"(32, 32)"
8,1.0,320,100,8,9.71318262713344,"(32, 32)"
8,1.0,320,200,2,7.15029352826045,"(32, 32)"
8,1.0,320,200,4,8.40782859756752,"(32, 32)"
8,1.0,320,200,6,9.15254839653301,"(32, 32)"
8,1.0,320,200,8,9.68960587777699,"(32, 32)"
8,1.0,416,50,2,6.81918007449779,"(32, 32)"
8,1.0,416,50,4,8.22604777146818,"(32, 32)"
8,1.0,416,50,6,9.02371609080219,"(32, 32)"
8,1.0,416,50,8,9.57272330923525,"(32, 32)"
8,1.0,416,100,2,6.77729055949949,"(32, 32)"
8,1.0,416,100,4,8.18502280929454,"(32, 32)"
8,1.0,416,100,6,8.97409844505905,"(32, 32)"
8,1.0,416,100,8,9.51312373318259,"(32, 32)"
8,1.0,416,200,2,6.79172533006042,"(32, 32)"
8,1.0,416,200,4,8.17529295416835,"(32, 32)"
8,1.0,416,200,6,8.95362051080259,"(32, 32)"
8,1.0,416,200,8,9.5097706391828,"(32, 32)"
8,1.0,512,50,2,6.63218903503846,"(32, 32)"
8,1.0,512,50,4,8.07945845498207,"(32, 32)"
8,1.0,512,50,6,8.89847265275102,"(32, 32)"
8,1.0,512,50,8,9.47783182547889,"(32, 32)"
8,1.0,512,100,2,6.5915784107317,"(32, 32)"
8,1.0,512,100,4,8.02245707404426,"(32, 32)"
8,1.0,512,100,6,8.83124858318947,"(32, 32)"
8,1.0,512,100,8,9.39138014005708,"(32, 32)"
8,1.0,512,200,2,6.593123130469,"(32, 32)"
8,1.0,512,200,4,8.01480330332359,"(32, 32)"
8,1.0,512,200,6,8.83415472662137,"(32, 32)"
8,1.0,512,200,8,9.40343161907394,"(32, 32)"
8,10.0,8,50,2,14.400016445574376,
8,10.0,8,50,4,13.172646641330417,
8,10.0,8,50,6,13.40574776657954,
8,10.0,8,50,8,13.60913436098784,
8,10.0,8,100,2,14.247306836932829,
8,10.0,8,100,4,13.36097595259275,
8,10.0,8,100,6,13.439823251424889,
8,10.0,8,100,8,13.576798316048173,
8,10.0,8,200,2,14.533787922063723,
8,10.0,8,200,4,13.119709946985015,
8,10.0,8,200,6,13.31027317675317,
8,10.0,8,200,8,13.533317425597916,
8,10.0,14,50,2,10.633861122864596,
8,10.0,14,50,4,11.031505549337252,
8,10.0,14,50,6,11.598300256833165,
8,10.0,14,50,8,11.92543450609577,
8,10.0,14,100,2,10.58576272630171,
8,10.0,14,100,4,11.045498817546356,
8,10.0,14,100,6,11.637879159161354,
8,10.0,14,100,8,11.986635713576202,
8,10.0,14,200,2,10.655029942986436,
8,10.0,14,200,4,11.006488100386749,
8,10.0,14,200,6,11.590067070280634,
8,10.0,14,200,8,11.984435637120471,
8,10.0,20,50,2,9.4429146094848,
8,10.0,20,50,4,10.379904633306282,
8,10.0,20,50,6,10.934250703177671,
8,10.0,20,50,8,11.306999766223528,
8,10.0,20,100,2,9.445823586190649,
8,10.0,20,100,4,10.304357469897464,
8,10.0,20,100,6,10.969849447157904,
8,10.0,20,100,8,11.314970810970967,
8,10.0,20,200,2,9.504820353632889,
8,10.0,20,200,4,10.403208795120056,
8,10.0,20,200,6,10.871949743686642,
8,10.0,20,200,8,11.303139032846124,
8,10.0,26,50,2,8.956322969297785,
8,10.0,26,50,4,10.031699862746615,
8,10.0,26,50,6,10.603822134200469,
8,10.0,26,50,8,10.931126246943236,
8,10.0,26,100,2,8.954260629261807,
8,10.0,26,100,4,10.035859472003226,
8,10.0,26,100,6,10.603087864368636,
8,10.0,26,100,8,11.018198391787164,
8,10.0,26,200,2,8.967140824308954,
8,10.0,26,200,4,10.045896681263212,
8,10.0,26,200,6,10.61715534309194,
8,10.0,26,200,8,10.949446774795168,
8,10.0,32,50,2,8.623801991286216,
8,10.0,32,50,2,11.62457487908202,
8,10.0,32,50,4,9.828310141464623,
8,10.0,32,50,4,11.772817492850669,
8,10.0,32,50,6,10.42033518978777,
8,10.0,32,50,6,12.276877831051529,
8,10.0,32,50,8,10.832831874881256,
8,10.0,32,50,8,12.722560152528924,
8,10.0,32,100,2,8.661172617047585,
8,10.0,32,100,2,11.735612217358366,
8,10.0,32,100,4,9.842987127867495,
8,10.0,32,100,4,11.875546252084591,
8,10.0,32,100,6,10.399906825601908,
8,10.0,32,100,6,12.37989001519521,
8,10.0,32,100,8,10.774353475269807,
8,10.0,32,100,8,12.736989432781634,
8,10.0,32,200,2,8.624933214896553,
8,10.0,32,200,2,11.640439844899111,
8,10.0,32,200,4,9.837395642513508,
8,10.0,32,200,4,11.897296893427573,
8,10.0,32,200,6,10.39307768133124,
8,10.0,32,200,6,12.409157822994136,
8,10.0,32,200,8,10.843178681815644,
8,10.0,32,200,8,12.684761240346992,
8,10.0,56,50,2,9.566108172482002,
8,10.0,56,50,4,10.875932500037012,
8,10.0,56,50,6,11.483309035882218,
8,10.0,56,50,8,11.916186894360056,
8,10.0,56,100,2,9.625436153685795,
8,10.0,56,100,4,10.849170396441178,
8,10.0,56,100,6,11.48583360608663,
8,10.0,56,100,8,11.973838421703888,
8,10.0,56,200,2,9.610626784257065,
8,10.0,56,200,4,10.8093558795161,
8,10.0,56,200,6,11.505912753440942,
8,10.0,56,200,8,11.916750145110708,
8,10.0,80,50,2,9.02265093128848,
8,10.0,80,50,4,10.48697053757224,
8,10.0,80,50,6,11.180630583475184,
8,10.0,80,50,8,11.61661563535525,
8,10.0,80,100,2,9.003999245384724,
8,10.0,80,100,4,10.542592627426204,
8,10.0,80,100,6,11.218147452917108,
8,10.0,80,100,8,11.591238402722128,
8,10.0,80,200,2,8.991478382457318,
8,10.0,80,200,4,10.565309410493056,
8,10.0,80,200,6,11.22070737461843,
8,10.0,80,200,8,11.605580835561902,
8,10.0,104,50,2,8.759332312304005,
8,10.0,104,50,4,10.34909518797256,
8,10.0,104,50,6,11.063520136634663,
8,10.0,104,50,8,11.45454512426863,
8,10.0,104,100,2,8.738658857649215,
8,10.0,104,100,4,10.339562804610187,
8,10.0,104,100,6,11.063357390028669,
8,10.0,104,100,8,11.48366165540718,
8,10.0,104,200,2,8.77489287482187,
8,10.0,104,200,4,10.34024661568776,
8,10.0,104,200,6,11.029264017349677,
8,10.0,104,200,8,11.43568814627726,
8,10.0,128,50,2,10.8866810820236,"(32, 32)"
8,10.0,128,50,2,8.605351942934558,
8,10.0,128,50,4,11.9236390494837,"(32, 32)"
8,10.0,128,50,4,10.295730365118382,
8,10.0,128,50,6,12.6177735750589,"(32, 32)"
8,10.0,128,50,6,10.953861576405766,
8,10.0,128,50,8,13.0715217646568,"(32, 32)"
8,10.0,128,50,8,11.376250145931763,
8,10.0,128,100,2,10.9157823587865,"(32, 32)"
8,10.0,128,100,2,8.596195940982367,
8,10.0,128,100,4,11.7783730634364,"(32, 32)"
8,10.0,128,100,4,10.26022238507106,
8,10.0,128,100,6,12.6157800225992,"(32, 32)"
8,10.0,128,100,6,10.956033230784431,
8,10.0,128,100,8,13.044089599049,"(32, 32)"
8,10.0,128,100,8,11.3724134250112,
8,10.0,128,200,2,10.8948470788301,"(32, 32)"
8,10.0,128,200,2,8.610154353761928,
8,10.0,128,200,4,11.8253473726829,"(32, 32)"
8,10.0,128,200,4,10.288139099070646,
8,10.0,128,200,6,12.6208112963113,"(32, 32)"
8,10.0,128,200,6,10.95328172253248,
8,10.0,128,200,8,13.0397761785571,"(32, 32)"
8,10.0,128,200,8,11.347287974069182,
8,10.0,224,50,2,9.39141649411148,"(32, 32)"
8,10.0,224,50,4,11.3372600895945,"(32, 32)"
8,10.0,224,50,6,12.1853012840394,"(32, 32)"
8,10.0,224,50,8,12.6678485988173,"(32, 32)"
8,10.0,224,100,2,9.43003236508201,"(32, 32)"
8,10.0,224,100,4,11.3117980739263,"(32, 32)"
8,10.0,224,100,6,12.1245900507574,"(32, 32)"
8,10.0,224,100,8,12.6119171945532,"(32, 32)"
8,10.0,224,200,2,9.406589438565,"(32, 32)"
8,10.0,224,200,4,11.3068555375585,"(32, 32)"
8,10.0,224,200,6,12.1387048722399,"(32, 32)"
8,10.0,224,200,8,12.5994605660392,"(32, 32)"
8,10.0,320,50,2,9.02076508552747,"(32, 32)"
8,10.0,320,50,4,11.1548686735116,"(32, 32)"
8,10.0,320,50,6,12.0275671932902,"(32, 32)"
8,10.0,320,50,8,12.5651123974498,"(32, 32)"
8,10.0,320,100,2,9.00499268967302,"(32, 32)"
8,10.0,320,100,4,11.1340994321955,"(32, 32)"
8,10.0,320,100,6,11.9711277444983,"(32, 32)"
8,10.0,320,100,8,12.5208285940524,"(32, 32)"
8,10.0,320,200,2,9.0176519432624,"(32, 32)"
8,10.0,320,200,4,11.0900890058518,"(32, 32)"
8,10.0,320,200,6,11.9619135442817,"(32, 32)"
8,10.0,320,200,8,12.4561241683308,"(32, 32)"
8,10.0,416,50,2,8.84414359251419,"(32, 32)"
8,10.0,416,50,4,11.0651976318913,"(32, 32)"
8,10.0,416,50,6,11.9634239358165,"(32, 32)"
8,10.0,416,50,8,12.4541661534459,"(32, 32)"
8,10.0,416,100,2,8.84779206228545,"(32, 32)"
8,10.0,416,100,4,11.0294006353584,"(32, 32)"
8,10.0,416,100,6,11.902257855778,"(32, 32)"
8,10.0,416,100,8,12.4037526881792,"(32, 32)"
8,10.0,416,200,2,8.83893597063683,"(32, 32)"
8,10.0,416,200,4,11.0378277324955,"(32, 32)"
8,10.0,416,200,6,11.8922605655377,"(32, 32)"
8,10.0,416,200,8,12.4004813746876,"(32, 32)"
8,10.0,512,50,2,8.70453099616983,"(32, 32)"
8,10.0,512,50,4,11.0206746100165,"(32, 32)"
8,10.0,512,50,6,11.9414619941147,"(32, 32)"
8,10.0,512,50,8,12.4140731014449,"(32, 32)"
8,10.0,512,100,2,8.74826119720996,"(32, 32)"
8,10.0,512,100,4,10.9912938430486,"(32, 32)"
8,10.0,512,100,6,11.8780542561733,"(32, 32)"
8,10.0,512,100,8,12.3551939633133,"(32, 32)"
8,10.0,512,200,2,8.71946664141461,"(32, 32)"
8,10.0,512,200,4,10.9713418620804,"(32, 32)"
8,10.0,512,200,6,11.8502538533122,"(32, 32)"
8,10.0,512,200,8,12.332165654211,"(32, 32)"
9,0.01,8,50,2,31.113576056454068,
9,0.01,8,50,4,31.522531716192148,
9,0.01,8,50,6,31.21185855962592,
9,0.01,8,50,8,31.22905169451627,
9,0.01,8,100,2,30.738293660246573,
9,0.01,8,100,4,31.252750550338284,
9,0.01,8,100,6,30.84044155631017,
9,0.01,8,100,8,31.05993752300712,
9,0.01,8,200,2,31.070215015483857,
9,0.01,8,200,4,31.549625785047176,
9,0.01,8,200,6,31.46553442852288,
9,0.01,8,200,8,30.63317737006941,
9,0.01,14,50,2,28.7005578202856,
9,0.01,14,50,4,29.313569006713887,
9,0.01,14,50,6,29.42662135658988,
9,0.01,14,50,8,28.78663656088577,
9,0.01,14,100,2,28.68152956864778,
9,0.01,14,100,4,30.04476932441526,
9,0.01,14,100,6,29.037762555082,
9,0.01,14,100,8,28.471057450781885,
9,0.01,14,200,2,28.180032083399684,
9,0.01,14,200,4,29.85433225903015,
9,0.01,14,200,6,29.196016363897936,
9,0.01,14,200,8,28.62225408585212,
9,0.01,20,50,2,26.220591465660764,
9,0.01,20,50,4,26.064570648854566,
9,0.01,20,50,6,25.457382192705296,
9,0.01,20,50,8,25.821864685403703,
9,0.01,20,100,2,25.11077022414884,
9,0.01,20,100,4,26.638238114182418,
9,0.01,20,100,6,25.599962684484943,
9,0.01,20,100,8,24.840568444325243,
9,0.01,20,200,2,25.84520993150972,
9,0.01,20,200,4,26.115569680486164,
9,0.01,20,200,6,24.942086546125488,
9,0.01,20,200,8,25.25121130728884,
9,0.01,26,50,2,21.670137606660496,
9,0.01,26,50,4,21.790017244875745,
9,0.01,26,50,6,20.568124575801114,
9,0.01,26,50,8,19.703408344358127,
9,0.01,26,100,2,21.70321393801521,
9,0.01,26,100,4,21.602387441159344,
9,0.01,26,100,6,19.54788539601689,
9,0.01,26,100,8,20.45731105179688,
9,0.01,26,200,2,21.609218417556797,
9,0.01,26,200,4,21.47326586008747,
9,0.01,26,200,6,20.814136154425928,
9,0.01,26,200,8,20.702911813466056,
9,0.01,32,50,2,17.195097530672964,
9,0.01,32,50,2,52.71075063999968,
9,0.01,32,50,4,16.485328277938432,
9,0.01,32,50,4,60.108359145566126,
9,0.01,32,50,6,14.630169729107392,
9,0.01,32,50,6,60.224985683719744,
9,0.01,32,50,8,14.62963963135826,
9,0.01,32,50,8,60.51731933617211,
9,0.01,32,100,2,17.61234797891997,
9,0.01,32,100,2,51.74870619331352,
9,0.01,32,100,4,14.97297892234,
9,0.01,32,100,4,59.93867817696318,
9,0.01,32,100,6,15.054222903484032,
9,0.01,32,100,6,60.99062969592597,
9,0.01,32,100,8,14.896307422411704,
9,0.01,32,100,8,60.11998824646734,
9,0.01,32,200,2,17.28331745604347,
9,0.01,32,200,2,52.31857640059096,
9,0.01,32,200,4,15.396968622466906,
9,0.01,32,200,4,59.74505071212784,
9,0.01,32,200,6,14.290797541728107,
9,0.01,32,200,6,60.12044122428685,
9,0.01,32,200,8,14.70065445773064,
9,0.01,32,200,8,60.20275504946309,
9,0.01,56,50,2,47.27668436601233,
9,0.01,56,50,4,54.02587715647804,
9,0.01,56,50,6,55.636809083500616,
9,0.01,56,50,8,53.89665590574489,
9,0.01,56,100,2,46.92071627298616,
9,0.01,56,100,4,54.41198623102697,
9,0.01,56,100,6,54.84291424671477,
9,0.01,56,100,8,53.606251566974606,
9,0.01,56,200,2,46.197428089240496,
9,0.01,56,200,4,54.8549340476103,
9,0.01,56,200,6,54.19190149789693,
9,0.01,56,200,8,54.686762760097615,
9,0.01,80,50,2,40.173393799459554,
9,0.01,80,50,4,46.26547996655438,
9,0.01,80,50,6,44.67337325026367,
9,0.01,80,50,8,43.90165322564543,
9,0.01,80,100,2,40.31632090358906,
9,0.01,80,100,4,45.73652713196552,
9,0.01,80,100,6,45.14873512329712,
9,0.01,80,100,8,44.289001906227845,
9,0.01,80,200,2,39.96376069687218,
9,0.01,80,200,4,45.8534999846898,
9,0.01,80,200,6,45.39768368697974,
9,0.01,80,200,8,44.89991969417876,
9,0.01,104,50,2,32.59546795100239,
9,0.01,104,50,4,33.74019898695684,
9,0.01,104,50,6,30.85223420397941,
9,0.01,104,50,8,30.946263961976825,
9,0.01,104,100,2,31.3081078408956,
9,0.01,104,100,4,33.857957445017746,
9,0.01,104,100,6,30.141207185603378,
9,0.01,104,100,8,30.261743646219752,
9,0.01,104,200,2,31.38300060380131,
9,0.01,104,200,4,32.753738131742814,
9,0.01,104,200,6,30.96500907652661,
9,0.01,104,200,8,29.804348452978186,
9,0.01,128,50,2,73.8380594857793,"(32, 32)"
9,0.01,128,50,2,20.35232602259578,
9,0.01,128,50,4,86.6071347176235,"(32, 32)"
9,0.01,128,50,4,17.684076955238265,
9,0.01,128,50,6,90.7929792748415,"(32, 32)"
9,0.01,128,50,6,13.541193103823932,
9,0.01,128,50,8,92.8665053126825,"(32, 32)"
9,0.01,128,50,8,14.492167626544662,
9,0.01,128,100,2,72.8103898033225,"(32, 32)"
9,0.01,128,100,2,19.446589071288784,
9,0.01,128,100,4,86.3813692606964,"(32, 32)"
9,0.01,128,100,4,19.76115961710855,
9,0.01,128,100,6,90.1920234037514,"(32, 32)"
9,0.01,128,100,6,18.080065043678427,
9,0.01,128,100,8,92.2965783688706,"(32, 32)"
9,0.01,128,100,8,11.92188267938809,
9,0.01,128,200,2,72.9359817935259,"(32, 32)"
9,0.01,128,200,2,20.33788265344245,
9,0.01,128,200,4,85.7666263087514,"(32, 32)"
9,0.01,128,200,4,17.99199106272352,
9,0.01,128,200,6,90.0382952067022,"(32, 32)"
9,0.01,128,200,6,15.413373248258692,
9,0.01,128,200,8,92.0769410988593,"(32, 32)"
9,0.01,128,200,8,14.390827653847577,
9,0.01,224,50,2,64.0256021968073,"(32, 32)"
9,0.01,224,50,4,77.4269198008746,"(32, 32)"
9,0.01,224,50,6,80.5315110509902,"(32, 32)"
9,0.01,224,50,8,81.5756576974527,"(32, 32)"
9,0.01,224,100,2,64.2982813295472,"(32, 32)"
9,0.01,224,100,4,76.1081498262223,"(32, 32)"
9,0.01,224,100,6,79.8034234557871,"(32, 32)"
9,0.01,224,100,8,81.2469360478103,"(32, 32)"
9,0.01,224,200,2,62.8573195851306,"(32, 32)"
9,0.01,224,200,4,76.5657801832409,"(32, 32)"
9,0.01,224,200,6,80.523193311631,"(32, 32)"
9,0.01,224,200,8,80.805413120541,"(32, 32)"
9,0.01,320,50,2,53.2747615499186,"(32, 32)"
9,0.01,320,50,4,62.0505636209592,"(32, 32)"
9,0.01,320,50,6,63.2068150672636,"(32, 32)"
9,0.01,320,50,8,62.1354085388775,"(32, 32)"
9,0.01,320,100,2,52.7561078987427,"(32, 32)"
9,0.01,320,100,4,63.005746579342,"(32, 32)"
9,0.01,320,100,6,63.7890597491197,"(32, 32)"
9,0.01,320,100,8,61.2422862275364,"(32, 32)"
9,0.01,320,200,2,52.509151024509,"(32, 32)"
9,0.01,320,200,4,61.3416391671206,"(32, 32)"
9,0.01,320,200,6,63.2867630881184,"(32, 32)"
9,0.01,320,200,8,62.7594499805339,"(32, 32)"
9,0.01,416,50,2,38.0131814581349,"(32, 32)"
9,0.01,416,50,4,40.395152161816,"(32, 32)"
9,0.01,416,50,6,31.6330686385962,"(32, 32)"
9,0.01,416,50,8,29.5802589287558,"(32, 32)"
9,0.01,416,100,2,38.1625057156731,"(32, 32)"
9,0.01,416,100,4,40.3113424445453,"(32, 32)"
9,0.01,416,100,6,33.347703093395,"(32, 32)"
9,0.01,416,100,8,32.1541882624168,"(32, 32)"
9,0.01,416,200,2,37.482956586352,"(32, 32)"
9,0.01,416,200,4,40.2591279857057,"(32, 32)"
9,0.01,416,200,6,33.3360904379877,"(32, 32)"
9,0.01,416,200,8,32.0560859674492,"(32, 32)"
9,0.01,512,50,2,17.0853909377601,"(32, 32)"
9,0.01,512,50,4,6.53916167226171,"(32, 32)"
9,0.01,512,50,6,5.41868369865995,"(32, 32)"
9,0.01,512,50,8,5.73890212136379,"(32, 32)"
9,0.01,512,100,2,17.5758383929428,"(32, 32)"
9,0.01,512,100,4,7.49865939556618,"(32, 32)"
9,0.01,512,100,6,5.4483709297894,"(32, 32)"
9,0.01,512,100,8,5.68887916024356,"(32, 32)"
9,0.01,512,200,2,18.0606284046365,"(32, 32)"
9,0.01,512,200,4,5.02580620670393,"(32, 32)"
9,0.01,512,200,6,5.39338025431426,"(32, 32)"
9,0.01,512,200,8,5.6899817784559,"(32, 32)"
9,0.1,8,50,2,17.63183753310191,
9,0.1,8,50,4,17.59952505944735,
9,0.1,8,50,6,17.259682964538396,
9,0.1,8,50,8,17.41953722403696,
9,0.1,8,100,2,17.973584820000106,
9,0.1,8,100,4,17.550985559683276,
9,0.1,8,100,6,17.350015804052713,
9,0.1,8,100,8,17.13924322409475,
9,0.1,8,200,2,17.86638076088495,
9,0.1,8,200,4,17.687733571158216,
9,0.1,8,200,6,17.008811237973216,
9,0.1,8,200,8,17.598371586459844,
9,0.1,14,50,2,12.477597111924236,
9,0.1,14,50,4,11.762406961557522,
9,0.1,14,50,6,11.184033586738154,
9,0.1,14,50,8,11.251868876886908,
9,0.1,14,100,2,12.319080433896696,
9,0.1,14,100,4,12.095350529234317,
9,0.1,14,100,6,11.535993887319016,
9,0.1,14,100,8,11.6051096416062,
9,0.1,14,200,2,12.24698913318572,
9,0.1,14,200,4,11.691871355965365,
9,0.1,14,200,6,11.898027920201422,
9,0.1,14,200,8,11.455222485503404,
9,0.1,20,50,2,8.52118600676655,
9,0.1,20,50,4,7.970669384347234,
9,0.1,20,50,6,7.876514834074553,
9,0.1,20,50,8,8.230467127802996,
9,0.1,20,100,2,8.455338221845462,
9,0.1,20,100,4,8.172707509801846,
9,0.1,20,100,6,8.154010333663084,
9,0.1,20,100,8,8.029955807916979,
9,0.1,20,200,2,8.443708156253301,
9,0.1,20,200,4,8.04069871627754,
9,0.1,20,200,6,8.11980471672166,
9,0.1,20,200,8,8.26442013127365,
9,0.1,26,50,2,6.327391028519037,
9,0.1,26,50,4,6.311322092878686,
9,0.1,26,50,6,6.544164711126808,
9,0.1,26,50,8,6.787144503056576,
9,0.1,26,100,2,6.289445531328873,
9,0.1,26,100,4,6.32565538230032,
9,0.1,26,100,6,6.539824629365938,
9,0.1,26,100,8,6.752565532141776,
9,0.1,26,200,2,6.323753372797733,
9,0.1,26,200,4,6.27811699159908,
9,0.1,26,200,6,6.509978631097321,
9,0.1,26,200,8,6.75701116320072,
9,0.1,32,50,2,5.118040989176868,
9,0.1,32,50,2,22.23424538033744,
9,0.1,32,50,4,5.493355639020454,
9,0.1,32,50,4,26.2508810712906,
9,0.1,32,50,6,5.85223523335849,
9,0.1,32,50,6,27.241270994539686,
9,0.1,32,50,8,6.111366513242328,
9,0.1,32,50,8,28.129689414828366,
9,0.1,32,100,2,5.12087548996179,
9,0.1,32,100,2,22.310268258431663,
9,0.1,32,100,4,5.483235210866441,
9,0.1,32,100,4,27.124282546157765,
9,0.1,32,100,6,5.841045549415923,
9,0.1,32,100,6,27.478061178517876,
9,0.1,32,100,8,6.092466874625434,
9,0.1,32,100,8,25.926271512992948,
9,0.1,32,200,2,5.157189116064818,
9,0.1,32,200,2,21.24914890155668,
9,0.1,32,200,4,5.442980229888676,
9,0.1,32,200,4,26.89874730082722,
9,0.1,32,200,6,5.827372239003963,
9,0.1,32,200,6,26.51478150014607,
9,0.1,32,200,8,6.126115658417064,
9,0.1,32,200,8,26.82788185360478,
9,0.1,56,50,2,10.411253313441213,
9,0.1,56,50,4,11.127937700537371,
9,0.1,56,50,6,10.613421245798712,
9,0.1,56,50,8,11.026853209289529,
9,0.1,56,100,2,10.856384831690958,
9,0.1,56,100,4,11.54865718813755,
9,0.1,56,100,6,10.807202402994813,
9,0.1,56,100,8,11.497378008934136,
9,0.1,56,200,2,10.665108229118838,
9,0.1,56,200,4,10.843789400144558,
9,0.1,56,200,6,10.22530721561991,
9,0.1,56,200,8,10.220109854927069,
9,0.1,80,50,2,6.96703669950966,
9,0.1,80,50,4,6.910964392399068,
9,0.1,80,50,6,7.209488116543913,
9,0.1,80,50,8,7.457120771954785,
9,0.1,80,100,2,6.904307648948453,
9,0.1,80,100,4,6.878727405309265,
9,0.1,80,100,6,7.181364409462463,
9,0.1,80,100,8,7.482259240271152,
9,0.1,80,200,2,6.94604296109539,
9,0.1,80,200,4,6.8795070786549575,
9,0.1,80,200,6,7.218122975253932,
9,0.1,80,200,8,7.497200506982225,
9,0.1,104,50,2,5.5332758582627,
9,0.1,104,50,4,5.992412856339282,
9,0.1,104,50,6,6.450456635627083,
9,0.1,104,50,8,6.818887498345158,
9,0.1,104,100,2,5.56053178233814,
9,0.1,104,100,4,6.00875089184711,
9,0.1,104,100,6,6.4982617328094525,
9,0.1,104,100,8,6.7714173363425125,
9,0.1,104,200,2,5.571679588224532,
9,0.1,104,200,4,5.992627064324967,
9,0.1,104,200,6,6.4772021227430585,
9,0.1,104,200,8,6.806293705291122,
9,0.1,128,50,2,26.9567937946903,"(32, 32)"
9,0.1,128,50,2,4.754871881566045,
9,0.1,128,50,4,37.6810236944457,"(32, 32)"
9,0.1,128,50,4,5.555194643801204,
9,0.1,128,50,6,40.2366320286233,"(32, 32)"
9,0.1,128,50,6,6.099210043864671,
9,0.1,128,50,8,40.4654441632077,"(32, 32)"
9,0.1,128,50,8,6.414245082472866,
9,0.1,128,100,2,26.0528951460198,"(32, 32)"
9,0.1,128,100,2,4.730319965016695,
9,0.1,128,100,4,36.3490847004038,"(32, 32)"
9,0.1,128,100,4,5.533188302464263,
9,0.1,128,100,6,43.8780843405953,"(32, 32)"
9,0.1,128,100,6,6.108142308903773,
9,0.1,128,100,8,44.2823650728517,"(32, 32)"
9,0.1,128,100,8,6.44210798652573,
9,0.1,128,200,2,25.6954847117215,"(32, 32)"
9,0.1,128,200,2,4.743585773183492,
9,0.1,128,200,4,36.7662054649148,"(32, 32)"
9,0.1,128,200,4,5.51736759830662,
9,0.1,128,200,6,41.5968639145358,"(32, 32)"
9,0.1,128,200,6,6.068515899574514,
9,0.1,128,200,8,42.6604900558374,"(32, 32)"
9,0.1,128,200,8,6.403406023641893,
9,0.1,224,50,2,8.9016420456913,"(32, 32)"
9,0.1,224,50,4,8.13924626190374,"(32, 32)"
9,0.1,224,50,6,8.46349957421424,"(32, 32)"
9,0.1,224,50,8,8.74041331869892,"(32, 32)"
9,0.1,224,100,2,9.13554546362552,"(32, 32)"
9,0.1,224,100,4,8.31726419548578,"(32, 32)"
9,0.1,224,100,6,8.59625473974202,"(32, 32)"
9,0.1,224,100,8,9.2899911735501,"(32, 32)"
9,0.1,224,200,2,8.95085096522722,"(32, 32)"
9,0.1,224,200,4,8.15332586845915,"(32, 32)"
9,0.1,224,200,6,8.45217455810883,"(32, 32)"
9,0.1,224,200,8,11.0252127836631,"(32, 32)"
9,0.1,320,50,2,6.44982855517209,"(32, 32)"
9,0.1,320,50,4,6.84231426908212,"(32, 32)"
9,0.1,320,50,6,7.42732247658216,"(32, 32)"
9,0.1,320,50,8,7.8901168810717,"(32, 32)"
9,0.1,320,100,2,6.45628150422644,"(32, 32)"
9,0.1,320,100,4,6.84248375173973,"(32, 32)"
9,0.1,320,100,6,7.44280124514661,"(32, 32)"
9,0.1,320,100,8,7.84110461608196,"(32, 32)"
9,0.1,320,200,2,6.49037073378423,"(32, 32)"
9,0.1,320,200,4,6.76891756000042,"(32, 32)"
9,0.1,320,200,6,7.39575791298105,"(32, 32)"
9,0.1,320,200,8,7.82542656171552,"(32, 32)"
9,0.1,416,50,2,5.43476956971304,"(32, 32)"
9,0.1,416,50,4,6.29827002130192,"(32, 32)"
9,0.1,416,50,6,7.02625229286275,"(32, 32)"
9,0.1,416,50,8,7.52828224559467,"(32, 32)"
9,0.1,416,100,2,5.4294307071695,"(32, 32)"
9,0.1,416,100,4,6.26217807696157,"(32, 32)"
9,0.1,416,100,6,7.00746220252207,"(32, 32)"
9,0.1,416,100,8,7.47595454726835,"(32, 32)"
9,0.1,416,200,2,5.41507736756628,"(32, 32)"
9,0.1,416,200,4,6.28607751366562,"(32, 32)"
9,0.1,416,200,6,6.97693047829243,"(32, 32)"
9,0.1,416,200,8,7.46145541805125,"(32, 32)"
9,0.1,512,50,2,4.86125122352795,"(32, 32)"
9,0.1,512,50,4,6.01631933391478,"(32, 32)"
9,0.1,512,50,6,6.82442361822207,"(32, 32)"
9,0.1,512,50,8,7.32118895666939,"(32, 32)"
9,0.1,512,100,2,4.887230813499,"(32, 32)"
9,0.1,512,100,4,5.99197518620363,"(32, 32)"
9,0.1,512,100,6,6.7870065190048,"(32, 32)"
9,0.1,512,100,8,7.26873069754061,"(32, 32)"
9,0.1,512,200,2,4.87280302182951,"(32, 32)"
9,0.1,512,200,4,5.96511266635547,"(32, 32)"
9,0.1,512,200,6,6.7564734041753,"(32, 32)"
9,0.1,512,200,8,7.2569197155918,"(32, 32)"
9,1.0,8,50,2,14.084539478425835,
9,1.0,8,50,4,12.971917264313978,
9,1.0,8,50,6,12.980499901219016,
9,1.0,8,50,8,12.91323670818026,
9,1.0,8,100,2,14.307968954972438,
9,1.0,8,100,4,13.39171176626654,
9,1.0,8,100,6,12.849693538113565,
9,1.0,8,100,8,12.966203628026111,
9,1.0,8,200,2,14.116293730570504,
9,1.0,8,200,4,13.073508264699573,
9,1.0,8,200,6,12.865146755385174,
9,1.0,8,200,8,12.97355397422649,
9,1.0,14,50,2,9.913053180128248,
9,1.0,14,50,4,9.6029289148622,
9,1.0,14,50,6,9.823600758706304,
9,1.0,14,50,8,10.057809245802543,
9,1.0,14,100,2,9.97123108604639,
9,1.0,14,100,4,9.602381895531282,
9,1.0,14,100,6,9.843797084150788,
9,1.0,14,100,8,10.039492064314002,
9,1.0,14,200,2,9.8892653556724,
9,1.0,14,200,4,9.637462325956378,
9,1.0,14,200,6,9.833812141614882,
9,1.0,14,200,8,10.07605034817197,
9,1.0,20,50,2,7.777395005873919,
9,1.0,20,50,4,8.177150795692718,
9,1.0,20,50,6,8.557940529114088,
9,1.0,20,50,8,8.835029319278446,
9,1.0,20,100,2,7.8492864393791795,
9,1.0,20,100,4,8.154448679350441,
9,1.0,20,100,6,8.54398901157887,
9,1.0,20,100,8,8.86675685559441,
9,1.0,20,200,2,7.81606510453065,
9,1.0,20,200,4,8.128294291597735,
9,1.0,20,200,6,8.562632761573411,
9,1.0,20,200,8,8.84986175601551,
9,1.0,26,50,2,6.707499039543615,
9,1.0,26,50,4,7.39962768649083,
9,1.0,26,50,6,7.863962340100786,
9,1.0,26,50,8,8.22303016519192,
9,1.0,26,100,2,6.735166852734956,
9,1.0,26,100,4,7.4187465137451,
9,1.0,26,100,6,7.872625568220703,
9,1.0,26,100,8,8.185542214714731,
9,1.0,26,200,2,6.671940465958822,
9,1.0,26,200,4,7.409969120347395,
9,1.0,26,200,6,7.877330858938301,
9,1.0,26,200,8,8.181894261555534,
9,1.0,32,50,2,6.139330234840107,
9,1.0,32,50,2,11.689634403617353,
9,1.0,32,50,4,6.972525219794751,
9,1.0,32,50,4,11.13521150138892,
9,1.0,32,50,6,7.498093171907082,
9,1.0,32,50,6,11.332288937036958,
9,1.0,32,50,8,7.815766162962613,
9,1.0,32,50,8,11.47016419882675,
9,1.0,32,100,2,6.115789221974314,
9,1.0,32,100,2,11.75146556398866,
9,1.0,32,100,4,6.977471475026928,
9,1.0,32,100,4,11.071191336907162,
9,1.0,32,100,6,7.492748824205103,
9,1.0,32,100,6,11.343201006591029,
9,1.0,32,100,8,7.787822597918521,
9,1.0,32,100,8,11.402945429108591,
9,1.0,32,200,2,6.116441001505888,
9,1.0,32,200,2,11.60992241412121,
9,1.0,32,200,4,7.005194507760133,
9,1.0,32,200,4,11.11631247105359,
9,1.0,32,200,6,7.51523441560762,
9,1.0,32,200,6,11.416623767484458,
9,1.0,32,200,8,7.809041226548217,
9,1.0,32,200,8,11.508604893851524,
9,1.0,56,50,2,8.385660020286423,
9,1.0,56,50,4,8.810553802507807,
9,1.0,56,50,6,9.355909517931158,
9,1.0,56,50,8,9.682883066902372,
9,1.0,56,100,2,8.33123778380223,
9,1.0,56,100,4,8.855028273603555,
9,1.0,56,100,6,9.357496681304514,
9,1.0,56,100,8,9.719624470807275,
9,1.0,56,200,2,8.464048988200517,
9,1.0,56,200,4,8.825342222499833,
9,1.0,56,200,6,9.320796471154676,
9,1.0,56,200,8,9.669941205040264,
9,1.0,80,50,2,7.0812843800019065,
9,1.0,80,50,4,8.011715417021492,
9,1.0,80,50,6,8.625770644989972,
9,1.0,80,50,8,8.964664392609416,
9,1.0,80,100,2,7.1138051744518975,
9,1.0,80,100,4,7.965796069002737,
9,1.0,80,100,6,8.586322695948764,
9,1.0,80,100,8,8.958744648798348,
9,1.0,80,200,2,7.106054717025294,
9,1.0,80,200,4,8.007641242452253,
9,1.0,80,200,6,8.627787042981138,
9,1.0,80,200,8,8.948940397651706,
9,1.0,104,50,2,6.5339641863329225,
9,1.0,104,50,4,7.572839399850477,
9,1.0,104,50,6,8.214784543073016,
9,1.0,104,50,8,8.663850057627089,
9,1.0,104,100,2,6.511544759035737,
9,1.0,104,100,4,7.577750222288703,
9,1.0,104,100,6,8.20750789719805,
9,1.0,104,100,8,8.606840837264162,
9,1.0,104,200,2,6.526754045586675,
9,1.0,104,200,4,7.570141927177286,
9,1.0,104,200,6,8.19276619947546,
9,1.0,104,200,8,8.634445988697728,
9,1.0,128,50,2,10.8909672118266,"(32, 32)"
9,1.0,128,50,2,6.215989923672751,
9,1.0,128,50,4,10.5523291380641,"(32, 32)"
9,1.0,128,50,4,7.32528351635421,
9,1.0,128,50,6,10.9023617696801,"(32, 32)"
9,1.0,128,50,6,7.986180528716832,
9,1.0,128,50,8,11.2293209331912,"(32, 32)"
9,1.0,128,50,8,8.403902654956468,
9,1.0,128,100,2,10.8372653183392,"(32, 32)"
9,1.0,128,100,2,6.212314668957343,
9,1.0,128,100,4,10.477728702686,"(32, 32)"
9,1.0,128,100,4,7.327462823227509,
9,1.0,128,100,6,10.9167164420432,"(32, 32)"
9,1.0,128,100,6,7.999106595698404,
9,1.0,128,100,8,11.2633460672274,"(32, 32)"
9,1.0,128,100,8,8.403588536629382,
9,1.0,128,200,2,10.8104099613055,"(32, 32)"
9,1.0,128,200,2,6.1945806506377705,
9,1.0,128,200,4,10.49613827127,"(32, 32)"
9,1.0,128,200,4,7.327471152866707,
9,1.0,128,200,6,10.9098653402856,"(32, 32)"
9,1.0,128,200,6,8.016176082116223,
9,1.0,128,200,8,11.2522507853138,"(32, 32)"
9,1.0,128,200,8,8.420881393222487,
9,1.0,224,50,2,8.0515663471209,"(32, 32)"
9,1.0,224,50,4,8.99263186313816,"(32, 32)"
9,1.0,224,50,6,9.60203904908465,"(32, 32)"
9,1.0,224,50,8,10.1361711828263,"(32, 32)"
9,1.0,224,100,2,8.00050400100016,"(32, 32)"
9,1.0,224,100,4,8.92054474061076,"(32, 32)"
9,1.0,224,100,6,9.58290963825757,"(32, 32)"
9,1.0,224,100,8,10.0795535945439,"(32, 32)"
9,1.0,224,200,2,7.99503625418988,"(32, 32)"
9,1.0,224,200,4,8.94303498572265,"(32, 32)"
9,1.0,224,200,6,9.56100492071802,"(32, 32)"
9,1.0,224,200,8,10.1043898305467,"(32, 32)"
9,1.0,320,50,2,7.1493483666605,"(32, 32)"
9,1.0,320,50,4,8.45224270825894,"(32, 32)"
9,1.0,320,50,6,9.21011537825459,"(32, 32)"
9,1.0,320,50,8,9.76583495868047,"(32, 32)"
9,1.0,320,100,2,7.15387589832619,"(32, 32)"
9,1.0,320,100,4,8.42285580842284,"(32, 32)"
9,1.0,320,100,6,9.20158230816184,"(32, 32)"
9,1.0,320,100,8,9.71987231480754,"(32, 32)"
9,1.0,320,200,2,7.14392013814443,"(32, 32)"
9,1.0,320,200,4,8.42914172960994,"(32, 32)"
9,1.0,320,200,6,9.16673516912585,"(32, 32)"
9,1.0,320,200,8,9.71552245097305,"(32, 32)"
9,1.0,416,50,2,6.80696903350498,"(32, 32)"
9,1.0,416,50,4,8.2086590800704,"(32, 32)"
9,1.0,416,50,6,9.00521678199762,"(32, 32)"
9,1.0,416,50,8,9.57733061391495,"(32, 32)"
9,1.0,416,100,2,6.79847519552222,"(32, 32)"
9,1.0,416,100,4,8.15523712767707,"(32, 32)"
9,1.0,416,100,6,8.98099269724015,"(32, 32)"
9,1.0,416,100,8,9.53210585456882,"(32, 32)"
9,1.0,416,200,2,6.79044320099703,"(32, 32)"
9,1.0,416,200,4,8.14646002528727,"(32, 32)"
9,1.0,416,200,6,8.96080489255903,"(32, 32)"
9,1.0,416,200,8,9.52067163999276,"(32, 32)"
9,1.0,512,50,2,6.60926187477065,"(32, 32)"
9,1.0,512,50,4,8.04146748297754,"(32, 32)"
9,1.0,512,50,6,8.88699196867088,"(32, 32)"
9,1.0,512,50,8,9.45678216479335,"(32, 32)"
9,1.0,512,100,2,6.58193620109413,"(32, 32)"
9,1.0,512,100,4,8.03131768461569,"(32, 32)"
9,1.0,512,100,6,8.83145635084359,"(32, 32)"
9,1.0,512,100,8,9.40215914663501,"(32, 32)"
9,1.0,512,200,2,6.59416479460279,"(32, 32)"
9,1.0,512,200,4,8.01587722708666,"(32, 32)"
9,1.0,512,200,6,8.85663628338115,"(32, 32)"
9,1.0,512,200,8,9.38485098491357,"(32, 32)"
9,10.0,8,50,2,14.396941448279406,
9,10.0,8,50,4,13.1254369753802,
9,10.0,8,50,6,13.312120029238452,
9,10.0,8,50,8,13.39917531109038,
9,10.0,8,100,2,14.460153353393666,
9,10.0,8,100,4,13.127329011180205,
9,10.0,8,100,6,13.32868754193661,
9,10.0,8,100,8,13.63806477888582,
9,10.0,8,200,2,14.235095611990792,
9,10.0,8,200,4,13.232589943582104,
9,10.0,8,200,6,13.387057849695497,
9,10.0,8,200,8,13.501380567248658,
9,10.0,14,50,2,10.584426783346904,
9,10.0,14,50,4,11.110624819816334,
9,10.0,14,50,6,11.590265866143898,
9,10.0,14,50,8,11.91326489389575,
9,10.0,14,100,2,10.60292254770987,
9,10.0,14,100,4,11.007464737065668,
9,10.0,14,100,6,11.574413863104,
9,10.0,14,100,8,12.015411970336038,
9,10.0,14,200,2,10.663555963244624,
9,10.0,14,200,4,11.0902632270855,
9,10.0,14,200,6,11.597515964912334,
9,10.0,14,200,8,11.94227304953289,
9,10.0,20,50,2,9.436395239430473,
9,10.0,20,50,4,10.336970109747089,
9,10.0,20,50,6,10.962116550537951,
9,10.0,20,50,8,11.305166153966905,
9,10.0,20,100,2,9.44086401395964,
9,10.0,20,100,4,10.359885731070582,
9,10.0,20,100,6,10.950835202210676,
9,10.0,20,100,8,11.33725487424077,
9,10.0,20,200,2,9.441962999461666,
9,10.0,20,200,4,10.364008585011655,
9,10.0,20,200,6,10.9114850003714,
9,10.0,20,200,8,11.334481648631492,
9,10.0,26,50,2,8.940314003296477,
9,10.0,26,50,4,10.029632723198583,
9,10.0,26,50,6,10.597502007435876,
9,10.0,26,50,8,10.92294022545877,
9,10.0,26,100,2,8.903878950422087,
9,10.0,26,100,4,10.080121456201674,
9,10.0,26,100,6,10.613700333325085,
9,10.0,26,100,8,10.991267639583306,
9,10.0,26,200,2,8.921853407852046,
9,10.0,26,200,4,10.069716620146696,
9,10.0,26,200,6,10.605502021414202,
9,10.0,26,200,8,10.985360026790788,
9,10.0,32,50,2,8.692205897203252,
9,10.0,32,50,2,11.7166568768724,
9,10.0,32,50,4,9.847976213316464,
9,10.0,32,50,4,11.849348129176802,
9,10.0,32,50,6,10.401602775606923,
9,10.0,32,50,6,12.304148673718185,
9,10.0,32,50,8,10.745459373882612,
9,10.0,32,50,8,12.632188016027374,
9,10.0,32,100,2,8.70504569701723,
9,10.0,32,100,2,11.671698348050333,
9,10.0,32,100,4,9.831723571740271,
9,10.0,32,100,4,11.794356849150674,
9,10.0,32,100,6,10.385441868380646,
9,10.0,32,100,6,12.264539692479625,
9,10.0,32,100,8,10.782047319645567,
9,10.0,32,100,8,12.674690582892756,
9,10.0,32,200,2,8.672331157062322,
9,10.0,32,200,2,11.60144955358531,
9,10.0,32,200,4,9.830380422035727,
9,10.0,32,200,4,11.810594031553782,
9,10.0,32,200,6,10.388438150982893,
9,10.0,32,200,6,12.306613192567822,
9,10.0,32,200,8,10.806247204172932,
9,10.0,32,200,8,12.742453641936256,
9,10.0,56,50,2,9.627318858441306,
9,10.0,56,50,4,10.846315987265235,
9,10.0,56,50,6,11.548720938799484,
9,10.0,56,50,8,11.95445429572362,
9,10.0,56,100,2,9.571832030197074,
9,10.0,56,100,4,10.9132077121981,
9,10.0,56,100,6,11.477111927900957,
9,10.0,56,100,8,11.897501296884778,
9,10.0,56,200,2,9.568747281124594,
9,10.0,56,200,4,10.86012496005222,
9,10.0,56,200,6,11.553766529864248,
9,10.0,56,200,8,11.872538100579296,
9,10.0,80,50,2,9.025924221066427,
9,10.0,80,50,4,10.525571293854396,
9,10.0,80,50,6,11.237317544815904,
9,10.0,80,50,8,11.580130831913278,
9,10.0,80,100,2,9.002560145445477,
9,10.0,80,100,4,10.543849211510397,
9,10.0,80,100,6,11.22190553283362,
9,10.0,80,100,8,11.689163497612896,
9,10.0,80,200,2,9.02962386859231,
9,10.0,80,200,4,10.550222992913245,
9,10.0,80,200,6,11.204664989061024,
9,10.0,80,200,8,11.60849139417911,
9,10.0,104,50,2,8.771261922070645,
9,10.0,104,50,4,10.340195889415932,
9,10.0,104,50,6,11.040586502694788,
9,10.0,104,50,8,11.443826895371604,
9,10.0,104,100,2,8.74188859171188,
9,10.0,104,100,4,10.362821117988938,
9,10.0,104,100,6,11.023427118395182,
9,10.0,104,100,8,11.492691205342526,
9,10.0,104,200,2,8.751182912158821,
9,10.0,104,200,4,10.36311100353706,
9,10.0,104,200,6,11.076584293205745,
9,10.0,104,200,8,11.447083340768426,
9,10.0,128,50,2,10.9377826763137,"(32, 32)"
9,10.0,128,50,2,8.602000877580773,
9,10.0,128,50,4,11.9352616213765,"(32, 32)"
9,10.0,128,50,4,10.290896264609565,
9,10.0,128,50,6,12.610661286236,"(32, 32)"
9,10.0,128,50,6,10.955118517598024,
9,10.0,128,50,8,13.0843303000901,"(32, 32)"
9,10.0,128,50,8,11.340670753569611,
9,10.0,128,100,2,10.887338938874,"(32, 32)"
9,10.0,128,100,2,8.609145035069584,
9,10.0,128,100,4,11.7932642381311,"(32, 32)"
9,10.0,128,100,4,10.24346901843991,
9,10.0,128,100,6,12.5864866907647,"(32, 32)"
9,10.0,128,100,6,10.972382642214406,
9,10.0,128,100,8,13.0385894232447,"(32, 32)"
9,10.0,128,100,8,11.383064178218852,
9,10.0,128,200,2,10.9305033075963,"(32, 32)"
9,10.0,128,200,2,8.60525486109303,
9,10.0,128,200,4,11.8211375148408,"(32, 32)"
9,10.0,128,200,4,10.28648192326541,
9,10.0,128,200,6,12.5779648669931,"(32, 32)"
9,10.0,128,200,6,10.896156865428985,
9,10.0,128,200,8,12.962659761627,"(32, 32)"
9,10.0,128,200,8,11.356410000334751,
9,10.0,224,50,2,9.43625759005699,"(32, 32)"
9,10.0,224,50,4,11.3497947371823,"(32, 32)"
9,10.0,224,50,6,12.18535982561,"(32, 32)"
9,10.0,224,50,8,12.6850291885804,"(32, 32)"
9,10.0,224,100,2,9.41094306136209,"(32, 32)"
9,10.0,224,100,4,11.2987931813958,"(32, 32)"
9,10.0,224,100,6,12.1531788690167,"(32, 32)"
9,10.0,224,100,8,12.6295591374984,"(32, 32)"
9,10.0,224,200,2,9.38658301373978,"(32, 32)"
9,10.0,224,200,4,11.296301947235,"(32, 32)"
9,10.0,224,200,6,12.1481790692971,"(32, 32)"
9,10.0,224,200,8,12.6617266073277,"(32, 32)"
9,10.0,320,50,2,9.01304401761019,"(32, 32)"
9,10.0,320,50,4,11.1794027509487,"(32, 32)"
9,10.0,320,50,6,12.0644254580689,"(32, 32)"
9,10.0,320,50,8,12.5480352983985,"(32, 32)"
9,10.0,320,100,2,9.03651565108503,"(32, 32)"
9,10.0,320,100,4,11.114823562519,"(32, 32)"
9,10.0,320,100,6,11.9881286710822,"(32, 32)"
9,10.0,320,100,8,12.50225336745,"(32, 32)"
9,10.0,320,200,2,9.01914954090252,"(32, 32)"
9,10.0,320,200,4,11.1300148965714,"(32, 32)"
9,10.0,320,200,6,11.9846290054161,"(32, 32)"
9,10.0,320,200,8,12.462577496654,"(32, 32)"
9,10.0,416,50,2,8.83539825871685,"(32, 32)"
9,10.0,416,50,4,11.0730135684051,"(32, 32)"
9,10.0,416,50,6,11.9784122837646,"(32, 32)"
9,10.0,416,50,8,12.4559774733617,"(32, 32)"
9,10.0,416,100,2,8.82213395995673,"(32, 32)"
9,10.0,416,100,4,11.0216595076242,"(32, 32)"
9,10.0,416,100,6,11.9181564751378,"(32, 32)"
9,10.0,416,100,8,12.4241781534759,"(32, 32)"
9,10.0,416,200,2,8.84456584928033,"(32, 32)"
9,10.0,416,200,4,11.0235356056828,"(32, 32)"
9,10.0,416,200,6,11.8846325806542,"(32, 32)"
9,10.0,416,200,8,12.3988950052444,"(32, 32)"
9,10.0,512,50,2,8.71328137258473,"(32, 32)"
9,10.0,512,50,4,11.0120128580137,"(32, 32)"
9,10.0,512,50,6,11.8797215762409,"(32, 32)"
9,10.0,512,50,8,12.3922185847174,"(32, 32)"
9,10.0,512,100,2,8.72564840011568,"(32, 32)"
9,10.0,512,100,4,11.0025340542638,"(32, 32)"
9,10.0,512,100,6,11.8173004568679,"(32, 32)"
9,10.0,512,100,8,12.3610915813697,"(32, 32)"
9,10.0,512,200,2,8.74644049041903,"(32, 32)"
9,10.0,512,200,4,10.9810327516016,"(32, 32)"
9,10.0,512,200,6,11.8740842767301,"(32, 32)"
9,10.0,512,200,8,12.32978761241,"(32, 32)"
