rep,alp,num_cell,cell_size,sparse_freq,error,filter_dim
0,0.01,8,50,2,26.898552727320904,
0,0.01,8,50,4,27.504760330173983,
0,0.01,8,50,6,27.18224913654751,
0,0.01,8,50,8,27.211812340700103,
0,0.01,8,100,2,27.194651117038465,
0,0.01,8,100,4,27.718712910968176,
0,0.01,8,100,6,27.823228528440936,
0,0.01,8,100,8,27.49230648274107,
0,0.01,8,200,2,27.13426036360189,
0,0.01,8,200,4,27.945696419927977,
0,0.01,8,200,6,27.62086462768249,
0,0.01,8,200,8,27.38072151765977,
0,0.01,14,50,2,24.441792767166152,
0,0.01,14,50,4,26.062451918303783,
0,0.01,14,50,6,25.87996541169817,
0,0.01,14,50,8,25.09952836828419,
0,0.01,14,100,2,24.70626720347772,
0,0.01,14,100,4,25.48415593112176,
0,0.01,14,100,6,25.494542678588704,
0,0.01,14,100,8,25.323258739082217,
0,0.01,14,200,2,24.56722728481224,
0,0.01,14,200,4,25.628849466124603,
0,0.01,14,200,6,25.39685755837387,
0,0.01,14,200,8,25.36294810659271,
0,0.01,20,50,2,21.9812498819906,
0,0.01,20,50,4,22.354154541164025,
0,0.01,20,50,6,21.90505442710302,
0,0.01,20,50,8,21.81513143586829,
0,0.01,20,100,2,21.89777814489647,
0,0.01,20,100,4,22.44869154959412,
0,0.01,20,100,6,21.4563649975356,
0,0.01,20,100,8,22.23265196610708,
0,0.01,20,200,2,22.150471567339544,
0,0.01,20,200,4,22.124122990182386,
0,0.01,20,200,6,22.10760193310034,
0,0.01,20,200,8,21.97483565580433,
0,0.01,26,50,2,18.53952320296457,
0,0.01,26,50,4,17.975236919258304,
0,0.01,26,50,6,17.29960973222249,
0,0.01,26,50,8,17.03330099372755,
0,0.01,26,100,2,18.3964631205751,
0,0.01,26,100,4,17.749979905667818,
0,0.01,26,100,6,17.671569551750725,
0,0.01,26,100,8,17.13230617625637,
0,0.01,26,200,2,18.22899861576185,
0,0.01,26,200,4,17.848357078533365,
0,0.01,26,200,6,17.526656747561017,
0,0.01,26,200,8,17.802435136164483,
0,0.01,32,50,2,14.13840489952906,
0,0.01,32,50,2,44.410998289883146,
0,0.01,32,50,4,13.481492955649696,
0,0.01,32,50,4,54.16790219976351,
0,0.01,32,50,6,13.10728319686175,
0,0.01,32,50,6,54.79118369388813,
0,0.01,32,50,8,12.82214379583212,
0,0.01,32,50,8,54.26019152704865,
0,0.01,32,100,2,14.10025490063706,
0,0.01,32,100,2,44.31395879369983,
0,0.01,32,100,4,12.954654690709344,
0,0.01,32,100,4,54.13807146840489,
0,0.01,32,100,6,12.53749214392708,
0,0.01,32,100,6,55.17391033194166,
0,0.01,32,100,8,12.871666485976892,
0,0.01,32,100,8,54.24547529908448,
0,0.01,32,200,2,14.197584827973728,
0,0.01,32,200,2,44.38829039222047,
0,0.01,32,200,4,12.998304256467502,
0,0.01,32,200,4,52.35218583638055,
0,0.01,32,200,6,13.052822050524783,
0,0.01,32,200,6,54.328860120212994,
0,0.01,32,200,8,13.218881592873364,
0,0.01,32,200,8,54.742056074348085,
0,0.01,56,50,2,38.65142723103313,
0,0.01,56,50,4,47.60348148757136,
0,0.01,56,50,6,48.66548369986119,
0,0.01,56,50,8,48.87609339122746,
0,0.01,56,100,2,38.68647574946969,
0,0.01,56,100,4,47.77722222845514,
0,0.01,56,100,6,50.05109053575516,
0,0.01,56,100,8,48.13612665135575,
0,0.01,56,200,2,38.984395059645394,
0,0.01,56,200,4,47.8670427766296,
0,0.01,56,200,6,49.22009229010432,
0,0.01,56,200,8,48.524775675629016,
0,0.01,80,50,2,32.39355614479229,
0,0.01,80,50,4,38.53619442144048,
0,0.01,80,50,6,38.67134281909705,
0,0.01,80,50,8,37.0022436441155,
0,0.01,80,100,2,31.836866119508738,
0,0.01,80,100,4,38.336791311006735,
0,0.01,80,100,6,37.65085137001179,
0,0.01,80,100,8,37.03634719213251,
0,0.01,80,200,2,31.817176639978594,
0,0.01,80,200,4,39.16463863452028,
0,0.01,80,200,6,38.23729380077821,
0,0.01,80,200,8,37.49215906185432,
0,0.01,104,50,2,24.21487470570392,
0,0.01,104,50,4,25.62836140241134,
0,0.01,104,50,6,22.927827547142236,
0,0.01,104,50,8,24.09019434082893,
0,0.01,104,100,2,24.22432639619449,
0,0.01,104,100,4,25.103745993312003,
0,0.01,104,100,6,23.06086505997668,
0,0.01,104,100,8,21.97961651912701,
0,0.01,104,200,2,24.15074239028086,
0,0.01,104,200,4,26.202417681433424,
0,0.01,104,200,6,23.320839952289933,
0,0.01,104,200,8,23.22057810757834,
0,0.01,128,50,2,67.18645248661069,"(32, 32)"
0,0.01,128,50,2,15.082596031982188,
0,0.01,128,50,4,85.76988292207986,"(32, 32)"
0,0.01,128,50,4,13.195337217588971,
0,0.01,128,50,6,91.90519197510662,"(32, 32)"
0,0.01,128,50,6,12.676056008674724,
0,0.01,128,50,8,95.63722793087685,"(32, 32)"
0,0.01,128,50,8,13.180632335214556,
0,0.01,128,100,2,66.07758392235131,"(32, 32)"
0,0.01,128,100,2,14.593733662957598,
0,0.01,128,100,4,85.74648758170143,"(32, 32)"
0,0.01,128,100,4,12.884844377412051,
0,0.01,128,100,6,92.3081876642434,"(32, 32)"
0,0.01,128,100,6,11.707105379885006,
0,0.01,128,100,8,94.46735504463123,"(32, 32)"
0,0.01,128,100,8,12.145136678530443,
0,0.01,128,200,2,66.22397626385813,"(32, 32)"
0,0.01,128,200,2,14.387873184574245,
0,0.01,128,200,4,83.82114681554351,"(32, 32)"
0,0.01,128,200,4,12.931581921970672,
0,0.01,128,200,6,91.65864530204423,"(32, 32)"
0,0.01,128,200,6,11.064917348767615,
0,0.01,128,200,8,95.7323310625143,"(32, 32)"
0,0.01,128,200,8,12.02987020928311,
0,0.01,224,50,2,55.96463156009104,"(32, 32)"
0,0.01,224,50,4,75.97897836173547,"(32, 32)"
0,0.01,224,50,6,84.01747755605135,"(32, 32)"
0,0.01,224,50,8,85.92261800741294,"(32, 32)"
0,0.01,224,100,2,54.71875470573715,"(32, 32)"
0,0.01,224,100,4,75.65245841419384,"(32, 32)"
0,0.01,224,100,6,83.77962864833334,"(32, 32)"
0,0.01,224,100,8,86.37812845882807,"(32, 32)"
0,0.01,224,200,2,54.81866082917166,"(32, 32)"
0,0.01,224,200,4,74.8519565996729,"(32, 32)"
0,0.01,224,200,6,84.0744159180234,"(32, 32)"
0,0.01,224,200,8,84.87692640587545,"(32, 32)"
0,0.01,320,50,2,42.94055804561178,"(32, 32)"
0,0.01,320,50,4,56.19586832192451,"(32, 32)"
0,0.01,320,50,6,58.75029063051452,"(32, 32)"
0,0.01,320,50,8,56.55881237844296,"(32, 32)"
0,0.01,320,100,2,43.671962261624586,"(32, 32)"
0,0.01,320,100,4,57.46331080988458,"(32, 32)"
0,0.01,320,100,6,61.08341560861304,"(32, 32)"
0,0.01,320,100,8,60.250045744692585,"(32, 32)"
0,0.01,320,200,2,42.60326052621559,"(32, 32)"
0,0.01,320,200,4,57.03560891411699,"(32, 32)"
0,0.01,320,200,6,59.91477775868046,"(32, 32)"
0,0.01,320,200,8,59.475442482712175,"(32, 32)"
0,0.01,416,50,2,25.997062810638308,"(32, 32)"
0,0.01,416,50,4,27.00407668525793,"(32, 32)"
0,0.01,416,50,6,28.404508866769767,"(32, 32)"
0,0.01,416,50,8,20.00153754999884,"(32, 32)"
0,0.01,416,100,2,27.55701577084464,"(32, 32)"
0,0.01,416,100,4,27.82519378731724,"(32, 32)"
0,0.01,416,100,6,28.226908673471456,"(32, 32)"
0,0.01,416,100,8,25.25611289784111,"(32, 32)"
0,0.01,416,200,2,27.607593835133887,"(32, 32)"
0,0.01,416,200,4,28.95255555253216,"(32, 32)"
0,0.01,416,200,6,27.053655787025736,"(32, 32)"
0,0.01,416,200,8,22.49719907493022,"(32, 32)"
0,0.01,512,50,2,11.80164722648075,"(32, 32)"
0,0.01,512,50,4,9.453554153158958,"(32, 32)"
0,0.01,512,50,6,9.310978093053189,"(32, 32)"
0,0.01,512,50,8,9.662442391484154,"(32, 32)"
0,0.01,512,100,2,10.861189392883093,"(32, 32)"
0,0.01,512,100,4,8.676912291551828,"(32, 32)"
0,0.01,512,100,6,9.1642585596834,"(32, 32)"
0,0.01,512,100,8,9.565898814826449,"(32, 32)"
0,0.01,512,200,2,12.14332627103483,"(32, 32)"
0,0.01,512,200,4,8.354284372871952,"(32, 32)"
0,0.01,512,200,6,9.154702325936857,"(32, 32)"
0,0.01,512,200,8,9.533053068118342,"(32, 32)"
0,0.1,8,50,2,18.795454344173383,
0,0.1,8,50,4,18.88572903301322,
0,0.1,8,50,6,18.417717928103883,
0,0.1,8,50,8,18.37359831777168,
0,0.1,8,100,2,18.895103813425244,
0,0.1,8,100,4,18.60506175907734,
0,0.1,8,100,6,18.43710347411927,
0,0.1,8,100,8,18.441761313205745,
0,0.1,8,200,2,18.931380085641447,
0,0.1,8,200,4,18.725065920297386,
0,0.1,8,200,6,18.414243662432185,
0,0.1,8,200,8,18.47940133285181,
0,0.1,14,50,2,15.285884848586557,
0,0.1,14,50,4,15.078665894605292,
0,0.1,14,50,6,14.925781505577726,
0,0.1,14,50,8,14.93906933828516,
0,0.1,14,100,2,15.263183148565709,
0,0.1,14,100,4,15.274919380437249,
0,0.1,14,100,6,15.158003558150275,
0,0.1,14,100,8,14.928440299406674,
0,0.1,14,200,2,15.503543694779824,
0,0.1,14,200,4,15.265623000895468,
0,0.1,14,200,6,14.918429407287638,
0,0.1,14,200,8,15.01594573282751,
0,0.1,20,50,2,12.54052284744753,
0,0.1,20,50,4,12.716403154181904,
0,0.1,20,50,6,12.796730124523329,
0,0.1,20,50,8,12.999933389346324,
0,0.1,20,100,2,12.607131550443018,
0,0.1,20,100,4,12.714567579326008,
0,0.1,20,100,6,12.7559446052504,
0,0.1,20,100,8,12.846182562656717,
0,0.1,20,200,2,12.632948082625084,
0,0.1,20,200,4,12.830524996023506,
0,0.1,20,200,6,12.759151091842774,
0,0.1,20,200,8,12.858339363009378,
0,0.1,26,50,2,10.100563607684034,
0,0.1,26,50,4,10.829324851226804,
0,0.1,26,50,6,11.393597501486475,
0,0.1,26,50,8,11.608802914803322,
0,0.1,26,100,2,10.213950240259546,
0,0.1,26,100,4,10.932589578529788,
0,0.1,26,100,6,11.331104134127331,
0,0.1,26,100,8,11.665695822148484,
0,0.1,26,200,2,10.275253819952727,
0,0.1,26,200,4,10.848171948547098,
0,0.1,26,200,6,11.283475619329442,
0,0.1,26,200,8,11.624538945725272,
0,0.1,32,50,2,8.141025877470632,
0,0.1,32,50,2,20.826348723371098,
0,0.1,32,50,4,9.448615797280528,
0,0.1,32,50,4,23.779214498702284,
0,0.1,32,50,6,10.15856681807839,
0,0.1,32,50,6,24.02951936480046,
0,0.1,32,50,8,10.677437132889455,
0,0.1,32,50,8,24.36112510751312,
0,0.1,32,100,2,8.202237210143636,
0,0.1,32,100,2,20.268176927678518,
0,0.1,32,100,4,9.46113345559867,
0,0.1,32,100,4,22.882998042788657,
0,0.1,32,100,6,10.188905209475442,
0,0.1,32,100,6,24.10696630504081,
0,0.1,32,100,8,10.663716583789844,
0,0.1,32,100,8,24.210350814855392,
0,0.1,32,200,2,8.185544544857697,
0,0.1,32,200,2,20.367681113210782,
0,0.1,32,200,4,9.434420657987191,
0,0.1,32,200,4,23.193269325483083,
0,0.1,32,200,6,10.15394016702518,
0,0.1,32,200,6,23.647705712037165,
0,0.1,32,200,8,10.688703145796726,
0,0.1,32,200,8,22.938153582416085,
0,0.1,56,50,2,14.212103663196636,
0,0.1,56,50,4,14.312161903885698,
0,0.1,56,50,6,14.063841895611104,
0,0.1,56,50,8,14.241082329068965,
0,0.1,56,100,2,14.069582228107782,
0,0.1,56,100,4,14.105214127487589,
0,0.1,56,100,6,14.439439255243236,
0,0.1,56,100,8,14.131863437246498,
0,0.1,56,200,2,14.18283165576024,
0,0.1,56,200,4,14.47986388506062,
0,0.1,56,200,6,13.974935165009208,
0,0.1,56,200,8,14.231026717332918,
0,0.1,80,50,2,11.37116235406349,
0,0.1,80,50,4,11.987654693528237,
0,0.1,80,50,6,12.434014526879029,
0,0.1,80,50,8,12.677172286202955,
0,0.1,80,100,2,11.197534930206004,
0,0.1,80,100,4,11.997397299484163,
0,0.1,80,100,6,12.404506301373326,
0,0.1,80,100,8,12.64604970295466,
0,0.1,80,200,2,11.309377502795298,
0,0.1,80,200,4,11.946348895064444,
0,0.1,80,200,6,12.462411134454667,
0,0.1,80,200,8,12.712729038812157,
0,0.1,104,50,2,8.829307814497934,
0,0.1,104,50,4,10.592648789326654,
0,0.1,104,50,6,11.4923858314272,
0,0.1,104,50,8,11.820303463727544,
0,0.1,104,100,2,8.875672006014508,
0,0.1,104,100,4,10.55892974285051,
0,0.1,104,100,6,11.4561355610078,
0,0.1,104,100,8,11.87101887675878,
0,0.1,104,200,2,8.745029018347411,
0,0.1,104,200,4,10.580397030856943,
0,0.1,104,200,6,11.461457555994407,
0,0.1,104,200,8,11.874084276730088,
0,0.1,128,50,2,21.74765905300818,"(32, 32)"
0,0.1,128,50,2,7.270692432280726,
0,0.1,128,50,4,27.928173513926303,"(32, 32)"
0,0.1,128,50,4,9.738694703605267,
0,0.1,128,50,6,34.41460741977775,"(32, 32)"
0,0.1,128,50,6,10.74329859310652,
0,0.1,128,50,8,38.0869781007681,"(32, 32)"
0,0.1,128,50,8,11.178405304322483,
0,0.1,128,100,2,22.23283615738384,"(32, 32)"
0,0.1,128,100,2,7.260265317750506,
0,0.1,128,100,4,29.862873122006768,"(32, 32)"
0,0.1,128,100,4,9.65240401924982,
0,0.1,128,100,6,35.93099566436161,"(32, 32)"
0,0.1,128,100,6,10.696000137682894,
0,0.1,128,100,8,38.7895752165101,"(32, 32)"
0,0.1,128,100,8,11.159474139386091,
0,0.1,128,200,2,22.12176412421779,"(32, 32)"
0,0.1,128,200,2,7.1944504013265975,
0,0.1,128,200,4,29.481050838649317,"(32, 32)"
0,0.1,128,200,4,9.71431402795336,
0,0.1,128,200,6,35.90263360439517,"(32, 32)"
0,0.1,128,200,6,10.660517489699709,
0,0.1,128,200,8,35.573445383874365,"(32, 32)"
0,0.1,128,200,8,11.171268558715145,
0,0.1,224,50,2,13.439059002949785,"(32, 32)"
0,0.1,224,50,4,13.474741724826538,"(32, 32)"
0,0.1,224,50,6,13.672690126370451,"(32, 32)"
0,0.1,224,50,8,13.899028969198572,"(32, 32)"
0,0.1,224,100,2,13.507081329166374,"(32, 32)"
0,0.1,224,100,4,13.37644209173154,"(32, 32)"
0,0.1,224,100,6,13.61519963280964,"(32, 32)"
0,0.1,224,100,8,13.924823966702853,"(32, 32)"
0,0.1,224,200,2,13.509444429959078,"(32, 32)"
0,0.1,224,200,4,13.396209300190185,"(32, 32)"
0,0.1,224,200,6,13.631173511344748,"(32, 32)"
0,0.1,224,200,8,13.956507974333926,"(32, 32)"
0,0.1,320,50,2,10.82330117936249,"(32, 32)"
0,0.1,320,50,4,12.259382897383466,"(32, 32)"
0,0.1,320,50,6,12.911131446006754,"(32, 32)"
0,0.1,320,50,8,13.26208233117217,"(32, 32)"
0,0.1,320,100,2,10.82053901077218,"(32, 32)"
0,0.1,320,100,4,12.142165156289762,"(32, 32)"
0,0.1,320,100,6,12.795667952364502,"(32, 32)"
0,0.1,320,100,8,13.252142103249083,"(32, 32)"
0,0.1,320,200,2,10.81323574848412,"(32, 32)"
0,0.1,320,200,4,12.201176252100224,"(32, 32)"
0,0.1,320,200,6,12.847974541891867,"(32, 32)"
0,0.1,320,200,8,13.214475549343208,"(32, 32)"
0,0.1,416,50,2,8.812806252643414,"(32, 32)"
0,0.1,416,50,4,11.537634098021742,"(32, 32)"
0,0.1,416,50,6,12.48019809101078,"(32, 32)"
0,0.1,416,50,8,12.914163227923108,"(32, 32)"
0,0.1,416,100,2,8.685089215933289,"(32, 32)"
0,0.1,416,100,4,11.45148367785032,"(32, 32)"
0,0.1,416,100,6,12.481306670570753,"(32, 32)"
0,0.1,416,100,8,12.86441745831299,"(32, 32)"
0,0.1,416,200,2,8.765419806324367,"(32, 32)"
0,0.1,416,200,4,11.455357187031346,"(32, 32)"
0,0.1,416,200,6,12.439201813631527,"(32, 32)"
0,0.1,416,200,8,12.84212897621908,"(32, 32)"
0,0.1,512,50,2,7.437381006138434,"(32, 32)"
0,0.1,512,50,4,11.138781808373864,"(32, 32)"
0,0.1,512,50,6,12.231395061336396,"(32, 32)"
0,0.1,512,50,8,12.742698224168482,"(32, 32)"
0,0.1,512,100,2,7.435456067215395,"(32, 32)"
0,0.1,512,100,4,11.017737393038686,"(32, 32)"
0,0.1,512,100,6,12.161429353580075,"(32, 32)"
0,0.1,512,100,8,12.652044958748116,"(32, 32)"
0,0.1,512,200,2,7.401260175886408,"(32, 32)"
0,0.1,512,200,4,11.036332383396516,"(32, 32)"
0,0.1,512,200,6,12.163929217618396,"(32, 32)"
0,0.1,512,200,8,12.599860363141104,"(32, 32)"
0,1.0,8,50,2,17.434601136030068,
0,1.0,8,50,4,16.791693877520732,
0,1.0,8,50,6,16.440202266070706,
0,1.0,8,50,8,16.3927481179006,
0,1.0,8,100,2,17.437933584859216,
0,1.0,8,100,4,16.713596583635074,
0,1.0,8,100,6,16.54521515241483,
0,1.0,8,100,8,16.512007188048756,
0,1.0,8,200,2,17.515539191220455,
0,1.0,8,200,4,16.620602822141763,
0,1.0,8,200,6,16.59080763770375,
0,1.0,8,200,8,16.534665885158912,
0,1.0,14,50,2,14.61369460601397,
0,1.0,14,50,4,14.581229677607194,
0,1.0,14,50,6,14.642333624117466,
0,1.0,14,50,8,14.70521574327124,
0,1.0,14,100,2,14.681243083200332,
0,1.0,14,100,4,14.519267468010126,
0,1.0,14,100,6,14.554979862997264,
0,1.0,14,100,8,14.703351755856394,
0,1.0,14,200,2,14.537735867739386,
0,1.0,14,200,4,14.582571710952706,
0,1.0,14,200,6,14.603993906839522,
0,1.0,14,200,8,14.705995901679188,
0,1.0,20,50,2,12.612956279444472,
0,1.0,20,50,4,13.220172778456275,
0,1.0,20,50,6,13.530533346531524,
0,1.0,20,50,8,13.79512055972416,
0,1.0,20,100,2,12.595778990458069,
0,1.0,20,100,4,13.203366393642034,
0,1.0,20,100,6,13.520477023766407,
0,1.0,20,100,8,13.743896655678927,
0,1.0,20,200,2,12.572138035559275,
0,1.0,20,200,4,13.16050481065745,
0,1.0,20,200,6,13.531813964367814,
0,1.0,20,200,8,13.73403308776985,
0,1.0,26,50,2,10.983079380771413,
0,1.0,26,50,4,12.36907801875045,
0,1.0,26,50,6,12.862658316747307,
0,1.0,26,50,8,13.11150487391107,
0,1.0,26,100,2,11.04063297447437,
0,1.0,26,100,4,12.423985331991544,
0,1.0,26,100,6,12.891237556468528,
0,1.0,26,100,8,13.090835574695038,
0,1.0,26,200,2,11.010512270673262,
0,1.0,26,200,4,12.377069627726108,
0,1.0,26,200,6,12.85429450682014,
0,1.0,26,200,8,13.1251537495645,
0,1.0,32,50,2,9.860887511200245,
0,1.0,32,50,2,15.78997573589758,
0,1.0,32,50,4,11.764554201719058,
0,1.0,32,50,4,15.433316671693404,
0,1.0,32,50,6,12.469324543271368,
0,1.0,32,50,6,15.413129466027444,
0,1.0,32,50,8,12.741283054868427,
0,1.0,32,50,8,15.44469738180636,
0,1.0,32,100,2,9.871159832955492,
0,1.0,32,100,2,15.870163909315648,
0,1.0,32,100,4,11.77870292348926,
0,1.0,32,100,4,15.414654835892916,
0,1.0,32,100,6,12.447898926449614,
0,1.0,32,100,6,15.444360606257964,
0,1.0,32,100,8,12.792654158822792,
0,1.0,32,100,8,15.555208267392096,
0,1.0,32,200,2,9.968846431253812,
0,1.0,32,200,2,15.83143151891162,
0,1.0,32,200,4,11.72637300890995,
0,1.0,32,200,4,15.511336457098167,
0,1.0,32,200,6,12.442578836275212,
0,1.0,32,200,6,15.361334084947986,
0,1.0,32,200,8,12.786681124215278,
0,1.0,32,200,8,15.472022124723376,
0,1.0,56,50,2,13.484744600643351,
0,1.0,56,50,4,13.911671471066892,
0,1.0,56,50,6,14.190234353493958,
0,1.0,56,50,8,14.408258856600565,
0,1.0,56,100,2,13.587727793422076,
0,1.0,56,100,4,13.84730239652795,
0,1.0,56,100,6,14.288426171802165,
0,1.0,56,100,8,14.362445955365708,
0,1.0,56,200,2,13.510822338091224,
0,1.0,56,200,4,13.969013937007668,
0,1.0,56,200,6,14.168413406096144,
0,1.0,56,200,8,14.383219748910848,
0,1.0,80,50,2,11.703175848938264,
0,1.0,80,50,4,13.09358932651456,
0,1.0,80,50,6,13.703810358252952,
0,1.0,80,50,8,13.963462153028964,
0,1.0,80,100,2,11.705415753619684,
0,1.0,80,100,4,13.122626680419296,
0,1.0,80,100,6,13.645513648251184,
0,1.0,80,100,8,13.923570454771449,
0,1.0,80,200,2,11.69788833211636,
0,1.0,80,200,4,13.157707514183793,
0,1.0,80,200,6,13.650534963779378,
0,1.0,80,200,8,13.916593600936016,
0,1.0,104,50,2,10.590965962936345,
0,1.0,104,50,4,12.712495132790442,
0,1.0,104,50,6,13.37631518591278,
0,1.0,104,50,8,13.707326664626166,
0,1.0,104,100,2,10.649827022670038,
0,1.0,104,100,4,12.707423460026492,
0,1.0,104,100,6,13.401571813604376,
0,1.0,104,100,8,13.715909138028948,
0,1.0,104,200,2,10.470719337272936,
0,1.0,104,200,4,12.701425211076833,
0,1.0,104,200,6,13.3825408498225,
0,1.0,104,200,8,13.722584529594815,
0,1.0,128,50,2,15.421356285206985,"(32, 32)"
0,1.0,128,50,2,9.916262599716347,
0,1.0,128,50,4,15.167573391705524,"(32, 32)"
0,1.0,128,50,4,12.4816040477862,
0,1.0,128,50,6,15.24596376629992,"(32, 32)"
0,1.0,128,50,6,13.233435731454811,
0,1.0,128,50,8,15.344506643250408,"(32, 32)"
0,1.0,128,50,8,13.564942170809728,
0,1.0,128,100,2,15.56109894723238,"(32, 32)"
0,1.0,128,100,2,9.924269211622873,
0,1.0,128,100,4,15.062971305596472,"(32, 32)"
0,1.0,128,100,4,12.441254475624476,
0,1.0,128,100,6,15.128845356553478,"(32, 32)"
0,1.0,128,100,6,13.200175047205072,
0,1.0,128,100,8,15.33832437029956,"(32, 32)"
0,1.0,128,100,8,13.558856105436751,
0,1.0,128,200,2,15.5736973935733,"(32, 32)"
0,1.0,128,200,2,9.775845628147026,
0,1.0,128,200,4,15.12572080297565,"(32, 32)"
0,1.0,128,200,4,12.486453077937275,
0,1.0,128,200,6,15.271096193029743,"(32, 32)"
0,1.0,128,200,6,13.1790612868515,
0,1.0,128,200,8,15.357182172553852,"(32, 32)"
0,1.0,128,200,8,13.557517969287328,
0,1.0,224,50,2,13.355164124149091,"(32, 32)"
0,1.0,224,50,4,14.064290657477114,"(32, 32)"
0,1.0,224,50,6,14.485461872230912,"(32, 32)"
0,1.0,224,50,8,14.78896977012166,"(32, 32)"
0,1.0,224,100,2,13.306767335280316,"(32, 32)"
0,1.0,224,100,4,14.057484050092446,"(32, 32)"
0,1.0,224,100,6,14.458504726189233,"(32, 32)"
0,1.0,224,100,8,14.712926664299417,"(32, 32)"
0,1.0,224,200,2,13.359555177421672,"(32, 32)"
0,1.0,224,200,4,13.98152112770401,"(32, 32)"
0,1.0,224,200,6,14.467019029067542,"(32, 32)"
0,1.0,224,200,8,14.770155761558614,"(32, 32)"
0,1.0,320,50,2,12.044885770478562,"(32, 32)"
0,1.0,320,50,4,13.58515521665992,"(32, 32)"
0,1.0,320,50,6,14.23466590223981,"(32, 32)"
0,1.0,320,50,8,14.5765145772808,"(32, 32)"
0,1.0,320,100,2,11.994762390251172,"(32, 32)"
0,1.0,320,100,4,13.547365806690722,"(32, 32)"
0,1.0,320,100,6,14.19386330294351,"(32, 32)"
0,1.0,320,100,8,14.56486708104056,"(32, 32)"
0,1.0,320,200,2,11.963609193980265,"(32, 32)"
0,1.0,320,200,4,13.596388847902562,"(32, 32)"
0,1.0,320,200,6,14.206783818001034,"(32, 32)"
0,1.0,320,200,8,14.545133131984334,"(32, 32)"
0,1.0,416,50,2,11.274105440841456,"(32, 32)"
0,1.0,416,50,4,13.457992045481385,"(32, 32)"
0,1.0,416,50,6,14.10645406741897,"(32, 32)"
0,1.0,416,50,8,14.486134970525343,"(32, 32)"
0,1.0,416,100,2,11.194517353620816,"(32, 32)"
0,1.0,416,100,4,13.362905006944011,"(32, 32)"
0,1.0,416,100,6,14.073207999977992,"(32, 32)"
0,1.0,416,100,8,14.422428471782473,"(32, 32)"
0,1.0,416,200,2,11.276643356703586,"(32, 32)"
0,1.0,416,200,4,13.372195653955488,"(32, 32)"
0,1.0,416,200,6,14.080325074344652,"(32, 32)"
0,1.0,416,200,8,14.43210861143194,"(32, 32)"
0,1.0,512,50,2,10.903792752093889,"(32, 32)"
0,1.0,512,50,4,13.327447943355898,"(32, 32)"
0,1.0,512,50,6,13.99596891951728,"(32, 32)"
0,1.0,512,50,8,14.438167936389124,"(32, 32)"
0,1.0,512,100,2,10.811454060851949,"(32, 32)"
0,1.0,512,100,4,13.278612875824262,"(32, 32)"
0,1.0,512,100,6,13.975603645403584,"(32, 32)"
0,1.0,512,100,8,14.380092083844378,"(32, 32)"
0,1.0,512,200,2,10.782790098898085,"(32, 32)"
0,1.0,512,200,4,13.269303421791234,"(32, 32)"
0,1.0,512,200,6,13.957063091422189,"(32, 32)"
0,1.0,512,200,8,14.377201342995487,"(32, 32)"
0,10.0,8,50,2,17.5324787110499,
0,10.0,8,50,4,16.623614490110757,
0,10.0,8,50,6,16.618879525324385,
0,10.0,8,50,8,16.837060282855372,
0,10.0,8,100,2,17.525535590548888,
0,10.0,8,100,4,16.706293046512652,
0,10.0,8,100,6,16.670172106535777,
0,10.0,8,100,8,16.783813962649027,
0,10.0,8,200,2,17.442479123462128,
0,10.0,8,200,4,16.664588315441353,
0,10.0,8,200,6,16.731245330593296,
0,10.0,8,200,8,16.765110886113508,
0,10.0,14,50,2,15.230992713480166,
0,10.0,14,50,4,15.521523575081051,
0,10.0,14,50,6,15.68885742637018,
0,10.0,14,50,8,15.919997354440136,
0,10.0,14,100,2,15.153505182954667,
0,10.0,14,100,4,15.44198839676264,
0,10.0,14,100,6,15.690581486407437,
0,10.0,14,100,8,15.84425849775716,
0,10.0,14,200,2,15.313619767331888,
0,10.0,14,200,4,15.486320488868088,
0,10.0,14,200,6,15.708794719419604,
0,10.0,14,200,8,15.867714839795315,
0,10.0,20,50,2,14.293157308856324,
0,10.0,20,50,4,14.962139668981877,
0,10.0,20,50,6,15.281732157646172,
0,10.0,20,50,8,15.43706965908439,
0,10.0,20,100,2,14.260046378939032,
0,10.0,20,100,4,15.002113829125582,
0,10.0,20,100,6,15.235373565030022,
0,10.0,20,100,8,15.423802032197443,
0,10.0,20,200,2,14.317334287366188,
0,10.0,20,200,4,14.988261779820231,
0,10.0,20,200,6,15.233867554649654,
0,10.0,20,200,8,15.407473873405332,
0,10.0,26,50,2,13.85034339561708,
0,10.0,26,50,4,14.791186486988495,
0,10.0,26,50,6,15.055189962667749,
0,10.0,26,50,8,15.22952008478729,
0,10.0,26,100,2,13.879851034502863,
0,10.0,26,100,4,14.782489232704991,
0,10.0,26,100,6,15.065092124923162,
0,10.0,26,100,8,15.187412465789093,
0,10.0,26,200,2,13.856612797909929,
0,10.0,26,200,4,14.76041277569289,
0,10.0,26,200,6,15.052743371485894,
0,10.0,26,200,8,15.190124284990464,
0,10.0,32,50,2,13.543621231262644,
0,10.0,32,50,2,15.78357436181709,
0,10.0,32,50,4,14.580258784672765,
0,10.0,32,50,4,15.796061418450146,
0,10.0,32,50,6,14.914579163719615,
0,10.0,32,50,6,15.968662328908676,
0,10.0,32,50,8,15.098115593756123,
0,10.0,32,50,8,16.180303085751433,
0,10.0,32,100,2,13.585036718987917,
0,10.0,32,100,2,15.871921150634629,
0,10.0,32,100,4,14.57916157953058,
0,10.0,32,100,4,15.74764161390989,
0,10.0,32,100,6,14.90599958741282,
0,10.0,32,100,6,15.999637718867566,
0,10.0,32,100,8,15.084269893225525,
0,10.0,32,100,8,16.059205544894002,
0,10.0,32,200,2,13.53527856636651,
0,10.0,32,200,2,15.845082966186142,
0,10.0,32,200,4,14.60979982462208,
0,10.0,32,200,4,15.796221046985712,
0,10.0,32,200,6,14.868902030382449,
0,10.0,32,200,6,15.94072711659852,
0,10.0,32,200,8,15.054669382651593,
0,10.0,32,200,8,16.080217853607657,
0,10.0,56,50,2,14.610884938264322,
0,10.0,56,50,4,15.27678005004686,
0,10.0,56,50,6,15.583343397059055,
0,10.0,56,50,8,15.716927454953389,
0,10.0,56,100,2,14.618801531429725,
0,10.0,56,100,4,15.225141557808987,
0,10.0,56,100,6,15.550262787490434,
0,10.0,56,100,8,15.712445490703852,
0,10.0,56,200,2,14.622900657284536,
0,10.0,56,200,4,15.307846047182734,
0,10.0,56,200,6,15.544635492556123,
0,10.0,56,200,8,15.70533947868906,
0,10.0,80,50,2,14.135136166035792,
0,10.0,80,50,4,15.049168555526464,
0,10.0,80,50,6,15.391079194004025,
0,10.0,80,50,8,15.573931314166284,
0,10.0,80,100,2,14.12716820203863,
0,10.0,80,100,4,15.063715715534704,
0,10.0,80,100,6,15.378102803577637,
0,10.0,80,100,8,15.620886177196782,
0,10.0,80,200,2,14.079653844262918,
0,10.0,80,200,4,15.070666113739511,
0,10.0,80,200,6,15.383505600735845,
0,10.0,80,200,8,15.569392749898306,
0,10.0,104,50,2,13.909844574707844,
0,10.0,104,50,4,14.936528130362536,
0,10.0,104,50,6,15.30430664087114,
0,10.0,104,50,8,15.509375782155116,
0,10.0,104,100,2,13.900737364168066,
0,10.0,104,100,4,14.975617746593622,
0,10.0,104,100,6,15.30279856499779,
0,10.0,104,100,8,15.537603602290291,
0,10.0,104,200,2,13.926557547612155,
0,10.0,104,200,4,14.98971166637519,
0,10.0,104,200,6,15.291106682415045,
0,10.0,104,200,8,15.492567064461143,
0,10.0,128,50,2,15.51144454279482,"(32, 32)"
0,10.0,128,50,2,13.7784541401578,
0,10.0,128,50,4,15.86183148982708,"(32, 32)"
0,10.0,128,50,4,14.915914477487023,
0,10.0,128,50,6,16.06465805340415,"(32, 32)"
0,10.0,128,50,6,15.243044533384024,
0,10.0,128,50,8,16.2603214056665,"(32, 32)"
0,10.0,128,50,8,15.47712126507409,
0,10.0,128,100,2,15.462436443374015,"(32, 32)"
0,10.0,128,100,2,13.767907982775306,
0,10.0,128,100,4,15.849018853563315,"(32, 32)"
0,10.0,128,100,4,14.918940678030388,
0,10.0,128,100,6,16.09763172335701,"(32, 32)"
0,10.0,128,100,6,15.264288790116176,
0,10.0,128,100,8,16.27107163701263,"(32, 32)"
0,10.0,128,100,8,15.451154099108091,
0,10.0,128,200,2,15.499151637333275,"(32, 32)"
0,10.0,128,200,2,13.78278049957847,
0,10.0,128,200,4,15.855923823037951,"(32, 32)"
0,10.0,128,200,4,14.89220696258794,
0,10.0,128,200,6,16.10456997003266,"(32, 32)"
0,10.0,128,200,6,15.2540616739441,
0,10.0,128,200,8,16.215892268029528,"(32, 32)"
0,10.0,128,200,8,15.441981973875444,
0,10.0,224,50,2,14.715844647154958,"(32, 32)"
0,10.0,224,50,4,15.627655047860568,"(32, 32)"
0,10.0,224,50,6,15.912929848545996,"(32, 32)"
0,10.0,224,50,8,16.100221388343147,"(32, 32)"
0,10.0,224,100,2,14.687613109396583,"(32, 32)"
0,10.0,224,100,4,15.635342036337477,"(32, 32)"
0,10.0,224,100,6,15.881513926216954,"(32, 32)"
0,10.0,224,100,8,16.073423715909808,"(32, 32)"
0,10.0,224,200,2,14.694203376996027,"(32, 32)"
0,10.0,224,200,4,15.618290307407683,"(32, 32)"
0,10.0,224,200,6,15.857040699515586,"(32, 32)"
0,10.0,224,200,8,16.074723991528085,"(32, 32)"
0,10.0,320,50,2,14.40135099643297,"(32, 32)"
0,10.0,320,50,4,15.537706595019426,"(32, 32)"
0,10.0,320,50,6,15.82022255954372,"(32, 32)"
0,10.0,320,50,8,16.063901610023745,"(32, 32)"
0,10.0,320,100,2,14.388964297286444,"(32, 32)"
0,10.0,320,100,4,15.50321545627366,"(32, 32)"
0,10.0,320,100,6,15.827680093852043,"(32, 32)"
0,10.0,320,100,8,15.996612309398426,"(32, 32)"
0,10.0,320,200,2,14.393331233900964,"(32, 32)"
0,10.0,320,200,4,15.498679074022752,"(32, 32)"
0,10.0,320,200,6,15.804676638574492,"(32, 32)"
0,10.0,320,200,8,15.999240261160097,"(32, 32)"
0,10.0,416,50,2,14.309662650108566,"(32, 32)"
0,10.0,416,50,4,15.509614362220452,"(32, 32)"
0,10.0,416,50,6,15.813592081467226,"(32, 32)"
0,10.0,416,50,8,16.019455048892162,"(32, 32)"
0,10.0,416,100,2,14.2699465436676,"(32, 32)"
0,10.0,416,100,4,15.495315336038866,"(32, 32)"
0,10.0,416,100,6,15.79306464268748,"(32, 32)"
0,10.0,416,100,8,15.94961888925257,"(32, 32)"
0,10.0,416,200,2,14.249346667922936,"(32, 32)"
0,10.0,416,200,4,15.476597130711191,"(32, 32)"
0,10.0,416,200,6,15.781109195496542,"(32, 32)"
0,10.0,416,200,8,15.965143860342922,"(32, 32)"
0,10.0,512,50,2,14.204725252990269,"(32, 32)"
0,10.0,512,50,4,15.474901860284906,"(32, 32)"
0,10.0,512,50,6,15.809805176781376,"(32, 32)"
0,10.0,512,50,8,15.991600096648336,"(32, 32)"
0,10.0,512,100,2,14.201696745818968,"(32, 32)"
0,10.0,512,100,4,15.440230525771462,"(32, 32)"
0,10.0,512,100,6,15.76482347732572,"(32, 32)"
0,10.0,512,100,8,15.966345917752504,"(32, 32)"
0,10.0,512,200,2,14.143348996305606,"(32, 32)"
0,10.0,512,200,4,15.423141041030949,"(32, 32)"
0,10.0,512,200,6,15.759157576338565,"(32, 32)"
0,10.0,512,200,8,15.953108979010688,"(32, 32)"
1,0.01,8,50,2,27.03281626491037,
1,0.01,8,50,4,27.480895671768184,
1,0.01,8,50,6,27.626783632720624,
1,0.01,8,50,8,27.23164155235123,
1,0.01,8,100,2,27.11180419591829,
1,0.01,8,100,4,27.73084491453645,
1,0.01,8,100,6,27.55928197227113,
1,0.01,8,100,8,27.46207358125165,
1,0.01,8,200,2,27.583976215657646,
1,0.01,8,200,4,27.447285916478304,
1,0.01,8,200,6,27.145559860417283,
1,0.01,8,200,8,26.89384963336053,
1,0.01,14,50,2,24.80628216761327,
1,0.01,14,50,4,25.53863433544328,
1,0.01,14,50,6,25.35222396575428,
1,0.01,14,50,8,25.279779228743354,
1,0.01,14,100,2,24.76332820025343,
1,0.01,14,100,4,25.498169777207632,
1,0.01,14,100,6,24.890976648905863,
1,0.01,14,100,8,25.394439016426105,
1,0.01,14,200,2,24.63614050115652,
1,0.01,14,200,4,25.986823998228267,
1,0.01,14,200,6,25.747109482386524,
1,0.01,14,200,8,25.06019631165061,
1,0.01,20,50,2,22.10693216476562,
1,0.01,20,50,4,22.13204266373717,
1,0.01,20,50,6,21.702593649284346,
1,0.01,20,50,8,21.51357151446178,
1,0.01,20,100,2,21.771536501490708,
1,0.01,20,100,4,21.95591106723281,
1,0.01,20,100,6,21.60369423251929,
1,0.01,20,100,8,21.108114322088912,
1,0.01,20,200,2,21.978055673395254,
1,0.01,20,200,4,22.101349167183564,
1,0.01,20,200,6,22.28604284156092,
1,0.01,20,200,8,21.547780195645757,
1,0.01,26,50,2,18.55707190682644,
1,0.01,26,50,4,18.09055449049812,
1,0.01,26,50,6,17.730889469390203,
1,0.01,26,50,8,16.867240308473086,
1,0.01,26,100,2,18.18042357904985,
1,0.01,26,100,4,17.387252987958885,
1,0.01,26,100,6,17.640498063717907,
1,0.01,26,100,8,17.041975259512895,
1,0.01,26,200,2,18.07393244839567,
1,0.01,26,200,4,18.044308275941933,
1,0.01,26,200,6,17.961565203356955,
1,0.01,26,200,8,17.16027673600429,
1,0.01,32,50,2,14.32098137375104,
1,0.01,32,50,2,45.14314243457591,
1,0.01,32,50,4,13.400735498996408,
1,0.01,32,50,4,53.64139549886518,
1,0.01,32,50,6,13.116792274141886,
1,0.01,32,50,6,54.42470837341034,
1,0.01,32,50,8,12.931911274967549,
1,0.01,32,50,8,54.68527279923461,
1,0.01,32,100,2,14.785014086585354,
1,0.01,32,100,2,44.57831090760667,
1,0.01,32,100,4,13.091863601015993,
1,0.01,32,100,4,52.922312930389765,
1,0.01,32,100,6,12.88040492114348,
1,0.01,32,100,6,54.21509216458372,
1,0.01,32,100,8,12.712314336540596,
1,0.01,32,100,8,54.59679377717221,
1,0.01,32,200,2,14.098162787034578,
1,0.01,32,200,2,44.68638415243937,
1,0.01,32,200,4,12.84817272805558,
1,0.01,32,200,4,52.33965833471524,
1,0.01,32,200,6,13.344191675671134,
1,0.01,32,200,6,55.58140601038981,
1,0.01,32,200,8,13.06243064168376,
1,0.01,32,200,8,54.7267213567243,
1,0.01,56,50,2,38.86110716219787,
1,0.01,56,50,4,48.19180144075065,
1,0.01,56,50,6,48.487802603776274,
1,0.01,56,50,8,47.97100423181984,
1,0.01,56,100,2,38.65286365870652,
1,0.01,56,100,4,47.66464545670797,
1,0.01,56,100,6,48.33101908087091,
1,0.01,56,100,8,48.58190263285017,
1,0.01,56,200,2,38.64210378468033,
1,0.01,56,200,4,47.46221661888722,
1,0.01,56,200,6,49.77299167599249,
1,0.01,56,200,8,48.85489566912475,
1,0.01,80,50,2,31.410836958058944,
1,0.01,80,50,4,38.63480980997233,
1,0.01,80,50,6,39.63091655086187,
1,0.01,80,50,8,37.28297582758193,
1,0.01,80,100,2,32.36699091404819,
1,0.01,80,100,4,38.03824638263718,
1,0.01,80,100,6,37.55557893028761,
1,0.01,80,100,8,37.69006020119855,
1,0.01,80,200,2,32.57421289460614,
1,0.01,80,200,4,39.09148582775016,
1,0.01,80,200,6,37.43856320917292,
1,0.01,80,200,8,37.23588919432161,
1,0.01,104,50,2,23.99264858825088,
1,0.01,104,50,4,25.28041329903101,
1,0.01,104,50,6,24.255489789790413,
1,0.01,104,50,8,20.92417843754284,
1,0.01,104,100,2,24.22252908078717,
1,0.01,104,100,4,25.678549736403365,
1,0.01,104,100,6,21.698598171256503,
1,0.01,104,100,8,21.530345349622785,
1,0.01,104,200,2,23.71419009880448,
1,0.01,104,200,4,24.869549178028123,
1,0.01,104,200,6,22.732259435636227,
1,0.01,104,200,8,22.64191803224619,
1,0.01,128,50,2,66.94868793184746,"(32, 32)"
1,0.01,128,50,2,14.5071615752012,
1,0.01,128,50,4,85.05612833683043,"(32, 32)"
1,0.01,128,50,4,12.246497295733352,
1,0.01,128,50,6,92.73421553716148,"(32, 32)"
1,0.01,128,50,6,12.00410677254823,
1,0.01,128,50,8,97.70768491181448,"(32, 32)"
1,0.01,128,50,8,11.295922034710484,
1,0.01,128,100,2,66.1267172981625,"(32, 32)"
1,0.01,128,100,2,14.442744239774417,
1,0.01,128,100,4,84.39072392639227,"(32, 32)"
1,0.01,128,100,4,12.205078125,
1,0.01,128,100,6,92.68228052404854,"(32, 32)"
1,0.01,128,100,6,12.093489454355892,
1,0.01,128,100,8,95.27035088788529,"(32, 32)"
1,0.01,128,100,8,11.827694117812282,
1,0.01,128,200,2,66.44776100881592,"(32, 32)"
1,0.01,128,200,2,14.286054007714242,
1,0.01,128,200,4,85.1362775370679,"(32, 32)"
1,0.01,128,200,4,13.507604082219473,
1,0.01,128,200,6,91.98284370673127,"(32, 32)"
1,0.01,128,200,6,9.392202844577072,
1,0.01,128,200,8,95.567575662967,"(32, 32)"
1,0.01,128,200,8,12.556780827544,
1,0.01,224,50,2,55.60805402506757,"(32, 32)"
1,0.01,224,50,4,75.23360621930031,"(32, 32)"
1,0.01,224,50,6,83.23649379925789,"(32, 32)"
1,0.01,224,50,8,86.00478431789493,"(32, 32)"
1,0.01,224,100,2,56.09535168244511,"(32, 32)"
1,0.01,224,100,4,74.25454050688532,"(32, 32)"
1,0.01,224,100,6,83.70612725603698,"(32, 32)"
1,0.01,224,100,8,86.24900485584195,"(32, 32)"
1,0.01,224,200,2,55.05845365692535,"(32, 32)"
1,0.01,224,200,4,75.29579728291918,"(32, 32)"
1,0.01,224,200,6,83.16252248475037,"(32, 32)"
1,0.01,224,200,8,84.9467217588009,"(32, 32)"
1,0.01,320,50,2,42.769106917262654,"(32, 32)"
1,0.01,320,50,4,57.00102330008717,"(32, 32)"
1,0.01,320,50,6,59.30330230498233,"(32, 32)"
1,0.01,320,50,8,59.54150014026046,"(32, 32)"
1,0.01,320,100,2,41.88662239596537,"(32, 32)"
1,0.01,320,100,4,56.4791906402023,"(32, 32)"
1,0.01,320,100,6,59.50482584512488,"(32, 32)"
1,0.01,320,100,8,57.56359292317158,"(32, 32)"
1,0.01,320,200,2,42.23304936695653,"(32, 32)"
1,0.01,320,200,4,55.56561088649793,"(32, 32)"
1,0.01,320,200,6,60.29735571913557,"(32, 32)"
1,0.01,320,200,8,60.04182330642094,"(32, 32)"
1,0.01,416,50,2,26.75445740541844,"(32, 32)"
1,0.01,416,50,4,27.50903858419818,"(32, 32)"
1,0.01,416,50,6,23.02924693285548,"(32, 32)"
1,0.01,416,50,8,24.11062755285377,"(32, 32)"
1,0.01,416,100,2,27.293849836393576,"(32, 32)"
1,0.01,416,100,4,29.885721429596305,"(32, 32)"
1,0.01,416,100,6,28.36863832117703,"(32, 32)"
1,0.01,416,100,8,20.8280797615905,"(32, 32)"
1,0.01,416,200,2,27.08993915301784,"(32, 32)"
1,0.01,416,200,4,27.234333119275387,"(32, 32)"
1,0.01,416,200,6,26.110597939104128,"(32, 32)"
1,0.01,416,200,8,22.828349922424614,"(32, 32)"
1,0.01,512,50,2,10.875594199598288,"(32, 32)"
1,0.01,512,50,4,8.402327859846666,"(32, 32)"
1,0.01,512,50,6,9.24238417247684,"(32, 32)"
1,0.01,512,50,8,9.73011120629739,"(32, 32)"
1,0.01,512,100,2,11.874063555284746,"(32, 32)"
1,0.01,512,100,4,8.430282783878729,"(32, 32)"
1,0.01,512,100,6,9.129501486598205,"(32, 32)"
1,0.01,512,100,8,10.765089400966025,"(32, 32)"
1,0.01,512,200,2,11.567160661978775,"(32, 32)"
1,0.01,512,200,4,8.577738101759858,"(32, 32)"
1,0.01,512,200,6,9.142443979669045,"(32, 32)"
1,0.01,512,200,8,9.516432353629744,"(32, 32)"
1,0.1,8,50,2,18.90227402423723,
1,0.1,8,50,4,18.62892611297169,
1,0.1,8,50,6,18.373502190196465,
1,0.1,8,50,8,18.335184466222323,
1,0.1,8,100,2,18.68118342684143,
1,0.1,8,100,4,18.55374278022591,
1,0.1,8,100,6,18.398144839929525,
1,0.1,8,100,8,18.546953054904996,
1,0.1,8,200,2,18.84946902713656,
1,0.1,8,200,4,18.75271057881325,
1,0.1,8,200,6,18.715178644141467,
1,0.1,8,200,8,18.552901846642545,
1,0.1,14,50,2,15.534277760905994,
1,0.1,14,50,4,15.213384602889636,
1,0.1,14,50,6,15.050294861804073,
1,0.1,14,50,8,15.08101228731372,
1,0.1,14,100,2,15.580573682494324,
1,0.1,14,100,4,15.223117460175455,
1,0.1,14,100,6,14.967861842045396,
1,0.1,14,100,8,14.852744371002345,
1,0.1,14,200,2,15.363744321857297,
1,0.1,14,200,4,15.178720581860556,
1,0.1,14,200,6,14.955390591126475,
1,0.1,14,200,8,14.929211986720317,
1,0.1,20,50,2,12.628119810273695,
1,0.1,20,50,4,12.596681618063752,
1,0.1,20,50,6,12.787034495542176,
1,0.1,20,50,8,13.028199641580525,
1,0.1,20,100,2,12.60705076065913,
1,0.1,20,100,4,12.662771395667905,
1,0.1,20,100,6,12.818881645995983,
1,0.1,20,100,8,12.872387074626968,
1,0.1,20,200,2,12.6256496149007,
1,0.1,20,200,4,12.642432084839347,
1,0.1,20,200,6,12.969009139447856,
1,0.1,20,200,8,12.87217073927376,
1,0.1,26,50,2,10.254389869547564,
1,0.1,26,50,4,10.830974165479809,
1,0.1,26,50,6,11.375376936148232,
1,0.1,26,50,8,11.62924002161038,
1,0.1,26,100,2,10.22696236804183,
1,0.1,26,100,4,10.719124211933064,
1,0.1,26,100,6,11.263395006730285,
1,0.1,26,100,8,11.742421892152851,
1,0.1,26,200,2,10.153869725580131,
1,0.1,26,200,4,10.777471527083236,
1,0.1,26,200,6,11.259818984316324,
1,0.1,26,200,8,11.688564802817249,
1,0.1,32,50,2,8.147124699496175,
1,0.1,32,50,2,20.88938006484176,
1,0.1,32,50,4,9.43478152298582,
1,0.1,32,50,4,22.495687707282567,
1,0.1,32,50,6,10.189734091092268,
1,0.1,32,50,6,23.51881240078172,
1,0.1,32,50,8,10.717808807245168,
1,0.1,32,50,8,24.05608006826408,
1,0.1,32,100,2,8.157294312484273,
1,0.1,32,100,2,20.01510764770377,
1,0.1,32,100,4,9.46589924920984,
1,0.1,32,100,4,24.07074301092304,
1,0.1,32,100,6,10.239296884239357,
1,0.1,32,100,6,23.518002777029373,
1,0.1,32,100,8,10.627201525423468,
1,0.1,32,100,8,23.335183242853248,
1,0.1,32,200,2,8.217949309708207,
1,0.1,32,200,2,20.178194056477388,
1,0.1,32,200,4,9.416351875737496,
1,0.1,32,200,4,23.2585098936003,
1,0.1,32,200,6,10.174604058587413,
1,0.1,32,200,6,23.440688747924,
1,0.1,32,200,8,10.541116953955251,
1,0.1,32,200,8,23.720415501678414,
1,0.1,56,50,2,14.317498812548036,
1,0.1,56,50,4,13.851573240530946,
1,0.1,56,50,6,14.495649803310467,
1,0.1,56,50,8,14.559589668193,
1,0.1,56,100,2,14.185102352597324,
1,0.1,56,100,4,14.098931893008125,
1,0.1,56,100,6,14.08818035496818,
1,0.1,56,100,8,14.06515572796318,
1,0.1,56,200,2,14.335260675652746,
1,0.1,56,200,4,14.071043953953865,
1,0.1,56,200,6,13.933618937459713,
1,0.1,56,200,8,14.404087789796074,
1,0.1,80,50,2,11.16202103120114,
1,0.1,80,50,4,11.9545567272145,
1,0.1,80,50,6,12.341972590090728,
1,0.1,80,50,8,12.699863817581171,
1,0.1,80,100,2,11.217323488802547,
1,0.1,80,100,4,11.955480485591426,
1,0.1,80,100,6,12.429898339958346,
1,0.1,80,100,8,12.69516105678902,
1,0.1,80,200,2,11.21762580870746,
1,0.1,80,200,4,12.02490907503834,
1,0.1,80,200,6,12.365823907917775,
1,0.1,80,200,8,12.726120970989616,
1,0.1,104,50,2,8.836356911119728,
1,0.1,104,50,4,10.615821374351984,
1,0.1,104,50,6,11.531054321944492,
1,0.1,104,50,8,11.820803191494266,
1,0.1,104,100,2,8.912236500572607,
1,0.1,104,100,4,10.753052389026678,
1,0.1,104,100,6,11.445559970927404,
1,0.1,104,100,8,11.852722956071684,
1,0.1,104,200,2,8.888107721124035,
1,0.1,104,200,4,10.676001715730347,
1,0.1,104,200,6,11.486622202546032,
1,0.1,104,200,8,11.840067509896894,
1,0.1,128,50,2,21.82935405703438,"(32, 32)"
1,0.1,128,50,2,7.156634058079242,
1,0.1,128,50,4,28.765075910425967,"(32, 32)"
1,0.1,128,50,4,9.690485537305676,
1,0.1,128,50,6,34.14237505794183,"(32, 32)"
1,0.1,128,50,6,10.728508158107724,
1,0.1,128,50,8,37.03246362685272,"(32, 32)"
1,0.1,128,50,8,11.242374972648562,
1,0.1,128,100,2,22.51214136391877,"(32, 32)"
1,0.1,128,100,2,7.163377435807902,
1,0.1,128,100,4,27.693764005987628,"(32, 32)"
1,0.1,128,100,4,9.692427040594934,
1,0.1,128,100,6,34.452730608216015,"(32, 32)"
1,0.1,128,100,6,10.669816048921474,
1,0.1,128,100,8,35.58193792485223,"(32, 32)"
1,0.1,128,100,8,11.1529062426558,
1,0.1,128,200,2,22.12166600511908,"(32, 32)"
1,0.1,128,200,2,7.1919995363127125,
1,0.1,128,200,4,28.46288647027006,"(32, 32)"
1,0.1,128,200,4,9.69608364681006,
1,0.1,128,200,6,33.64236982881816,"(32, 32)"
1,0.1,128,200,6,10.72171273171256,
1,0.1,128,200,8,37.067344104513374,"(32, 32)"
1,0.1,128,200,8,11.103001822709825,
1,0.1,224,50,2,13.628175977765954,"(32, 32)"
1,0.1,224,50,4,13.35616923456402,"(32, 32)"
1,0.1,224,50,6,13.678829286016631,"(32, 32)"
1,0.1,224,50,8,13.843570751123332,"(32, 32)"
1,0.1,224,100,2,13.50145953730378,"(32, 32)"
1,0.1,224,100,4,13.387646551959582,"(32, 32)"
1,0.1,224,100,6,13.6474874566491,"(32, 32)"
1,0.1,224,100,8,13.910989086711464,"(32, 32)"
1,0.1,224,200,2,13.544175526932074,"(32, 32)"
1,0.1,224,200,4,13.365124916209307,"(32, 32)"
1,0.1,224,200,6,13.670006847812411,"(32, 32)"
1,0.1,224,200,8,13.861046450525055,"(32, 32)"
1,0.1,320,50,2,10.81311756641566,"(32, 32)"
1,0.1,320,50,4,12.24202047987535,"(32, 32)"
1,0.1,320,50,6,12.928679624615096,"(32, 32)"
1,0.1,320,50,8,13.274023050973042,"(32, 32)"
1,0.1,320,100,2,10.763339969762525,"(32, 32)"
1,0.1,320,100,4,12.1920686423905,"(32, 32)"
1,0.1,320,100,6,12.946502649255049,"(32, 32)"
1,0.1,320,100,8,13.205981858542156,"(32, 32)"
1,0.1,320,200,2,10.7464441140403,"(32, 32)"
1,0.1,320,200,4,12.209092482224138,"(32, 32)"
1,0.1,320,200,6,12.858914150355805,"(32, 32)"
1,0.1,320,200,8,13.203507674049408,"(32, 32)"
1,0.1,416,50,2,8.719400579866024,"(32, 32)"
1,0.1,416,50,4,11.567057603134788,"(32, 32)"
1,0.1,416,50,6,12.468583108267884,"(32, 32)"
1,0.1,416,50,8,12.94131413503853,"(32, 32)"
1,0.1,416,100,2,8.754908901331039,"(32, 32)"
1,0.1,416,100,4,11.47849286012078,"(32, 32)"
1,0.1,416,100,6,12.446545096241111,"(32, 32)"
1,0.1,416,100,8,12.893539857469412,"(32, 32)"
1,0.1,416,200,2,8.708224598572299,"(32, 32)"
1,0.1,416,200,4,11.4780314046241,"(32, 32)"
1,0.1,416,200,6,12.454044858494864,"(32, 32)"
1,0.1,416,200,8,12.912609242423072,"(32, 32)"
1,0.1,512,50,2,7.512236721611177,"(32, 32)"
1,0.1,512,50,4,11.1040002024318,"(32, 32)"
1,0.1,512,50,6,12.25316407738126,"(32, 32)"
1,0.1,512,50,8,12.748444555808732,"(32, 32)"
1,0.1,512,100,2,7.471518797383062,"(32, 32)"
1,0.1,512,100,4,11.041110292248495,"(32, 32)"
1,0.1,512,100,6,12.118255627184997,"(32, 32)"
1,0.1,512,100,8,12.675539740332171,"(32, 32)"
1,0.1,512,200,2,7.449558516356728,"(32, 32)"
1,0.1,512,200,4,11.023209967586665,"(32, 32)"
1,0.1,512,200,6,12.12452822681775,"(32, 32)"
1,0.1,512,200,8,12.6039737066626,"(32, 32)"
1,1.0,8,50,2,17.513861588690336,
1,1.0,8,50,4,16.71545149448709,
1,1.0,8,50,6,16.474872066481534,
1,1.0,8,50,8,16.43849405394164,
1,1.0,8,100,2,17.4832225484523,
1,1.0,8,100,4,16.683778040570765,
1,1.0,8,100,6,16.606943291609166,
1,1.0,8,100,8,16.457236853020795,
1,1.0,8,200,2,17.392992761586196,
1,1.0,8,200,4,16.789022964849913,
1,1.0,8,200,6,16.48230430288971,
1,1.0,8,200,8,16.43119836264441,
1,1.0,14,50,2,14.669131866542669,
1,1.0,14,50,4,14.55552276982958,
1,1.0,14,50,6,14.68723949444841,
1,1.0,14,50,8,14.798802090184305,
1,1.0,14,100,2,14.81659921831728,
1,1.0,14,100,4,14.529988683287906,
1,1.0,14,100,6,14.68577624006281,
1,1.0,14,100,8,14.691933470041809,
1,1.0,14,200,2,14.69309326158062,
1,1.0,14,200,4,14.59958690424692,
1,1.0,14,200,6,14.582159173109527,
1,1.0,14,200,8,14.70615115021031,
1,1.0,20,50,2,12.60764471990311,
1,1.0,20,50,4,13.2539360390083,
1,1.0,20,50,6,13.520128009348142,
1,1.0,20,50,8,13.683406130511491,
1,1.0,20,100,2,12.638378646295138,
1,1.0,20,100,4,13.17641210643228,
1,1.0,20,100,6,13.5161468581513,
1,1.0,20,100,8,13.74103572978566,
1,1.0,20,200,2,12.5366958618906,
1,1.0,20,200,4,13.229493160674377,
1,1.0,20,200,6,13.529170134159854,
1,1.0,20,200,8,13.762660492144006,
1,1.0,26,50,2,10.98000008727249,
1,1.0,26,50,4,12.451170496323453,
1,1.0,26,50,6,12.868044557730832,
1,1.0,26,50,8,13.209067259092317,
1,1.0,26,100,2,11.01343548164688,
1,1.0,26,100,4,12.386813911353949,
1,1.0,26,100,6,12.888626147109743,
1,1.0,26,100,8,13.12147372877534,
1,1.0,26,200,2,10.983509534272418,
1,1.0,26,200,4,12.268951858981987,
1,1.0,26,200,6,12.871575798304344,
1,1.0,26,200,8,13.196170939318602,
1,1.0,32,50,2,9.812948228840025,
1,1.0,32,50,2,15.927320872353215,
1,1.0,32,50,4,11.756209822509511,
1,1.0,32,50,4,15.518975240952503,
1,1.0,32,50,6,12.456303017479996,
1,1.0,32,50,6,15.424452236842663,
1,1.0,32,50,8,12.772154316042489,
1,1.0,32,50,8,15.44083544570936,
1,1.0,32,100,2,9.915154627653733,
1,1.0,32,100,2,16.013155892940382,
1,1.0,32,100,4,11.756235132202937,
1,1.0,32,100,4,15.386690734853271,
1,1.0,32,100,6,12.441297861821823,
1,1.0,32,100,6,15.371345768065838,
1,1.0,32,100,8,12.741428560801946,
1,1.0,32,100,8,15.413646354026744,
1,1.0,32,200,2,9.880082765919816,
1,1.0,32,200,2,15.941894523772262,
1,1.0,32,200,4,11.765580581236703,
1,1.0,32,200,4,15.450413171866844,
1,1.0,32,200,6,12.44591463767179,
1,1.0,32,200,6,15.365082930723725,
1,1.0,32,200,8,12.754352948484744,
1,1.0,32,200,8,15.435763118502988,
1,1.0,56,50,2,13.58702155905375,
1,1.0,56,50,4,13.832568748823116,
1,1.0,56,50,6,14.172221018679286,
1,1.0,56,50,8,14.37752106162399,
1,1.0,56,100,2,13.578158853749873,
1,1.0,56,100,4,13.818505824091446,
1,1.0,56,100,6,14.208928667201793,
1,1.0,56,100,8,14.401153655993507,
1,1.0,56,200,2,13.565361740626482,
1,1.0,56,200,4,13.916321953865282,
1,1.0,56,200,6,14.18462419982234,
1,1.0,56,200,8,14.410249564493542,
1,1.0,80,50,2,11.648408189988697,
1,1.0,80,50,4,13.139892412555188,
1,1.0,80,50,6,13.68577808714528,
1,1.0,80,50,8,13.9346640400104,
1,1.0,80,100,2,11.722576035578191,
1,1.0,80,100,4,13.120957251494902,
1,1.0,80,100,6,13.609276194164506,
1,1.0,80,100,8,13.990197292024703,
1,1.0,80,200,2,11.759692638039573,
1,1.0,80,200,4,13.189147846265298,
1,1.0,80,200,6,13.657371073433248,
1,1.0,80,200,8,13.96968256421112,
1,1.0,104,50,2,10.6270976071666,
1,1.0,104,50,4,12.703518081345278,
1,1.0,104,50,6,13.370022712180363,
1,1.0,104,50,8,13.73926305313222,
1,1.0,104,100,2,10.620354029327457,
1,1.0,104,100,4,12.725235918477432,
1,1.0,104,100,6,13.35090434693858,
1,1.0,104,100,8,13.717235577181096,
1,1.0,104,200,2,10.52647386683175,
1,1.0,104,200,4,12.714601032149544,
1,1.0,104,200,6,13.313643572049472,
1,1.0,104,200,8,13.720697564500652,
1,1.0,128,50,2,15.418556606160736,"(32, 32)"
1,1.0,128,50,2,9.916373967143938,
1,1.0,128,50,4,15.147963439228429,"(32, 32)"
1,1.0,128,50,4,12.471724917761632,
1,1.0,128,50,6,15.24783097147646,"(32, 32)"
1,1.0,128,50,6,13.225357893083515,
1,1.0,128,50,8,15.2737209752306,"(32, 32)"
1,1.0,128,50,8,13.60199860865683,
1,1.0,128,100,2,15.464382595462318,"(32, 32)"
1,1.0,128,100,2,9.83698498009096,
1,1.0,128,100,4,15.171018597900789,"(32, 32)"
1,1.0,128,100,4,12.429530058222705,
1,1.0,128,100,6,15.260649167872982,"(32, 32)"
1,1.0,128,100,6,13.162658145602954,
1,1.0,128,100,8,15.303667035434524,"(32, 32)"
1,1.0,128,100,8,13.581835767575118,
1,1.0,128,200,2,15.584126348598188,"(32, 32)"
1,1.0,128,200,2,9.824278353136789,
1,1.0,128,200,4,15.10261998467853,"(32, 32)"
1,1.0,128,200,4,12.450597260025226,
1,1.0,128,200,6,15.156515657908573,"(32, 32)"
1,1.0,128,200,6,13.186534972836638,
1,1.0,128,200,8,15.355124551956704,"(32, 32)"
1,1.0,128,200,8,13.578721993582604,
1,1.0,224,50,2,13.316794548964332,"(32, 32)"
1,1.0,224,50,4,14.00761465346721,"(32, 32)"
1,1.0,224,50,6,14.48399561577546,"(32, 32)"
1,1.0,224,50,8,14.79485380553648,"(32, 32)"
1,1.0,224,100,2,13.322811664150615,"(32, 32)"
1,1.0,224,100,4,14.017593500714362,"(32, 32)"
1,1.0,224,100,6,14.472043809789644,"(32, 32)"
1,1.0,224,100,8,14.775114499857072,"(32, 32)"
1,1.0,224,200,2,13.308327034264217,"(32, 32)"
1,1.0,224,200,4,14.02156857758705,"(32, 32)"
1,1.0,224,200,6,14.437578737779072,"(32, 32)"
1,1.0,224,200,8,14.759308415573065,"(32, 32)"
1,1.0,320,50,2,12.055122293479323,"(32, 32)"
1,1.0,320,50,4,13.606625687647902,"(32, 32)"
1,1.0,320,50,6,14.252544510522114,"(32, 32)"
1,1.0,320,50,8,14.579164719379328,"(32, 32)"
1,1.0,320,100,2,11.961303147221724,"(32, 32)"
1,1.0,320,100,4,13.57323273734517,"(32, 32)"
1,1.0,320,100,6,14.152086197154448,"(32, 32)"
1,1.0,320,100,8,14.56112900202868,"(32, 32)"
1,1.0,320,200,2,11.970607683122134,"(32, 32)"
1,1.0,320,200,4,13.57518024360046,"(32, 32)"
1,1.0,320,200,6,14.171174592497785,"(32, 32)"
1,1.0,320,200,8,14.489994280006432,"(32, 32)"
1,1.0,416,50,2,11.308872041588732,"(32, 32)"
1,1.0,416,50,4,13.39461782743965,"(32, 32)"
1,1.0,416,50,6,14.079474753856497,"(32, 32)"
1,1.0,416,50,8,14.485031557479996,"(32, 32)"
1,1.0,416,100,2,11.206123238148171,"(32, 32)"
1,1.0,416,100,4,13.401033395803454,"(32, 32)"
1,1.0,416,100,6,14.06366192573878,"(32, 32)"
1,1.0,416,100,8,14.432863886527892,"(32, 32)"
1,1.0,416,200,2,11.167493609274356,"(32, 32)"
1,1.0,416,200,4,13.338776637635128,"(32, 32)"
1,1.0,416,200,6,14.062363280585387,"(32, 32)"
1,1.0,416,200,8,14.445281866855026,"(32, 32)"
1,1.0,512,50,2,10.893717650968984,"(32, 32)"
1,1.0,512,50,4,13.29452361172615,"(32, 32)"
1,1.0,512,50,6,14.00356424464697,"(32, 32)"
1,1.0,512,50,8,14.417447122311849,"(32, 32)"
1,1.0,512,100,2,10.828977873270642,"(32, 32)"
1,1.0,512,100,4,13.28148796317149,"(32, 32)"
1,1.0,512,100,6,13.98006300272136,"(32, 32)"
1,1.0,512,100,8,14.36847850647606,"(32, 32)"
1,1.0,512,200,2,10.784195738026291,"(32, 32)"
1,1.0,512,200,4,13.266467531585096,"(32, 32)"
1,1.0,512,200,6,13.966574411990369,"(32, 32)"
1,1.0,512,200,8,14.37262182051714,"(32, 32)"
1,10.0,8,50,2,17.28261192432318,
1,10.0,8,50,4,16.595557737572236,
1,10.0,8,50,6,16.661756109987362,
1,10.0,8,50,8,16.750956949255773,
1,10.0,8,100,2,17.294799239048544,
1,10.0,8,100,4,16.623138323498605,
1,10.0,8,100,6,16.69153629022887,
1,10.0,8,100,8,16.85202926958441,
1,10.0,8,200,2,17.338651220361907,
1,10.0,8,200,4,16.67106064413684,
1,10.0,8,200,6,16.712415175982326,
1,10.0,8,200,8,16.71014856132064,
1,10.0,14,50,2,15.207288369984672,
1,10.0,14,50,4,15.46624020339309,
1,10.0,14,50,6,15.6565171635841,
1,10.0,14,50,8,15.8486197848416,
1,10.0,14,100,2,15.174788441825156,
1,10.0,14,100,4,15.505004444090924,
1,10.0,14,100,6,15.688765516567512,
1,10.0,14,100,8,15.782482136885916,
1,10.0,14,200,2,15.187281603086678,
1,10.0,14,200,4,15.455289405623317,
1,10.0,14,200,6,15.657742427269046,
1,10.0,14,200,8,15.869638093164186,
1,10.0,20,50,2,14.310087042223254,
1,10.0,20,50,4,15.060960873046367,
1,10.0,20,50,6,15.303949576829718,
1,10.0,20,50,8,15.423528858927137,
1,10.0,20,100,2,14.281211535779711,
1,10.0,20,100,4,15.01431837162616,
1,10.0,20,100,6,15.249715458451044,
1,10.0,20,100,8,15.439285113333163,
1,10.0,20,200,2,14.34041621541876,
1,10.0,20,200,4,15.011376834879597,
1,10.0,20,200,6,15.331312184571196,
1,10.0,20,200,8,15.443266868676083,
1,10.0,26,50,2,13.81054024580876,
1,10.0,26,50,4,14.75823641199,
1,10.0,26,50,6,15.055679233194748,
1,10.0,26,50,8,15.231519038188324,
1,10.0,26,100,2,13.871421558714532,
1,10.0,26,100,4,14.776567358544789,
1,10.0,26,100,6,15.021017481732835,
1,10.0,26,100,8,15.200509860873666,
1,10.0,26,200,2,13.909796993219496,
1,10.0,26,200,4,14.804693941703745,
1,10.0,26,200,6,15.037222898852225,
1,10.0,26,200,8,15.183572897223268,
1,10.0,32,50,2,13.5694134929976,
1,10.0,32,50,2,15.835909677338964,
1,10.0,32,50,4,14.66543167867968,
1,10.0,32,50,4,15.791902297114843,
1,10.0,32,50,6,14.88262244075658,
1,10.0,32,50,6,15.973305606679991,
1,10.0,32,50,8,15.071572638193071,
1,10.0,32,50,8,16.10523911524534,
1,10.0,32,100,2,13.601148955112944,
1,10.0,32,100,2,15.91670527961135,
1,10.0,32,100,4,14.614641221634876,
1,10.0,32,100,4,15.804270898643042,
1,10.0,32,100,6,14.879814074185344,
1,10.0,32,100,6,15.988483217978256,
1,10.0,32,100,8,15.02867767466339,
1,10.0,32,100,8,16.096293720583837,
1,10.0,32,200,2,13.564532993375376,
1,10.0,32,200,2,15.896006105349809,
1,10.0,32,200,4,14.58931140260391,
1,10.0,32,200,4,15.893399846835988,
1,10.0,32,200,6,14.952746794092128,
1,10.0,32,200,6,15.962178231075333,
1,10.0,32,200,8,15.04981783633072,
1,10.0,32,200,8,16.09930264875989,
1,10.0,56,50,2,14.591842363317532,
1,10.0,56,50,4,15.262901976944375,
1,10.0,56,50,6,15.53295410140824,
1,10.0,56,50,8,15.743035850667754,
1,10.0,56,100,2,14.574533361486331,
1,10.0,56,100,4,15.28218022735044,
1,10.0,56,100,6,15.527471746720868,
1,10.0,56,100,8,15.723433720101962,
1,10.0,56,200,2,14.596991168870456,
1,10.0,56,200,4,15.271658978730716,
1,10.0,56,200,6,15.49669796626578,
1,10.0,56,200,8,15.714159922901368,
1,10.0,80,50,2,14.155896719256944,
1,10.0,80,50,4,15.089670581697938,
1,10.0,80,50,6,15.395450792046722,
1,10.0,80,50,8,15.57715416181678,
1,10.0,80,100,2,14.15672938059392,
1,10.0,80,100,4,15.020075778490652,
1,10.0,80,100,6,15.40131935313929,
1,10.0,80,100,8,15.599724185168157,
1,10.0,80,200,2,14.136603121720752,
1,10.0,80,200,4,15.075224634018335,
1,10.0,80,200,6,15.387167233324936,
1,10.0,80,200,8,15.576990084309289,
1,10.0,104,50,2,13.918845107083785,
1,10.0,104,50,4,14.941841803292167,
1,10.0,104,50,6,15.316045607524083,
1,10.0,104,50,8,15.496332534554243,
1,10.0,104,100,2,13.900900919966258,
1,10.0,104,100,4,14.9912298631179,
1,10.0,104,100,6,15.275091322705478,
1,10.0,104,100,8,15.51422241878469,
1,10.0,104,200,2,13.91151338902239,
1,10.0,104,200,4,14.950781372472171,
1,10.0,104,200,6,15.29420742509133,
1,10.0,104,200,8,15.5056138485883,
1,10.0,128,50,2,15.601057217304454,"(32, 32)"
1,10.0,128,50,2,13.733436595812467,
1,10.0,128,50,4,15.900658004868632,"(32, 32)"
1,10.0,128,50,4,14.884917215021616,
1,10.0,128,50,6,16.12298074543525,"(32, 32)"
1,10.0,128,50,6,15.22802439248747,
1,10.0,128,50,8,16.265205194660595,"(32, 32)"
1,10.0,128,50,8,15.467774146538986,
1,10.0,128,100,2,15.565319495275071,"(32, 32)"
1,10.0,128,100,2,13.753229490237295,
1,10.0,128,100,4,15.892366897100036,"(32, 32)"
1,10.0,128,100,4,14.927784717140025,
1,10.0,128,100,6,16.137880725343706,"(32, 32)"
1,10.0,128,100,6,15.2530609560925,
1,10.0,128,100,8,16.26968166103192,"(32, 32)"
1,10.0,128,100,8,15.44211586581742,
1,10.0,128,200,2,15.560328565722582,"(32, 32)"
1,10.0,128,200,2,13.774085433701655,
1,10.0,128,200,4,15.867173195348364,"(32, 32)"
1,10.0,128,200,4,14.91602687777826,
1,10.0,128,200,6,16.089151321703874,"(32, 32)"
1,10.0,128,200,6,15.241656287794436,
1,10.0,128,200,8,16.27238682923059,"(32, 32)"
1,10.0,128,200,8,15.45576243173372,
1,10.0,224,50,2,14.765376077804254,"(32, 32)"
1,10.0,224,50,4,15.594080002222723,"(32, 32)"
1,10.0,224,50,6,15.915673962271905,"(32, 32)"
1,10.0,224,50,8,16.11951430107279,"(32, 32)"
1,10.0,224,100,2,14.756587998018436,"(32, 32)"
1,10.0,224,100,4,15.633758653550052,"(32, 32)"
1,10.0,224,100,6,15.897359885545978,"(32, 32)"
1,10.0,224,100,8,16.07017838232501,"(32, 32)"
1,10.0,224,200,2,14.759566873744538,"(32, 32)"
1,10.0,224,200,4,15.585889773188203,"(32, 32)"
1,10.0,224,200,6,15.885516430484204,"(32, 32)"
1,10.0,224,200,8,16.087843913068035,"(32, 32)"
1,10.0,320,50,2,14.391062113763772,"(32, 32)"
1,10.0,320,50,4,15.580469014425486,"(32, 32)"
1,10.0,320,50,6,15.826802897993131,"(32, 32)"
1,10.0,320,50,8,16.01511563119105,"(32, 32)"
1,10.0,320,100,2,14.444939748308936,"(32, 32)"
1,10.0,320,100,4,15.532012122507838,"(32, 32)"
1,10.0,320,100,6,15.817786256633603,"(32, 32)"
1,10.0,320,100,8,15.993889476291688,"(32, 32)"
1,10.0,320,200,2,14.389488283009754,"(32, 32)"
1,10.0,320,200,4,15.508852614875533,"(32, 32)"
1,10.0,320,200,6,15.812012314343646,"(32, 32)"
1,10.0,320,200,8,16.019423377700083,"(32, 32)"
1,10.0,416,50,2,14.29543636567313,"(32, 32)"
1,10.0,416,50,4,15.479322731323196,"(32, 32)"
1,10.0,416,50,6,15.812179501870236,"(32, 32)"
1,10.0,416,50,8,16.001531885246504,"(32, 32)"
1,10.0,416,100,2,14.259674803461976,"(32, 32)"
1,10.0,416,100,4,15.479472934710206,"(32, 32)"
1,10.0,416,100,6,15.798092637642965,"(32, 32)"
1,10.0,416,100,8,15.9852579866698,"(32, 32)"
1,10.0,416,200,2,14.28863988619502,"(32, 32)"
1,10.0,416,200,4,15.483639481183095,"(32, 32)"
1,10.0,416,200,6,15.774148502734723,"(32, 32)"
1,10.0,416,200,8,15.978143545699924,"(32, 32)"
1,10.0,512,50,2,14.17913719769798,"(32, 32)"
1,10.0,512,50,4,15.48622984030484,"(32, 32)"
1,10.0,512,50,6,15.790903051160264,"(32, 32)"
1,10.0,512,50,8,15.993407202472268,"(32, 32)"
1,10.0,512,100,2,14.142365979670082,"(32, 32)"
1,10.0,512,100,4,15.43446511773113,"(32, 32)"
1,10.0,512,100,6,15.768387128152677,"(32, 32)"
1,10.0,512,100,8,15.967863950390596,"(32, 32)"
1,10.0,512,200,2,14.184358627131717,"(32, 32)"
1,10.0,512,200,4,15.476857536388328,"(32, 32)"
1,10.0,512,200,6,15.768227701688447,"(32, 32)"
1,10.0,512,200,8,15.96302325437377,"(32, 32)"
2,0.01,8,50,2,27.12299912627665,
2,0.01,8,50,4,28.06317137868758,
2,0.01,8,50,6,27.65208301941284,
2,0.01,8,50,8,27.147345835740424,
2,0.01,8,100,2,27.164536663719133,
2,0.01,8,100,4,28.08065969567118,
2,0.01,8,100,6,27.603736599624963,
2,0.01,8,100,8,27.57708492749269,
2,0.01,8,200,2,27.47248101527719,
2,0.01,8,200,4,27.56411516988849,
2,0.01,8,200,6,27.509891673033916,
2,0.01,8,200,8,27.69402902747114,
2,0.01,14,50,2,24.79808198218397,
2,0.01,14,50,4,25.71926972059933,
2,0.01,14,50,6,25.337595840370703,
2,0.01,14,50,8,25.083931147991105,
2,0.01,14,100,2,24.616249659817257,
2,0.01,14,100,4,25.758723364643306,
2,0.01,14,100,6,25.559555369108125,
2,0.01,14,100,8,25.521085212139266,
2,0.01,14,200,2,24.575148259721743,
2,0.01,14,200,4,25.61649274334741,
2,0.01,14,200,6,25.290726101106536,
2,0.01,14,200,8,25.475980104529384,
2,0.01,20,50,2,22.005889104361074,
2,0.01,20,50,4,22.40757068694811,
2,0.01,20,50,6,22.284803281056597,
2,0.01,20,50,8,21.03561995339644,
2,0.01,20,100,2,21.84773543295927,
2,0.01,20,100,4,22.1048434408874,
2,0.01,20,100,6,22.093795841066967,
2,0.01,20,100,8,21.67131339887763,
2,0.01,20,200,2,22.31721245931816,
2,0.01,20,200,4,22.46452102867113,
2,0.01,20,200,6,21.59748465762569,
2,0.01,20,200,8,21.89379877231489,
2,0.01,26,50,2,18.0762333914742,
2,0.01,26,50,4,18.08574830320857,
2,0.01,26,50,6,17.630791652689254,
2,0.01,26,50,8,17.03904481350813,
2,0.01,26,100,2,18.208785353344947,
2,0.01,26,100,4,18.061424038529204,
2,0.01,26,100,6,17.66804809687439,
2,0.01,26,100,8,17.206898787266812,
2,0.01,26,200,2,18.593442770078635,
2,0.01,26,200,4,17.447546795772574,
2,0.01,26,200,6,17.010349152854033,
2,0.01,26,200,8,17.05546810584718,
2,0.01,32,50,2,14.567712857688154,
2,0.01,32,50,2,44.49024805090279,
2,0.01,32,50,4,13.370286485317466,
2,0.01,32,50,4,53.32134002701556,
2,0.01,32,50,6,12.760142163288924,
2,0.01,32,50,6,54.63869864973651,
2,0.01,32,50,8,12.981212391475148,
2,0.01,32,50,8,54.33880441809866,
2,0.01,32,100,2,13.96514559332881,
2,0.01,32,100,2,44.43173751273834,
2,0.01,32,100,4,13.98851427588822,
2,0.01,32,100,4,53.19824081609968,
2,0.01,32,100,6,12.856342760047212,
2,0.01,32,100,6,55.62851787972929,
2,0.01,32,100,8,13.718045644557112,
2,0.01,32,100,8,55.19805675900831,
2,0.01,32,200,2,14.22238119519978,
2,0.01,32,200,2,44.46944840312364,
2,0.01,32,200,4,13.22688176805676,
2,0.01,32,200,4,53.78396704203595,
2,0.01,32,200,6,12.809224970865648,
2,0.01,32,200,6,54.53589627384295,
2,0.01,32,200,8,13.197186135434723,
2,0.01,32,200,8,54.36620710464423,
2,0.01,56,50,2,39.12594145108324,
2,0.01,56,50,4,47.39108748042088,
2,0.01,56,50,6,48.80448118959765,
2,0.01,56,50,8,48.62494500556719,
2,0.01,56,100,2,39.14535573059285,
2,0.01,56,100,4,47.59682774752113,
2,0.01,56,100,6,48.5461294106504,
2,0.01,56,100,8,49.42215669101225,
2,0.01,56,200,2,38.83676853184799,
2,0.01,56,200,4,47.52631917905565,
2,0.01,56,200,6,49.39374176878717,
2,0.01,56,200,8,49.522165402781205,
2,0.01,80,50,2,32.5951351116509,
2,0.01,80,50,4,39.2301519955256,
2,0.01,80,50,6,37.70393187967287,
2,0.01,80,50,8,37.540872145588416,
2,0.01,80,100,2,32.19519223637602,
2,0.01,80,100,4,37.33955371216078,
2,0.01,80,100,6,38.89143308824542,
2,0.01,80,100,8,35.92977625899561,
2,0.01,80,200,2,32.05453844475078,
2,0.01,80,200,4,39.03143315390624,
2,0.01,80,200,6,38.75926673589237,
2,0.01,80,200,8,37.4037665974467,
2,0.01,104,50,2,23.75462641578613,
2,0.01,104,50,4,24.81053426724666,
2,0.01,104,50,6,24.128894867044423,
2,0.01,104,50,8,23.04677171587026,
2,0.01,104,100,2,24.15452603089325,
2,0.01,104,100,4,25.210165044478074,
2,0.01,104,100,6,23.28581088662065,
2,0.01,104,100,8,22.812301509463957,
2,0.01,104,200,2,23.588387836188577,
2,0.01,104,200,4,27.301732924239516,
2,0.01,104,200,6,24.362282746443853,
2,0.01,104,200,8,22.836241358256803,
2,0.01,128,50,2,66.50743012759186,"(32, 32)"
2,0.01,128,50,2,14.758434405735535,
2,0.01,128,50,4,85.32189046858693,"(32, 32)"
2,0.01,128,50,4,12.71850645689739,
2,0.01,128,50,6,91.57132740367985,"(32, 32)"
2,0.01,128,50,6,12.18717744840599,
2,0.01,128,50,8,95.43472110122552,"(32, 32)"
2,0.01,128,50,8,10.89843189964014,
2,0.01,128,100,2,66.48805264298686,"(32, 32)"
2,0.01,128,100,2,14.79385142063949,
2,0.01,128,100,4,84.79491382226726,"(32, 32)"
2,0.01,128,100,4,12.907256228036292,
2,0.01,128,100,6,92.16371159245416,"(32, 32)"
2,0.01,128,100,6,11.382346830353356,
2,0.01,128,100,8,95.81983805187906,"(32, 32)"
2,0.01,128,100,8,12.334514939350576,
2,0.01,128,200,2,65.8932422663606,"(32, 32)"
2,0.01,128,200,2,14.258564031991249,
2,0.01,128,200,4,84.29304887433776,"(32, 32)"
2,0.01,128,200,4,12.071485740158645,
2,0.01,128,200,6,92.25450873793002,"(32, 32)"
2,0.01,128,200,6,11.741311127527805,
2,0.01,128,200,8,95.59762560397702,"(32, 32)"
2,0.01,128,200,8,12.170788071254492,
2,0.01,224,50,2,56.1192775264357,"(32, 32)"
2,0.01,224,50,4,76.24149455175703,"(32, 32)"
2,0.01,224,50,6,82.52333698232275,"(32, 32)"
2,0.01,224,50,8,85.0029160392069,"(32, 32)"
2,0.01,224,100,2,56.03591533584184,"(32, 32)"
2,0.01,224,100,4,75.3488696909004,"(32, 32)"
2,0.01,224,100,6,82.52030276543923,"(32, 32)"
2,0.01,224,100,8,86.12222356431931,"(32, 32)"
2,0.01,224,200,2,54.75719735552072,"(32, 32)"
2,0.01,224,200,4,76.39592048078993,"(32, 32)"
2,0.01,224,200,6,82.76302696098291,"(32, 32)"
2,0.01,224,200,8,85.16269182110528,"(32, 32)"
2,0.01,320,50,2,42.71252110240439,"(32, 32)"
2,0.01,320,50,4,56.58039813886296,"(32, 32)"
2,0.01,320,50,6,58.43843141517292,"(32, 32)"
2,0.01,320,50,8,57.894776164319865,"(32, 32)"
2,0.01,320,100,2,43.20431769657928,"(32, 32)"
2,0.01,320,100,4,55.824256641240815,"(32, 32)"
2,0.01,320,100,6,60.66780249961124,"(32, 32)"
2,0.01,320,100,8,60.60634491189104,"(32, 32)"
2,0.01,320,200,2,42.73850430304078,"(32, 32)"
2,0.01,320,200,4,56.8766921913012,"(32, 32)"
2,0.01,320,200,6,60.54755647927976,"(32, 32)"
2,0.01,320,200,8,60.61500479505823,"(32, 32)"
2,0.01,416,50,2,27.963061695144454,"(32, 32)"
2,0.01,416,50,4,25.1838490606484,"(32, 32)"
2,0.01,416,50,6,23.06483203706876,"(32, 32)"
2,0.01,416,50,8,22.160011564038285,"(32, 32)"
2,0.01,416,100,2,27.1139741629601,"(32, 32)"
2,0.01,416,100,4,27.14938720798396,"(32, 32)"
2,0.01,416,100,6,26.20296653376632,"(32, 32)"
2,0.01,416,100,8,18.551704324331023,"(32, 32)"
2,0.01,416,200,2,26.926503142864384,"(32, 32)"
2,0.01,416,200,4,30.62044232767197,"(32, 32)"
2,0.01,416,200,6,25.0818009103804,"(32, 32)"
2,0.01,416,200,8,20.812663584573198,"(32, 32)"
2,0.01,512,50,2,10.553515523790576,"(32, 32)"
2,0.01,512,50,4,8.499871196892899,"(32, 32)"
2,0.01,512,50,6,9.306507819750234,"(32, 32)"
2,0.01,512,50,8,9.6671209776658,"(32, 32)"
2,0.01,512,100,2,10.11247231912302,"(32, 32)"
2,0.01,512,100,4,8.843863442707702,"(32, 32)"
2,0.01,512,100,6,10.285754298329108,"(32, 32)"
2,0.01,512,100,8,9.533925565806353,"(32, 32)"
2,0.01,512,200,2,10.894146605738973,"(32, 32)"
2,0.01,512,200,4,9.375979766511405,"(32, 32)"
2,0.01,512,200,6,9.196504293651175,"(32, 32)"
2,0.01,512,200,8,9.489655735536664,"(32, 32)"
2,0.1,8,50,2,18.84097639076653,
2,0.1,8,50,4,18.766589950666717,
2,0.1,8,50,6,18.45968710223978,
2,0.1,8,50,8,18.37371998175703,
2,0.1,8,100,2,18.804627960833507,
2,0.1,8,100,4,18.59000904052252,
2,0.1,8,100,6,18.585511608784245,
2,0.1,8,100,8,18.36679994473618,
2,0.1,8,200,2,18.831071475879632,
2,0.1,8,200,4,18.68903296061435,
2,0.1,8,200,6,18.470906862674337,
2,0.1,8,200,8,18.49633030966728,
2,0.1,14,50,2,15.34484772339083,
2,0.1,14,50,4,15.065323054625624,
2,0.1,14,50,6,15.095436270525928,
2,0.1,14,50,8,14.893350133678643,
2,0.1,14,100,2,15.320876963642082,
2,0.1,14,100,4,15.340510443956951,
2,0.1,14,100,6,14.903967980580276,
2,0.1,14,100,8,14.977326231871569,
2,0.1,14,200,2,15.4102603420518,
2,0.1,14,200,4,14.947366943175496,
2,0.1,14,200,6,14.926221603930076,
2,0.1,14,200,8,14.89174818384152,
2,0.1,20,50,2,12.660900325972438,
2,0.1,20,50,4,12.645286351314402,
2,0.1,20,50,6,12.845159819883124,
2,0.1,20,50,8,12.93977977182042,
2,0.1,20,100,2,12.59310419211083,
2,0.1,20,100,4,12.677650574798143,
2,0.1,20,100,6,12.911152718966292,
2,0.1,20,100,8,12.945331506709415,
2,0.1,20,200,2,12.661727511161128,
2,0.1,20,200,4,12.69448269523647,
2,0.1,20,200,6,12.778713879411544,
2,0.1,20,200,8,12.838071435618168,
2,0.1,26,50,2,10.240775632987257,
2,0.1,26,50,4,10.84205161214428,
2,0.1,26,50,6,11.32795174301774,
2,0.1,26,50,8,11.663093092251112,
2,0.1,26,100,2,10.212703117302402,
2,0.1,26,100,4,10.876386532143018,
2,0.1,26,100,6,11.256655102122243,
2,0.1,26,100,8,11.63734535253844,
2,0.1,26,200,2,10.196783972476206,
2,0.1,26,200,4,10.80844869402574,
2,0.1,26,200,6,11.33989084557909,
2,0.1,26,200,8,11.546943881148152,
2,0.1,32,50,2,8.164680187458451,
2,0.1,32,50,2,20.61084090218816,
2,0.1,32,50,4,9.349157701383682,
2,0.1,32,50,4,23.73036176994919,
2,0.1,32,50,6,10.104995934713491,
2,0.1,32,50,6,23.54675706050424,
2,0.1,32,50,8,10.670520880872717,
2,0.1,32,50,8,23.353786859024343,
2,0.1,32,100,2,8.216725379264659,
2,0.1,32,100,2,20.439760322285355,
2,0.1,32,100,4,9.39419462429644,
2,0.1,32,100,4,22.97187902195988,
2,0.1,32,100,6,10.17817457759168,
2,0.1,32,100,6,23.32294530783004,
2,0.1,32,100,8,10.66234604432558,
2,0.1,32,100,8,22.11329850069986,
2,0.1,32,200,2,8.1886861393313,
2,0.1,32,200,2,20.650897696058543,
2,0.1,32,200,4,9.414251327203765,
2,0.1,32,200,4,23.031429378064605,
2,0.1,32,200,6,10.14341586932365,
2,0.1,32,200,6,23.03358578062856,
2,0.1,32,200,8,10.711925413730995,
2,0.1,32,200,8,23.444468039711182,
2,0.1,56,50,2,14.317044665165222,
2,0.1,56,50,4,13.93789275432812,
2,0.1,56,50,6,13.915061096649426,
2,0.1,56,50,8,15.007102175041611,
2,0.1,56,100,2,14.204764461424238,
2,0.1,56,100,4,14.146070310754729,
2,0.1,56,100,6,14.35226008464707,
2,0.1,56,100,8,14.381750362864594,
2,0.1,56,200,2,14.175401949019284,
2,0.1,56,200,4,14.04964758271489,
2,0.1,56,200,6,14.500972189046164,
2,0.1,56,200,8,14.284449246117,
2,0.1,80,50,2,11.154304227858283,
2,0.1,80,50,4,11.973166823585162,
2,0.1,80,50,6,12.409628458539922,
2,0.1,80,50,8,12.710672798987853,
2,0.1,80,100,2,11.253006088446382,
2,0.1,80,100,4,11.954258205577018,
2,0.1,80,100,6,12.421827553712454,
2,0.1,80,100,8,12.659332879494771,
2,0.1,80,200,2,11.101455118839835,
2,0.1,80,200,4,11.91098128701941,
2,0.1,80,200,6,12.40908296847145,
2,0.1,80,200,8,12.655778287409218,
2,0.1,104,50,2,8.817315699936334,
2,0.1,104,50,4,10.7035630185235,
2,0.1,104,50,6,11.43649220847126,
2,0.1,104,50,8,11.761754426423806,
2,0.1,104,100,2,8.876893607129956,
2,0.1,104,100,4,10.56986264373256,
2,0.1,104,100,6,11.50048246615531,
2,0.1,104,100,8,11.81431751296363,
2,0.1,104,200,2,8.90633202230597,
2,0.1,104,200,4,10.646811503183766,
2,0.1,104,200,6,11.39322317708176,
2,0.1,104,200,8,11.858057082053133,
2,0.1,128,50,2,21.78624388968977,"(32, 32)"
2,0.1,128,50,2,7.239340213197064,
2,0.1,128,50,4,28.996392453184107,"(32, 32)"
2,0.1,128,50,4,9.71379586194848,
2,0.1,128,50,6,32.2417308644707,"(32, 32)"
2,0.1,128,50,6,10.775332388652217,
2,0.1,128,50,8,38.02157306665697,"(32, 32)"
2,0.1,128,50,8,11.241193927602565,
2,0.1,128,100,2,23.093251884983435,"(32, 32)"
2,0.1,128,100,2,7.196308609626221,
2,0.1,128,100,4,29.50721128869837,"(32, 32)"
2,0.1,128,100,4,9.705242620046386,
2,0.1,128,100,6,33.33776784645503,"(32, 32)"
2,0.1,128,100,6,10.780960034880088,
2,0.1,128,100,8,38.33451178577549,"(32, 32)"
2,0.1,128,100,8,11.115733026725476,
2,0.1,128,200,2,21.0501240669998,"(32, 32)"
2,0.1,128,200,2,7.169433710142043,
2,0.1,128,200,4,27.706924685664944,"(32, 32)"
2,0.1,128,200,4,9.71168658803801,
2,0.1,128,200,6,34.143411441460266,"(32, 32)"
2,0.1,128,200,6,10.768518510257651,
2,0.1,128,200,8,37.11935145502149,"(32, 32)"
2,0.1,128,200,8,11.171457050748517,
2,0.1,224,50,2,13.443113635974976,"(32, 32)"
2,0.1,224,50,4,13.45436847181397,"(32, 32)"
2,0.1,224,50,6,13.66737886449464,"(32, 32)"
2,0.1,224,50,8,13.988833470058443,"(32, 32)"
2,0.1,224,100,2,13.48822991885867,"(32, 32)"
2,0.1,224,100,4,13.415946103919817,"(32, 32)"
2,0.1,224,100,6,13.63501308573426,"(32, 32)"
2,0.1,224,100,8,13.906982951189937,"(32, 32)"
2,0.1,224,200,2,13.3450935634336,"(32, 32)"
2,0.1,224,200,4,13.420610610328158,"(32, 32)"
2,0.1,224,200,6,13.599596752471523,"(32, 32)"
2,0.1,224,200,8,13.840076243240178,"(32, 32)"
2,0.1,320,50,2,10.78812160712228,"(32, 32)"
2,0.1,320,50,4,12.23375262824701,"(32, 32)"
2,0.1,320,50,6,12.934842633800445,"(32, 32)"
2,0.1,320,50,8,13.264410280073706,"(32, 32)"
2,0.1,320,100,2,10.700512019946226,"(32, 32)"
2,0.1,320,100,4,12.216416236076608,"(32, 32)"
2,0.1,320,100,6,12.865761266157696,"(32, 32)"
2,0.1,320,100,8,13.221968743666585,"(32, 32)"
2,0.1,320,200,2,10.803686530030394,"(32, 32)"
2,0.1,320,200,4,12.185534039903482,"(32, 32)"
2,0.1,320,200,6,12.827550468635492,"(32, 32)"
2,0.1,320,200,8,13.180825808967649,"(32, 32)"
2,0.1,416,50,2,8.798611566078062,"(32, 32)"
2,0.1,416,50,4,11.543785497490004,"(32, 32)"
2,0.1,416,50,6,12.468249165125483,"(32, 32)"
2,0.1,416,50,8,12.921859796554312,"(32, 32)"
2,0.1,416,100,2,8.623691404281539,"(32, 32)"
2,0.1,416,100,4,11.523656148614212,"(32, 32)"
2,0.1,416,100,6,12.413073299264376,"(32, 32)"
2,0.1,416,100,8,12.881497715655486,"(32, 32)"
2,0.1,416,200,2,8.639383237159112,"(32, 32)"
2,0.1,416,200,4,11.461961779755514,"(32, 32)"
2,0.1,416,200,6,12.402985342656672,"(32, 32)"
2,0.1,416,200,8,12.794158460901452,"(32, 32)"
2,0.1,512,50,2,7.480598277272848,"(32, 32)"
2,0.1,512,50,4,11.177321252248973,"(32, 32)"
2,0.1,512,50,6,12.257171555751317,"(32, 32)"
2,0.1,512,50,8,12.695398587448503,"(32, 32)"
2,0.1,512,100,2,7.493286434085644,"(32, 32)"
2,0.1,512,100,4,11.035887869829027,"(32, 32)"
2,0.1,512,100,6,12.230025530435237,"(32, 32)"
2,0.1,512,100,8,12.672968317508037,"(32, 32)"
2,0.1,512,200,2,7.474373842888895,"(32, 32)"
2,0.1,512,200,4,11.062684655668871,"(32, 32)"
2,0.1,512,200,6,12.160847635340266,"(32, 32)"
2,0.1,512,200,8,12.609602348235065,"(32, 32)"
2,1.0,8,50,2,17.459445065203628,
2,1.0,8,50,4,16.56535919269804,
2,1.0,8,50,6,16.46195296390262,
2,1.0,8,50,8,16.42568103882184,
2,1.0,8,100,2,17.55437675306294,
2,1.0,8,100,4,16.644291290293868,
2,1.0,8,100,6,16.418756858612245,
2,1.0,8,100,8,16.51986296386779,
2,1.0,8,200,2,17.488258673657807,
2,1.0,8,200,4,16.823739304718057,
2,1.0,8,200,6,16.50480812994353,
2,1.0,8,200,8,16.383810570493498,
2,1.0,14,50,2,14.720663476794158,
2,1.0,14,50,4,14.536988796649936,
2,1.0,14,50,6,14.612779385887382,
2,1.0,14,50,8,14.681646601036432,
2,1.0,14,100,2,14.670303861855416,
2,1.0,14,100,4,14.686624314196164,
2,1.0,14,100,6,14.677587142683048,
2,1.0,14,100,8,14.805397101232892,
2,1.0,14,200,2,14.67984497570537,
2,1.0,14,200,4,14.665806759566127,
2,1.0,14,200,6,14.627797698735677,
2,1.0,14,200,8,14.798673075397012,
2,1.0,20,50,2,12.509732386763025,
2,1.0,20,50,4,13.307930175432965,
2,1.0,20,50,6,13.486092927664902,
2,1.0,20,50,8,13.781272005855092,
2,1.0,20,100,2,12.61831231078506,
2,1.0,20,100,4,13.165169707239256,
2,1.0,20,100,6,13.50686132061683,
2,1.0,20,100,8,13.652177635568446,
2,1.0,20,200,2,12.623118798630776,
2,1.0,20,200,4,13.227287114906291,
2,1.0,20,200,6,13.551647291662626,
2,1.0,20,200,8,13.695958280597855,
2,1.0,26,50,2,10.980262040588125,
2,1.0,26,50,4,12.38046036291088,
2,1.0,26,50,6,12.857258248189796,
2,1.0,26,50,8,13.158552897004355,
2,1.0,26,100,2,11.03688333415233,
2,1.0,26,100,4,12.318760553410623,
2,1.0,26,100,6,12.815023183098406,
2,1.0,26,100,8,13.09011273177456,
2,1.0,26,200,2,10.880355393271246,
2,1.0,26,200,4,12.338339245049465,
2,1.0,26,200,6,12.828903936603457,
2,1.0,26,200,8,13.132830509171171,
2,1.0,32,50,2,9.905641940254814,
2,1.0,32,50,2,15.813536719311024,
2,1.0,32,50,4,11.833700702677785,
2,1.0,32,50,4,15.47796294853211,
2,1.0,32,50,6,12.479105308691802,
2,1.0,32,50,6,15.446314098586036,
2,1.0,32,50,8,12.735780303737512,
2,1.0,32,50,8,15.402069948468284,
2,1.0,32,100,2,9.867879690747372,
2,1.0,32,100,2,15.858161225874213,
2,1.0,32,100,4,11.801654822484526,
2,1.0,32,100,4,15.508863806461866,
2,1.0,32,100,6,12.47602956800513,
2,1.0,32,100,6,15.346498821963571,
2,1.0,32,100,8,12.758894417200402,
2,1.0,32,100,8,15.429738676734749,
2,1.0,32,200,2,9.862435181843502,
2,1.0,32,200,2,15.86790932723137,
2,1.0,32,200,4,11.84632318167982,
2,1.0,32,200,4,15.46955576637968,
2,1.0,32,200,6,12.474250517139517,
2,1.0,32,200,6,15.313434307632935,
2,1.0,32,200,8,12.7349694610577,
2,1.0,32,200,8,15.462072669055225,
2,1.0,56,50,2,13.51806237618743,
2,1.0,56,50,4,13.916555088227891,
2,1.0,56,50,6,14.182085121416852,
2,1.0,56,50,8,14.392166900040218,
2,1.0,56,100,2,13.462790460738296,
2,1.0,56,100,4,13.930065002289744,
2,1.0,56,100,6,14.194988811793523,
2,1.0,56,100,8,14.389078162743267,
2,1.0,56,200,2,13.57032276036781,
2,1.0,56,200,4,13.860749495857505,
2,1.0,56,200,6,14.150989085429586,
2,1.0,56,200,8,14.424471041866544,
2,1.0,80,50,2,11.65324416279957,
2,1.0,80,50,4,13.117047761828267,
2,1.0,80,50,6,13.637835834679274,
2,1.0,80,50,8,13.96115882326666,
2,1.0,80,100,2,11.858087160651973,
2,1.0,80,100,4,13.09625380437078,
2,1.0,80,100,6,13.609980152572522,
2,1.0,80,100,8,13.94444956954585,
2,1.0,80,200,2,11.825131237761516,
2,1.0,80,200,4,13.13591741000196,
2,1.0,80,200,6,13.642838166365625,
2,1.0,80,200,8,13.904676575532635,
2,1.0,104,50,2,10.469766049399118,
2,1.0,104,50,4,12.71548907492554,
2,1.0,104,50,6,13.422281989609433,
2,1.0,104,50,8,13.70121656153618,
2,1.0,104,100,2,10.602588308767574,
2,1.0,104,100,4,12.706257451510742,
2,1.0,104,100,6,13.347873738442477,
2,1.0,104,100,8,13.701904938514636,
2,1.0,104,200,2,10.596508285940416,
2,1.0,104,200,4,12.683448182102763,
2,1.0,104,200,6,13.393394014769491,
2,1.0,104,200,8,13.663814727822526,
2,1.0,128,50,2,15.348694045586722,"(32, 32)"
2,1.0,128,50,2,9.86909656073183,
2,1.0,128,50,4,15.105685930685947,"(32, 32)"
2,1.0,128,50,4,12.478710507996524,
2,1.0,128,50,6,15.152645099236569,"(32, 32)"
2,1.0,128,50,6,13.20253514885264,
2,1.0,128,50,8,15.298700708808102,"(32, 32)"
2,1.0,128,50,8,13.586160018528863,
2,1.0,128,100,2,15.531397122275388,"(32, 32)"
2,1.0,128,100,2,9.794855667149118,
2,1.0,128,100,4,15.08913589622436,"(32, 32)"
2,1.0,128,100,4,12.46077065670044,
2,1.0,128,100,6,15.245837409571564,"(32, 32)"
2,1.0,128,100,6,13.213186261012629,
2,1.0,128,100,8,15.297073253870408,"(32, 32)"
2,1.0,128,100,8,13.568796972529965,
2,1.0,128,200,2,15.456261851625875,"(32, 32)"
2,1.0,128,200,2,9.879754575700462,
2,1.0,128,200,4,15.102773303075558,"(32, 32)"
2,1.0,128,200,4,12.458983762639113,
2,1.0,128,200,6,15.214487720481412,"(32, 32)"
2,1.0,128,200,6,13.212795494622432,
2,1.0,128,200,8,15.27824600118753,"(32, 32)"
2,1.0,128,200,8,13.528470571029487,
2,1.0,224,50,2,13.428816149606474,"(32, 32)"
2,1.0,224,50,4,14.032180449427068,"(32, 32)"
2,1.0,224,50,6,14.551300195234314,"(32, 32)"
2,1.0,224,50,8,14.795669071478487,"(32, 32)"
2,1.0,224,100,2,13.29141399338699,"(32, 32)"
2,1.0,224,100,4,14.008382876049682,"(32, 32)"
2,1.0,224,100,6,14.46257477182959,"(32, 32)"
2,1.0,224,100,8,14.778936289707206,"(32, 32)"
2,1.0,224,200,2,13.298959499185878,"(32, 32)"
2,1.0,224,200,4,14.024668349970351,"(32, 32)"
2,1.0,224,200,6,14.437036151783383,"(32, 32)"
2,1.0,224,200,8,14.714800975100424,"(32, 32)"
2,1.0,320,50,2,12.007310706669257,"(32, 32)"
2,1.0,320,50,4,13.59816514147566,"(32, 32)"
2,1.0,320,50,6,14.219888696033731,"(32, 32)"
2,1.0,320,50,8,14.559771761100912,"(32, 32)"
2,1.0,320,100,2,11.969402405011934,"(32, 32)"
2,1.0,320,100,4,13.544290016579778,"(32, 32)"
2,1.0,320,100,6,14.19444474636873,"(32, 32)"
2,1.0,320,100,8,14.542216963680264,"(32, 32)"
2,1.0,320,200,2,11.901738310721443,"(32, 32)"
2,1.0,320,200,4,13.547893622269914,"(32, 32)"
2,1.0,320,200,6,14.17026592233944,"(32, 32)"
2,1.0,320,200,8,14.54076876049682,"(32, 32)"
2,1.0,416,50,2,11.292148725253842,"(32, 32)"
2,1.0,416,50,4,13.438100969937034,"(32, 32)"
2,1.0,416,50,6,14.10495409136214,"(32, 32)"
2,1.0,416,50,8,14.4978579550368,"(32, 32)"
2,1.0,416,100,2,11.226715405404438,"(32, 32)"
2,1.0,416,100,4,13.394757375424328,"(32, 32)"
2,1.0,416,100,6,14.026742597768475,"(32, 32)"
2,1.0,416,100,8,14.425572608411994,"(32, 32)"
2,1.0,416,200,2,11.218056319953838,"(32, 32)"
2,1.0,416,200,4,13.377692833888112,"(32, 32)"
2,1.0,416,200,6,14.064380570870696,"(32, 32)"
2,1.0,416,200,8,14.407346605116128,"(32, 32)"
2,1.0,512,50,2,10.876880176290662,"(32, 32)"
2,1.0,512,50,4,13.305864999916244,"(32, 32)"
2,1.0,512,50,6,14.020661910862168,"(32, 32)"
2,1.0,512,50,8,14.427915884662704,"(32, 32)"
2,1.0,512,100,2,10.809791357971756,"(32, 32)"
2,1.0,512,100,4,13.235787308423632,"(32, 32)"
2,1.0,512,100,6,13.975168822877588,"(32, 32)"
2,1.0,512,100,8,14.382021043541656,"(32, 32)"
2,1.0,512,200,2,10.785046779653143,"(32, 32)"
2,1.0,512,200,4,13.279519791940558,"(32, 32)"
2,1.0,512,200,6,13.966112813840017,"(32, 32)"
2,1.0,512,200,8,14.364611379675797,"(32, 32)"
2,10.0,8,50,2,17.40705669732162,
2,10.0,8,50,4,16.673709957887766,
2,10.0,8,50,6,16.652280982317784,
2,10.0,8,50,8,16.802032615678097,
2,10.0,8,100,2,17.4923362299673,
2,10.0,8,100,4,16.673339436217397,
2,10.0,8,100,6,16.674188455167098,
2,10.0,8,100,8,16.794426261366784,
2,10.0,8,200,2,17.51783835100505,
2,10.0,8,200,4,16.71202291465346,
2,10.0,8,200,6,16.646529633906855,
2,10.0,8,200,8,16.763833553739445,
2,10.0,14,50,2,15.158090507207923,
2,10.0,14,50,4,15.44636534371575,
2,10.0,14,50,6,15.652431364982824,
2,10.0,14,50,8,15.886384501339949,
2,10.0,14,100,2,15.183210607061303,
2,10.0,14,100,4,15.460306965296052,
2,10.0,14,100,6,15.691569009572552,
2,10.0,14,100,8,15.873437278906016,
2,10.0,14,200,2,15.26947603876882,
2,10.0,14,200,4,15.479369308083111,
2,10.0,14,200,6,15.69316746440686,
2,10.0,14,200,8,15.874717769967535,
2,10.0,20,50,2,14.29689274354261,
2,10.0,20,50,4,14.980471805736324,
2,10.0,20,50,6,15.257452222688974,
2,10.0,20,50,8,15.45452016736578,
2,10.0,20,100,2,14.26162219008328,
2,10.0,20,100,4,15.009455180385851,
2,10.0,20,100,6,15.26058292580436,
2,10.0,20,100,8,15.484321663434566,
2,10.0,20,200,2,14.35917017544682,
2,10.0,20,200,4,15.000053024198271,
2,10.0,20,200,6,15.27168870363051,
2,10.0,20,200,8,15.465515908368909,
2,10.0,26,50,2,13.873200170955451,
2,10.0,26,50,4,14.756532030912467,
2,10.0,26,50,6,15.021173283737472,
2,10.0,26,50,8,15.226810146018778,
2,10.0,26,100,2,13.85181338561216,
2,10.0,26,100,4,14.73341536405578,
2,10.0,26,100,6,15.053797316945248,
2,10.0,26,100,8,15.24164677711275,
2,10.0,26,200,2,13.842967267437064,
2,10.0,26,200,4,14.726547475953875,
2,10.0,26,200,6,15.008126155786664,
2,10.0,26,200,8,15.18035142735529,
2,10.0,32,50,2,13.583929193139175,
2,10.0,32,50,2,15.828233212009785,
2,10.0,32,50,4,14.598393291744111,
2,10.0,32,50,4,15.80577939721783,
2,10.0,32,50,6,14.890532518321807,
2,10.0,32,50,6,15.966365867653646,
2,10.0,32,50,8,15.033766062077635,
2,10.0,32,50,8,16.126442778159294,
2,10.0,32,100,2,13.596606566107788,
2,10.0,32,100,2,15.869150240381702,
2,10.0,32,100,4,14.611317551334563,
2,10.0,32,100,4,15.794574936100982,
2,10.0,32,100,6,14.913480208766025,
2,10.0,32,100,6,15.966349262647848,
2,10.0,32,100,8,15.042103994392706,
2,10.0,32,100,8,16.176748350482065,
2,10.0,32,200,2,13.54498369330702,
2,10.0,32,200,2,15.781442048065667,
2,10.0,32,200,4,14.603944930036242,
2,10.0,32,200,4,15.82293622147752,
2,10.0,32,200,6,14.852692361923788,
2,10.0,32,200,6,15.97903129324668,
2,10.0,32,200,8,15.078419863332869,
2,10.0,32,200,8,16.042168005833645,
2,10.0,56,50,2,14.664351381719316,
2,10.0,56,50,4,15.292651457436438,
2,10.0,56,50,6,15.562459064720889,
2,10.0,56,50,8,15.726820585934956,
2,10.0,56,100,2,14.637253933995662,
2,10.0,56,100,4,15.170001086119964,
2,10.0,56,100,6,15.530633004595709,
2,10.0,56,100,8,15.703087589352204,
2,10.0,56,200,2,14.615955392603462,
2,10.0,56,200,4,15.309899307806878,
2,10.0,56,200,6,15.570314092487688,
2,10.0,56,200,8,15.74657184894212,
2,10.0,80,50,2,14.115321801868792,
2,10.0,80,50,4,15.04864624626464,
2,10.0,80,50,6,15.41949376483765,
2,10.0,80,50,8,15.582658205690423,
2,10.0,80,100,2,14.109805145972931,
2,10.0,80,100,4,15.079547273432306,
2,10.0,80,100,6,15.41299074355424,
2,10.0,80,100,8,15.568996804515807,
2,10.0,80,200,2,14.169316137552588,
2,10.0,80,200,4,15.0577101313385,
2,10.0,80,200,6,15.352668485526053,
2,10.0,80,200,8,15.56591808362529,
2,10.0,104,50,2,13.924091954647334,
2,10.0,104,50,4,15.005356404470882,
2,10.0,104,50,6,15.281323516606454,
2,10.0,104,50,8,15.49681267730618,
2,10.0,104,100,2,13.88537663279679,
2,10.0,104,100,4,14.919413961810536,
2,10.0,104,100,6,15.300220782114398,
2,10.0,104,100,8,15.51351536356434,
2,10.0,104,200,2,13.869655507711354,
2,10.0,104,200,4,14.97699410180292,
2,10.0,104,200,6,15.261355940346174,
2,10.0,104,200,8,15.532022806202436,
2,10.0,128,50,2,15.609576860713036,"(32, 32)"
2,10.0,128,50,2,13.748548396387616,
2,10.0,128,50,4,15.849358824267336,"(32, 32)"
2,10.0,128,50,4,14.93208412724281,
2,10.0,128,50,6,16.079725951331444,"(32, 32)"
2,10.0,128,50,6,15.274769912709994,
2,10.0,128,50,8,16.260394953098825,"(32, 32)"
2,10.0,128,50,8,15.481475219813175,
2,10.0,128,100,2,15.608355759039208,"(32, 32)"
2,10.0,128,100,2,13.749799969692033,
2,10.0,128,100,4,15.86048790545616,"(32, 32)"
2,10.0,128,100,4,14.900420962537932,
2,10.0,128,100,6,16.073042560248346,"(32, 32)"
2,10.0,128,100,6,15.263748850173789,
2,10.0,128,100,8,16.235819454019126,"(32, 32)"
2,10.0,128,100,8,15.46139468634614,
2,10.0,128,200,2,15.615357254050606,"(32, 32)"
2,10.0,128,200,2,13.801729724121016,
2,10.0,128,200,4,15.82241293444572,"(32, 32)"
2,10.0,128,200,4,14.909898483370831,
2,10.0,128,200,6,16.098419045488914,"(32, 32)"
2,10.0,128,200,6,15.213762472610057,
2,10.0,128,200,8,16.251294363263664,"(32, 32)"
2,10.0,128,200,8,15.464029720934995,
2,10.0,224,50,2,14.694202208770848,"(32, 32)"
2,10.0,224,50,4,15.600466457142232,"(32, 32)"
2,10.0,224,50,6,15.880195308224131,"(32, 32)"
2,10.0,224,50,8,16.123828106072995,"(32, 32)"
2,10.0,224,100,2,14.702928985683656,"(32, 32)"
2,10.0,224,100,4,15.615351024619022,"(32, 32)"
2,10.0,224,100,6,15.863721310228373,"(32, 32)"
2,10.0,224,100,8,16.059021094335133,"(32, 32)"
2,10.0,224,200,2,14.754449593475064,"(32, 32)"
2,10.0,224,200,4,15.60989650889956,"(32, 32)"
2,10.0,224,200,6,15.878394177052217,"(32, 32)"
2,10.0,224,200,8,16.055565313023145,"(32, 32)"
2,10.0,320,50,2,14.421927107926583,"(32, 32)"
2,10.0,320,50,4,15.573068607401373,"(32, 32)"
2,10.0,320,50,6,15.856103418715456,"(32, 32)"
2,10.0,320,50,8,16.0458906813417,"(32, 32)"
2,10.0,320,100,2,14.41727447698512,"(32, 32)"
2,10.0,320,100,4,15.505694420058786,"(32, 32)"
2,10.0,320,100,6,15.808921559834806,"(32, 32)"
2,10.0,320,100,8,15.98550127672308,"(32, 32)"
2,10.0,320,200,2,14.425350741612998,"(32, 32)"
2,10.0,320,200,4,15.526415926485312,"(32, 32)"
2,10.0,320,200,6,15.81712774174816,"(32, 32)"
2,10.0,320,200,8,15.987529901949287,"(32, 32)"
2,10.0,416,50,2,14.30093329525155,"(32, 32)"
2,10.0,416,50,4,15.482868325293254,"(32, 32)"
2,10.0,416,50,6,15.820624996913642,"(32, 32)"
2,10.0,416,50,8,16.016156503185197,"(32, 32)"
2,10.0,416,100,2,14.272760785477107,"(32, 32)"
2,10.0,416,100,4,15.479232411439634,"(32, 32)"
2,10.0,416,100,6,15.78718343554786,"(32, 32)"
2,10.0,416,100,8,15.973057115636466,"(32, 32)"
2,10.0,416,200,2,14.262909512738087,"(32, 32)"
2,10.0,416,200,4,15.508706754561278,"(32, 32)"
2,10.0,416,200,6,15.77653774498683,"(32, 32)"
2,10.0,416,200,8,15.981783391102114,"(32, 32)"
2,10.0,512,50,2,14.19100559298002,"(32, 32)"
2,10.0,512,50,4,15.48236729975716,"(32, 32)"
2,10.0,512,50,6,15.805226579373729,"(32, 32)"
2,10.0,512,50,8,15.997103786602317,"(32, 32)"
2,10.0,512,100,2,14.167087608516193,"(32, 32)"
2,10.0,512,100,4,15.429619016857515,"(32, 32)"
2,10.0,512,100,6,15.787151056754018,"(32, 32)"
2,10.0,512,100,8,15.95984283293395,"(32, 32)"
2,10.0,512,200,2,14.193582852453186,"(32, 32)"
2,10.0,512,200,4,15.417802359874583,"(32, 32)"
2,10.0,512,200,6,15.75089866859692,"(32, 32)"
2,10.0,512,200,8,15.97971918310514,"(32, 32)"
3,0.01,8,50,2,27.190326762955944,
3,0.01,8,50,4,27.85421915746026,
3,0.01,8,50,6,27.57628316375217,
3,0.01,8,50,8,27.24190085905444,
3,0.01,8,100,2,27.210188034736955,
3,0.01,8,100,4,28.079870612343587,
3,0.01,8,100,6,27.11571945133533,
3,0.01,8,100,8,27.586563505136866,
3,0.01,8,200,2,26.811040594046247,
3,0.01,8,200,4,27.841393710361405,
3,0.01,8,200,6,27.789367725582505,
3,0.01,8,200,8,27.04541258491776,
3,0.01,14,50,2,24.953632844022085,
3,0.01,14,50,4,25.363672518712164,
3,0.01,14,50,6,25.41028430622037,
3,0.01,14,50,8,25.28747361276544,
3,0.01,14,100,2,25.076615998213853,
3,0.01,14,100,4,25.881161605731915,
3,0.01,14,100,6,25.95479850724636,
3,0.01,14,100,8,25.158165596951086,
3,0.01,14,200,2,24.5452728817058,
3,0.01,14,200,4,25.422203769914265,
3,0.01,14,200,6,25.701204083211827,
3,0.01,14,200,8,24.69823460003565,
3,0.01,20,50,2,22.087653499257712,
3,0.01,20,50,4,22.398620242812687,
3,0.01,20,50,6,21.94205377596798,
3,0.01,20,50,8,22.07782910925552,
3,0.01,20,100,2,22.261211956445123,
3,0.01,20,100,4,22.3087545718737,
3,0.01,20,100,6,21.84641399156327,
3,0.01,20,100,8,22.2185082616948,
3,0.01,20,200,2,22.027356825092543,
3,0.01,20,200,4,22.07882890166381,
3,0.01,20,200,6,21.704557543192443,
3,0.01,20,200,8,22.305027070942955,
3,0.01,26,50,2,18.375335586493645,
3,0.01,26,50,4,17.667620591134927,
3,0.01,26,50,6,17.720194332185248,
3,0.01,26,50,8,17.08780222181099,
3,0.01,26,100,2,18.414135317361065,
3,0.01,26,100,4,18.47135274397581,
3,0.01,26,100,6,16.996058624238294,
3,0.01,26,100,8,17.159744657203948,
3,0.01,26,200,2,18.8462350702856,
3,0.01,26,200,4,18.230281262427813,
3,0.01,26,200,6,17.70770877709133,
3,0.01,26,200,8,17.12268908424813,
3,0.01,32,50,2,14.46896790573122,
3,0.01,32,50,2,44.732660354653454,
3,0.01,32,50,4,12.846622340771376,
3,0.01,32,50,4,53.79544640737449,
3,0.01,32,50,6,12.962052493339469,
3,0.01,32,50,6,54.29933240420398,
3,0.01,32,50,8,13.051295097075135,
3,0.01,32,50,8,54.79639207699501,
3,0.01,32,100,2,13.99646537302302,
3,0.01,32,100,2,44.333383823069646,
3,0.01,32,100,4,13.09196383509083,
3,0.01,32,100,4,53.68043679436293,
3,0.01,32,100,6,12.509487823808522,
3,0.01,32,100,6,54.20724898281738,
3,0.01,32,100,8,12.858074284678198,
3,0.01,32,100,8,54.7395417837269,
3,0.01,32,200,2,13.907439928900525,
3,0.01,32,200,2,44.74719659985576,
3,0.01,32,200,4,13.280087839778266,
3,0.01,32,200,4,53.25219553688177,
3,0.01,32,200,6,13.119008031654648,
3,0.01,32,200,6,54.795051537841154,
3,0.01,32,200,8,13.14024252680787,
3,0.01,32,200,8,54.55749628603733,
3,0.01,56,50,2,38.69013896563221,
3,0.01,56,50,4,47.32496678370838,
3,0.01,56,50,6,49.15131587675952,
3,0.01,56,50,8,48.65624980399757,
3,0.01,56,100,2,39.31158591755764,
3,0.01,56,100,4,47.73039873859339,
3,0.01,56,100,6,49.22868710915381,
3,0.01,56,100,8,48.55477325358226,
3,0.01,56,200,2,38.96760627151088,
3,0.01,56,200,4,47.79826875208998,
3,0.01,56,200,6,48.85000623002105,
3,0.01,56,200,8,49.118533109202325,
3,0.01,80,50,2,31.92612351701168,
3,0.01,80,50,4,38.45027189121425,
3,0.01,80,50,6,37.87748745344829,
3,0.01,80,50,8,37.5044534200496,
3,0.01,80,100,2,32.2693630907244,
3,0.01,80,100,4,38.39045553204927,
3,0.01,80,100,6,37.06235888809693,
3,0.01,80,100,8,36.92048870362501,
3,0.01,80,200,2,32.357169466179165,
3,0.01,80,200,4,38.848727017121554,
3,0.01,80,200,6,37.27486971980149,
3,0.01,80,200,8,36.89349201570371,
3,0.01,104,50,2,24.809515016821127,
3,0.01,104,50,4,26.42655635353928,
3,0.01,104,50,6,23.409575242691037,
3,0.01,104,50,8,22.784716014117755,
3,0.01,104,100,2,23.979714960435626,
3,0.01,104,100,4,25.32422703488797,
3,0.01,104,100,6,23.530696624287764,
3,0.01,104,100,8,22.217041464999777,
3,0.01,104,200,2,23.721978049568897,
3,0.01,104,200,4,25.22154286553109,
3,0.01,104,200,6,23.788107806813144,
3,0.01,104,200,8,23.057725861928105,
3,0.01,128,50,2,66.6621938953421,"(32, 32)"
3,0.01,128,50,2,14.768731847002044,
3,0.01,128,50,4,85.93499321627966,"(32, 32)"
3,0.01,128,50,4,12.687404688585197,
3,0.01,128,50,6,92.94843712734767,"(32, 32)"
3,0.01,128,50,6,11.594415280566857,
3,0.01,128,50,8,97.37306607129236,"(32, 32)"
3,0.01,128,50,8,12.122325484265978,
3,0.01,128,100,2,65.93696711175737,"(32, 32)"
3,0.01,128,100,2,14.501211970749392,
3,0.01,128,100,4,84.07971629997759,"(32, 32)"
3,0.01,128,100,4,12.921694771594929,
3,0.01,128,100,6,92.29458793569228,"(32, 32)"
3,0.01,128,100,6,11.57733983557782,
3,0.01,128,100,8,96.46768026744316,"(32, 32)"
3,0.01,128,100,8,11.851632668093204,
3,0.01,128,200,2,65.8555057932139,"(32, 32)"
3,0.01,128,200,2,14.941629006713676,
3,0.01,128,200,4,84.62255456904366,"(32, 32)"
3,0.01,128,200,4,11.76541862965385,
3,0.01,128,200,6,92.5693629861066,"(32, 32)"
3,0.01,128,200,6,10.925181923754804,
3,0.01,128,200,8,94.23816940569787,"(32, 32)"
3,0.01,128,200,8,11.083234246367947,
3,0.01,224,50,2,55.02770177091463,"(32, 32)"
3,0.01,224,50,4,75.59676193286249,"(32, 32)"
3,0.01,224,50,6,84.53747713911353,"(32, 32)"
3,0.01,224,50,8,86.50971057166565,"(32, 32)"
3,0.01,224,100,2,55.39328661981672,"(32, 32)"
3,0.01,224,100,4,75.20026553797001,"(32, 32)"
3,0.01,224,100,6,83.32942145766253,"(32, 32)"
3,0.01,224,100,8,85.22170819532715,"(32, 32)"
3,0.01,224,200,2,54.88357355316412,"(32, 32)"
3,0.01,224,200,4,75.53950820871843,"(32, 32)"
3,0.01,224,200,6,83.22296076917856,"(32, 32)"
3,0.01,224,200,8,86.40245765793387,"(32, 32)"
3,0.01,320,50,2,43.11497602201757,"(32, 32)"
3,0.01,320,50,4,56.22518159761527,"(32, 32)"
3,0.01,320,50,6,59.221943163775926,"(32, 32)"
3,0.01,320,50,8,58.37088449090008,"(32, 32)"
3,0.01,320,100,2,42.50452991354435,"(32, 32)"
3,0.01,320,100,4,57.79536654238219,"(32, 32)"
3,0.01,320,100,6,59.019265698602986,"(32, 32)"
3,0.01,320,100,8,59.48865410474172,"(32, 32)"
3,0.01,320,200,2,43.49394859228062,"(32, 32)"
3,0.01,320,200,4,57.31202173397477,"(32, 32)"
3,0.01,320,200,6,60.05767059757997,"(32, 32)"
3,0.01,320,200,8,56.8992418543718,"(32, 32)"
3,0.01,416,50,2,26.23979824372394,"(32, 32)"
3,0.01,416,50,4,26.86101164389017,"(32, 32)"
3,0.01,416,50,6,25.576139061882348,"(32, 32)"
3,0.01,416,50,8,22.321308950921107,"(32, 32)"
3,0.01,416,100,2,25.571394662309405,"(32, 32)"
3,0.01,416,100,4,28.114883366600143,"(32, 32)"
3,0.01,416,100,6,25.9188884097622,"(32, 32)"
3,0.01,416,100,8,21.750803614711398,"(32, 32)"
3,0.01,416,200,2,28.03662690611524,"(32, 32)"
3,0.01,416,200,4,27.90778321841883,"(32, 32)"
3,0.01,416,200,6,26.33031130805524,"(32, 32)"
3,0.01,416,200,8,23.59262442019689,"(32, 32)"
3,0.01,512,50,2,11.87769712637424,"(32, 32)"
3,0.01,512,50,4,8.493969966238021,"(32, 32)"
3,0.01,512,50,6,9.263297549363138,"(32, 32)"
3,0.01,512,50,8,9.615255798650722,"(32, 32)"
3,0.01,512,100,2,11.448483722354483,"(32, 32)"
3,0.01,512,100,4,8.615034455215532,"(32, 32)"
3,0.01,512,100,6,9.238679092583116,"(32, 32)"
3,0.01,512,100,8,9.507293712094276,"(32, 32)"
3,0.01,512,200,2,10.333412559779816,"(32, 32)"
3,0.01,512,200,4,8.791421558404426,"(32, 32)"
3,0.01,512,200,6,9.15693136030056,"(32, 32)"
3,0.01,512,200,8,9.549839989085612,"(32, 32)"
3,0.1,8,50,2,18.997348700803283,
3,0.1,8,50,4,18.769144177688062,
3,0.1,8,50,6,18.352332010127785,
3,0.1,8,50,8,18.54198382960028,
3,0.1,8,100,2,19.131650279561185,
3,0.1,8,100,4,18.495635883984352,
3,0.1,8,100,6,18.4203822442735,
3,0.1,8,100,8,18.444474999020763,
3,0.1,8,200,2,18.7360025674051,
3,0.1,8,200,4,18.641627218414754,
3,0.1,8,200,6,18.43444250585596,
3,0.1,8,200,8,18.233147665655743,
3,0.1,14,50,2,15.300503262489414,
3,0.1,14,50,4,15.202585020600733,
3,0.1,14,50,6,14.99433499491382,
3,0.1,14,50,8,15.058905081493076,
3,0.1,14,100,2,15.184553826051006,
3,0.1,14,100,4,15.194628137705909,
3,0.1,14,100,6,14.953532660815837,
3,0.1,14,100,8,14.950591029091145,
3,0.1,14,200,2,15.369630822021218,
3,0.1,14,200,4,15.153531992916752,
3,0.1,14,200,6,15.036757001651289,
3,0.1,14,200,8,14.987245732203473,
3,0.1,20,50,2,12.650298200266429,
3,0.1,20,50,4,12.576553455055215,
3,0.1,20,50,6,12.830009145517874,
3,0.1,20,50,8,13.014216499090718,
3,0.1,20,100,2,12.685001070821714,
3,0.1,20,100,4,12.736717785597325,
3,0.1,20,100,6,12.760005241560382,
3,0.1,20,100,8,12.907255489169469,
3,0.1,20,200,2,12.495168286152357,
3,0.1,20,200,4,12.658934960666276,
3,0.1,20,200,6,12.745031548120926,
3,0.1,20,200,8,13.093483569363851,
3,0.1,26,50,2,10.278783067448028,
3,0.1,26,50,4,10.832132321810285,
3,0.1,26,50,6,11.325290425262954,
3,0.1,26,50,8,11.751870026816892,
3,0.1,26,100,2,10.1803966635297,
3,0.1,26,100,4,10.910156424823215,
3,0.1,26,100,6,11.371908082046463,
3,0.1,26,100,8,11.679063659133876,
3,0.1,26,200,2,10.324620932208544,
3,0.1,26,200,4,10.861283168963784,
3,0.1,26,200,6,11.322070715126287,
3,0.1,26,200,8,11.622614626057668,
3,0.1,32,50,2,8.271426034696855,
3,0.1,32,50,2,20.96130220634078,
3,0.1,32,50,4,9.380486269061054,
3,0.1,32,50,4,23.826270899944845,
3,0.1,32,50,6,10.138956693889966,
3,0.1,32,50,6,23.67826256512558,
3,0.1,32,50,8,10.71679242556177,
3,0.1,32,50,8,23.678060054702573,
3,0.1,32,100,2,8.21395699453416,
3,0.1,32,100,2,20.231729059024428,
3,0.1,32,100,4,9.470442516779404,
3,0.1,32,100,4,23.77474970961593,
3,0.1,32,100,6,10.127238273468608,
3,0.1,32,100,6,23.60574702746366,
3,0.1,32,100,8,10.63681504300198,
3,0.1,32,100,8,23.31074112298622,
3,0.1,32,200,2,8.208475050372504,
3,0.1,32,200,2,20.531675476589253,
3,0.1,32,200,4,9.367540367167765,
3,0.1,32,200,4,23.112808065388343,
3,0.1,32,200,6,10.204204694978989,
3,0.1,32,200,6,23.513577130644325,
3,0.1,32,200,8,10.60044356803579,
3,0.1,32,200,8,23.76210845672846,
3,0.1,56,50,2,14.051146539898207,
3,0.1,56,50,4,14.583152435633988,
3,0.1,56,50,6,14.654435751082918,
3,0.1,56,50,8,14.261326354246446,
3,0.1,56,100,2,14.257146816651728,
3,0.1,56,100,4,14.087266602228611,
3,0.1,56,100,6,14.28886841422658,
3,0.1,56,100,8,13.871104887923224,
3,0.1,56,200,2,14.039696001418829,
3,0.1,56,200,4,14.25269693653098,
3,0.1,56,200,6,14.555165420687736,
3,0.1,56,200,8,14.355664061171362,
3,0.1,80,50,2,11.221759360643649,
3,0.1,80,50,4,11.999887465903,
3,0.1,80,50,6,12.408316721156783,
3,0.1,80,50,8,12.759991638994018,
3,0.1,80,100,2,11.219793329630416,
3,0.1,80,100,4,11.99352343943128,
3,0.1,80,100,6,12.428739903628244,
3,0.1,80,100,8,12.63860683103144,
3,0.1,80,200,2,11.240210957838336,
3,0.1,80,200,4,11.878777475358396,
3,0.1,80,200,6,12.380268093034978,
3,0.1,80,200,8,12.67398524087772,
3,0.1,104,50,2,8.89696867678774,
3,0.1,104,50,4,10.599908979492945,
3,0.1,104,50,6,11.496552987344524,
3,0.1,104,50,8,11.810462897109248,
3,0.1,104,100,2,8.890133487141206,
3,0.1,104,100,4,10.719239515687562,
3,0.1,104,100,6,11.503677112000666,
3,0.1,104,100,8,11.73228417676603,
3,0.1,104,200,2,8.794819078346615,
3,0.1,104,200,4,10.630383731953152,
3,0.1,104,200,6,11.460792379364117,
3,0.1,104,200,8,11.822428088519004,
3,0.1,128,50,2,21.183765363552045,"(32, 32)"
3,0.1,128,50,2,7.2355753024397025,
3,0.1,128,50,4,28.947471400173576,"(32, 32)"
3,0.1,128,50,4,9.740079870503582,
3,0.1,128,50,6,34.19815377277061,"(32, 32)"
3,0.1,128,50,6,10.69741771590575,
3,0.1,128,50,8,36.70611910829958,"(32, 32)"
3,0.1,128,50,8,11.151379288692642,
3,0.1,128,100,2,23.25629430088497,"(32, 32)"
3,0.1,128,100,2,7.217343676426414,
3,0.1,128,100,4,30.11750592608903,"(32, 32)"
3,0.1,128,100,4,9.71431932924369,
3,0.1,128,100,6,32.530587870284165,"(32, 32)"
3,0.1,128,100,6,10.735842408741933,
3,0.1,128,100,8,36.91782470907516,"(32, 32)"
3,0.1,128,100,8,11.271344260847204,
3,0.1,128,200,2,22.170381201330407,"(32, 32)"
3,0.1,128,200,2,7.133323492358303,
3,0.1,128,200,4,29.1816258533528,"(32, 32)"
3,0.1,128,200,4,9.581219470428978,
3,0.1,128,200,6,33.96838036189539,"(32, 32)"
3,0.1,128,200,6,10.796437940570485,
3,0.1,128,200,8,38.429971891259406,"(32, 32)"
3,0.1,128,200,8,11.15117266864729,
3,0.1,224,50,2,13.597677711353718,"(32, 32)"
3,0.1,224,50,4,13.42095311721425,"(32, 32)"
3,0.1,224,50,6,13.654684644847867,"(32, 32)"
3,0.1,224,50,8,13.981474472242502,"(32, 32)"
3,0.1,224,100,2,13.50247226259504,"(32, 32)"
3,0.1,224,100,4,13.462446184679465,"(32, 32)"
3,0.1,224,100,6,13.697299045036228,"(32, 32)"
3,0.1,224,100,8,13.912356563901488,"(32, 32)"
3,0.1,224,200,2,13.41963022487261,"(32, 32)"
3,0.1,224,200,4,13.424527457958527,"(32, 32)"
3,0.1,224,200,6,13.664544351674053,"(32, 32)"
3,0.1,224,200,8,13.853792909250958,"(32, 32)"
3,0.1,320,50,2,10.806424589495236,"(32, 32)"
3,0.1,320,50,4,12.225568737070036,"(32, 32)"
3,0.1,320,50,6,12.9067271885622,"(32, 32)"
3,0.1,320,50,8,13.222908826751253,"(32, 32)"
3,0.1,320,100,2,10.80761714337953,"(32, 32)"
3,0.1,320,100,4,12.151952930371836,"(32, 32)"
3,0.1,320,100,6,12.83448728517392,"(32, 32)"
3,0.1,320,100,8,13.198139978620612,"(32, 32)"
3,0.1,320,200,2,10.856372357756696,"(32, 32)"
3,0.1,320,200,4,12.161625553699572,"(32, 32)"
3,0.1,320,200,6,12.84907187587061,"(32, 32)"
3,0.1,320,200,8,13.204766851964711,"(32, 32)"
3,0.1,416,50,2,8.79062269138234,"(32, 32)"
3,0.1,416,50,4,11.547867707771482,"(32, 32)"
3,0.1,416,50,6,12.4834830451276,"(32, 32)"
3,0.1,416,50,8,12.948426723280102,"(32, 32)"
3,0.1,416,100,2,8.696904861777245,"(32, 32)"
3,0.1,416,100,4,11.568361353515783,"(32, 32)"
3,0.1,416,100,6,12.459009634860347,"(32, 32)"
3,0.1,416,100,8,12.889692201098615,"(32, 32)"
3,0.1,416,200,2,8.724866464899177,"(32, 32)"
3,0.1,416,200,4,11.434499044649906,"(32, 32)"
3,0.1,416,200,6,12.459685814632936,"(32, 32)"
3,0.1,416,200,8,12.893925950462709,"(32, 32)"
3,0.1,512,50,2,7.426712547630797,"(32, 32)"
3,0.1,512,50,4,11.118809895946477,"(32, 32)"
3,0.1,512,50,6,12.254461604804709,"(32, 32)"
3,0.1,512,50,8,12.68624165124907,"(32, 32)"
3,0.1,512,100,2,7.430071286338265,"(32, 32)"
3,0.1,512,100,4,11.018039649746624,"(32, 32)"
3,0.1,512,100,6,12.146701072898177,"(32, 32)"
3,0.1,512,100,8,12.61855340420004,"(32, 32)"
3,0.1,512,200,2,7.488197704280947,"(32, 32)"
3,0.1,512,200,4,11.04255697631646,"(32, 32)"
3,0.1,512,200,6,12.209902787255055,"(32, 32)"
3,0.1,512,200,8,12.594733945210386,"(32, 32)"
3,1.0,8,50,2,17.52724635465056,
3,1.0,8,50,4,16.788796317580747,
3,1.0,8,50,6,16.495011587055043,
3,1.0,8,50,8,16.516843694873096,
3,1.0,8,100,2,17.484596557849756,
3,1.0,8,100,4,16.53926074053813,
3,1.0,8,100,6,16.58476896477579,
3,1.0,8,100,8,16.426635400651513,
3,1.0,8,200,2,17.35537236831076,
3,1.0,8,200,4,16.64961508457777,
3,1.0,8,200,6,16.50670025351152,
3,1.0,8,200,8,16.418341433433667,
3,1.0,14,50,2,14.73826287311669,
3,1.0,14,50,4,14.481887422707532,
3,1.0,14,50,6,14.595659739581578,
3,1.0,14,50,8,14.697186331804376,
3,1.0,14,100,2,14.630469579142057,
3,1.0,14,100,4,14.637937773454343,
3,1.0,14,100,6,14.626985985658775,
3,1.0,14,100,8,14.777864419273632,
3,1.0,14,200,2,14.695734840339172,
3,1.0,14,200,4,14.512488544732305,
3,1.0,14,200,6,14.587705483578793,
3,1.0,14,200,8,14.699683018594923,
3,1.0,20,50,2,12.607995696420469,
3,1.0,20,50,4,13.299204172976722,
3,1.0,20,50,6,13.53348993170074,
3,1.0,20,50,8,13.647217441085832,
3,1.0,20,100,2,12.529289263442738,
3,1.0,20,100,4,13.159313434211317,
3,1.0,20,100,6,13.538850618653663,
3,1.0,20,100,8,13.756558050773345,
3,1.0,20,200,2,12.597094979017996,
3,1.0,20,200,4,13.15019191703429,
3,1.0,20,200,6,13.58379846880336,
3,1.0,20,200,8,13.72605684029673,
3,1.0,26,50,2,10.962078271668185,
3,1.0,26,50,4,12.349987916515786,
3,1.0,26,50,6,12.817046758987434,
3,1.0,26,50,8,13.166804413537683,
3,1.0,26,100,2,11.007155431950846,
3,1.0,26,100,4,12.326727532882437,
3,1.0,26,100,6,12.865033189987976,
3,1.0,26,100,8,13.134098931732437,
3,1.0,26,200,2,10.935752162243066,
3,1.0,26,200,4,12.408617384720612,
3,1.0,26,200,6,12.895349365092931,
3,1.0,26,200,8,13.174909755680018,
3,1.0,32,50,2,9.906288315370992,
3,1.0,32,50,2,15.835493054243562,
3,1.0,32,50,4,11.802062575256642,
3,1.0,32,50,4,15.357987582778332,
3,1.0,32,50,6,12.462983827372469,
3,1.0,32,50,6,15.319032855867896,
3,1.0,32,50,8,12.715861674403296,
3,1.0,32,50,8,15.402854560742458,
3,1.0,32,100,2,9.930525149378136,
3,1.0,32,100,2,15.844520685536516,
3,1.0,32,100,4,11.760088870692348,
3,1.0,32,100,4,15.370148800568304,
3,1.0,32,100,6,12.475804219286577,
3,1.0,32,100,6,15.36301829842668,
3,1.0,32,100,8,12.756113867848685,
3,1.0,32,100,8,15.454398107591247,
3,1.0,32,200,2,9.888785289074091,
3,1.0,32,200,2,15.89299745206909,
3,1.0,32,200,4,11.762220804628518,
3,1.0,32,200,4,15.414639492614022,
3,1.0,32,200,6,12.490917415598457,
3,1.0,32,200,6,15.373177273022431,
3,1.0,32,200,8,12.728376564857228,
3,1.0,32,200,8,15.464026390728089,
3,1.0,56,50,2,13.602828718972937,
3,1.0,56,50,4,13.963855816234704,
3,1.0,56,50,6,14.202991648636573,
3,1.0,56,50,8,14.44173392434077,
3,1.0,56,100,2,13.674524436366736,
3,1.0,56,100,4,13.891679241050396,
3,1.0,56,100,6,14.17062705537684,
3,1.0,56,100,8,14.447597127001451,
3,1.0,56,200,2,13.502262491031232,
3,1.0,56,200,4,13.869906478599546,
3,1.0,56,200,6,14.24832759211983,
3,1.0,56,200,8,14.403427277776336,
3,1.0,80,50,2,11.738131108648776,
3,1.0,80,50,4,13.105967937121152,
3,1.0,80,50,6,13.643394442515488,
3,1.0,80,50,8,13.987119198712932,
3,1.0,80,100,2,11.7241688317826,
3,1.0,80,100,4,13.171894259003196,
3,1.0,80,100,6,13.669988151048438,
3,1.0,80,100,8,13.93598389184242,
3,1.0,80,200,2,11.72395375998888,
3,1.0,80,200,4,13.106626020066448,
3,1.0,80,200,6,13.695226987842704,
3,1.0,80,200,8,13.961233553231637,
3,1.0,104,50,2,10.54026340799702,
3,1.0,104,50,4,12.682274555087703,
3,1.0,104,50,6,13.355184261374813,
3,1.0,104,50,8,13.731903930150215,
3,1.0,104,100,2,10.558747838371112,
3,1.0,104,100,4,12.708735992222811,
3,1.0,104,100,6,13.352024344932344,
3,1.0,104,100,8,13.73967382918434,
3,1.0,104,200,2,10.619834092850414,
3,1.0,104,200,4,12.708340220631886,
3,1.0,104,200,6,13.331791184569491,
3,1.0,104,200,8,13.708916617896024,
3,1.0,128,50,2,15.523801802193908,"(32, 32)"
3,1.0,128,50,2,9.906177797264968,
3,1.0,128,50,4,15.095679623801088,"(32, 32)"
3,1.0,128,50,4,12.500544574319193,
3,1.0,128,50,6,15.197025781064267,"(32, 32)"
3,1.0,128,50,6,13.240666538989966,
3,1.0,128,50,8,15.359156935920232,"(32, 32)"
3,1.0,128,50,8,13.567343695116088,
3,1.0,128,100,2,15.490038223958244,"(32, 32)"
3,1.0,128,100,2,9.878305389002632,
3,1.0,128,100,4,15.080915408290108,"(32, 32)"
3,1.0,128,100,4,12.490724097367714,
3,1.0,128,100,6,15.184211908765077,"(32, 32)"
3,1.0,128,100,6,13.19177784169032,
3,1.0,128,100,8,15.329624736495267,"(32, 32)"
3,1.0,128,100,8,13.566207027537716,
3,1.0,128,200,2,15.394539551150704,"(32, 32)"
3,1.0,128,200,2,9.853562662486835,
3,1.0,128,200,4,15.1247376978805,"(32, 32)"
3,1.0,128,200,4,12.517068272500063,
3,1.0,128,200,6,15.171873239974795,"(32, 32)"
3,1.0,128,200,6,13.180551442953062,
3,1.0,128,200,8,15.295279025088828,"(32, 32)"
3,1.0,128,200,8,13.562201430730378,
3,1.0,224,50,2,13.285680413386093,"(32, 32)"
3,1.0,224,50,4,14.050102499591365,"(32, 32)"
3,1.0,224,50,6,14.491505601165914,"(32, 32)"
3,1.0,224,50,8,14.78269606244936,"(32, 32)"
3,1.0,224,100,2,13.348807669553503,"(32, 32)"
3,1.0,224,100,4,14.023079785218284,"(32, 32)"
3,1.0,224,100,6,14.453671732691197,"(32, 32)"
3,1.0,224,100,8,14.78811376463612,"(32, 32)"
3,1.0,224,200,2,13.331724228720176,"(32, 32)"
3,1.0,224,200,4,14.026544610303494,"(32, 32)"
3,1.0,224,200,6,14.476516781203104,"(32, 32)"
3,1.0,224,200,8,14.777212611762822,"(32, 32)"
3,1.0,320,50,2,12.007222704031475,"(32, 32)"
3,1.0,320,50,4,13.618482938461463,"(32, 32)"
3,1.0,320,50,6,14.210685035681765,"(32, 32)"
3,1.0,320,50,8,14.575493643565329,"(32, 32)"
3,1.0,320,100,2,12.011908026964,"(32, 32)"
3,1.0,320,100,4,13.612537108651855,"(32, 32)"
3,1.0,320,100,6,14.194531550993448,"(32, 32)"
3,1.0,320,100,8,14.538933410563406,"(32, 32)"
3,1.0,320,200,2,11.91587572651855,"(32, 32)"
3,1.0,320,200,4,13.555807686286638,"(32, 32)"
3,1.0,320,200,6,14.180133402725511,"(32, 32)"
3,1.0,320,200,8,14.53144255479781,"(32, 32)"
3,1.0,416,50,2,11.299560058941886,"(32, 32)"
3,1.0,416,50,4,13.429513376470815,"(32, 32)"
3,1.0,416,50,6,14.105441300210414,"(32, 32)"
3,1.0,416,50,8,14.480589140398513,"(32, 32)"
3,1.0,416,100,2,11.159623349304397,"(32, 32)"
3,1.0,416,100,4,13.408906260014042,"(32, 32)"
3,1.0,416,100,6,14.082506385014865,"(32, 32)"
3,1.0,416,100,8,14.433276594959358,"(32, 32)"
3,1.0,416,200,2,11.232748579734062,"(32, 32)"
3,1.0,416,200,4,13.371441519268693,"(32, 32)"
3,1.0,416,200,6,14.06144730760392,"(32, 32)"
3,1.0,416,200,8,14.418151308618006,"(32, 32)"
3,1.0,512,50,2,10.916995638095996,"(32, 32)"
3,1.0,512,50,4,13.315584783486631,"(32, 32)"
3,1.0,512,50,6,14.018536285526498,"(32, 32)"
3,1.0,512,50,8,14.406393517960556,"(32, 32)"
3,1.0,512,100,2,10.748212089010504,"(32, 32)"
3,1.0,512,100,4,13.268703862746566,"(32, 32)"
3,1.0,512,100,6,13.997320736232655,"(32, 32)"
3,1.0,512,100,8,14.383260194689,"(32, 32)"
3,1.0,512,200,2,10.791832548263333,"(32, 32)"
3,1.0,512,200,4,13.25663274619834,"(32, 32)"
3,1.0,512,200,6,13.961965530534377,"(32, 32)"
3,1.0,512,200,8,14.379515361657113,"(32, 32)"
3,10.0,8,50,2,17.38887095966708,
3,10.0,8,50,4,16.751619516906686,
3,10.0,8,50,6,16.649915567819775,
3,10.0,8,50,8,16.801769703797376,
3,10.0,8,100,2,17.486999914668754,
3,10.0,8,100,4,16.78328063158526,
3,10.0,8,100,6,16.681428640644658,
3,10.0,8,100,8,16.782000704264657,
3,10.0,8,200,2,17.425217873129316,
3,10.0,8,200,4,16.682433198520403,
3,10.0,8,200,6,16.677130631382347,
3,10.0,8,200,8,16.78245702057541,
3,10.0,14,50,2,15.149717704736386,
3,10.0,14,50,4,15.45824086177892,
3,10.0,14,50,6,15.70212508476908,
3,10.0,14,50,8,15.871217772712566,
3,10.0,14,100,2,15.181893526574546,
3,10.0,14,100,4,15.49186062143331,
3,10.0,14,100,6,15.758546962463388,
3,10.0,14,100,8,15.859570431562188,
3,10.0,14,200,2,15.188500893347143,
3,10.0,14,200,4,15.493089427461658,
3,10.0,14,200,6,15.662036915088338,
3,10.0,14,200,8,15.874572267552104,
3,10.0,20,50,2,14.352222873900724,
3,10.0,20,50,4,15.074075516778697,
3,10.0,20,50,6,15.269106917829712,
3,10.0,20,50,8,15.372422537268047,
3,10.0,20,100,2,14.31774712875659,
3,10.0,20,100,4,15.022018040229367,
3,10.0,20,100,6,15.272805843316307,
3,10.0,20,100,8,15.377261856063368,
3,10.0,20,200,2,14.28958454294288,
3,10.0,20,200,4,15.027817046622824,
3,10.0,20,200,6,15.25596114420031,
3,10.0,20,200,8,15.462751978900338,
3,10.0,26,50,2,13.844720741836348,
3,10.0,26,50,4,14.770800907474252,
3,10.0,26,50,6,15.017832392339592,
3,10.0,26,50,8,15.20086446110846,
3,10.0,26,100,2,13.854907497398695,
3,10.0,26,100,4,14.750939937320055,
3,10.0,26,100,6,15.03286702743203,
3,10.0,26,100,8,15.249644916340278,
3,10.0,26,200,2,13.92177484992211,
3,10.0,26,200,4,14.6674043874451,
3,10.0,26,200,6,15.021794190099174,
3,10.0,26,200,8,15.182674944463452,
3,10.0,32,50,2,13.617116344657752,
3,10.0,32,50,2,15.940156483378688,
3,10.0,32,50,4,14.623963278517747,
3,10.0,32,50,4,15.867520470180022,
3,10.0,32,50,6,14.897428513413177,
3,10.0,32,50,6,15.998622715799328,
3,10.0,32,50,8,15.057422462756492,
3,10.0,32,50,8,16.17270741554814,
3,10.0,32,100,2,13.616453377505726,
3,10.0,32,100,2,15.79939830938117,
3,10.0,32,100,4,14.573501426120584,
3,10.0,32,100,4,15.819924281502136,
3,10.0,32,100,6,14.89309079547905,
3,10.0,32,100,6,15.93812673495791,
3,10.0,32,100,8,15.055308417762657,
3,10.0,32,100,8,16.131158643284266,
3,10.0,32,200,2,13.57103899920055,
3,10.0,32,200,2,15.820114172175064,
3,10.0,32,200,4,14.609975155829495,
3,10.0,32,200,4,15.835127370820157,
3,10.0,32,200,6,14.894073439274496,
3,10.0,32,200,6,15.974711102423989,
3,10.0,32,200,8,15.035899880528772,
3,10.0,32,200,8,16.157732602239058,
3,10.0,56,50,2,14.590282477506648,
3,10.0,56,50,4,15.272688575588266,
3,10.0,56,50,6,15.573289187599563,
3,10.0,56,50,8,15.736561931015665,
3,10.0,56,100,2,14.59181595919646,
3,10.0,56,100,4,15.333835358625054,
3,10.0,56,100,6,15.53401770387075,
3,10.0,56,100,8,15.724701196594102,
3,10.0,56,200,2,14.681690122097953,
3,10.0,56,200,4,15.273333474509878,
3,10.0,56,200,6,15.52717718071034,
3,10.0,56,200,8,15.741336195576537,
3,10.0,80,50,2,14.211524150162582,
3,10.0,80,50,4,15.068785183144392,
3,10.0,80,50,6,15.376687430227106,
3,10.0,80,50,8,15.590653779107846,
3,10.0,80,100,2,14.230750349987932,
3,10.0,80,100,4,15.048035827415603,
3,10.0,80,100,6,15.420989439176823,
3,10.0,80,100,8,15.587491478569682,
3,10.0,80,200,2,14.112337090875624,
3,10.0,80,200,4,15.068130263974346,
3,10.0,80,200,6,15.375370548404108,
3,10.0,80,200,8,15.56668046927538,
3,10.0,104,50,2,13.890930378392362,
3,10.0,104,50,4,14.940233690714289,
3,10.0,104,50,6,15.28853316601721,
3,10.0,104,50,8,15.529390465539889,
3,10.0,104,100,2,13.917456888084455,
3,10.0,104,100,4,14.93031617123028,
3,10.0,104,100,6,15.286235222387818,
3,10.0,104,100,8,15.499838674382543,
3,10.0,104,200,2,13.921104195745702,
3,10.0,104,200,4,14.930299691464771,
3,10.0,104,200,6,15.267077155334722,
3,10.0,104,200,8,15.513223852195589,
3,10.0,128,50,2,15.590455710630678,"(32, 32)"
3,10.0,128,50,2,13.774516218659205,
3,10.0,128,50,4,15.849525377164971,"(32, 32)"
3,10.0,128,50,4,14.933507026502372,
3,10.0,128,50,6,16.057787608422192,"(32, 32)"
3,10.0,128,50,6,15.276598513009548,
3,10.0,128,50,8,16.342605930059168,"(32, 32)"
3,10.0,128,50,8,15.469890020727942,
3,10.0,128,100,2,15.57923510239615,"(32, 32)"
3,10.0,128,100,2,13.786456519418484,
3,10.0,128,100,4,15.842891632243026,"(32, 32)"
3,10.0,128,100,4,14.878555001268817,
3,10.0,128,100,6,16.086922806683184,"(32, 32)"
3,10.0,128,100,6,15.267810989093414,
3,10.0,128,100,8,16.240444601766207,"(32, 32)"
3,10.0,128,100,8,15.437701513542754,
3,10.0,128,200,2,15.546538842942413,"(32, 32)"
3,10.0,128,200,2,13.789441500634249,
3,10.0,128,200,4,15.819269713896588,"(32, 32)"
3,10.0,128,200,4,14.916523781772272,
3,10.0,128,200,6,16.065016612457796,"(32, 32)"
3,10.0,128,200,6,15.25252261950609,
3,10.0,128,200,8,16.225799498528726,"(32, 32)"
3,10.0,128,200,8,15.445841153580805,
3,10.0,224,50,2,14.792472724264044,"(32, 32)"
3,10.0,224,50,4,15.68500842487278,"(32, 32)"
3,10.0,224,50,6,15.89167942686057,"(32, 32)"
3,10.0,224,50,8,16.093795628158922,"(32, 32)"
3,10.0,224,100,2,14.761738131354702,"(32, 32)"
3,10.0,224,100,4,15.606802146961256,"(32, 32)"
3,10.0,224,100,6,15.89746678643582,"(32, 32)"
3,10.0,224,100,8,16.061251936936245,"(32, 32)"
3,10.0,224,200,2,14.699322426678952,"(32, 32)"
3,10.0,224,200,4,15.618375548857706,"(32, 32)"
3,10.0,224,200,6,15.873953356745105,"(32, 32)"
3,10.0,224,200,8,16.032261509801177,"(32, 32)"
3,10.0,320,50,2,14.406056301444902,"(32, 32)"
3,10.0,320,50,4,15.534784356208377,"(32, 32)"
3,10.0,320,50,6,15.86353410577073,"(32, 32)"
3,10.0,320,50,8,16.05192782033571,"(32, 32)"
3,10.0,320,100,2,14.464603497279008,"(32, 32)"
3,10.0,320,100,4,15.52131577665762,"(32, 32)"
3,10.0,320,100,6,15.804565730924567,"(32, 32)"
3,10.0,320,100,8,16.01352465743709,"(32, 32)"
3,10.0,320,200,2,14.40931612762622,"(32, 32)"
3,10.0,320,200,4,15.512656182325925,"(32, 32)"
3,10.0,320,200,6,15.803700286610836,"(32, 32)"
3,10.0,320,200,8,16.025736970663186,"(32, 32)"
3,10.0,416,50,2,14.228814823981862,"(32, 32)"
3,10.0,416,50,4,15.502960906710692,"(32, 32)"
3,10.0,416,50,6,15.843807664273454,"(32, 32)"
3,10.0,416,50,8,16.021983422451374,"(32, 32)"
3,10.0,416,100,2,14.268221131130051,"(32, 32)"
3,10.0,416,100,4,15.456600095468294,"(32, 32)"
3,10.0,416,100,6,15.783288442567326,"(32, 32)"
3,10.0,416,100,8,15.996692792507192,"(32, 32)"
3,10.0,416,200,2,14.245686731572528,"(32, 32)"
3,10.0,416,200,4,15.483754658518563,"(32, 32)"
3,10.0,416,200,6,15.790030818278586,"(32, 32)"
3,10.0,416,200,8,15.978457014430765,"(32, 32)"
3,10.0,512,50,2,14.20011441896574,"(32, 32)"
3,10.0,512,50,4,15.496010666882452,"(32, 32)"
3,10.0,512,50,6,15.800214978457683,"(32, 32)"
3,10.0,512,50,8,16.018535963541837,"(32, 32)"
3,10.0,512,100,2,14.15423475325301,"(32, 32)"
3,10.0,512,100,4,15.478661893039186,"(32, 32)"
3,10.0,512,100,6,15.769195726939016,"(32, 32)"
3,10.0,512,100,8,15.978044466337604,"(32, 32)"
3,10.0,512,200,2,14.184278752651124,"(32, 32)"
3,10.0,512,200,4,15.434920616724275,"(32, 32)"
3,10.0,512,200,6,15.755873659656348,"(32, 32)"
3,10.0,512,200,8,15.958325949618208,"(32, 32)"
4,0.01,8,50,2,27.28757664752284,
4,0.01,8,50,4,27.717347256884818,
4,0.01,8,50,6,27.773605341880327,
4,0.01,8,50,8,27.25235045209081,
4,0.01,8,100,2,27.07415083718578,
4,0.01,8,100,4,27.794656717562084,
4,0.01,8,100,6,27.30026529763117,
4,0.01,8,100,8,27.39169951799506,
4,0.01,8,200,2,26.635159412305857,
4,0.01,8,200,4,27.892062657165397,
4,0.01,8,200,6,27.361988615970656,
4,0.01,8,200,8,27.36199440173141,
4,0.01,14,50,2,24.627949881684344,
4,0.01,14,50,4,25.78731351813651,
4,0.01,14,50,6,25.963049013800703,
4,0.01,14,50,8,25.50976091453042,
4,0.01,14,100,2,24.776593880911065,
4,0.01,14,100,4,25.48442349876593,
4,0.01,14,100,6,25.03919352052304,
4,0.01,14,100,8,25.35892635190685,
4,0.01,14,200,2,24.83842770169116,
4,0.01,14,200,4,25.55624857898092,
4,0.01,14,200,6,25.225909005186303,
4,0.01,14,200,8,24.53464192065588,
4,0.01,20,50,2,22.246215069769057,
4,0.01,20,50,4,22.65069335145743,
4,0.01,20,50,6,22.07807791692056,
4,0.01,20,50,8,21.89811670923728,
4,0.01,20,100,2,21.64278866524589,
4,0.01,20,100,4,22.665816272416087,
4,0.01,20,100,6,21.834426046890243,
4,0.01,20,100,8,22.05274397542635,
4,0.01,20,200,2,22.02184476908534,
4,0.01,20,200,4,22.18715072142004,
4,0.01,20,200,6,21.826771786358364,
4,0.01,20,200,8,21.275358081856822,
4,0.01,26,50,2,18.74947722659893,
4,0.01,26,50,4,17.6867503084826,
4,0.01,26,50,6,17.810231810597436,
4,0.01,26,50,8,17.352174984265528,
4,0.01,26,100,2,18.3335331761421,
4,0.01,26,100,4,17.694818283488907,
4,0.01,26,100,6,17.39087703553048,
4,0.01,26,100,8,17.5546502323884,
4,0.01,26,200,2,18.45639631844409,
4,0.01,26,200,4,18.677807083475024,
4,0.01,26,200,6,17.211691515626857,
4,0.01,26,200,8,17.500409802679442,
4,0.01,32,50,2,14.153408548517907,
4,0.01,32,50,2,44.70267601281045,
4,0.01,32,50,4,13.557981942720344,
4,0.01,32,50,4,52.82675801866372,
4,0.01,32,50,6,13.287279479241514,
4,0.01,32,50,6,55.03567332871578,
4,0.01,32,50,8,13.68832367112705,
4,0.01,32,50,8,54.6030236912575,
4,0.01,32,100,2,14.207566510014113,
4,0.01,32,100,2,44.81045540331127,
4,0.01,32,100,4,13.1978249289504,
4,0.01,32,100,4,53.58976117740923,
4,0.01,32,100,6,12.770955237117429,
4,0.01,32,100,6,54.99437247876819,
4,0.01,32,100,8,13.008723193298913,
4,0.01,32,100,8,54.407309989090834,
4,0.01,32,200,2,13.964118616444464,
4,0.01,32,200,2,44.171998797345424,
4,0.01,32,200,4,12.840959603171152,
4,0.01,32,200,4,53.56880430424205,
4,0.01,32,200,6,13.319300817290472,
4,0.01,32,200,6,55.3630722322948,
4,0.01,32,200,8,13.536500260201436,
4,0.01,32,200,8,54.38295843704606,
4,0.01,56,50,2,38.9177765834329,
4,0.01,56,50,4,47.60703553529138,
4,0.01,56,50,6,47.842567274747296,
4,0.01,56,50,8,49.70307292533768,
4,0.01,56,100,2,38.394564981083846,
4,0.01,56,100,4,46.58182479972595,
4,0.01,56,100,6,48.79955754157677,
4,0.01,56,100,8,49.03634852395211,
4,0.01,56,200,2,38.5502461110137,
4,0.01,56,200,4,47.54441407423027,
4,0.01,56,200,6,48.66091098890632,
4,0.01,56,200,8,48.459967972968805,
4,0.01,80,50,2,31.85351628366622,
4,0.01,80,50,4,37.86536851547202,
4,0.01,80,50,6,38.00939393629929,
4,0.01,80,50,8,37.32094382585974,
4,0.01,80,100,2,32.04037449830984,
4,0.01,80,100,4,37.99221240103029,
4,0.01,80,100,6,38.83160382350143,
4,0.01,80,100,8,36.02929867492,
4,0.01,80,200,2,32.43343038149118,
4,0.01,80,200,4,38.68641042330536,
4,0.01,80,200,6,38.77057878976794,
4,0.01,80,200,8,37.18919540515515,
4,0.01,104,50,2,23.7257538558127,
4,0.01,104,50,4,25.187933754794923,
4,0.01,104,50,6,22.983988371604795,
4,0.01,104,50,8,22.332178835658905,
4,0.01,104,100,2,24.256510303086472,
4,0.01,104,100,4,25.06027128056026,
4,0.01,104,100,6,24.25466732453624,
4,0.01,104,100,8,22.02408122853668,
4,0.01,104,200,2,23.19243583687594,
4,0.01,104,200,4,26.436605235440343,
4,0.01,104,200,6,23.154662290189098,
4,0.01,104,200,8,22.954845969003877,
4,0.01,128,50,2,66.92412521138276,"(32, 32)"
4,0.01,128,50,2,14.104669844621718,
4,0.01,128,50,4,85.38496014650337,"(32, 32)"
4,0.01,128,50,4,11.55993854915561,
4,0.01,128,50,6,92.1912435515068,"(32, 32)"
4,0.01,128,50,6,11.731151153196793,
4,0.01,128,50,8,95.54448634457988,"(32, 32)"
4,0.01,128,50,8,10.829550468998963,
4,0.01,128,100,2,66.35663763103533,"(32, 32)"
4,0.01,128,100,2,14.92496158971908,
4,0.01,128,100,4,84.25518330100492,"(32, 32)"
4,0.01,128,100,4,13.57916290916788,
4,0.01,128,100,6,92.8797689781963,"(32, 32)"
4,0.01,128,100,6,11.975370403765098,
4,0.01,128,100,8,95.43088085351248,"(32, 32)"
4,0.01,128,100,8,12.119858428329676,
4,0.01,128,200,2,65.46372246204493,"(32, 32)"
4,0.01,128,200,2,14.78066815446884,
4,0.01,128,200,4,84.33968227848584,"(32, 32)"
4,0.01,128,200,4,12.702045690426392,
4,0.01,128,200,6,91.33847194565357,"(32, 32)"
4,0.01,128,200,6,10.92072583703195,
4,0.01,128,200,8,95.6416935131087,"(32, 32)"
4,0.01,128,200,8,12.055474483688124,
4,0.01,224,50,2,55.417937808647615,"(32, 32)"
4,0.01,224,50,4,76.2763645306378,"(32, 32)"
4,0.01,224,50,6,82.71865779005445,"(32, 32)"
4,0.01,224,50,8,85.71235524410527,"(32, 32)"
4,0.01,224,100,2,55.5733219416772,"(32, 32)"
4,0.01,224,100,4,76.31772335087662,"(32, 32)"
4,0.01,224,100,6,83.1490554076933,"(32, 32)"
4,0.01,224,100,8,84.34804412889703,"(32, 32)"
4,0.01,224,200,2,55.43909311854664,"(32, 32)"
4,0.01,224,200,4,74.34290124986755,"(32, 32)"
4,0.01,224,200,6,82.9506645649691,"(32, 32)"
4,0.01,224,200,8,85.63648684783065,"(32, 32)"
4,0.01,320,50,2,42.222831929695694,"(32, 32)"
4,0.01,320,50,4,56.1398371262425,"(32, 32)"
4,0.01,320,50,6,58.20796956426738,"(32, 32)"
4,0.01,320,50,8,56.511672578089936,"(32, 32)"
4,0.01,320,100,2,43.65475572719791,"(32, 32)"
4,0.01,320,100,4,58.23051061108628,"(32, 32)"
4,0.01,320,100,6,61.10255222765175,"(32, 32)"
4,0.01,320,100,8,59.72923154087844,"(32, 32)"
4,0.01,320,200,2,42.90909548643349,"(32, 32)"
4,0.01,320,200,4,54.662844993397634,"(32, 32)"
4,0.01,320,200,6,61.12552759609824,"(32, 32)"
4,0.01,320,200,8,59.37996317146986,"(32, 32)"
4,0.01,416,50,2,25.368335168063723,"(32, 32)"
4,0.01,416,50,4,24.686665426706316,"(32, 32)"
4,0.01,416,50,6,21.7770527937402,"(32, 32)"
4,0.01,416,50,8,23.392983439363523,"(32, 32)"
4,0.01,416,100,2,26.91013108815869,"(32, 32)"
4,0.01,416,100,4,28.909173865005705,"(32, 32)"
4,0.01,416,100,6,25.19533657338966,"(32, 32)"
4,0.01,416,100,8,24.41617350248433,"(32, 32)"
4,0.01,416,200,2,26.729542619336307,"(32, 32)"
4,0.01,416,200,4,27.440758027263747,"(32, 32)"
4,0.01,416,200,6,26.358534315052363,"(32, 32)"
4,0.01,416,200,8,23.1313955999707,"(32, 32)"
4,0.01,512,50,2,11.417708152174944,"(32, 32)"
4,0.01,512,50,4,8.453203296122492,"(32, 32)"
4,0.01,512,50,6,9.352070551610211,"(32, 32)"
4,0.01,512,50,8,9.630911064744172,"(32, 32)"
4,0.01,512,100,2,10.659564534752658,"(32, 32)"
4,0.01,512,100,4,8.423113956510694,"(32, 32)"
4,0.01,512,100,6,9.151519073961657,"(32, 32)"
4,0.01,512,100,8,9.492521655319464,"(32, 32)"
4,0.01,512,200,2,10.83872073293084,"(32, 32)"
4,0.01,512,200,4,10.76096264074764,"(32, 32)"
4,0.01,512,200,6,9.201453997943451,"(32, 32)"
4,0.01,512,200,8,9.584004674423172,"(32, 32)"
4,0.1,8,50,2,18.66765507851404,
4,0.1,8,50,4,18.767795103757944,
4,0.1,8,50,6,18.546260524684293,
4,0.1,8,50,8,18.423447558814622,
4,0.1,8,100,2,18.734085653455203,
4,0.1,8,100,4,18.509470912434317,
4,0.1,8,100,6,18.486984107484403,
4,0.1,8,100,8,18.583886154003444,
4,0.1,8,200,2,18.69261584219624,
4,0.1,8,200,4,18.837383757437,
4,0.1,8,200,6,18.66248057748304,
4,0.1,8,200,8,18.74754561572713,
4,0.1,14,50,2,15.295772960893196,
4,0.1,14,50,4,15.344662268219931,
4,0.1,14,50,6,15.076834541402196,
4,0.1,14,50,8,15.26000810755443,
4,0.1,14,100,2,15.358604807669986,
4,0.1,14,100,4,15.108800488568546,
4,0.1,14,100,6,15.100168573310128,
4,0.1,14,100,8,15.106406392624326,
4,0.1,14,200,2,15.451870796984712,
4,0.1,14,200,4,14.986158342417635,
4,0.1,14,200,6,15.000179798320206,
4,0.1,14,200,8,14.897711973722744,
4,0.1,20,50,2,12.50478942669396,
4,0.1,20,50,4,12.577200416086106,
4,0.1,20,50,6,12.72571359968052,
4,0.1,20,50,8,12.883096760053704,
4,0.1,20,100,2,12.753409285158828,
4,0.1,20,100,4,12.73069498446953,
4,0.1,20,100,6,12.748100139213836,
4,0.1,20,100,8,12.90242609083815,
4,0.1,20,200,2,12.631974210745424,
4,0.1,20,200,4,12.714859200979475,
4,0.1,20,200,6,12.872165256755244,
4,0.1,20,200,8,12.8864227288674,
4,0.1,26,50,2,10.24679868994868,
4,0.1,26,50,4,10.882678949176064,
4,0.1,26,50,6,11.29180617205225,
4,0.1,26,50,8,11.590446063090337,
4,0.1,26,100,2,10.228648952790104,
4,0.1,26,100,4,10.756404299740348,
4,0.1,26,100,6,11.355949126621088,
4,0.1,26,100,8,11.6499115838228,
4,0.1,26,200,2,10.320230626626886,
4,0.1,26,200,4,10.831198164017351,
4,0.1,26,200,6,11.336306481169684,
4,0.1,26,200,8,11.641487652861576,
4,0.1,32,50,2,8.139190020178317,
4,0.1,32,50,2,20.57729375575289,
4,0.1,32,50,4,9.448449256855591,
4,0.1,32,50,4,23.974223599874865,
4,0.1,32,50,6,10.165044457093993,
4,0.1,32,50,6,23.691057003557287,
4,0.1,32,50,8,10.567862509399813,
4,0.1,32,50,8,23.454950534798485,
4,0.1,32,100,2,8.296449697050154,
4,0.1,32,100,2,20.523426626585195,
4,0.1,32,100,4,9.354480922209133,
4,0.1,32,100,4,23.676407685368765,
4,0.1,32,100,6,10.134585893749826,
4,0.1,32,100,6,23.37393365559449,
4,0.1,32,100,8,10.6990313866969,
4,0.1,32,100,8,23.391216099876114,
4,0.1,32,200,2,8.1644661981529,
4,0.1,32,200,2,20.177047149147853,
4,0.1,32,200,4,9.43483893664847,
4,0.1,32,200,4,22.87049913162774,
4,0.1,32,200,6,10.23250146854184,
4,0.1,32,200,6,22.94028632679573,
4,0.1,32,200,8,10.567360025114628,
4,0.1,32,200,8,23.68203744835056,
4,0.1,56,50,2,14.229438805200209,
4,0.1,56,50,4,13.939512646336771,
4,0.1,56,50,6,13.80304943614172,
4,0.1,56,50,8,15.02911425226116,
4,0.1,56,100,2,14.322456994280952,
4,0.1,56,100,4,14.499858329343944,
4,0.1,56,100,6,14.018262804182234,
4,0.1,56,100,8,14.152041451755194,
4,0.1,56,200,2,14.090376016595956,
4,0.1,56,200,4,14.16784987650882,
4,0.1,56,200,6,13.954913837381447,
4,0.1,56,200,8,14.431838473699637,
4,0.1,80,50,2,11.29696026317452,
4,0.1,80,50,4,11.981342593508357,
4,0.1,80,50,6,12.490661337014398,
4,0.1,80,50,8,12.669481081915304,
4,0.1,80,100,2,11.119342008100803,
4,0.1,80,100,4,11.938412296925698,
4,0.1,80,100,6,12.422260244861418,
4,0.1,80,100,8,12.692547775878912,
4,0.1,80,200,2,11.217476010042931,
4,0.1,80,200,4,11.993447422109064,
4,0.1,80,200,6,12.419195920313395,
4,0.1,80,200,8,12.6911702978028,
4,0.1,104,50,2,8.92126548275079,
4,0.1,104,50,4,10.678580326490344,
4,0.1,104,50,6,11.40928095431659,
4,0.1,104,50,8,11.785645815827936,
4,0.1,104,100,2,8.928034324839794,
4,0.1,104,100,4,10.660276127829992,
4,0.1,104,100,6,11.42006116833982,
4,0.1,104,100,8,11.890221888442472,
4,0.1,104,200,2,8.948583386369194,
4,0.1,104,200,4,10.64989113908748,
4,0.1,104,200,6,11.416163653873465,
4,0.1,104,200,8,11.779449892006877,
4,0.1,128,50,2,22.047958466356462,"(32, 32)"
4,0.1,128,50,2,7.16940045519588,
4,0.1,128,50,4,28.4256893238774,"(32, 32)"
4,0.1,128,50,4,9.730902528531225,
4,0.1,128,50,6,35.15617366528171,"(32, 32)"
4,0.1,128,50,6,10.71448006953209,
4,0.1,128,50,8,36.05915660995336,"(32, 32)"
4,0.1,128,50,8,11.199171573791029,
4,0.1,128,100,2,22.080112419118656,"(32, 32)"
4,0.1,128,100,2,7.22910507425093,
4,0.1,128,100,4,29.269599021508355,"(32, 32)"
4,0.1,128,100,4,9.741925539656666,
4,0.1,128,100,6,34.38476795477129,"(32, 32)"
4,0.1,128,100,6,10.763557933245131,
4,0.1,128,100,8,39.562016536898376,"(32, 32)"
4,0.1,128,100,8,11.173045277156127,
4,0.1,128,200,2,22.58216377223375,"(32, 32)"
4,0.1,128,200,2,7.155186203427056,
4,0.1,128,200,4,28.66370809798114,"(32, 32)"
4,0.1,128,200,4,9.755918027226096,
4,0.1,128,200,6,35.76598224986429,"(32, 32)"
4,0.1,128,200,6,10.719948926775528,
4,0.1,128,200,8,37.448531574547005,"(32, 32)"
4,0.1,128,200,8,11.16245078218039,
4,0.1,224,50,2,13.501874440362728,"(32, 32)"
4,0.1,224,50,4,13.30590757374648,"(32, 32)"
4,0.1,224,50,6,13.701181758950462,"(32, 32)"
4,0.1,224,50,8,13.955216442194164,"(32, 32)"
4,0.1,224,100,2,13.461747263033104,"(32, 32)"
4,0.1,224,100,4,13.436523402011863,"(32, 32)"
4,0.1,224,100,6,13.61845156590787,"(32, 32)"
4,0.1,224,100,8,13.901816495033025,"(32, 32)"
4,0.1,224,200,2,13.520720651369624,"(32, 32)"
4,0.1,224,200,4,13.401517873171368,"(32, 32)"
4,0.1,224,200,6,13.686577752802052,"(32, 32)"
4,0.1,224,200,8,13.878690074264584,"(32, 32)"
4,0.1,320,50,2,10.86059545890205,"(32, 32)"
4,0.1,320,50,4,12.256840255817998,"(32, 32)"
4,0.1,320,50,6,12.88365267760423,"(32, 32)"
4,0.1,320,50,8,13.242958789070276,"(32, 32)"
4,0.1,320,100,2,10.82075617462448,"(32, 32)"
4,0.1,320,100,4,12.177222980691631,"(32, 32)"
4,0.1,320,100,6,12.86462369389966,"(32, 32)"
4,0.1,320,100,8,13.236319911324363,"(32, 32)"
4,0.1,320,200,2,10.695969822637746,"(32, 32)"
4,0.1,320,200,4,12.251985194442328,"(32, 32)"
4,0.1,320,200,6,12.845379579844767,"(32, 32)"
4,0.1,320,200,8,13.265420253867523,"(32, 32)"
4,0.1,416,50,2,8.675790923283666,"(32, 32)"
4,0.1,416,50,4,11.503320960811337,"(32, 32)"
4,0.1,416,50,6,12.508587748265375,"(32, 32)"
4,0.1,416,50,8,12.858700554961151,"(32, 32)"
4,0.1,416,100,2,8.66954479355694,"(32, 32)"
4,0.1,416,100,4,11.497593005841637,"(32, 32)"
4,0.1,416,100,6,12.440692281073954,"(32, 32)"
4,0.1,416,100,8,12.843858258981475,"(32, 32)"
4,0.1,416,200,2,8.739136191483173,"(32, 32)"
4,0.1,416,200,4,11.486961934934271,"(32, 32)"
4,0.1,416,200,6,12.397943516909825,"(32, 32)"
4,0.1,416,200,8,12.795584626401268,"(32, 32)"
4,0.1,512,50,2,7.473696295811162,"(32, 32)"
4,0.1,512,50,4,11.087084849949091,"(32, 32)"
4,0.1,512,50,6,12.234211147180632,"(32, 32)"
4,0.1,512,50,8,12.692767473264889,"(32, 32)"
4,0.1,512,100,2,7.396361884630711,"(32, 32)"
4,0.1,512,100,4,11.059548884154186,"(32, 32)"
4,0.1,512,100,6,12.142835889525209,"(32, 32)"
4,0.1,512,100,8,12.616961951350886,"(32, 32)"
4,0.1,512,200,2,7.4318636526159585,"(32, 32)"
4,0.1,512,200,4,11.023970409248404,"(32, 32)"
4,0.1,512,200,6,12.169776745443423,"(32, 32)"
4,0.1,512,200,8,12.619706809965216,"(32, 32)"
4,1.0,8,50,2,17.41982836826008,
4,1.0,8,50,4,16.64340716820772,
4,1.0,8,50,6,16.354387661681933,
4,1.0,8,50,8,16.505518828392933,
4,1.0,8,100,2,17.501427401503225,
4,1.0,8,100,4,16.540599234449395,
4,1.0,8,100,6,16.520416806114607,
4,1.0,8,100,8,16.528232580315535,
4,1.0,8,200,2,17.440899151887738,
4,1.0,8,200,4,16.597099239189887,
4,1.0,8,200,6,16.44893153004853,
4,1.0,8,200,8,16.524178331870456,
4,1.0,14,50,2,14.679952557146706,
4,1.0,14,50,4,14.63183629597919,
4,1.0,14,50,6,14.575886741608526,
4,1.0,14,50,8,14.756400578468536,
4,1.0,14,100,2,14.696075922571056,
4,1.0,14,100,4,14.535232227991091,
4,1.0,14,100,6,14.654964040857228,
4,1.0,14,100,8,14.722279249036852,
4,1.0,14,200,2,14.5939895642894,
4,1.0,14,200,4,14.45347998930602,
4,1.0,14,200,6,14.664371151894567,
4,1.0,14,200,8,14.750901792728826,
4,1.0,20,50,2,12.524967740259104,
4,1.0,20,50,4,13.271561263804127,
4,1.0,20,50,6,13.573860438166594,
4,1.0,20,50,8,13.78365714920167,
4,1.0,20,100,2,12.630255332413627,
4,1.0,20,100,4,13.272516803569149,
4,1.0,20,100,6,13.575965630626614,
4,1.0,20,100,8,13.747199449571497,
4,1.0,20,200,2,12.518637686276556,
4,1.0,20,200,4,13.23357236695945,
4,1.0,20,200,6,13.566776568243348,
4,1.0,20,200,8,13.754569941474085,
4,1.0,26,50,2,10.967873910547832,
4,1.0,26,50,4,12.38227892186362,
4,1.0,26,50,6,12.911262776426389,
4,1.0,26,50,8,13.097722509292211,
4,1.0,26,100,2,10.976805247816248,
4,1.0,26,100,4,12.371161588067867,
4,1.0,26,100,6,12.929550751023449,
4,1.0,26,100,8,13.165642726695207,
4,1.0,26,200,2,10.99033086804539,
4,1.0,26,200,4,12.385063780218813,
4,1.0,26,200,6,12.87018976814129,
4,1.0,26,200,8,13.18323437010172,
4,1.0,32,50,2,9.863289758659697,
4,1.0,32,50,2,15.877418634190873,
4,1.0,32,50,4,11.770966349612548,
4,1.0,32,50,4,15.492090114300884,
4,1.0,32,50,6,12.423416214825023,
4,1.0,32,50,6,15.346230238457204,
4,1.0,32,50,8,12.743980033710402,
4,1.0,32,50,8,15.45600443088476,
4,1.0,32,100,2,9.932807822269131,
4,1.0,32,100,2,15.927643484374329,
4,1.0,32,100,4,11.775942793437665,
4,1.0,32,100,4,15.454018593033595,
4,1.0,32,100,6,12.470570213906056,
4,1.0,32,100,6,15.418459250218056,
4,1.0,32,100,8,12.773173048915796,
4,1.0,32,100,8,15.47707739276321,
4,1.0,32,200,2,9.9695547131855,
4,1.0,32,200,2,15.839434696282654,
4,1.0,32,200,4,11.736903094794291,
4,1.0,32,200,4,15.47839856028287,
4,1.0,32,200,6,12.50117319323572,
4,1.0,32,200,6,15.430482450842923,
4,1.0,32,200,8,12.723966611260142,
4,1.0,32,200,8,15.352315031054571,
4,1.0,56,50,2,13.597534775294088,
4,1.0,56,50,4,13.942014775525688,
4,1.0,56,50,6,14.222395008415097,
4,1.0,56,50,8,14.423236885944377,
4,1.0,56,100,2,13.523129041515736,
4,1.0,56,100,4,13.869765660424752,
4,1.0,56,100,6,14.222700907347152,
4,1.0,56,100,8,14.4159367694463,
4,1.0,56,200,2,13.507386906341198,
4,1.0,56,200,4,13.91603769186847,
4,1.0,56,200,6,14.242730277344082,
4,1.0,56,200,8,14.461258532785132,
4,1.0,80,50,2,11.678111176027071,
4,1.0,80,50,4,13.124932570511314,
4,1.0,80,50,6,13.727564454352006,
4,1.0,80,50,8,14.009572707310037,
4,1.0,80,100,2,11.63159124088024,
4,1.0,80,100,4,13.147082834162864,
4,1.0,80,100,6,13.614774313970884,
4,1.0,80,100,8,14.002182245475096,
4,1.0,80,200,2,11.776099255350855,
4,1.0,80,200,4,13.079773501613689,
4,1.0,80,200,6,13.624737658293617,
4,1.0,80,200,8,13.914380249302086,
4,1.0,104,50,2,10.57299932939258,
4,1.0,104,50,4,12.739986900909733,
4,1.0,104,50,6,13.383594924314789,
4,1.0,104,50,8,13.72329170977439,
4,1.0,104,100,2,10.535147740831288,
4,1.0,104,100,4,12.728061875735396,
4,1.0,104,100,6,13.381246231270998,
4,1.0,104,100,8,13.69987242145027,
4,1.0,104,200,2,10.52053369277948,
4,1.0,104,200,4,12.716744079620865,
4,1.0,104,200,6,13.37856295179992,
4,1.0,104,200,8,13.720014718050612,
4,1.0,128,50,2,15.40203576937362,"(32, 32)"
4,1.0,128,50,2,9.889643567704562,
4,1.0,128,50,4,15.11748387245818,"(32, 32)"
4,1.0,128,50,4,12.476807555465582,
4,1.0,128,50,6,15.24047516590184,"(32, 32)"
4,1.0,128,50,6,13.200735094814116,
4,1.0,128,50,8,15.331100937141606,"(32, 32)"
4,1.0,128,50,8,13.598461658763584,
4,1.0,128,100,2,15.47965196932905,"(32, 32)"
4,1.0,128,100,2,9.839503749956608,
4,1.0,128,100,4,15.128729872656676,"(32, 32)"
4,1.0,128,100,4,12.462997907144818,
4,1.0,128,100,6,15.173292759694144,"(32, 32)"
4,1.0,128,100,6,13.18186852137601,
4,1.0,128,100,8,15.349930709036338,"(32, 32)"
4,1.0,128,100,8,13.566377006519014,
4,1.0,128,200,2,15.478762690260057,"(32, 32)"
4,1.0,128,200,2,9.88143344349358,
4,1.0,128,200,4,15.012277283552994,"(32, 32)"
4,1.0,128,200,4,12.497205345555246,
4,1.0,128,200,6,15.205984789522494,"(32, 32)"
4,1.0,128,200,6,13.181217378419507,
4,1.0,128,200,8,15.307270013258048,"(32, 32)"
4,1.0,128,200,8,13.555300581641212,
4,1.0,224,50,2,13.329056737426,"(32, 32)"
4,1.0,224,50,4,14.026675967683596,"(32, 32)"
4,1.0,224,50,6,14.500601131211903,"(32, 32)"
4,1.0,224,50,8,14.805010998897982,"(32, 32)"
4,1.0,224,100,2,13.28625996958859,"(32, 32)"
4,1.0,224,100,4,14.055725228982192,"(32, 32)"
4,1.0,224,100,6,14.48860970724173,"(32, 32)"
4,1.0,224,100,8,14.771241749585815,"(32, 32)"
4,1.0,224,200,2,13.243902998900555,"(32, 32)"
4,1.0,224,200,4,13.9454124810404,"(32, 32)"
4,1.0,224,200,6,14.425096079805538,"(32, 32)"
4,1.0,224,200,8,14.764172485600753,"(32, 32)"
4,1.0,320,50,2,11.982782568939587,"(32, 32)"
4,1.0,320,50,4,13.612043747555015,"(32, 32)"
4,1.0,320,50,6,14.200584394223048,"(32, 32)"
4,1.0,320,50,8,14.585456402960656,"(32, 32)"
4,1.0,320,100,2,11.96965322248734,"(32, 32)"
4,1.0,320,100,4,13.558755524729936,"(32, 32)"
4,1.0,320,100,6,14.166004449662973,"(32, 32)"
4,1.0,320,100,8,14.563016432089828,"(32, 32)"
4,1.0,320,200,2,11.95818992466728,"(32, 32)"
4,1.0,320,200,4,13.56632625205862,"(32, 32)"
4,1.0,320,200,6,14.195652707295034,"(32, 32)"
4,1.0,320,200,8,14.53470772243667,"(32, 32)"
4,1.0,416,50,2,11.286738616509735,"(32, 32)"
4,1.0,416,50,4,13.40197230385516,"(32, 32)"
4,1.0,416,50,6,14.057293008429948,"(32, 32)"
4,1.0,416,50,8,14.47264689292039,"(32, 32)"
4,1.0,416,100,2,11.253388805734792,"(32, 32)"
4,1.0,416,100,4,13.38307003523912,"(32, 32)"
4,1.0,416,100,6,14.07709081917839,"(32, 32)"
4,1.0,416,100,8,14.461033388517516,"(32, 32)"
4,1.0,416,200,2,11.219529318771158,"(32, 32)"
4,1.0,416,200,4,13.387264724786892,"(32, 32)"
4,1.0,416,200,6,14.032144292865953,"(32, 32)"
4,1.0,416,200,8,14.431688600585096,"(32, 32)"
4,1.0,512,50,2,10.893285877804557,"(32, 32)"
4,1.0,512,50,4,13.30380624214606,"(32, 32)"
4,1.0,512,50,6,14.010137293794331,"(32, 32)"
4,1.0,512,50,8,14.41741299029627,"(32, 32)"
4,1.0,512,100,2,10.785613042379705,"(32, 32)"
4,1.0,512,100,4,13.282527942882966,"(32, 32)"
4,1.0,512,100,6,13.986267711912186,"(32, 32)"
4,1.0,512,100,8,14.389309734996262,"(32, 32)"
4,1.0,512,200,2,10.803412527021448,"(32, 32)"
4,1.0,512,200,4,13.244663099394227,"(32, 32)"
4,1.0,512,200,6,13.950547889150114,"(32, 32)"
4,1.0,512,200,8,14.347878919411189,"(32, 32)"
4,10.0,8,50,2,17.33788138412224,
4,10.0,8,50,4,16.678653729674195,
4,10.0,8,50,6,16.757120810863455,
4,10.0,8,50,8,16.74199120659689,
4,10.0,8,100,2,17.38582345323962,
4,10.0,8,100,4,16.649412888265033,
4,10.0,8,100,6,16.725087898605032,
4,10.0,8,100,8,16.709653971825816,
4,10.0,8,200,2,17.350435305364662,
4,10.0,8,200,4,16.678588202028426,
4,10.0,8,200,6,16.72132594148727,
4,10.0,8,200,8,16.74881751597986,
4,10.0,14,50,2,15.224471941530108,
4,10.0,14,50,4,15.470649371434831,
4,10.0,14,50,6,15.735267530505856,
4,10.0,14,50,8,15.838433511706148,
4,10.0,14,100,2,15.223499473454249,
4,10.0,14,100,4,15.444806180844976,
4,10.0,14,100,6,15.760603226866255,
4,10.0,14,100,8,15.800379031499924,
4,10.0,14,200,2,15.171694344919237,
4,10.0,14,200,4,15.458247401297683,
4,10.0,14,200,6,15.69194302199903,
4,10.0,14,200,8,15.87655788196684,
4,10.0,20,50,2,14.332104711586055,
4,10.0,20,50,4,15.026436080472228,
4,10.0,20,50,6,15.26176874031997,
4,10.0,20,50,8,15.4359815831486,
4,10.0,20,100,2,14.343853320578658,
4,10.0,20,100,4,15.03413461775682,
4,10.0,20,100,6,15.2828523072755,
4,10.0,20,100,8,15.44391514231724,
4,10.0,20,200,2,14.342295188511986,
4,10.0,20,200,4,15.029138365189135,
4,10.0,20,200,6,15.279016748918128,
4,10.0,20,200,8,15.465140243274249,
4,10.0,26,50,2,13.856108442864466,
4,10.0,26,50,4,14.729375871020627,
4,10.0,26,50,6,15.043525742942192,
4,10.0,26,50,8,15.164574545185058,
4,10.0,26,100,2,13.92032183921844,
4,10.0,26,100,4,14.727125631640316,
4,10.0,26,100,6,15.02645778597704,
4,10.0,26,100,8,15.186346567568926,
4,10.0,26,200,2,13.841478699646704,
4,10.0,26,200,4,14.772156965011094,
4,10.0,26,200,6,15.062773136179208,
4,10.0,26,200,8,15.164795155737464,
4,10.0,32,50,2,13.561094712261315,
4,10.0,32,50,2,15.843720987206856,
4,10.0,32,50,4,14.63643297171473,
4,10.0,32,50,4,15.807545243753085,
4,10.0,32,50,6,14.876863763557598,
4,10.0,32,50,6,15.923111228381414,
4,10.0,32,50,8,15.087560423166664,
4,10.0,32,50,8,16.169901468499322,
4,10.0,32,100,2,13.560805535710028,
4,10.0,32,100,2,15.88979749297252,
4,10.0,32,100,4,14.592978479547655,
4,10.0,32,100,4,15.836306898403423,
4,10.0,32,100,6,14.911816339417788,
4,10.0,32,100,6,16.02035467510054,
4,10.0,32,100,8,15.062708429817636,
4,10.0,32,100,8,16.08731880945519,
4,10.0,32,200,2,13.55518224511357,
4,10.0,32,200,2,15.91687843754411,
4,10.0,32,200,4,14.588652478139634,
4,10.0,32,200,4,15.749769178848677,
4,10.0,32,200,6,14.894694265638543,
4,10.0,32,200,6,15.966237447195091,
4,10.0,32,200,8,15.089055502160022,
4,10.0,32,200,8,16.067134203512207,
4,10.0,56,50,2,14.576101475443018,
4,10.0,56,50,4,15.341420791260868,
4,10.0,56,50,6,15.56198658536738,
4,10.0,56,50,8,15.751640960949004,
4,10.0,56,100,2,14.640051896675557,
4,10.0,56,100,4,15.277251736610852,
4,10.0,56,100,6,15.61738315324228,
4,10.0,56,100,8,15.755935156164602,
4,10.0,56,200,2,14.615917548220065,
4,10.0,56,200,4,15.26418045377927,
4,10.0,56,200,6,15.566062305053723,
4,10.0,56,200,8,15.69511283569025,
4,10.0,80,50,2,14.168076987283,
4,10.0,80,50,4,15.091084310051288,
4,10.0,80,50,6,15.392347768031092,
4,10.0,80,50,8,15.59089172710116,
4,10.0,80,100,2,14.168039023554009,
4,10.0,80,100,4,15.089368227606508,
4,10.0,80,100,6,15.377952974408052,
4,10.0,80,100,8,15.5592282697628,
4,10.0,80,200,2,14.148698759062864,
4,10.0,80,200,4,15.084694240709467,
4,10.0,80,200,6,15.391670803419933,
4,10.0,80,200,8,15.55490012528897,
4,10.0,104,50,2,13.916077850738072,
4,10.0,104,50,4,14.970099720797949,
4,10.0,104,50,6,15.310028250361116,
4,10.0,104,50,8,15.516707859879231,
4,10.0,104,100,2,13.87390806008239,
4,10.0,104,100,4,14.949193870218714,
4,10.0,104,100,6,15.29007657936933,
4,10.0,104,100,8,15.502905296486718,
4,10.0,104,200,2,13.92382305657258,
4,10.0,104,200,4,14.9804651849735,
4,10.0,104,200,6,15.292307342218733,
4,10.0,104,200,8,15.51268446180176,
4,10.0,128,50,2,15.554714108975546,"(32, 32)"
4,10.0,128,50,2,13.794598746967733,
4,10.0,128,50,4,15.893467291666395,"(32, 32)"
4,10.0,128,50,4,14.948795022533837,
4,10.0,128,50,6,16.12511828475269,"(32, 32)"
4,10.0,128,50,6,15.25829839836106,
4,10.0,128,50,8,16.299716895517648,"(32, 32)"
4,10.0,128,50,8,15.464344360582686,
4,10.0,128,100,2,15.582898234176753,"(32, 32)"
4,10.0,128,100,2,13.775038792162654,
4,10.0,128,100,4,15.829908837196294,"(32, 32)"
4,10.0,128,100,4,14.89583353251566,
4,10.0,128,100,6,16.046128297424346,"(32, 32)"
4,10.0,128,100,6,15.22072543065862,
4,10.0,128,100,8,16.249891192732175,"(32, 32)"
4,10.0,128,100,8,15.457277548107196,
4,10.0,128,200,2,15.654401536807018,"(32, 32)"
4,10.0,128,200,2,13.750310166068472,
4,10.0,128,200,4,15.858979318878662,"(32, 32)"
4,10.0,128,200,4,14.908067892294092,
4,10.0,128,200,6,16.043692773791957,"(32, 32)"
4,10.0,128,200,6,15.231297140005465,
4,10.0,128,200,8,16.255253338794766,"(32, 32)"
4,10.0,128,200,8,15.458860376358349,
4,10.0,224,50,2,14.775760332866348,"(32, 32)"
4,10.0,224,50,4,15.646848372217145,"(32, 32)"
4,10.0,224,50,6,15.924831007415625,"(32, 32)"
4,10.0,224,50,8,16.109802536420215,"(32, 32)"
4,10.0,224,100,2,14.690055722208204,"(32, 32)"
4,10.0,224,100,4,15.604263950480949,"(32, 32)"
4,10.0,224,100,6,15.881867252561284,"(32, 32)"
4,10.0,224,100,8,16.092863484381922,"(32, 32)"
4,10.0,224,200,2,14.761890984747064,"(32, 32)"
4,10.0,224,200,4,15.593252904150964,"(32, 32)"
4,10.0,224,200,6,15.889068737360796,"(32, 32)"
4,10.0,224,200,8,16.067256950414546,"(32, 32)"
4,10.0,320,50,2,14.439436217104262,"(32, 32)"
4,10.0,320,50,4,15.531342105093469,"(32, 32)"
4,10.0,320,50,6,15.835729732194949,"(32, 32)"
4,10.0,320,50,8,16.062526123975594,"(32, 32)"
4,10.0,320,100,2,14.391948626652916,"(32, 32)"
4,10.0,320,100,4,15.502217534085926,"(32, 32)"
4,10.0,320,100,6,15.794791819090191,"(32, 32)"
4,10.0,320,100,8,16.012539837182405,"(32, 32)"
4,10.0,320,200,2,14.41296733220942,"(32, 32)"
4,10.0,320,200,4,15.546971429113638,"(32, 32)"
4,10.0,320,200,6,15.812139695476624,"(32, 32)"
4,10.0,320,200,8,16.009202813930145,"(32, 32)"
4,10.0,416,50,2,14.251654545616718,"(32, 32)"
4,10.0,416,50,4,15.52652280160751,"(32, 32)"
4,10.0,416,50,6,15.795256006304156,"(32, 32)"
4,10.0,416,50,8,16.023061226193626,"(32, 32)"
4,10.0,416,100,2,14.232273922398951,"(32, 32)"
4,10.0,416,100,4,15.498368700384145,"(32, 32)"
4,10.0,416,100,6,15.786121424804508,"(32, 32)"
4,10.0,416,100,8,15.970939948906029,"(32, 32)"
4,10.0,416,200,2,14.247625588142832,"(32, 32)"
4,10.0,416,200,4,15.47677176197812,"(32, 32)"
4,10.0,416,200,6,15.769609021629812,"(32, 32)"
4,10.0,416,200,8,15.969304084496455,"(32, 32)"
4,10.0,512,50,2,14.161718933169444,"(32, 32)"
4,10.0,512,50,4,15.499002486094543,"(32, 32)"
4,10.0,512,50,6,15.780802442795023,"(32, 32)"
4,10.0,512,50,8,15.991999056199214,"(32, 32)"
4,10.0,512,100,2,14.169928874481386,"(32, 32)"
4,10.0,512,100,4,15.424698684197724,"(32, 32)"
4,10.0,512,100,6,15.763004565350036,"(32, 32)"
4,10.0,512,100,8,15.95086719702594,"(32, 32)"
4,10.0,512,200,2,14.188931699598772,"(32, 32)"
4,10.0,512,200,4,15.434055330156305,"(32, 32)"
4,10.0,512,200,6,15.737775993805515,"(32, 32)"
4,10.0,512,200,8,15.96170145186676,"(32, 32)"
5,0.01,8,50,2,27.10025555254385,
5,0.01,8,50,4,27.540885910379057,
5,0.01,8,50,6,27.20683663785386,
5,0.01,8,50,8,27.45803537240877,
5,0.01,8,100,2,26.96701210407429,
5,0.01,8,100,4,27.820596609402987,
5,0.01,8,100,6,27.408767497574274,
5,0.01,8,100,8,27.506928212741744,
5,0.01,8,200,2,26.94007022216979,
5,0.01,8,200,4,27.779376452748465,
5,0.01,8,200,6,27.494922932213136,
5,0.01,8,200,8,27.198608444184213,
5,0.01,14,50,2,25.13126951727765,
5,0.01,14,50,4,25.423288560428343,
5,0.01,14,50,6,25.592221541637983,
5,0.01,14,50,8,25.333071640403045,
5,0.01,14,100,2,24.656361704139396,
5,0.01,14,100,4,25.4438055597728,
5,0.01,14,100,6,25.767661546826417,
5,0.01,14,100,8,24.86567858385423,
5,0.01,14,200,2,24.58454274796391,
5,0.01,14,200,4,25.63569112912637,
5,0.01,14,200,6,25.282134805669227,
5,0.01,14,200,8,25.094302350683694,
5,0.01,20,50,2,21.88770600924007,
5,0.01,20,50,4,22.1306471864552,
5,0.01,20,50,6,22.2519750682877,
5,0.01,20,50,8,21.502423083359943,
5,0.01,20,100,2,21.95069058316017,
5,0.01,20,100,4,22.46680570421673,
5,0.01,20,100,6,22.21473187518537,
5,0.01,20,100,8,21.765499073548813,
5,0.01,20,200,2,21.47716560502193,
5,0.01,20,200,4,22.24569180387537,
5,0.01,20,200,6,21.403486666559623,
5,0.01,20,200,8,21.38978226132205,
5,0.01,26,50,2,18.461175026739763,
5,0.01,26,50,4,17.956207515402067,
5,0.01,26,50,6,17.559048024921623,
5,0.01,26,50,8,17.245960370732814,
5,0.01,26,100,2,18.572418850916456,
5,0.01,26,100,4,18.272967165748625,
5,0.01,26,100,6,17.326819271772305,
5,0.01,26,100,8,17.673385326223162,
5,0.01,26,200,2,18.760975893092063,
5,0.01,26,200,4,17.79650289064452,
5,0.01,26,200,6,17.617587214839066,
5,0.01,26,200,8,17.2368773150822,
5,0.01,32,50,2,14.158286649205278,
5,0.01,32,50,2,44.81690831760577,
5,0.01,32,50,4,13.517897292504236,
5,0.01,32,50,4,53.194988328738994,
5,0.01,32,50,6,12.66344211760251,
5,0.01,32,50,6,54.76348080430486,
5,0.01,32,50,8,12.70494030959074,
5,0.01,32,50,8,54.7081313622207,
5,0.01,32,100,2,13.980188657390867,
5,0.01,32,100,2,44.49871798608118,
5,0.01,32,100,4,13.359858989314052,
5,0.01,32,100,4,52.39999539761123,
5,0.01,32,100,6,12.515868223877275,
5,0.01,32,100,6,54.419033417730944,
5,0.01,32,100,8,13.370009872900798,
5,0.01,32,100,8,55.26105902966904,
5,0.01,32,200,2,14.537517024757603,
5,0.01,32,200,2,44.86868722020949,
5,0.01,32,200,4,12.96665448643391,
5,0.01,32,200,4,52.6583847745119,
5,0.01,32,200,6,13.067531073128082,
5,0.01,32,200,6,54.77530217890435,
5,0.01,32,200,8,12.786207958289928,
5,0.01,32,200,8,54.46445513375083,
5,0.01,56,50,2,38.79123590532718,
5,0.01,56,50,4,48.21243068698987,
5,0.01,56,50,6,49.93408989751212,
5,0.01,56,50,8,48.31645373985812,
5,0.01,56,100,2,38.98597890730825,
5,0.01,56,100,4,47.09303166702901,
5,0.01,56,100,6,49.866263482474935,
5,0.01,56,100,8,49.00302803648347,
5,0.01,56,200,2,38.65452114177211,
5,0.01,56,200,4,47.24424555216189,
5,0.01,56,200,6,48.91897232280024,
5,0.01,56,200,8,48.46113252085487,
5,0.01,80,50,2,32.500177177533125,
5,0.01,80,50,4,38.85945309154485,
5,0.01,80,50,6,39.05735586245634,
5,0.01,80,50,8,37.16076119438872,
5,0.01,80,100,2,33.07054683495038,
5,0.01,80,100,4,37.70248388511264,
5,0.01,80,100,6,37.987644646417216,
5,0.01,80,100,8,37.32882839225179,
5,0.01,80,200,2,32.0085599894412,
5,0.01,80,200,4,38.3311364802134,
5,0.01,80,200,6,37.94230990893393,
5,0.01,80,200,8,37.73484073454174,
5,0.01,104,50,2,24.115152355316297,
5,0.01,104,50,4,25.36799043701049,
5,0.01,104,50,6,23.11515260270179,
5,0.01,104,50,8,22.76246159239728,
5,0.01,104,100,2,24.26431999946879,
5,0.01,104,100,4,26.265851493553303,
5,0.01,104,100,6,23.287177848123356,
5,0.01,104,100,8,22.592088989152792,
5,0.01,104,200,2,23.471215008174607,
5,0.01,104,200,4,25.567547885010303,
5,0.01,104,200,6,23.142726805318247,
5,0.01,104,200,8,20.883650215263533,
5,0.01,128,50,2,67.209792756492,"(32, 32)"
5,0.01,128,50,2,14.612635675980078,
5,0.01,128,50,4,85.71604080174444,"(32, 32)"
5,0.01,128,50,4,13.55153244192915,
5,0.01,128,50,6,92.40763534524017,"(32, 32)"
5,0.01,128,50,6,12.47501837169082,
5,0.01,128,50,8,95.68038983779132,"(32, 32)"
5,0.01,128,50,8,12.05138521582134,
5,0.01,128,100,2,66.85182749633408,"(32, 32)"
5,0.01,128,100,2,13.973386263953367,
5,0.01,128,100,4,84.5413620067338,"(32, 32)"
5,0.01,128,100,4,12.689059758265312,
5,0.01,128,100,6,91.68788012716368,"(32, 32)"
5,0.01,128,100,6,11.287132694862567,
5,0.01,128,100,8,94.83992680946206,"(32, 32)"
5,0.01,128,100,8,9.971524513179686,
5,0.01,128,200,2,65.99730728898697,"(32, 32)"
5,0.01,128,200,2,14.50856343977368,
5,0.01,128,200,4,84.56383534213793,"(32, 32)"
5,0.01,128,200,4,13.313283977795916,
5,0.01,128,200,6,92.09225099170128,"(32, 32)"
5,0.01,128,200,6,13.498691778021216,
5,0.01,128,200,8,94.73932887555736,"(32, 32)"
5,0.01,128,200,8,11.22551351277474,
5,0.01,224,50,2,56.61292095908003,"(32, 32)"
5,0.01,224,50,4,75.8042543208792,"(32, 32)"
5,0.01,224,50,6,82.96123923234163,"(32, 32)"
5,0.01,224,50,8,86.32867728630605,"(32, 32)"
5,0.01,224,100,2,55.60560938579862,"(32, 32)"
5,0.01,224,100,4,75.11684590548143,"(32, 32)"
5,0.01,224,100,6,83.09113260876148,"(32, 32)"
5,0.01,224,100,8,84.42635912920922,"(32, 32)"
5,0.01,224,200,2,55.03148814403816,"(32, 32)"
5,0.01,224,200,4,75.30896395537832,"(32, 32)"
5,0.01,224,200,6,83.23959333655006,"(32, 32)"
5,0.01,224,200,8,84.97057050723762,"(32, 32)"
5,0.01,320,50,2,42.56784906818751,"(32, 32)"
5,0.01,320,50,4,56.30859879709698,"(32, 32)"
5,0.01,320,50,6,58.44205738595011,"(32, 32)"
5,0.01,320,50,8,60.399531812305895,"(32, 32)"
5,0.01,320,100,2,43.33033581171967,"(32, 32)"
5,0.01,320,100,4,54.78986555071503,"(32, 32)"
5,0.01,320,100,6,59.32932431182003,"(32, 32)"
5,0.01,320,100,8,61.34011781873355,"(32, 32)"
5,0.01,320,200,2,42.9412274248926,"(32, 32)"
5,0.01,320,200,4,57.698245121336114,"(32, 32)"
5,0.01,320,200,6,61.206013389059166,"(32, 32)"
5,0.01,320,200,8,60.24965882897237,"(32, 32)"
5,0.01,416,50,2,26.460164412768343,"(32, 32)"
5,0.01,416,50,4,28.97805936129823,"(32, 32)"
5,0.01,416,50,6,23.75604371922432,"(32, 32)"
5,0.01,416,50,8,23.097256488459863,"(32, 32)"
5,0.01,416,100,2,26.64827767365861,"(32, 32)"
5,0.01,416,100,4,26.64346475540228,"(32, 32)"
5,0.01,416,100,6,23.8542305447141,"(32, 32)"
5,0.01,416,100,8,20.706761915221605,"(32, 32)"
5,0.01,416,200,2,26.565898076534,"(32, 32)"
5,0.01,416,200,4,25.85691813527091,"(32, 32)"
5,0.01,416,200,6,27.226589400991013,"(32, 32)"
5,0.01,416,200,8,20.4204177628394,"(32, 32)"
5,0.01,512,50,2,9.708651972659268,"(32, 32)"
5,0.01,512,50,4,8.482869782239478,"(32, 32)"
5,0.01,512,50,6,9.291341208558505,"(32, 32)"
5,0.01,512,50,8,9.71716491922324,"(32, 32)"
5,0.01,512,100,2,11.257690683165098,"(32, 32)"
5,0.01,512,100,4,8.369357129638317,"(32, 32)"
5,0.01,512,100,6,9.20594441307469,"(32, 32)"
5,0.01,512,100,8,9.531678237049782,"(32, 32)"
5,0.01,512,200,2,10.877327330158456,"(32, 32)"
5,0.01,512,200,4,9.361218304370956,"(32, 32)"
5,0.01,512,200,6,9.203697199754856,"(32, 32)"
5,0.01,512,200,8,9.547926225240577,"(32, 32)"
5,0.1,8,50,2,18.802025499193284,
5,0.1,8,50,4,18.76017281816669,
5,0.1,8,50,6,18.386806405974667,
5,0.1,8,50,8,18.601203104301888,
5,0.1,8,100,2,18.73905523664705,
5,0.1,8,100,4,18.789155181846517,
5,0.1,8,100,6,18.94435252480877,
5,0.1,8,100,8,18.40695225358802,
5,0.1,8,200,2,18.783995670441577,
5,0.1,8,200,4,18.69235299163189,
5,0.1,8,200,6,18.4706387917551,
5,0.1,8,200,8,18.51620351153197,
5,0.1,14,50,2,15.360102561568535,
5,0.1,14,50,4,15.04379440573655,
5,0.1,14,50,6,15.006322672587332,
5,0.1,14,50,8,14.898787639886264,
5,0.1,14,100,2,15.34753657153803,
5,0.1,14,100,4,15.197235252507884,
5,0.1,14,100,6,15.017157850513078,
5,0.1,14,100,8,14.983942974334408,
5,0.1,14,200,2,15.310016664262967,
5,0.1,14,200,4,15.134429892472529,
5,0.1,14,200,6,14.97025223044895,
5,0.1,14,200,8,14.95074003805654,
5,0.1,20,50,2,12.550976682554834,
5,0.1,20,50,4,12.763677404120838,
5,0.1,20,50,6,12.811242018559538,
5,0.1,20,50,8,12.941318703956073,
5,0.1,20,100,2,12.657715813795264,
5,0.1,20,100,4,12.697189164177182,
5,0.1,20,100,6,12.824209082533288,
5,0.1,20,100,8,12.95406412693658,
5,0.1,20,200,2,12.640729566596624,
5,0.1,20,200,4,12.635955438451392,
5,0.1,20,200,6,12.798661513679782,
5,0.1,20,200,8,12.940167138318849,
5,0.1,26,50,2,10.223587431020327,
5,0.1,26,50,4,10.898114249518429,
5,0.1,26,50,6,11.332123822764762,
5,0.1,26,50,8,11.631058457574094,
5,0.1,26,100,2,10.24232009115168,
5,0.1,26,100,4,10.762701470840836,
5,0.1,26,100,6,11.272245496092156,
5,0.1,26,100,8,11.538146233774423,
5,0.1,26,200,2,10.225259649808695,
5,0.1,26,200,4,10.830179567266118,
5,0.1,26,200,6,11.418618214081128,
5,0.1,26,200,8,11.611549882239004,
5,0.1,32,50,2,8.17920759919221,
5,0.1,32,50,2,20.290138307178047,
5,0.1,32,50,4,9.366652167185718,
5,0.1,32,50,4,22.4761979408652,
5,0.1,32,50,6,10.189640686169088,
5,0.1,32,50,6,24.15351297484237,
5,0.1,32,50,8,10.656612624993,
5,0.1,32,50,8,24.11405411888644,
5,0.1,32,100,2,8.12101671440134,
5,0.1,32,100,2,20.63845959378502,
5,0.1,32,100,4,9.42559022547834,
5,0.1,32,100,4,23.072568354908896,
5,0.1,32,100,6,10.15343147489222,
5,0.1,32,100,6,23.67738822967825,
5,0.1,32,100,8,10.677383185417316,
5,0.1,32,100,8,23.251384734889317,
5,0.1,32,200,2,8.196682505468843,
5,0.1,32,200,2,20.773401783270117,
5,0.1,32,200,4,9.504604428411325,
5,0.1,32,200,4,23.445909135975132,
5,0.1,32,200,6,10.154759693842944,
5,0.1,32,200,6,23.51407875224225,
5,0.1,32,200,8,10.643586899050373,
5,0.1,32,200,8,23.148151005836592,
5,0.1,56,50,2,14.230631866902426,
5,0.1,56,50,4,13.823874506742811,
5,0.1,56,50,6,13.989899261308237,
5,0.1,56,50,8,14.0334243958721,
5,0.1,56,100,2,14.22168622563238,
5,0.1,56,100,4,13.863573472723177,
5,0.1,56,100,6,14.417089129011355,
5,0.1,56,100,8,14.591278585737491,
5,0.1,56,200,2,14.230762010600268,
5,0.1,56,200,4,13.931271790820707,
5,0.1,56,200,6,14.137214173413408,
5,0.1,56,200,8,14.341011400933652,
5,0.1,80,50,2,11.201786402878902,
5,0.1,80,50,4,11.949029118510005,
5,0.1,80,50,6,12.40475155023063,
5,0.1,80,50,8,12.68243788283055,
5,0.1,80,100,2,11.17303810734107,
5,0.1,80,100,4,11.99013352091482,
5,0.1,80,100,6,12.442028352284163,
5,0.1,80,100,8,12.687015768497629,
5,0.1,80,200,2,11.199947656781635,
5,0.1,80,200,4,12.02371447506269,
5,0.1,80,200,6,12.431349417249129,
5,0.1,80,200,8,12.710087105897502,
5,0.1,104,50,2,8.839615681091814,
5,0.1,104,50,4,10.660510511931406,
5,0.1,104,50,6,11.455575137075895,
5,0.1,104,50,8,11.86378013207497,
5,0.1,104,100,2,8.902475728508318,
5,0.1,104,100,4,10.6884504642926,
5,0.1,104,100,6,11.446041565676463,
5,0.1,104,100,8,11.84158248996726,
5,0.1,104,200,2,8.863206361241575,
5,0.1,104,200,4,10.661545676560172,
5,0.1,104,200,6,11.428089543809932,
5,0.1,104,200,8,11.808278939268344,
5,0.1,128,50,2,22.215515588052813,"(32, 32)"
5,0.1,128,50,2,7.228231965101051,
5,0.1,128,50,4,30.128195312215368,"(32, 32)"
5,0.1,128,50,4,9.693686989161948,
5,0.1,128,50,6,32.78953995810345,"(32, 32)"
5,0.1,128,50,6,10.721289331133406,
5,0.1,128,50,8,37.10034758618341,"(32, 32)"
5,0.1,128,50,8,11.261965005003605,
5,0.1,128,100,2,21.487380560364898,"(32, 32)"
5,0.1,128,100,2,7.1731793582562045,
5,0.1,128,100,4,30.85612868605254,"(32, 32)"
5,0.1,128,100,4,9.77598708064198,
5,0.1,128,100,6,33.606729925643855,"(32, 32)"
5,0.1,128,100,6,10.739706212008953,
5,0.1,128,100,8,34.84440610806742,"(32, 32)"
5,0.1,128,100,8,11.242146951205974,
5,0.1,128,200,2,22.38626599257527,"(32, 32)"
5,0.1,128,200,2,7.139778738146407,
5,0.1,128,200,4,29.55048711798017,"(32, 32)"
5,0.1,128,200,4,9.642725884084124,
5,0.1,128,200,6,33.83771701344352,"(32, 32)"
5,0.1,128,200,6,10.715785025188527,
5,0.1,128,200,8,34.11368348000155,"(32, 32)"
5,0.1,128,200,8,11.142391369764916,
5,0.1,224,50,2,13.54198398316123,"(32, 32)"
5,0.1,224,50,4,13.430351875563977,"(32, 32)"
5,0.1,224,50,6,13.66995619905678,"(32, 32)"
5,0.1,224,50,8,13.900367161134826,"(32, 32)"
5,0.1,224,100,2,13.595711542430234,"(32, 32)"
5,0.1,224,100,4,13.381441650728648,"(32, 32)"
5,0.1,224,100,6,13.606580550279348,"(32, 32)"
5,0.1,224,100,8,13.924818350738878,"(32, 32)"
5,0.1,224,200,2,13.57140694236466,"(32, 32)"
5,0.1,224,200,4,13.422582534419766,"(32, 32)"
5,0.1,224,200,6,13.676759451144582,"(32, 32)"
5,0.1,224,200,8,13.900844937996911,"(32, 32)"
5,0.1,320,50,2,10.829777491036976,"(32, 32)"
5,0.1,320,50,4,12.168710475988716,"(32, 32)"
5,0.1,320,50,6,12.8899558893578,"(32, 32)"
5,0.1,320,50,8,13.249803649599102,"(32, 32)"
5,0.1,320,100,2,10.814079742572224,"(32, 32)"
5,0.1,320,100,4,12.21381061748563,"(32, 32)"
5,0.1,320,100,6,12.83874889565048,"(32, 32)"
5,0.1,320,100,8,13.219358461773746,"(32, 32)"
5,0.1,320,200,2,10.809127899195296,"(32, 32)"
5,0.1,320,200,4,12.20321299659174,"(32, 32)"
5,0.1,320,200,6,12.883762525850504,"(32, 32)"
5,0.1,320,200,8,13.1987336389379,"(32, 32)"
5,0.1,416,50,2,8.817475341554735,"(32, 32)"
5,0.1,416,50,4,11.538792404908506,"(32, 32)"
5,0.1,416,50,6,12.479436668739972,"(32, 32)"
5,0.1,416,50,8,12.93610009622154,"(32, 32)"
5,0.1,416,100,2,8.806883841798397,"(32, 32)"
5,0.1,416,100,4,11.492488896030771,"(32, 32)"
5,0.1,416,100,6,12.433292923385228,"(32, 32)"
5,0.1,416,100,8,12.83995011079312,"(32, 32)"
5,0.1,416,200,2,8.74760796684451,"(32, 32)"
5,0.1,416,200,4,11.423925463606931,"(32, 32)"
5,0.1,416,200,6,12.422513434360033,"(32, 32)"
5,0.1,416,200,8,12.807394508464984,"(32, 32)"
5,0.1,512,50,2,7.462389675839253,"(32, 32)"
5,0.1,512,50,4,11.092445662208265,"(32, 32)"
5,0.1,512,50,6,12.263673896868363,"(32, 32)"
5,0.1,512,50,8,12.682984699632549,"(32, 32)"
5,0.1,512,100,2,7.395085543227366,"(32, 32)"
5,0.1,512,100,4,11.05608651841976,"(32, 32)"
5,0.1,512,100,6,12.21787658847882,"(32, 32)"
5,0.1,512,100,8,12.632698204830438,"(32, 32)"
5,0.1,512,200,2,7.420507943589114,"(32, 32)"
5,0.1,512,200,4,11.019136948479924,"(32, 32)"
5,0.1,512,200,6,12.125021393747234,"(32, 32)"
5,0.1,512,200,8,12.61743405694662,"(32, 32)"
5,1.0,8,50,2,17.52472466049808,
5,1.0,8,50,4,16.638347688398895,
5,1.0,8,50,6,16.646274578308077,
5,1.0,8,50,8,16.4456072058288,
5,1.0,8,100,2,17.513273600251484,
5,1.0,8,100,4,16.60586019739742,
5,1.0,8,100,6,16.53698481004521,
5,1.0,8,100,8,16.44709607960944,
5,1.0,8,200,2,17.48958266687837,
5,1.0,8,200,4,16.68162210220257,
5,1.0,8,200,6,16.47504039985207,
5,1.0,8,200,8,16.48175126298247,
5,1.0,14,50,2,14.609568091763729,
5,1.0,14,50,4,14.50525767274018,
5,1.0,14,50,6,14.606656822248862,
5,1.0,14,50,8,14.704962166663266,
5,1.0,14,100,2,14.680706774461,
5,1.0,14,100,4,14.482832117630204,
5,1.0,14,100,6,14.605355135038842,
5,1.0,14,100,8,14.735597076383089,
5,1.0,14,200,2,14.63586843569398,
5,1.0,14,200,4,14.588754717973409,
5,1.0,14,200,6,14.685996380397844,
5,1.0,14,200,8,14.733094435836398,
5,1.0,20,50,2,12.564194749986015,
5,1.0,20,50,4,13.169048399728604,
5,1.0,20,50,6,13.488104064820517,
5,1.0,20,50,8,13.641364812725207,
5,1.0,20,100,2,12.61130407767376,
5,1.0,20,100,4,13.25306061718033,
5,1.0,20,100,6,13.473917029747204,
5,1.0,20,100,8,13.727651432378265,
5,1.0,20,200,2,12.61237633212568,
5,1.0,20,200,4,13.112135040760846,
5,1.0,20,200,6,13.531482861918084,
5,1.0,20,200,8,13.78329155088009,
5,1.0,26,50,2,11.02815094985568,
5,1.0,26,50,4,12.33585570720786,
5,1.0,26,50,6,12.881210162727244,
5,1.0,26,50,8,13.190336672612464,
5,1.0,26,100,2,11.01181834576058,
5,1.0,26,100,4,12.385014960873267,
5,1.0,26,100,6,12.92222718355086,
5,1.0,26,100,8,13.190357929084536,
5,1.0,26,200,2,10.96059173016856,
5,1.0,26,200,4,12.325466860581743,
5,1.0,26,200,6,12.893925802536572,
5,1.0,26,200,8,13.116723493738125,
5,1.0,32,50,2,9.832281498230673,
5,1.0,32,50,2,15.990987623679285,
5,1.0,32,50,4,11.750193005863729,
5,1.0,32,50,4,15.426322566233356,
5,1.0,32,50,6,12.457533913845053,
5,1.0,32,50,6,15.363873557383108,
5,1.0,32,50,8,12.770237438411176,
5,1.0,32,50,8,15.437172828327103,
5,1.0,32,100,2,9.851447302124354,
5,1.0,32,100,2,15.90593846583734,
5,1.0,32,100,4,11.742420755126671,
5,1.0,32,100,4,15.44023324345538,
5,1.0,32,100,6,12.465939312556271,
5,1.0,32,100,6,15.479674641149588,
5,1.0,32,100,8,12.711270319186884,
5,1.0,32,100,8,15.511747645992664,
5,1.0,32,200,2,9.938620642087814,
5,1.0,32,200,2,15.791567249370985,
5,1.0,32,200,4,11.745688925878545,
5,1.0,32,200,4,15.419951685175429,
5,1.0,32,200,6,12.490519017964576,
5,1.0,32,200,6,15.389247960485484,
5,1.0,32,200,8,12.72782360593894,
5,1.0,32,200,8,15.44611664889431,
5,1.0,56,50,2,13.560401437719298,
5,1.0,56,50,4,13.90427218313231,
5,1.0,56,50,6,14.169516841428688,
5,1.0,56,50,8,14.361829745039046,
5,1.0,56,100,2,13.455260848256676,
5,1.0,56,100,4,13.85627238779836,
5,1.0,56,100,6,14.20446005611758,
5,1.0,56,100,8,14.395351830622014,
5,1.0,56,200,2,13.509266957599491,
5,1.0,56,200,4,13.913819865146523,
5,1.0,56,200,6,14.245912869233168,
5,1.0,56,200,8,14.459606206235504,
5,1.0,80,50,2,11.679637202023804,
5,1.0,80,50,4,13.06703975949304,
5,1.0,80,50,6,13.65335003332766,
5,1.0,80,50,8,13.969278142106107,
5,1.0,80,100,2,11.600338444212031,
5,1.0,80,100,4,13.073783272316918,
5,1.0,80,100,6,13.667425754834596,
5,1.0,80,100,8,13.937799972248357,
5,1.0,80,200,2,11.783172855246631,
5,1.0,80,200,4,13.100550085268218,
5,1.0,80,200,6,13.621509209815049,
5,1.0,80,200,8,13.908546789568184,
5,1.0,104,50,2,10.644079871450348,
5,1.0,104,50,4,12.763611652258462,
5,1.0,104,50,6,13.377247559131916,
5,1.0,104,50,8,13.770488663523404,
5,1.0,104,100,2,10.57651686735336,
5,1.0,104,100,4,12.693202498934422,
5,1.0,104,100,6,13.377590320776283,
5,1.0,104,100,8,13.723390528630976,
5,1.0,104,200,2,10.633966589300687,
5,1.0,104,200,4,12.760413909704209,
5,1.0,104,200,6,13.328466878354488,
5,1.0,104,200,8,13.716802019924636,
5,1.0,128,50,2,15.492332284686531,"(32, 32)"
5,1.0,128,50,2,9.872559837455563,
5,1.0,128,50,4,15.112777942155644,"(32, 32)"
5,1.0,128,50,4,12.457107806875133,
5,1.0,128,50,6,15.225216472821892,"(32, 32)"
5,1.0,128,50,6,13.203778818408358,
5,1.0,128,50,8,15.309247850994629,"(32, 32)"
5,1.0,128,50,8,13.594903445362188,
5,1.0,128,100,2,15.478805695231545,"(32, 32)"
5,1.0,128,100,2,9.831368158385825,
5,1.0,128,100,4,15.093647642558604,"(32, 32)"
5,1.0,128,100,4,12.49206840644451,
5,1.0,128,100,6,15.183376804349596,"(32, 32)"
5,1.0,128,100,6,13.216680270008014,
5,1.0,128,100,8,15.343660373775595,"(32, 32)"
5,1.0,128,100,8,13.560686543957022,
5,1.0,128,200,2,15.442358449367758,"(32, 32)"
5,1.0,128,200,2,9.823448730384666,
5,1.0,128,200,4,15.124803778266172,"(32, 32)"
5,1.0,128,200,4,12.49345562327111,
5,1.0,128,200,6,15.195604838327032,"(32, 32)"
5,1.0,128,200,6,13.196885371492048,
5,1.0,128,200,8,15.3199340213321,"(32, 32)"
5,1.0,128,200,8,13.575004614167105,
5,1.0,224,50,2,13.340048354717505,"(32, 32)"
5,1.0,224,50,4,14.020837263283408,"(32, 32)"
5,1.0,224,50,6,14.4576149064837,"(32, 32)"
5,1.0,224,50,8,14.75984871722178,"(32, 32)"
5,1.0,224,100,2,13.377919243930243,"(32, 32)"
5,1.0,224,100,4,13.977225171196467,"(32, 32)"
5,1.0,224,100,6,14.44867541304068,"(32, 32)"
5,1.0,224,100,8,14.801275708659702,"(32, 32)"
5,1.0,224,200,2,13.404042451231788,"(32, 32)"
5,1.0,224,200,4,13.979230597283994,"(32, 32)"
5,1.0,224,200,6,14.459870021336137,"(32, 32)"
5,1.0,224,200,8,14.755968987432055,"(32, 32)"
5,1.0,320,50,2,12.003127644167892,"(32, 32)"
5,1.0,320,50,4,13.63539678787325,"(32, 32)"
5,1.0,320,50,6,14.247247932106609,"(32, 32)"
5,1.0,320,50,8,14.595202878069284,"(32, 32)"
5,1.0,320,100,2,12.038253370816328,"(32, 32)"
5,1.0,320,100,4,13.563104993976738,"(32, 32)"
5,1.0,320,100,6,14.219108694393904,"(32, 32)"
5,1.0,320,100,8,14.516876922264371,"(32, 32)"
5,1.0,320,200,2,11.991704775758745,"(32, 32)"
5,1.0,320,200,4,13.58071562149772,"(32, 32)"
5,1.0,320,200,6,14.17533211562886,"(32, 32)"
5,1.0,320,200,8,14.547696427407129,"(32, 32)"
5,1.0,416,50,2,11.218961665884937,"(32, 32)"
5,1.0,416,50,4,13.42511579580822,"(32, 32)"
5,1.0,416,50,6,14.091477847436892,"(32, 32)"
5,1.0,416,50,8,14.47324046244111,"(32, 32)"
5,1.0,416,100,2,11.200656251754658,"(32, 32)"
5,1.0,416,100,4,13.381786870542845,"(32, 32)"
5,1.0,416,100,6,14.06313108935478,"(32, 32)"
5,1.0,416,100,8,14.413831457751977,"(32, 32)"
5,1.0,416,200,2,11.194398255695967,"(32, 32)"
5,1.0,416,200,4,13.3577590054235,"(32, 32)"
5,1.0,416,200,6,14.044199246333095,"(32, 32)"
5,1.0,416,200,8,14.448872368448916,"(32, 32)"
5,1.0,512,50,2,10.83707523767512,"(32, 32)"
5,1.0,512,50,4,13.3189410893638,"(32, 32)"
5,1.0,512,50,6,14.033428609227093,"(32, 32)"
5,1.0,512,50,8,14.419543440491678,"(32, 32)"
5,1.0,512,100,2,10.833247922902991,"(32, 32)"
5,1.0,512,100,4,13.280861092651511,"(32, 32)"
5,1.0,512,100,6,14.011239717077997,"(32, 32)"
5,1.0,512,100,8,14.370402919612989,"(32, 32)"
5,1.0,512,200,2,10.783534949499634,"(32, 32)"
5,1.0,512,200,4,13.263764052056011,"(32, 32)"
5,1.0,512,200,6,13.98507098804906,"(32, 32)"
5,1.0,512,200,8,14.397496011040928,"(32, 32)"
5,10.0,8,50,2,17.455240939293255,
5,10.0,8,50,4,16.68713858566669,
5,10.0,8,50,6,16.690869623365334,
5,10.0,8,50,8,16.80024153217896,
5,10.0,8,100,2,17.276350599564207,
5,10.0,8,100,4,16.709267238985028,
5,10.0,8,100,6,16.728319969302397,
5,10.0,8,100,8,16.697477179835957,
5,10.0,8,200,2,17.313491297135773,
5,10.0,8,200,4,16.622759675252222,
5,10.0,8,200,6,16.644820480501586,
5,10.0,8,200,8,16.76453304378829,
5,10.0,14,50,2,15.288924148861446,
5,10.0,14,50,4,15.512486258476866,
5,10.0,14,50,6,15.684215429770816,
5,10.0,14,50,8,15.901812400927051,
5,10.0,14,100,2,15.221120160220954,
5,10.0,14,100,4,15.43121370517546,
5,10.0,14,100,6,15.6999325064405,
5,10.0,14,100,8,15.841062539808895,
5,10.0,14,200,2,15.193054439389144,
5,10.0,14,200,4,15.521129357845348,
5,10.0,14,200,6,15.641439959685654,
5,10.0,14,200,8,15.795342828568852,
5,10.0,20,50,2,14.325502045307092,
5,10.0,20,50,4,14.934223789392282,
5,10.0,20,50,6,15.238837237117387,
5,10.0,20,50,8,15.390984018853487,
5,10.0,20,100,2,14.324190121537043,
5,10.0,20,100,4,15.021393587807498,
5,10.0,20,100,6,15.23014051226033,
5,10.0,20,100,8,15.444531032645807,
5,10.0,20,200,2,14.299017273540642,
5,10.0,20,200,4,15.052021354714888,
5,10.0,20,200,6,15.24231263563446,
5,10.0,20,200,8,15.438814794481498,
5,10.0,26,50,2,13.853695708948662,
5,10.0,26,50,4,14.797418699174914,
5,10.0,26,50,6,15.026128899791017,
5,10.0,26,50,8,15.243638134335145,
5,10.0,26,100,2,13.867995547540092,
5,10.0,26,100,4,14.75992935370516,
5,10.0,26,100,6,15.053083079926903,
5,10.0,26,100,8,15.258454152574588,
5,10.0,26,200,2,13.863146005477596,
5,10.0,26,200,4,14.745170190449228,
5,10.0,26,200,6,15.077078700946712,
5,10.0,26,200,8,15.2065034505761,
5,10.0,32,50,2,13.529474930481642,
5,10.0,32,50,2,15.77380086509556,
5,10.0,32,50,4,14.586465524638408,
5,10.0,32,50,4,15.84632229662041,
5,10.0,32,50,6,14.924075810174706,
5,10.0,32,50,6,15.988966236777186,
5,10.0,32,50,8,15.051814170815543,
5,10.0,32,50,8,16.11058405456182,
5,10.0,32,100,2,13.612871423843671,
5,10.0,32,100,2,15.939823235616975,
5,10.0,32,100,4,14.624373984999323,
5,10.0,32,100,4,15.750553060842408,
5,10.0,32,100,6,14.872745631593055,
5,10.0,32,100,6,15.99875433364334,
5,10.0,32,100,8,15.070432734664871,
5,10.0,32,100,8,16.09208928400579,
5,10.0,32,200,2,13.591801505917806,
5,10.0,32,200,2,15.861138487237543,
5,10.0,32,200,4,14.599501462811888,
5,10.0,32,200,4,15.794902674612729,
5,10.0,32,200,6,14.903718297518807,
5,10.0,32,200,6,15.929054326246604,
5,10.0,32,200,8,15.103526232942738,
5,10.0,32,200,8,16.074864953216874,
5,10.0,56,50,2,14.56471805298306,
5,10.0,56,50,4,15.25965738154365,
5,10.0,56,50,6,15.549963133544397,
5,10.0,56,50,8,15.77011640255384,
5,10.0,56,100,2,14.602632943599522,
5,10.0,56,100,4,15.2510565720051,
5,10.0,56,100,6,15.5192333378152,
5,10.0,56,100,8,15.75468895762818,
5,10.0,56,200,2,14.510521721533776,
5,10.0,56,200,4,15.31098239151273,
5,10.0,56,200,6,15.54315650214888,
5,10.0,56,200,8,15.737720122551478,
5,10.0,80,50,2,14.133694698704286,
5,10.0,80,50,4,15.065189232307194,
5,10.0,80,50,6,15.410255019883092,
5,10.0,80,50,8,15.582962861306743,
5,10.0,80,100,2,14.143910939864003,
5,10.0,80,100,4,15.107946823458803,
5,10.0,80,100,6,15.382715785786626,
5,10.0,80,100,8,15.580366916473858,
5,10.0,80,200,2,14.14045194235436,
5,10.0,80,200,4,15.079587495863745,
5,10.0,80,200,6,15.37419845848774,
5,10.0,80,200,8,15.59403768209083,
5,10.0,104,50,2,13.878627955757231,
5,10.0,104,50,4,14.971335169917865,
5,10.0,104,50,6,15.330696722373975,
5,10.0,104,50,8,15.52280680081221,
5,10.0,104,100,2,13.918399740949996,
5,10.0,104,100,4,14.941017790089129,
5,10.0,104,100,6,15.300227264511568,
5,10.0,104,100,8,15.499089491158236,
5,10.0,104,200,2,13.912659820159636,
5,10.0,104,200,4,14.978338877477851,
5,10.0,104,200,6,15.351853353836631,
5,10.0,104,200,8,15.48650732669208,
5,10.0,128,50,2,15.567254868257947,"(32, 32)"
5,10.0,128,50,2,13.758923634635822,
5,10.0,128,50,4,15.853976889772344,"(32, 32)"
5,10.0,128,50,4,14.954304201193906,
5,10.0,128,50,6,16.078918140893155,"(32, 32)"
5,10.0,128,50,6,15.258650780623414,
5,10.0,128,50,8,16.30624807700646,"(32, 32)"
5,10.0,128,50,8,15.463839034599015,
5,10.0,128,100,2,15.52190524843854,"(32, 32)"
5,10.0,128,100,2,13.77805351849618,
5,10.0,128,100,4,15.832798289578086,"(32, 32)"
5,10.0,128,100,4,14.920906714534404,
5,10.0,128,100,6,16.04401304581425,"(32, 32)"
5,10.0,128,100,6,15.222180741586962,
5,10.0,128,100,8,16.285812353732805,"(32, 32)"
5,10.0,128,100,8,15.456167077853596,
5,10.0,128,200,2,15.548035667455071,"(32, 32)"
5,10.0,128,200,2,13.795070923377155,
5,10.0,128,200,4,15.862082324529968,"(32, 32)"
5,10.0,128,200,4,14.929569964542578,
5,10.0,128,200,6,16.039199731892822,"(32, 32)"
5,10.0,128,200,6,15.233485926581013,
5,10.0,128,200,8,16.232265596047128,"(32, 32)"
5,10.0,128,200,8,15.442776415344056,
5,10.0,224,50,2,14.732471460418012,"(32, 32)"
5,10.0,224,50,4,15.63738937521759,"(32, 32)"
5,10.0,224,50,6,15.897710700140792,"(32, 32)"
5,10.0,224,50,8,16.10467904852063,"(32, 32)"
5,10.0,224,100,2,14.733311797826802,"(32, 32)"
5,10.0,224,100,4,15.604121182234936,"(32, 32)"
5,10.0,224,100,6,15.88281802408598,"(32, 32)"
5,10.0,224,100,8,16.065621870478747,"(32, 32)"
5,10.0,224,200,2,14.747510926313243,"(32, 32)"
5,10.0,224,200,4,15.604302698144268,"(32, 32)"
5,10.0,224,200,6,15.869720422100537,"(32, 32)"
5,10.0,224,200,8,16.059627884749723,"(32, 32)"
5,10.0,320,50,2,14.44680657920338,"(32, 32)"
5,10.0,320,50,4,15.554870328494523,"(32, 32)"
5,10.0,320,50,6,15.826880990762266,"(32, 32)"
5,10.0,320,50,8,16.056381544596654,"(32, 32)"
5,10.0,320,100,2,14.425774506877994,"(32, 32)"
5,10.0,320,100,4,15.521656043587914,"(32, 32)"
5,10.0,320,100,6,15.819336389640172,"(32, 32)"
5,10.0,320,100,8,16.02193187556952,"(32, 32)"
5,10.0,320,200,2,14.440484072953732,"(32, 32)"
5,10.0,320,200,4,15.522307924546638,"(32, 32)"
5,10.0,320,200,6,15.80450321680285,"(32, 32)"
5,10.0,320,200,8,16.004890052253305,"(32, 32)"
5,10.0,416,50,2,14.35013745604286,"(32, 32)"
5,10.0,416,50,4,15.474530737052495,"(32, 32)"
5,10.0,416,50,6,15.81721299691403,"(32, 32)"
5,10.0,416,50,8,16.021458065053675,"(32, 32)"
5,10.0,416,100,2,14.253840280360835,"(32, 32)"
5,10.0,416,100,4,15.480756319480792,"(32, 32)"
5,10.0,416,100,6,15.78404202076983,"(32, 32)"
5,10.0,416,100,8,15.996805348946092,"(32, 32)"
5,10.0,416,200,2,14.299704349902797,"(32, 32)"
5,10.0,416,200,4,15.474292848665485,"(32, 32)"
5,10.0,416,200,6,15.82601037920502,"(32, 32)"
5,10.0,416,200,8,15.965517676204222,"(32, 32)"
5,10.0,512,50,2,14.178150877698792,"(32, 32)"
5,10.0,512,50,4,15.468629038944671,"(32, 32)"
5,10.0,512,50,6,15.790127332776729,"(32, 32)"
5,10.0,512,50,8,15.99390688748796,"(32, 32)"
5,10.0,512,100,2,14.165508955979435,"(32, 32)"
5,10.0,512,100,4,15.463473443094632,"(32, 32)"
5,10.0,512,100,6,15.754245488614403,"(32, 32)"
5,10.0,512,100,8,15.955132039670506,"(32, 32)"
5,10.0,512,200,2,14.153310306318913,"(32, 32)"
5,10.0,512,200,4,15.4293936631436,"(32, 32)"
5,10.0,512,200,6,15.764152586641073,"(32, 32)"
5,10.0,512,200,8,15.954392400569128,"(32, 32)"
6,0.01,8,50,2,27.233522245326967,
6,0.01,8,50,4,27.47481465576524,
6,0.01,8,50,6,27.487196143718656,
6,0.01,8,50,8,27.092249986072797,
6,0.01,8,100,2,27.18009683071064,
6,0.01,8,100,4,28.1242937465579,
6,0.01,8,100,6,27.165678610902933,
6,0.01,8,100,8,27.236580790554463,
6,0.01,8,200,2,27.09612379047959,
6,0.01,8,200,4,27.735668571285448,
6,0.01,8,200,6,27.354721501445248,
6,0.01,8,200,8,27.728622725435024,
6,0.01,14,50,2,24.93741525430071,
6,0.01,14,50,4,26.160076704583595,
6,0.01,14,50,6,25.60188195940449,
6,0.01,14,50,8,25.546639892242883,
6,0.01,14,100,2,24.52158914814833,
6,0.01,14,100,4,25.614890881822927,
6,0.01,14,100,6,25.377260455091808,
6,0.01,14,100,8,25.291915624190317,
6,0.01,14,200,2,24.630595002446867,
6,0.01,14,200,4,25.82045159699201,
6,0.01,14,200,6,25.09819187171642,
6,0.01,14,200,8,25.26691995391444,
6,0.01,20,50,2,21.660805931701614,
6,0.01,20,50,4,22.16022002858022,
6,0.01,20,50,6,21.84311693663073,
6,0.01,20,50,8,21.67257880709304,
6,0.01,20,100,2,22.05931323326921,
6,0.01,20,100,4,22.416783962391943,
6,0.01,20,100,6,22.135341748877508,
6,0.01,20,100,8,21.95564271872684,
6,0.01,20,200,2,21.800531989789647,
6,0.01,20,200,4,22.530599343988087,
6,0.01,20,200,6,21.224444921489507,
6,0.01,20,200,8,21.496481319193737,
6,0.01,26,50,2,18.894513685191857,
6,0.01,26,50,4,17.683167698713934,
6,0.01,26,50,6,17.935862715693414,
6,0.01,26,50,8,17.612821334820676,
6,0.01,26,100,2,18.44877460824698,
6,0.01,26,100,4,18.431451561861483,
6,0.01,26,100,6,18.49506951691577,
6,0.01,26,100,8,17.562156266619265,
6,0.01,26,200,2,18.42237952967532,
6,0.01,26,200,4,17.951470865750707,
6,0.01,26,200,6,17.446675392141895,
6,0.01,26,200,8,18.066830864942567,
6,0.01,32,50,2,13.906802871514996,
6,0.01,32,50,2,44.20826002588885,
6,0.01,32,50,4,13.041253291557172,
6,0.01,32,50,4,53.361319224737095,
6,0.01,32,50,6,12.54321950295328,
6,0.01,32,50,6,54.87103907164954,
6,0.01,32,50,8,12.606482040395507,
6,0.01,32,50,8,54.44128187600147,
6,0.01,32,100,2,14.447299554467053,
6,0.01,32,100,2,44.32616081632656,
6,0.01,32,100,4,13.148987566479692,
6,0.01,32,100,4,53.17322536102347,
6,0.01,32,100,6,13.188103250744396,
6,0.01,32,100,6,54.67496811630792,
6,0.01,32,100,8,12.786390991447965,
6,0.01,32,100,8,54.14909693281058,
6,0.01,32,200,2,14.909519948516614,
6,0.01,32,200,2,44.248406074394495,
6,0.01,32,200,4,13.447373564154669,
6,0.01,32,200,4,53.093301592679566,
6,0.01,32,200,6,12.96754806647908,
6,0.01,32,200,6,54.45741683706338,
6,0.01,32,200,8,12.608590670067084,
6,0.01,32,200,8,55.323112685207576,
6,0.01,56,50,2,38.55971453976525,
6,0.01,56,50,4,48.198645899576206,
6,0.01,56,50,6,49.0507044128171,
6,0.01,56,50,8,49.72379483104545,
6,0.01,56,100,2,39.29521840056305,
6,0.01,56,100,4,47.80931493584707,
6,0.01,56,100,6,47.87907559648959,
6,0.01,56,100,8,48.73183200435305,
6,0.01,56,200,2,38.79547541871175,
6,0.01,56,200,4,48.33369381649594,
6,0.01,56,200,6,48.238512005734,
6,0.01,56,200,8,47.99528182205992,
6,0.01,80,50,2,32.22739357356425,
6,0.01,80,50,4,38.3228663100029,
6,0.01,80,50,6,38.98938156729342,
6,0.01,80,50,8,37.49058455204067,
6,0.01,80,100,2,31.86213310691936,
6,0.01,80,100,4,39.10752517403827,
6,0.01,80,100,6,37.47297355766444,
6,0.01,80,100,8,36.247987941281096,
6,0.01,80,200,2,32.24436061552324,
6,0.01,80,200,4,37.72522023353477,
6,0.01,80,200,6,37.338737528074375,
6,0.01,80,200,8,37.68736745327088,
6,0.01,104,50,2,24.406465380471708,
6,0.01,104,50,4,24.885164877276548,
6,0.01,104,50,6,22.653163178725244,
6,0.01,104,50,8,22.188538948771555,
6,0.01,104,100,2,23.38829731237131,
6,0.01,104,100,4,25.51973678620544,
6,0.01,104,100,6,23.818729176608542,
6,0.01,104,100,8,21.296959992293036,
6,0.01,104,200,2,23.638325641803597,
6,0.01,104,200,4,25.121535636468863,
6,0.01,104,200,6,23.51600783533886,
6,0.01,104,200,8,22.478276850000395,
6,0.01,128,50,2,66.62243824913104,"(32, 32)"
6,0.01,128,50,2,14.34241328108997,
6,0.01,128,50,4,86.19863704568614,"(32, 32)"
6,0.01,128,50,4,12.025223290160673,
6,0.01,128,50,6,91.801467222236,"(32, 32)"
6,0.01,128,50,6,11.514974547278118,
6,0.01,128,50,8,95.723465073863,"(32, 32)"
6,0.01,128,50,8,11.568690112189246,
6,0.01,128,100,2,66.14650995183793,"(32, 32)"
6,0.01,128,100,2,15.249636911541137,
6,0.01,128,100,4,85.57214682277832,"(32, 32)"
6,0.01,128,100,4,13.500618249370447,
6,0.01,128,100,6,91.70443153198084,"(32, 32)"
6,0.01,128,100,6,12.150057983260082,
6,0.01,128,100,8,95.7912175877484,"(32, 32)"
6,0.01,128,100,8,9.950043636973938,
6,0.01,128,200,2,65.54353929654751,"(32, 32)"
6,0.01,128,200,2,14.582872932069348,
6,0.01,128,200,4,84.53342878033438,"(32, 32)"
6,0.01,128,200,4,12.853602136779596,
6,0.01,128,200,6,92.13278943778596,"(32, 32)"
6,0.01,128,200,6,11.456383131120464,
6,0.01,128,200,8,95.65516212839265,"(32, 32)"
6,0.01,128,200,8,11.04577475846074,
6,0.01,224,50,2,56.303783999673456,"(32, 32)"
6,0.01,224,50,4,76.69195906803633,"(32, 32)"
6,0.01,224,50,6,83.32267830696131,"(32, 32)"
6,0.01,224,50,8,85.84831771668654,"(32, 32)"
6,0.01,224,100,2,55.47623660001664,"(32, 32)"
6,0.01,224,100,4,75.71078324609744,"(32, 32)"
6,0.01,224,100,6,83.23921624067185,"(32, 32)"
6,0.01,224,100,8,85.89417780106432,"(32, 32)"
6,0.01,224,200,2,54.91833818098278,"(32, 32)"
6,0.01,224,200,4,75.30063990996099,"(32, 32)"
6,0.01,224,200,6,82.65080864632455,"(32, 32)"
6,0.01,224,200,8,85.30803857113781,"(32, 32)"
6,0.01,320,50,2,44.02220239539879,"(32, 32)"
6,0.01,320,50,4,55.81122443267627,"(32, 32)"
6,0.01,320,50,6,58.34657226013226,"(32, 32)"
6,0.01,320,50,8,61.027371628562086,"(32, 32)"
6,0.01,320,100,2,43.39152163828148,"(32, 32)"
6,0.01,320,100,4,58.77258515972751,"(32, 32)"
6,0.01,320,100,6,61.140240319765205,"(32, 32)"
6,0.01,320,100,8,59.82416384822408,"(32, 32)"
6,0.01,320,200,2,42.68392933870432,"(32, 32)"
6,0.01,320,200,4,56.79085585905623,"(32, 32)"
6,0.01,320,200,6,61.082936985175024,"(32, 32)"
6,0.01,320,200,8,59.75282919342525,"(32, 32)"
6,0.01,416,50,2,26.05396685425798,"(32, 32)"
6,0.01,416,50,4,28.780792994810906,"(32, 32)"
6,0.01,416,50,6,22.73622686964718,"(32, 32)"
6,0.01,416,50,8,22.82292041810453,"(32, 32)"
6,0.01,416,100,2,26.86910321504174,"(32, 32)"
6,0.01,416,100,4,29.82864959719082,"(32, 32)"
6,0.01,416,100,6,27.618266877444007,"(32, 32)"
6,0.01,416,100,8,24.19594330006945,"(32, 32)"
6,0.01,416,200,2,27.165177505337315,"(32, 32)"
6,0.01,416,200,4,26.015980724388573,"(32, 32)"
6,0.01,416,200,6,27.25687643659548,"(32, 32)"
6,0.01,416,200,8,22.43957909432394,"(32, 32)"
6,0.01,512,50,2,10.001927762184694,"(32, 32)"
6,0.01,512,50,4,8.439468041238843,"(32, 32)"
6,0.01,512,50,6,9.318537451138535,"(32, 32)"
6,0.01,512,50,8,9.623269061710891,"(32, 32)"
6,0.01,512,100,2,9.971370340677716,"(32, 32)"
6,0.01,512,100,4,8.464307908022747,"(32, 32)"
6,0.01,512,100,6,9.267522144852002,"(32, 32)"
6,0.01,512,100,8,9.506354766408847,"(32, 32)"
6,0.01,512,200,2,10.446032480036362,"(32, 32)"
6,0.01,512,200,4,8.378363318292573,"(32, 32)"
6,0.01,512,200,6,9.21805831124652,"(32, 32)"
6,0.01,512,200,8,9.601982436529749,"(32, 32)"
6,0.1,8,50,2,18.871251927800387,
6,0.1,8,50,4,18.54736368616929,
6,0.1,8,50,6,18.43159126387504,
6,0.1,8,50,8,18.653457407035404,
6,0.1,8,100,2,18.608372069525075,
6,0.1,8,100,4,18.73559708860653,
6,0.1,8,100,6,18.65567470666731,
6,0.1,8,100,8,18.65958813015474,
6,0.1,8,200,2,18.738908767928407,
6,0.1,8,200,4,18.49467700982512,
6,0.1,8,200,6,18.909434253736592,
6,0.1,8,200,8,18.4339990427804,
6,0.1,14,50,2,15.36677331177176,
6,0.1,14,50,4,15.132761327433483,
6,0.1,14,50,6,15.073539265830542,
6,0.1,14,50,8,14.956636819647455,
6,0.1,14,100,2,15.319023517733278,
6,0.1,14,100,4,15.125575283238842,
6,0.1,14,100,6,15.061378152311422,
6,0.1,14,100,8,15.124520538549184,
6,0.1,14,200,2,15.323068513859091,
6,0.1,14,200,4,15.169395802082695,
6,0.1,14,200,6,14.864068510482792,
6,0.1,14,200,8,14.9713819256579,
6,0.1,20,50,2,12.675452314202792,
6,0.1,20,50,4,12.698557728249517,
6,0.1,20,50,6,12.76259215617744,
6,0.1,20,50,8,12.91090660049968,
6,0.1,20,100,2,12.641068760800378,
6,0.1,20,100,4,12.67714054008037,
6,0.1,20,100,6,12.723264150880317,
6,0.1,20,100,8,12.961030799939204,
6,0.1,20,200,2,12.571746915031556,
6,0.1,20,200,4,12.664564476913236,
6,0.1,20,200,6,12.817819375005776,
6,0.1,20,200,8,12.880958733743022,
6,0.1,26,50,2,10.297508486535635,
6,0.1,26,50,4,10.754726346771696,
6,0.1,26,50,6,11.288797743705528,
6,0.1,26,50,8,11.670779257207249,
6,0.1,26,100,2,10.266361483046754,
6,0.1,26,100,4,10.78220016051982,
6,0.1,26,100,6,11.285724460535135,
6,0.1,26,100,8,11.559315670837792,
6,0.1,26,200,2,10.17772031968661,
6,0.1,26,200,4,10.848485610681614,
6,0.1,26,200,6,11.297112215751564,
6,0.1,26,200,8,11.611444589144684,
6,0.1,32,50,2,8.191319397414496,
6,0.1,32,50,2,20.880107871467548,
6,0.1,32,50,4,9.46428552509318,
6,0.1,32,50,4,23.63342901765565,
6,0.1,32,50,6,10.17300619700138,
6,0.1,32,50,6,23.801393977782997,
6,0.1,32,50,8,10.704927390153882,
6,0.1,32,50,8,23.361526032990398,
6,0.1,32,100,2,8.131636506144774,
6,0.1,32,100,2,20.566167069626538,
6,0.1,32,100,4,9.44616947751053,
6,0.1,32,100,4,22.669029094028662,
6,0.1,32,100,6,10.140134073608776,
6,0.1,32,100,6,24.53200456953045,
6,0.1,32,100,8,10.698698189234795,
6,0.1,32,100,8,24.20493983144045,
6,0.1,32,200,2,8.149131738013326,
6,0.1,32,200,2,20.309270514005057,
6,0.1,32,200,4,9.520000284980322,
6,0.1,32,200,4,23.141994768050623,
6,0.1,32,200,6,10.156965494628896,
6,0.1,32,200,6,24.0792304199276,
6,0.1,32,200,8,10.642798203243858,
6,0.1,32,200,8,23.7302701412728,
6,0.1,56,50,2,14.066457098413718,
6,0.1,56,50,4,14.67361105173527,
6,0.1,56,50,6,14.394360979954625,
6,0.1,56,50,8,14.417560630526651,
6,0.1,56,100,2,14.218420406336223,
6,0.1,56,100,4,13.855413685751872,
6,0.1,56,100,6,14.680751987291163,
6,0.1,56,100,8,14.042379404575316,
6,0.1,56,200,2,13.844576774347097,
6,0.1,56,200,4,13.964493275759434,
6,0.1,56,200,6,14.26026172242606,
6,0.1,56,200,8,14.875587387668892,
6,0.1,80,50,2,11.106868069377024,
6,0.1,80,50,4,11.999982198066222,
6,0.1,80,50,6,12.406978864422893,
6,0.1,80,50,8,12.677258797744882,
6,0.1,80,100,2,11.183818701621217,
6,0.1,80,100,4,11.990700138066392,
6,0.1,80,100,6,12.39213670165362,
6,0.1,80,100,8,12.694016009520045,
6,0.1,80,200,2,11.161026816215664,
6,0.1,80,200,4,11.960091828213804,
6,0.1,80,200,6,12.461153321504828,
6,0.1,80,200,8,12.71986507991996,
6,0.1,104,50,2,8.879935383260888,
6,0.1,104,50,4,10.60159686314208,
6,0.1,104,50,6,11.4325140419479,
6,0.1,104,50,8,11.923038050964449,
6,0.1,104,100,2,8.885524044006695,
6,0.1,104,100,4,10.629160885352569,
6,0.1,104,100,6,11.501993255363852,
6,0.1,104,100,8,11.789021567140257,
6,0.1,104,200,2,8.822266489788534,
6,0.1,104,200,4,10.78399269489754,
6,0.1,104,200,6,11.425227851181614,
6,0.1,104,200,8,11.92840069598865,
6,0.1,128,50,2,22.312066936831567,"(32, 32)"
6,0.1,128,50,2,7.19111847392364,
6,0.1,128,50,4,30.3674062019797,"(32, 32)"
6,0.1,128,50,4,9.78023087429892,
6,0.1,128,50,6,34.2410951162062,"(32, 32)"
6,0.1,128,50,6,10.793255918467477,
6,0.1,128,50,8,34.82140823978487,"(32, 32)"
6,0.1,128,50,8,11.21131603917766,
6,0.1,128,100,2,22.018779975292496,"(32, 32)"
6,0.1,128,100,2,7.220932139406523,
6,0.1,128,100,4,28.078946058594767,"(32, 32)"
6,0.1,128,100,4,9.709230722583804,
6,0.1,128,100,6,34.119068734182086,"(32, 32)"
6,0.1,128,100,6,10.696677032430811,
6,0.1,128,100,8,37.74256368997212,"(32, 32)"
6,0.1,128,100,8,11.096708005455923,
6,0.1,128,200,2,21.953238294858902,"(32, 32)"
6,0.1,128,200,2,7.221113074141757,
6,0.1,128,200,4,28.41047172103739,"(32, 32)"
6,0.1,128,200,4,9.673662307091384,
6,0.1,128,200,6,33.623396938073846,"(32, 32)"
6,0.1,128,200,6,10.714294041221653,
6,0.1,128,200,8,36.2848104722665,"(32, 32)"
6,0.1,128,200,8,11.145214275150284,
6,0.1,224,50,2,13.609219853494611,"(32, 32)"
6,0.1,224,50,4,13.431881603871073,"(32, 32)"
6,0.1,224,50,6,13.667948096762046,"(32, 32)"
6,0.1,224,50,8,13.910290077634803,"(32, 32)"
6,0.1,224,100,2,13.602614746058476,"(32, 32)"
6,0.1,224,100,4,13.737207183632876,"(32, 32)"
6,0.1,224,100,6,13.90384788768866,"(32, 32)"
6,0.1,224,100,8,13.89760967531827,"(32, 32)"
6,0.1,224,200,2,13.600921633290236,"(32, 32)"
6,0.1,224,200,4,13.484456757157275,"(32, 32)"
6,0.1,224,200,6,13.729802504283906,"(32, 32)"
6,0.1,224,200,8,13.878839185033575,"(32, 32)"
6,0.1,320,50,2,10.760521463854449,"(32, 32)"
6,0.1,320,50,4,12.248624140488634,"(32, 32)"
6,0.1,320,50,6,12.891814575793456,"(32, 32)"
6,0.1,320,50,8,13.255346982739171,"(32, 32)"
6,0.1,320,100,2,10.78344774927426,"(32, 32)"
6,0.1,320,100,4,12.192073022758892,"(32, 32)"
6,0.1,320,100,6,12.83438786389208,"(32, 32)"
6,0.1,320,100,8,13.196947952925209,"(32, 32)"
6,0.1,320,200,2,10.67803625304932,"(32, 32)"
6,0.1,320,200,4,12.193296022630951,"(32, 32)"
6,0.1,320,200,6,12.858997955913042,"(32, 32)"
6,0.1,320,200,8,13.225658442181548,"(32, 32)"
6,0.1,416,50,2,8.802984849858921,"(32, 32)"
6,0.1,416,50,4,11.505892695111744,"(32, 32)"
6,0.1,416,50,6,12.506090740236427,"(32, 32)"
6,0.1,416,50,8,12.91814548681828,"(32, 32)"
6,0.1,416,100,2,8.733229997135156,"(32, 32)"
6,0.1,416,100,4,11.462605256873427,"(32, 32)"
6,0.1,416,100,6,12.456203487020376,"(32, 32)"
6,0.1,416,100,8,12.841098483860982,"(32, 32)"
6,0.1,416,200,2,8.688260710638545,"(32, 32)"
6,0.1,416,200,4,11.463598440406086,"(32, 32)"
6,0.1,416,200,6,12.46013663178749,"(32, 32)"
6,0.1,416,200,8,12.868020990147665,"(32, 32)"
6,0.1,512,50,2,7.49704429877358,"(32, 32)"
6,0.1,512,50,4,11.13179785672329,"(32, 32)"
6,0.1,512,50,6,12.274213721426234,"(32, 32)"
6,0.1,512,50,8,12.702770946115365,"(32, 32)"
6,0.1,512,100,2,7.432141337024992,"(32, 32)"
6,0.1,512,100,4,11.085199547925782,"(32, 32)"
6,0.1,512,100,6,12.14138049275186,"(32, 32)"
6,0.1,512,100,8,12.60809115429182,"(32, 32)"
6,0.1,512,200,2,7.441755856288848,"(32, 32)"
6,0.1,512,200,4,10.996443953959314,"(32, 32)"
6,0.1,512,200,6,12.195964045595774,"(32, 32)"
6,0.1,512,200,8,12.601378144478351,"(32, 32)"
6,1.0,8,50,2,17.505949044628373,
6,1.0,8,50,4,16.70424106676802,
6,1.0,8,50,6,16.494048808210994,
6,1.0,8,50,8,16.496262907425084,
6,1.0,8,100,2,17.591510745390114,
6,1.0,8,100,4,16.674683295906966,
6,1.0,8,100,6,16.473022254241044,
6,1.0,8,100,8,16.445743944756174,
6,1.0,8,200,2,17.451463037931994,
6,1.0,8,200,4,16.660365184980904,
6,1.0,8,200,6,16.588600293529478,
6,1.0,8,200,8,16.474139090057026,
6,1.0,14,50,2,14.703765693026392,
6,1.0,14,50,4,14.631945533955578,
6,1.0,14,50,6,14.746833849390958,
6,1.0,14,50,8,14.731881344278284,
6,1.0,14,100,2,14.71084479628418,
6,1.0,14,100,4,14.580771055829644,
6,1.0,14,100,6,14.654086020324312,
6,1.0,14,100,8,14.663725745958478,
6,1.0,14,200,2,14.699410142547162,
6,1.0,14,200,4,14.59332248625186,
6,1.0,14,200,6,14.597074926334704,
6,1.0,14,200,8,14.748017258652888,
6,1.0,20,50,2,12.652989549163866,
6,1.0,20,50,4,13.25200796207335,
6,1.0,20,50,6,13.510926946073637,
6,1.0,20,50,8,13.771408753869812,
6,1.0,20,100,2,12.548319390222858,
6,1.0,20,100,4,13.259988007230788,
6,1.0,20,100,6,13.616704953037509,
6,1.0,20,100,8,13.774211305723698,
6,1.0,20,200,2,12.639034817217643,
6,1.0,20,200,4,13.225870437677385,
6,1.0,20,200,6,13.583515673078582,
6,1.0,20,200,8,13.708406411452527,
6,1.0,26,50,2,11.030658479127812,
6,1.0,26,50,4,12.3745952501478,
6,1.0,26,50,6,12.857984391177329,
6,1.0,26,50,8,13.11674094334616,
6,1.0,26,100,2,11.048382042546168,
6,1.0,26,100,4,12.317642609607075,
6,1.0,26,100,6,12.87938297073222,
6,1.0,26,100,8,13.201810909087316,
6,1.0,26,200,2,10.97983575527843,
6,1.0,26,200,4,12.350679022157026,
6,1.0,26,200,6,12.828103738040008,
6,1.0,26,200,8,13.11497274380701,
6,1.0,32,50,2,9.892672792303705,
6,1.0,32,50,2,15.866366344035258,
6,1.0,32,50,4,11.866975341668391,
6,1.0,32,50,4,15.5253174041392,
6,1.0,32,50,6,12.46130408821073,
6,1.0,32,50,6,15.387089016195818,
6,1.0,32,50,8,12.783670881673132,
6,1.0,32,50,8,15.427251464147368,
6,1.0,32,100,2,9.878364279629723,
6,1.0,32,100,2,15.917036734601217,
6,1.0,32,100,4,11.81920986239098,
6,1.0,32,100,4,15.421456591216518,
6,1.0,32,100,6,12.412122897809311,
6,1.0,32,100,6,15.320621376483796,
6,1.0,32,100,8,12.751069117582157,
6,1.0,32,100,8,15.466345521179772,
6,1.0,32,200,2,9.883673613052764,
6,1.0,32,200,2,15.82441895489404,
6,1.0,32,200,4,11.741254433154172,
6,1.0,32,200,4,15.473199624389617,
6,1.0,32,200,6,12.45069116719114,
6,1.0,32,200,6,15.47675352253075,
6,1.0,32,200,8,12.755600241635596,
6,1.0,32,200,8,15.436676126959224,
6,1.0,56,50,2,13.510079894602582,
6,1.0,56,50,4,13.88989297077202,
6,1.0,56,50,6,14.206423469823608,
6,1.0,56,50,8,14.413619334947196,
6,1.0,56,100,2,13.504077013175806,
6,1.0,56,100,4,13.84444644459206,
6,1.0,56,100,6,14.15817604688575,
6,1.0,56,100,8,14.39962238770334,
6,1.0,56,200,2,13.574672879094145,
6,1.0,56,200,4,13.915519728006464,
6,1.0,56,200,6,14.168966547956463,
6,1.0,56,200,8,14.411023191172232,
6,1.0,80,50,2,11.76696996613138,
6,1.0,80,50,4,13.123774880043118,
6,1.0,80,50,6,13.661214873102686,
6,1.0,80,50,8,13.982800272502406,
6,1.0,80,100,2,11.703053778519516,
6,1.0,80,100,4,13.06782882997745,
6,1.0,80,100,6,13.64842883559041,
6,1.0,80,100,8,13.939465713441844,
6,1.0,80,200,2,11.69115403117102,
6,1.0,80,200,4,13.127828384095954,
6,1.0,80,200,6,13.68170684428122,
6,1.0,80,200,8,13.95518568997208,
6,1.0,104,50,2,10.599764846496614,
6,1.0,104,50,4,12.667681619905476,
6,1.0,104,50,6,13.370958377153972,
6,1.0,104,50,8,13.732363817257443,
6,1.0,104,100,2,10.529411178022224,
6,1.0,104,100,4,12.72319219372201,
6,1.0,104,100,6,13.370551537127495,
6,1.0,104,100,8,13.705357577402456,
6,1.0,104,200,2,10.579886127861473,
6,1.0,104,200,4,12.729505185851153,
6,1.0,104,200,6,13.384766337507276,
6,1.0,104,200,8,13.754562730623046,
6,1.0,128,50,2,15.366744143165898,"(32, 32)"
6,1.0,128,50,2,9.869941478119014,
6,1.0,128,50,4,15.054620351676274,"(32, 32)"
6,1.0,128,50,4,12.48892209315232,
6,1.0,128,50,6,15.11712567614942,"(32, 32)"
6,1.0,128,50,6,13.203089317860435,
6,1.0,128,50,8,15.30565468505463,"(32, 32)"
6,1.0,128,50,8,13.547773109241326,
6,1.0,128,100,2,15.477112022322306,"(32, 32)"
6,1.0,128,100,2,9.888680168930454,
6,1.0,128,100,4,15.120713690610897,"(32, 32)"
6,1.0,128,100,4,12.48517645219644,
6,1.0,128,100,6,15.163630059280232,"(32, 32)"
6,1.0,128,100,6,13.197965401567274,
6,1.0,128,100,8,15.299046051604371,"(32, 32)"
6,1.0,128,100,8,13.54327154577496,
6,1.0,128,200,2,15.45741266489074,"(32, 32)"
6,1.0,128,200,2,9.930587955828068,
6,1.0,128,200,4,15.10697518732002,"(32, 32)"
6,1.0,128,200,4,12.493972393153776,
6,1.0,128,200,6,15.19944601053274,"(32, 32)"
6,1.0,128,200,6,13.179258835926833,
6,1.0,128,200,8,15.306120372642324,"(32, 32)"
6,1.0,128,200,8,13.544224956160686,
6,1.0,224,50,2,13.406386866015374,"(32, 32)"
6,1.0,224,50,4,14.065770968324118,"(32, 32)"
6,1.0,224,50,6,14.530146074919417,"(32, 32)"
6,1.0,224,50,8,14.759530560644722,"(32, 32)"
6,1.0,224,100,2,13.387457919299528,"(32, 32)"
6,1.0,224,100,4,14.054353651711727,"(32, 32)"
6,1.0,224,100,6,14.473550416245882,"(32, 32)"
6,1.0,224,100,8,14.743149799259925,"(32, 32)"
6,1.0,224,200,2,13.346023401643166,"(32, 32)"
6,1.0,224,200,4,13.98894813820638,"(32, 32)"
6,1.0,224,200,6,14.426411387452513,"(32, 32)"
6,1.0,224,200,8,14.759891620020982,"(32, 32)"
6,1.0,320,50,2,11.963495360990509,"(32, 32)"
6,1.0,320,50,4,13.609575272322704,"(32, 32)"
6,1.0,320,50,6,14.191738352629054,"(32, 32)"
6,1.0,320,50,8,14.593781759158096,"(32, 32)"
6,1.0,320,100,2,11.909957829039612,"(32, 32)"
6,1.0,320,100,4,13.593599165156352,"(32, 32)"
6,1.0,320,100,6,14.16128713156598,"(32, 32)"
6,1.0,320,100,8,14.55816572791958,"(32, 32)"
6,1.0,320,200,2,11.941382610583403,"(32, 32)"
6,1.0,320,200,4,13.561660951598563,"(32, 32)"
6,1.0,320,200,6,14.177804331088604,"(32, 32)"
6,1.0,320,200,8,14.51571540270557,"(32, 32)"
6,1.0,416,50,2,11.247054837742784,"(32, 32)"
6,1.0,416,50,4,13.436924695851443,"(32, 32)"
6,1.0,416,50,6,14.08240670009203,"(32, 32)"
6,1.0,416,50,8,14.4702709214289,"(32, 32)"
6,1.0,416,100,2,11.180124248981146,"(32, 32)"
6,1.0,416,100,4,13.388417154305625,"(32, 32)"
6,1.0,416,100,6,14.016002365016302,"(32, 32)"
6,1.0,416,100,8,14.408333385696247,"(32, 32)"
6,1.0,416,200,2,11.25703261226699,"(32, 32)"
6,1.0,416,200,4,13.371100597062226,"(32, 32)"
6,1.0,416,200,6,14.03281290232504,"(32, 32)"
6,1.0,416,200,8,14.407211569514075,"(32, 32)"
6,1.0,512,50,2,10.812261325208508,"(32, 32)"
6,1.0,512,50,4,13.316501069899289,"(32, 32)"
6,1.0,512,50,6,14.015964533713074,"(32, 32)"
6,1.0,512,50,8,14.416294923667866,"(32, 32)"
6,1.0,512,100,2,10.832655450201637,"(32, 32)"
6,1.0,512,100,4,13.279610135433987,"(32, 32)"
6,1.0,512,100,6,13.95443900522122,"(32, 32)"
6,1.0,512,100,8,14.379152179284407,"(32, 32)"
6,1.0,512,200,2,10.830527035049291,"(32, 32)"
6,1.0,512,200,4,13.23361517336214,"(32, 32)"
6,1.0,512,200,6,13.957203165485437,"(32, 32)"
6,1.0,512,200,8,14.38052182498898,"(32, 32)"
6,10.0,8,50,2,17.37342849320889,
6,10.0,8,50,4,16.62489766254334,
6,10.0,8,50,6,16.676054726433758,
6,10.0,8,50,8,16.730772341214404,
6,10.0,8,100,2,17.448019047526895,
6,10.0,8,100,4,16.743758561778968,
6,10.0,8,100,6,16.68005090536496,
6,10.0,8,100,8,16.669424261209365,
6,10.0,8,200,2,17.452478463433255,
6,10.0,8,200,4,16.68130618243513,
6,10.0,8,200,6,16.664106452122066,
6,10.0,8,200,8,16.788837898211185,
6,10.0,14,50,2,15.2321024446809,
6,10.0,14,50,4,15.453778290704571,
6,10.0,14,50,6,15.717474883823826,
6,10.0,14,50,8,15.842182269962274,
6,10.0,14,100,2,15.129557403726851,
6,10.0,14,100,4,15.494929314864793,
6,10.0,14,100,6,15.713457858585269,
6,10.0,14,100,8,15.819057868846366,
6,10.0,14,200,2,15.21302979298265,
6,10.0,14,200,4,15.47983765549019,
6,10.0,14,200,6,15.72189026666733,
6,10.0,14,200,8,15.805801601241631,
6,10.0,20,50,2,14.28118616002211,
6,10.0,20,50,4,15.02358020034282,
6,10.0,20,50,6,15.24563210893136,
6,10.0,20,50,8,15.388059946465496,
6,10.0,20,100,2,14.297202118013171,
6,10.0,20,100,4,14.98076146124556,
6,10.0,20,100,6,15.291048929624289,
6,10.0,20,100,8,15.379887246064587,
6,10.0,20,200,2,14.357446318932396,
6,10.0,20,200,4,15.02000771350891,
6,10.0,20,200,6,15.274835718648154,
6,10.0,20,200,8,15.442254697195503,
6,10.0,26,50,2,13.839163888140162,
6,10.0,26,50,4,14.77939418247998,
6,10.0,26,50,6,15.065400663429374,
6,10.0,26,50,8,15.171205924275675,
6,10.0,26,100,2,13.865161466212028,
6,10.0,26,100,4,14.722549757922769,
6,10.0,26,100,6,15.017874304125131,
6,10.0,26,100,8,15.216063087974392,
6,10.0,26,200,2,13.874654542213708,
6,10.0,26,200,4,14.750567279833827,
6,10.0,26,200,6,15.055136245825578,
6,10.0,26,200,8,15.236164383093357,
6,10.0,32,50,2,13.587723161115882,
6,10.0,32,50,2,15.815885400051078,
6,10.0,32,50,4,14.587084013589942,
6,10.0,32,50,4,15.795016669022766,
6,10.0,32,50,6,14.881007800480416,
6,10.0,32,50,6,15.966075098364998,
6,10.0,32,50,8,15.078968716274556,
6,10.0,32,50,8,16.139961221641272,
6,10.0,32,100,2,13.616160754015766,
6,10.0,32,100,2,15.74793629522909,
6,10.0,32,100,4,14.557714895830363,
6,10.0,32,100,4,15.738602404656376,
6,10.0,32,100,6,14.887258014906324,
6,10.0,32,100,6,16.010699390239004,
6,10.0,32,100,8,15.08464467511135,
6,10.0,32,100,8,16.103348264177324,
6,10.0,32,200,2,13.596890913178749,
6,10.0,32,200,2,15.90050794161978,
6,10.0,32,200,4,14.562791027386345,
6,10.0,32,200,4,15.725785063294412,
6,10.0,32,200,6,14.904179139310235,
6,10.0,32,200,6,15.99286337478566,
6,10.0,32,200,8,15.094112794674274,
6,10.0,32,200,8,16.106354927073514,
6,10.0,56,50,2,14.629798819148863,
6,10.0,56,50,4,15.265966093377784,
6,10.0,56,50,6,15.557375512303178,
6,10.0,56,50,8,15.69403207662918,
6,10.0,56,100,2,14.619224777438156,
6,10.0,56,100,4,15.23312607560905,
6,10.0,56,100,6,15.541054775816276,
6,10.0,56,100,8,15.680783235879035,
6,10.0,56,200,2,14.591004074509188,
6,10.0,56,200,4,15.303804380866609,
6,10.0,56,200,6,15.533199809623373,
6,10.0,56,200,8,15.696618579772752,
6,10.0,80,50,2,14.143526603630288,
6,10.0,80,50,4,15.05457030697607,
6,10.0,80,50,6,15.364716975606107,
6,10.0,80,50,8,15.580699650500971,
6,10.0,80,100,2,14.121706553309457,
6,10.0,80,100,4,15.097413812938669,
6,10.0,80,100,6,15.40065665393247,
6,10.0,80,100,8,15.601516654797752,
6,10.0,80,200,2,14.133144629916124,
6,10.0,80,200,4,15.077327284192911,
6,10.0,80,200,6,15.367772706471282,
6,10.0,80,200,8,15.575728588911645,
6,10.0,104,50,2,13.932072972753025,
6,10.0,104,50,4,14.98655899568029,
6,10.0,104,50,6,15.286904628635584,
6,10.0,104,50,8,15.499339674143304,
6,10.0,104,100,2,13.895125219021777,
6,10.0,104,100,4,14.99756322777124,
6,10.0,104,100,6,15.276977565885996,
6,10.0,104,100,8,15.485235380872496,
6,10.0,104,200,2,13.897760916201095,
6,10.0,104,200,4,14.982151602429592,
6,10.0,104,200,6,15.319965146575404,
6,10.0,104,200,8,15.464295641808768,
6,10.0,128,50,2,15.457941768379111,"(32, 32)"
6,10.0,128,50,2,13.800562330205349,
6,10.0,128,50,4,15.87075929244719,"(32, 32)"
6,10.0,128,50,4,14.92374415649228,
6,10.0,128,50,6,16.086769619762585,"(32, 32)"
6,10.0,128,50,6,15.266170121048532,
6,10.0,128,50,8,16.290653961524708,"(32, 32)"
6,10.0,128,50,8,15.457444006879989,
6,10.0,128,100,2,15.6081758788898,"(32, 32)"
6,10.0,128,100,2,13.768479708296889,
6,10.0,128,100,4,15.86179168779098,"(32, 32)"
6,10.0,128,100,4,14.904022370236165,
6,10.0,128,100,6,16.098710030951068,"(32, 32)"
6,10.0,128,100,6,15.2253384907996,
6,10.0,128,100,8,16.268447733652945,"(32, 32)"
6,10.0,128,100,8,15.474130392214732,
6,10.0,128,200,2,15.644736680338188,"(32, 32)"
6,10.0,128,200,2,13.726576673210523,
6,10.0,128,200,4,15.833923543001749,"(32, 32)"
6,10.0,128,200,4,14.897769074830714,
6,10.0,128,200,6,16.057153903082735,"(32, 32)"
6,10.0,128,200,6,15.250872102408872,
6,10.0,128,200,8,16.230286128259593,"(32, 32)"
6,10.0,128,200,8,15.461343614392142,
6,10.0,224,50,2,14.755542166511049,"(32, 32)"
6,10.0,224,50,4,15.646817043921647,"(32, 32)"
6,10.0,224,50,6,15.91830269492498,"(32, 32)"
6,10.0,224,50,8,16.10053828506512,"(32, 32)"
6,10.0,224,100,2,14.70402512749319,"(32, 32)"
6,10.0,224,100,4,15.628791654205282,"(32, 32)"
6,10.0,224,100,6,15.863417357363648,"(32, 32)"
6,10.0,224,100,8,16.077413678537365,"(32, 32)"
6,10.0,224,200,2,14.719352693630327,"(32, 32)"
6,10.0,224,200,4,15.6086883852132,"(32, 32)"
6,10.0,224,200,6,15.8874713840422,"(32, 32)"
6,10.0,224,200,8,16.0525218087657,"(32, 32)"
6,10.0,320,50,2,14.450157396983862,"(32, 32)"
6,10.0,320,50,4,15.58067173931036,"(32, 32)"
6,10.0,320,50,6,15.846422199572356,"(32, 32)"
6,10.0,320,50,8,16.01220857234435,"(32, 32)"
6,10.0,320,100,2,14.43766540168377,"(32, 32)"
6,10.0,320,100,4,15.543461686586824,"(32, 32)"
6,10.0,320,100,6,15.838832957499312,"(32, 32)"
6,10.0,320,100,8,16.02193128033897,"(32, 32)"
6,10.0,320,200,2,14.39946423169668,"(32, 32)"
6,10.0,320,200,4,15.486515209055668,"(32, 32)"
6,10.0,320,200,6,15.811336549921169,"(32, 32)"
6,10.0,320,200,8,16.01845225616712,"(32, 32)"
6,10.0,416,50,2,14.25609565326869,"(32, 32)"
6,10.0,416,50,4,15.515724573651408,"(32, 32)"
6,10.0,416,50,6,15.802953439225965,"(32, 32)"
6,10.0,416,50,8,16.00684544037795,"(32, 32)"
6,10.0,416,100,2,14.258516945354346,"(32, 32)"
6,10.0,416,100,4,15.472903778630998,"(32, 32)"
6,10.0,416,100,6,15.784610926727154,"(32, 32)"
6,10.0,416,100,8,15.967364644912864,"(32, 32)"
6,10.0,416,200,2,14.271561088475908,"(32, 32)"
6,10.0,416,200,4,15.478630101114533,"(32, 32)"
6,10.0,416,200,6,15.801021948491154,"(32, 32)"
6,10.0,416,200,8,15.949659189631008,"(32, 32)"
6,10.0,512,50,2,14.180324000004978,"(32, 32)"
6,10.0,512,50,4,15.472152304971736,"(32, 32)"
6,10.0,512,50,6,15.79799979381414,"(32, 32)"
6,10.0,512,50,8,16.003909825405387,"(32, 32)"
6,10.0,512,100,2,14.157473075527191,"(32, 32)"
6,10.0,512,100,4,15.423306136894997,"(32, 32)"
6,10.0,512,100,6,15.749190778985158,"(32, 32)"
6,10.0,512,100,8,15.972763721667054,"(32, 32)"
6,10.0,512,200,2,14.178788253811945,"(32, 32)"
6,10.0,512,200,4,15.42334200018238,"(32, 32)"
6,10.0,512,200,6,15.768837819741274,"(32, 32)"
6,10.0,512,200,8,15.95277755613019,"(32, 32)"
7,0.01,8,50,2,27.34476309507153,
7,0.01,8,50,4,27.75193717999577,
7,0.01,8,50,6,27.589044431071347,
7,0.01,8,50,8,27.086505981852508,
7,0.01,8,100,2,27.28205980495109,
7,0.01,8,100,4,28.375020770766938,
7,0.01,8,100,6,27.2868119520465,
7,0.01,8,100,8,27.939910921188268,
7,0.01,8,200,2,27.04773610737016,
7,0.01,8,200,4,28.10883100491101,
7,0.01,8,200,6,27.613709157611588,
7,0.01,8,200,8,27.533358853615425,
7,0.01,14,50,2,24.44669600241657,
7,0.01,14,50,4,26.02683560423403,
7,0.01,14,50,6,25.41490275614865,
7,0.01,14,50,8,25.266837747375455,
7,0.01,14,100,2,24.85908159985564,
7,0.01,14,100,4,25.84765639758388,
7,0.01,14,100,6,25.540484435790244,
7,0.01,14,100,8,25.610306039193336,
7,0.01,14,200,2,24.67886039118337,
7,0.01,14,200,4,25.63694216950396,
7,0.01,14,200,6,25.245277718587747,
7,0.01,14,200,8,25.12663954514298,
7,0.01,20,50,2,21.976601555522087,
7,0.01,20,50,4,22.64877747526933,
7,0.01,20,50,6,22.301294071985065,
7,0.01,20,50,8,21.600429269269146,
7,0.01,20,100,2,22.23098396611825,
7,0.01,20,100,4,22.207984430126263,
7,0.01,20,100,6,22.1447158297068,
7,0.01,20,100,8,21.900344117827192,
7,0.01,20,200,2,21.99445593943013,
7,0.01,20,200,4,21.91560188095329,
7,0.01,20,200,6,22.156737070688656,
7,0.01,20,200,8,21.99671070478116,
7,0.01,26,50,2,18.317510238442598,
7,0.01,26,50,4,17.77430973134488,
7,0.01,26,50,6,17.397780928023046,
7,0.01,26,50,8,17.559970334143117,
7,0.01,26,100,2,18.16472865041918,
7,0.01,26,100,4,17.94871473466055,
7,0.01,26,100,6,17.271170741314403,
7,0.01,26,100,8,17.18866096043531,
7,0.01,26,200,2,18.769948697881244,
7,0.01,26,200,4,17.83184673970123,
7,0.01,26,200,6,17.876351152052106,
7,0.01,26,200,8,17.063818464934748,
7,0.01,32,50,2,14.295936695430484,
7,0.01,32,50,2,44.78819269000766,
7,0.01,32,50,4,13.209602238848593,
7,0.01,32,50,4,52.82622213470915,
7,0.01,32,50,6,12.375478870104557,
7,0.01,32,50,6,55.113421238315816,
7,0.01,32,50,8,13.012684136076343,
7,0.01,32,50,8,55.45792185656771,
7,0.01,32,100,2,13.963493843191175,
7,0.01,32,100,2,44.34412773675773,
7,0.01,32,100,4,13.420266673455856,
7,0.01,32,100,4,53.52863917801157,
7,0.01,32,100,6,13.734983810454146,
7,0.01,32,100,6,55.16485936564859,
7,0.01,32,100,8,12.950471429086884,
7,0.01,32,100,8,54.697574581233305,
7,0.01,32,200,2,14.525118020082123,
7,0.01,32,200,2,44.56432686548052,
7,0.01,32,200,4,13.193557577387972,
7,0.01,32,200,4,53.15745805895951,
7,0.01,32,200,6,12.379183129644517,
7,0.01,32,200,6,54.51862667847776,
7,0.01,32,200,8,13.144663585886589,
7,0.01,32,200,8,54.52969909036489,
7,0.01,56,50,2,39.00920436522026,
7,0.01,56,50,4,47.64868940570453,
7,0.01,56,50,6,49.20307123321183,
7,0.01,56,50,8,48.16542705449922,
7,0.01,56,100,2,38.981852441792725,
7,0.01,56,100,4,48.05988827518172,
7,0.01,56,100,6,48.89997693862839,
7,0.01,56,100,8,48.586995313421326,
7,0.01,56,200,2,38.572889415385546,
7,0.01,56,200,4,48.09416360162928,
7,0.01,56,200,6,48.94451853967476,
7,0.01,56,200,8,49.32346882442251,
7,0.01,80,50,2,32.038390674630705,
7,0.01,80,50,4,38.15967846213136,
7,0.01,80,50,6,37.57099150839094,
7,0.01,80,50,8,37.223877061209215,
7,0.01,80,100,2,31.900202941248995,
7,0.01,80,100,4,38.43109042683104,
7,0.01,80,100,6,38.97599645567942,
7,0.01,80,100,8,37.4730887426341,
7,0.01,80,200,2,31.869682616468943,
7,0.01,80,200,4,38.21535104404933,
7,0.01,80,200,6,38.19640000641038,
7,0.01,80,200,8,37.73844495350259,
7,0.01,104,50,2,23.742964656219826,
7,0.01,104,50,4,24.22093621999965,
7,0.01,104,50,6,22.81000143503521,
7,0.01,104,50,8,21.50786792596949,
7,0.01,104,100,2,24.56516614426437,
7,0.01,104,100,4,26.012206660041493,
7,0.01,104,100,6,24.07785867770259,
7,0.01,104,100,8,21.339159090586477,
7,0.01,104,200,2,24.155150631541726,
7,0.01,104,200,4,26.1081492274961,
7,0.01,104,200,6,24.80114055594977,
7,0.01,104,200,8,21.588584889428866,
7,0.01,128,50,2,66.11070143023301,"(32, 32)"
7,0.01,128,50,2,14.927357953516491,
7,0.01,128,50,4,85.40185430599612,"(32, 32)"
7,0.01,128,50,4,10.951851981679322,
7,0.01,128,50,6,92.16812683337656,"(32, 32)"
7,0.01,128,50,6,13.122284381219291,
7,0.01,128,50,8,96.45910161304936,"(32, 32)"
7,0.01,128,50,8,12.836310317974776,
7,0.01,128,100,2,66.19767044785934,"(32, 32)"
7,0.01,128,100,2,14.89518560677422,
7,0.01,128,100,4,85.0864407317219,"(32, 32)"
7,0.01,128,100,4,12.482608904188725,
7,0.01,128,100,6,91.33595809042248,"(32, 32)"
7,0.01,128,100,6,12.870946153364658,
7,0.01,128,100,8,95.10544344047442,"(32, 32)"
7,0.01,128,100,8,10.99972377777078,
7,0.01,128,200,2,65.29763469998059,"(32, 32)"
7,0.01,128,200,2,13.536966503899077,
7,0.01,128,200,4,83.89926687836463,"(32, 32)"
7,0.01,128,200,4,12.667826164447712,
7,0.01,128,200,6,91.430027310241,"(32, 32)"
7,0.01,128,200,6,12.250277146298888,
7,0.01,128,200,8,95.31955084063782,"(32, 32)"
7,0.01,128,200,8,11.129902991517309,
7,0.01,224,50,2,55.970000951132086,"(32, 32)"
7,0.01,224,50,4,74.41690280730175,"(32, 32)"
7,0.01,224,50,6,84.01586053611994,"(32, 32)"
7,0.01,224,50,8,86.38578260942154,"(32, 32)"
7,0.01,224,100,2,55.95660179945372,"(32, 32)"
7,0.01,224,100,4,75.41372189612332,"(32, 32)"
7,0.01,224,100,6,83.22996887151449,"(32, 32)"
7,0.01,224,100,8,85.7117541021053,"(32, 32)"
7,0.01,224,200,2,55.89870351198934,"(32, 32)"
7,0.01,224,200,4,75.48698780525937,"(32, 32)"
7,0.01,224,200,6,84.25806329554555,"(32, 32)"
7,0.01,224,200,8,85.44797443290437,"(32, 32)"
7,0.01,320,50,2,42.70256297261245,"(32, 32)"
7,0.01,320,50,4,55.40288659573297,"(32, 32)"
7,0.01,320,50,6,58.61472716945718,"(32, 32)"
7,0.01,320,50,8,59.21538140773622,"(32, 32)"
7,0.01,320,100,2,43.50767554605622,"(32, 32)"
7,0.01,320,100,4,57.16620560544468,"(32, 32)"
7,0.01,320,100,6,60.44861119570492,"(32, 32)"
7,0.01,320,100,8,59.09989460711433,"(32, 32)"
7,0.01,320,200,2,42.55169311991976,"(32, 32)"
7,0.01,320,200,4,56.52992590286146,"(32, 32)"
7,0.01,320,200,6,60.49660967950885,"(32, 32)"
7,0.01,320,200,8,59.31807795867278,"(32, 32)"
7,0.01,416,50,2,26.341223906726448,"(32, 32)"
7,0.01,416,50,4,26.071594627433825,"(32, 32)"
7,0.01,416,50,6,20.34494122886466,"(32, 32)"
7,0.01,416,50,8,20.838152223847683,"(32, 32)"
7,0.01,416,100,2,26.69146327444333,"(32, 32)"
7,0.01,416,100,4,27.620946319190928,"(32, 32)"
7,0.01,416,100,6,26.16464262826355,"(32, 32)"
7,0.01,416,100,8,24.64151817933248,"(32, 32)"
7,0.01,416,200,2,26.85515035322619,"(32, 32)"
7,0.01,416,200,4,27.5339795425482,"(32, 32)"
7,0.01,416,200,6,24.163343486084734,"(32, 32)"
7,0.01,416,200,8,23.21683031158209,"(32, 32)"
7,0.01,512,50,2,12.55783480283535,"(32, 32)"
7,0.01,512,50,4,8.3948520689626,"(32, 32)"
7,0.01,512,50,6,9.326131994351904,"(32, 32)"
7,0.01,512,50,8,9.645926577376214,"(32, 32)"
7,0.01,512,100,2,10.965876276198031,"(32, 32)"
7,0.01,512,100,4,8.327474772707983,"(32, 32)"
7,0.01,512,100,6,9.195485491814765,"(32, 32)"
7,0.01,512,100,8,9.551487384427768,"(32, 32)"
7,0.01,512,200,2,10.120836320177508,"(32, 32)"
7,0.01,512,200,4,9.768086213289871,"(32, 32)"
7,0.01,512,200,6,9.156708689582675,"(32, 32)"
7,0.01,512,200,8,9.634309898253022,"(32, 32)"
7,0.1,8,50,2,19.03324691743936,
7,0.1,8,50,4,18.739033963638065,
7,0.1,8,50,6,18.736805660318385,
7,0.1,8,50,8,18.32286158805175,
7,0.1,8,100,2,18.86683437735667,
7,0.1,8,100,4,18.827893723456366,
7,0.1,8,100,6,18.51033329412704,
7,0.1,8,100,8,18.40119209159683,
7,0.1,8,200,2,18.765637400144215,
7,0.1,8,200,4,18.68374371493364,
7,0.1,8,200,6,18.423328293800296,
7,0.1,8,200,8,18.39071678585979,
7,0.1,14,50,2,15.132190350853149,
7,0.1,14,50,4,15.148053216019264,
7,0.1,14,50,6,15.005801668345374,
7,0.1,14,50,8,14.966489744662894,
7,0.1,14,100,2,15.434713382413864,
7,0.1,14,100,4,15.13497873063447,
7,0.1,14,100,6,14.858837418804896,
7,0.1,14,100,8,14.936624668921828,
7,0.1,14,200,2,15.36190697415423,
7,0.1,14,200,4,15.114028734705578,
7,0.1,14,200,6,15.00448719301306,
7,0.1,14,200,8,15.076247024200578,
7,0.1,20,50,2,12.608905618054637,
7,0.1,20,50,4,12.798703092199816,
7,0.1,20,50,6,12.877710445982483,
7,0.1,20,50,8,12.928603794746865,
7,0.1,20,100,2,12.648677868411689,
7,0.1,20,100,4,12.654183376796537,
7,0.1,20,100,6,12.801311389979649,
7,0.1,20,100,8,12.892851222300708,
7,0.1,20,200,2,12.631300609851529,
7,0.1,20,200,4,12.704507187162056,
7,0.1,20,200,6,12.818432434701515,
7,0.1,20,200,8,12.840988122109156,
7,0.1,26,50,2,10.294246170139209,
7,0.1,26,50,4,10.893163661530323,
7,0.1,26,50,6,11.231683867687076,
7,0.1,26,50,8,11.558039119159844,
7,0.1,26,100,2,10.239596041221663,
7,0.1,26,100,4,10.842959680257303,
7,0.1,26,100,6,11.291168502197616,
7,0.1,26,100,8,11.649413366651103,
7,0.1,26,200,2,10.280279699298108,
7,0.1,26,200,4,10.780737469418384,
7,0.1,26,200,6,11.33152275956489,
7,0.1,26,200,8,11.625456606193591,
7,0.1,32,50,2,8.210237104776597,
7,0.1,32,50,2,20.375703670777742,
7,0.1,32,50,4,9.486290526163392,
7,0.1,32,50,4,22.716362367281874,
7,0.1,32,50,6,10.225726717840596,
7,0.1,32,50,6,22.932043939021035,
7,0.1,32,50,8,10.57448732833323,
7,0.1,32,50,8,24.60821433584876,
7,0.1,32,100,2,8.213926342987108,
7,0.1,32,100,2,20.567073695989414,
7,0.1,32,100,4,9.48542772260748,
7,0.1,32,100,4,22.325536344264652,
7,0.1,32,100,6,10.172950886961717,
7,0.1,32,100,6,23.736777308964687,
7,0.1,32,100,8,10.676111232265294,
7,0.1,32,100,8,24.239457975313965,
7,0.1,32,200,2,8.128099290571726,
7,0.1,32,200,2,20.401762721629183,
7,0.1,32,200,4,9.56220259858454,
7,0.1,32,200,4,22.768520404119855,
7,0.1,32,200,6,10.17142796156684,
7,0.1,32,200,6,24.101247054003355,
7,0.1,32,200,8,10.648178489260976,
7,0.1,32,200,8,23.757160914178037,
7,0.1,56,50,2,14.030763069658562,
7,0.1,56,50,4,14.308194374886416,
7,0.1,56,50,6,14.477634676381149,
7,0.1,56,50,8,13.835810810975955,
7,0.1,56,100,2,13.978505118455251,
7,0.1,56,100,4,13.741777215485596,
7,0.1,56,100,6,14.08491702834321,
7,0.1,56,100,8,13.870610135498938,
7,0.1,56,200,2,14.141838232440977,
7,0.1,56,200,4,13.898681638480744,
7,0.1,56,200,6,14.000395496776584,
7,0.1,56,200,8,14.723410093421046,
7,0.1,80,50,2,11.16533899717671,
7,0.1,80,50,4,12.0079219418504,
7,0.1,80,50,6,12.426885167876378,
7,0.1,80,50,8,12.686079274576516,
7,0.1,80,100,2,11.222662538340128,
7,0.1,80,100,4,12.007720529952362,
7,0.1,80,100,6,12.437145592322183,
7,0.1,80,100,8,12.69941370053761,
7,0.1,80,200,2,11.224405802269164,
7,0.1,80,200,4,11.94352418375659,
7,0.1,80,200,6,12.380946416469158,
7,0.1,80,200,8,12.708393801352472,
7,0.1,104,50,2,8.921563939753137,
7,0.1,104,50,4,10.631276688943112,
7,0.1,104,50,6,11.486529712565344,
7,0.1,104,50,8,11.817150189649633,
7,0.1,104,100,2,8.941890038517444,
7,0.1,104,100,4,10.612941945717225,
7,0.1,104,100,6,11.4610130552,
7,0.1,104,100,8,11.851123940004909,
7,0.1,104,200,2,8.871541598600176,
7,0.1,104,200,4,10.638229212437905,
7,0.1,104,200,6,11.415893658458817,
7,0.1,104,200,8,11.831820073325938,
7,0.1,128,50,2,22.23007484399412,"(32, 32)"
7,0.1,128,50,2,7.150921166042122,
7,0.1,128,50,4,29.43811637087346,"(32, 32)"
7,0.1,128,50,4,9.717824223327876,
7,0.1,128,50,6,32.97552692492665,"(32, 32)"
7,0.1,128,50,6,10.717268860915928,
7,0.1,128,50,8,36.55564479630183,"(32, 32)"
7,0.1,128,50,8,11.103335942917305,
7,0.1,128,100,2,22.20689047682404,"(32, 32)"
7,0.1,128,100,2,7.208774295909481,
7,0.1,128,100,4,29.27271223633271,"(32, 32)"
7,0.1,128,100,4,9.723639236605916,
7,0.1,128,100,6,33.94640445686872,"(32, 32)"
7,0.1,128,100,6,10.663757543430382,
7,0.1,128,100,8,36.68931322962084,"(32, 32)"
7,0.1,128,100,8,11.188117154110495,
7,0.1,128,200,2,21.775723209043036,"(32, 32)"
7,0.1,128,200,2,7.180723229751647,
7,0.1,128,200,4,28.357359053153772,"(32, 32)"
7,0.1,128,200,4,9.729515466965651,
7,0.1,128,200,6,34.00794267443283,"(32, 32)"
7,0.1,128,200,6,10.69867073429952,
7,0.1,128,200,8,38.10214528930061,"(32, 32)"
7,0.1,128,200,8,11.20538996700892,
7,0.1,224,50,2,13.533595069145724,"(32, 32)"
7,0.1,224,50,4,13.375922483201348,"(32, 32)"
7,0.1,224,50,6,13.642994049001626,"(32, 32)"
7,0.1,224,50,8,13.883212846383516,"(32, 32)"
7,0.1,224,100,2,13.506029266149469,"(32, 32)"
7,0.1,224,100,4,13.526708532362276,"(32, 32)"
7,0.1,224,100,6,13.689912487611345,"(32, 32)"
7,0.1,224,100,8,13.936203147870332,"(32, 32)"
7,0.1,224,200,2,13.44284178549221,"(32, 32)"
7,0.1,224,200,4,13.681849319205975,"(32, 32)"
7,0.1,224,200,6,13.603186688413638,"(32, 32)"
7,0.1,224,200,8,13.885622237167842,"(32, 32)"
7,0.1,320,50,2,10.83214059768329,"(32, 32)"
7,0.1,320,50,4,12.182119110872875,"(32, 32)"
7,0.1,320,50,6,12.90185338981706,"(32, 32)"
7,0.1,320,50,8,13.251062746433288,"(32, 32)"
7,0.1,320,100,2,10.758242795894686,"(32, 32)"
7,0.1,320,100,4,12.164096839577011,"(32, 32)"
7,0.1,320,100,6,12.809148136018218,"(32, 32)"
7,0.1,320,100,8,13.221015609765466,"(32, 32)"
7,0.1,320,200,2,10.79275615205245,"(32, 32)"
7,0.1,320,200,4,12.224325561641908,"(32, 32)"
7,0.1,320,200,6,12.841900843210311,"(32, 32)"
7,0.1,320,200,8,13.249565981108368,"(32, 32)"
7,0.1,416,50,2,8.667473193078498,"(32, 32)"
7,0.1,416,50,4,11.58143591034209,"(32, 32)"
7,0.1,416,50,6,12.517751524973116,"(32, 32)"
7,0.1,416,50,8,12.905905656631427,"(32, 32)"
7,0.1,416,100,2,8.72358006506568,"(32, 32)"
7,0.1,416,100,4,11.473795516350524,"(32, 32)"
7,0.1,416,100,6,12.454240124408074,"(32, 32)"
7,0.1,416,100,8,12.813998102203747,"(32, 32)"
7,0.1,416,200,2,8.686331251826347,"(32, 32)"
7,0.1,416,200,4,11.485918462927192,"(32, 32)"
7,0.1,416,200,6,12.403983190117314,"(32, 32)"
7,0.1,416,200,8,12.834351305200157,"(32, 32)"
7,0.1,512,50,2,7.48199361293982,"(32, 32)"
7,0.1,512,50,4,11.058471980851133,"(32, 32)"
7,0.1,512,50,6,12.266340917601951,"(32, 32)"
7,0.1,512,50,8,12.705921798948172,"(32, 32)"
7,0.1,512,100,2,7.426078425224709,"(32, 32)"
7,0.1,512,100,4,11.059100302167812,"(32, 32)"
7,0.1,512,100,6,12.212212181799456,"(32, 32)"
7,0.1,512,100,8,12.59024582190344,"(32, 32)"
7,0.1,512,200,2,7.339949513191571,"(32, 32)"
7,0.1,512,200,4,10.97567452202273,"(32, 32)"
7,0.1,512,200,6,12.166359431598575,"(32, 32)"
7,0.1,512,200,8,12.631350591335451,"(32, 32)"
7,1.0,8,50,2,17.44378559760873,
7,1.0,8,50,4,16.644423073750794,
7,1.0,8,50,6,16.57687537169243,
7,1.0,8,50,8,16.454170737222164,
7,1.0,8,100,2,17.398185025846907,
7,1.0,8,100,4,16.622440112369382,
7,1.0,8,100,6,16.61107425125665,
7,1.0,8,100,8,16.48937264567099,
7,1.0,8,200,2,17.5451735421461,
7,1.0,8,200,4,16.672759099683944,
7,1.0,8,200,6,16.43346654336315,
7,1.0,8,200,8,16.527826253924975,
7,1.0,14,50,2,14.610227508966776,
7,1.0,14,50,4,14.474888333695333,
7,1.0,14,50,6,14.54200264762106,
7,1.0,14,50,8,14.720247293758495,
7,1.0,14,100,2,14.724149130831062,
7,1.0,14,100,4,14.519889082051492,
7,1.0,14,100,6,14.6567671629672,
7,1.0,14,100,8,14.680837345616805,
7,1.0,14,200,2,14.744501802520864,
7,1.0,14,200,4,14.508115930624667,
7,1.0,14,200,6,14.594911190127368,
7,1.0,14,200,8,14.676627822352105,
7,1.0,20,50,2,12.52648911446907,
7,1.0,20,50,4,13.220351679015415,
7,1.0,20,50,6,13.558036948827132,
7,1.0,20,50,8,13.739593174226874,
7,1.0,20,100,2,12.599383057522134,
7,1.0,20,100,4,13.206308989927926,
7,1.0,20,100,6,13.521437683862402,
7,1.0,20,100,8,13.722849726432838,
7,1.0,20,200,2,12.543511306780104,
7,1.0,20,200,4,13.263915186529182,
7,1.0,20,200,6,13.51124542368948,
7,1.0,20,200,8,13.79923906301582,
7,1.0,26,50,2,11.09044380889123,
7,1.0,26,50,4,12.389367442636534,
7,1.0,26,50,6,12.868306466268765,
7,1.0,26,50,8,13.1250257219335,
7,1.0,26,100,2,11.068205488221304,
7,1.0,26,100,4,12.385717663691423,
7,1.0,26,100,6,12.867945840396096,
7,1.0,26,100,8,13.104151561508004,
7,1.0,26,200,2,10.980812156949993,
7,1.0,26,200,4,12.293066964425345,
7,1.0,26,200,6,12.894748097710863,
7,1.0,26,200,8,13.145707425553852,
7,1.0,32,50,2,9.896067298666493,
7,1.0,32,50,2,15.851199473533724,
7,1.0,32,50,4,11.796221784481329,
7,1.0,32,50,4,15.537602865748651,
7,1.0,32,50,6,12.473930793153096,
7,1.0,32,50,6,15.4131423358457,
7,1.0,32,50,8,12.80583665217,
7,1.0,32,50,8,15.399377121652138,
7,1.0,32,100,2,9.895573298735377,
7,1.0,32,100,2,15.939341958509846,
7,1.0,32,100,4,11.782388080702372,
7,1.0,32,100,4,15.54239443523016,
7,1.0,32,100,6,12.478920672523047,
7,1.0,32,100,6,15.347594608873417,
7,1.0,32,100,8,12.718288103943935,
7,1.0,32,100,8,15.47085698738348,
7,1.0,32,200,2,9.91764642913627,
7,1.0,32,200,2,15.85446208155634,
7,1.0,32,200,4,11.739046063634424,
7,1.0,32,200,4,15.403443984329256,
7,1.0,32,200,6,12.440714511774496,
7,1.0,32,200,6,15.383890450343944,
7,1.0,32,200,8,12.76648140582798,
7,1.0,32,200,8,15.432794262978682,
7,1.0,56,50,2,13.54687471840758,
7,1.0,56,50,4,13.931140492258308,
7,1.0,56,50,6,14.225819333151357,
7,1.0,56,50,8,14.37232389004103,
7,1.0,56,100,2,13.469797045021949,
7,1.0,56,100,4,13.896962285352078,
7,1.0,56,100,6,14.19872535572454,
7,1.0,56,100,8,14.47131931240554,
7,1.0,56,200,2,13.469799877059325,
7,1.0,56,200,4,13.954520605334569,
7,1.0,56,200,6,14.182647412961408,
7,1.0,56,200,8,14.408940194394408,
7,1.0,80,50,2,11.700670461110422,
7,1.0,80,50,4,13.127379864688018,
7,1.0,80,50,6,13.639952408156612,
7,1.0,80,50,8,13.980164645293756,
7,1.0,80,100,2,11.746035454887352,
7,1.0,80,100,4,13.069758538581956,
7,1.0,80,100,6,13.65060329012334,
7,1.0,80,100,8,13.952928565202871,
7,1.0,80,200,2,11.715281062090211,
7,1.0,80,200,4,13.128657966588287,
7,1.0,80,200,6,13.659316916637904,
7,1.0,80,200,8,13.954141714340109,
7,1.0,104,50,2,10.594231428611907,
7,1.0,104,50,4,12.71950144504485,
7,1.0,104,50,6,13.350463464814313,
7,1.0,104,50,8,13.695168354605444,
7,1.0,104,100,2,10.52390257127031,
7,1.0,104,100,4,12.69513206001577,
7,1.0,104,100,6,13.341746552843906,
7,1.0,104,100,8,13.686884757371644,
7,1.0,104,200,2,10.518620646741596,
7,1.0,104,200,4,12.732788436441858,
7,1.0,104,200,6,13.391445993829944,
7,1.0,104,200,8,13.730571545667832,
7,1.0,128,50,2,15.414492988278704,"(32, 32)"
7,1.0,128,50,2,9.842747228500302,
7,1.0,128,50,4,15.091142322538778,"(32, 32)"
7,1.0,128,50,4,12.512423025955794,
7,1.0,128,50,6,15.148638829688098,"(32, 32)"
7,1.0,128,50,6,13.189281036008982,
7,1.0,128,50,8,15.292333035757286,"(32, 32)"
7,1.0,128,50,8,13.542900443970735,
7,1.0,128,100,2,15.488373241175426,"(32, 32)"
7,1.0,128,100,2,9.859784149530952,
7,1.0,128,100,4,15.109361871439488,"(32, 32)"
7,1.0,128,100,4,12.499909209875364,
7,1.0,128,100,6,15.204567569302403,"(32, 32)"
7,1.0,128,100,6,13.2020596949108,
7,1.0,128,100,8,15.302008074460026,"(32, 32)"
7,1.0,128,100,8,13.549512137889124,
7,1.0,128,200,2,15.5297831220645,"(32, 32)"
7,1.0,128,200,2,9.768515197314086,
7,1.0,128,200,4,15.149996192856111,"(32, 32)"
7,1.0,128,200,4,12.45225531438184,
7,1.0,128,200,6,15.193708116417938,"(32, 32)"
7,1.0,128,200,6,13.190883690512212,
7,1.0,128,200,8,15.289233285206388,"(32, 32)"
7,1.0,128,200,8,13.59422704802311,
7,1.0,224,50,2,13.312801733761432,"(32, 32)"
7,1.0,224,50,4,14.038646626031165,"(32, 32)"
7,1.0,224,50,6,14.471531907448188,"(32, 32)"
7,1.0,224,50,8,14.772369362290116,"(32, 32)"
7,1.0,224,100,2,13.315553699974856,"(32, 32)"
7,1.0,224,100,4,14.00957202657954,"(32, 32)"
7,1.0,224,100,6,14.481104937383732,"(32, 32)"
7,1.0,224,100,8,14.76163075832964,"(32, 32)"
7,1.0,224,200,2,13.291989712192573,"(32, 32)"
7,1.0,224,200,4,14.01170581809586,"(32, 32)"
7,1.0,224,200,6,14.43413157616038,"(32, 32)"
7,1.0,224,200,8,14.727824983185792,"(32, 32)"
7,1.0,320,50,2,12.041333221429914,"(32, 32)"
7,1.0,320,50,4,13.685083323996125,"(32, 32)"
7,1.0,320,50,6,14.21183028308167,"(32, 32)"
7,1.0,320,50,8,14.574651273609067,"(32, 32)"
7,1.0,320,100,2,11.917364744711646,"(32, 32)"
7,1.0,320,100,4,13.541212260129331,"(32, 32)"
7,1.0,320,100,6,14.1377264434731,"(32, 32)"
7,1.0,320,100,8,14.57083114232756,"(32, 32)"
7,1.0,320,200,2,11.96600103058923,"(32, 32)"
7,1.0,320,200,4,13.5826429569972,"(32, 32)"
7,1.0,320,200,6,14.150257046255296,"(32, 32)"
7,1.0,320,200,8,14.540962894464498,"(32, 32)"
7,1.0,416,50,2,11.28270849378865,"(32, 32)"
7,1.0,416,50,4,13.413993395370191,"(32, 32)"
7,1.0,416,50,6,14.099476397376456,"(32, 32)"
7,1.0,416,50,8,14.446077119222418,"(32, 32)"
7,1.0,416,100,2,11.271772043526283,"(32, 32)"
7,1.0,416,100,4,13.386136703816806,"(32, 32)"
7,1.0,416,100,6,14.036050022204613,"(32, 32)"
7,1.0,416,100,8,14.4343040198633,"(32, 32)"
7,1.0,416,200,2,11.255866661512911,"(32, 32)"
7,1.0,416,200,4,13.382193939112652,"(32, 32)"
7,1.0,416,200,6,14.0172715596702,"(32, 32)"
7,1.0,416,200,8,14.427572032303788,"(32, 32)"
7,1.0,512,50,2,10.884621584144728,"(32, 32)"
7,1.0,512,50,4,13.325937142975176,"(32, 32)"
7,1.0,512,50,6,14.016016789874817,"(32, 32)"
7,1.0,512,50,8,14.388752205558305,"(32, 32)"
7,1.0,512,100,2,10.793895790692629,"(32, 32)"
7,1.0,512,100,4,13.272629900203404,"(32, 32)"
7,1.0,512,100,6,13.95250055468609,"(32, 32)"
7,1.0,512,100,8,14.365991572710444,"(32, 32)"
7,1.0,512,200,2,10.782728718508286,"(32, 32)"
7,1.0,512,200,4,13.259206919938762,"(32, 32)"
7,1.0,512,200,6,13.964070263762595,"(32, 32)"
7,1.0,512,200,8,14.363580828736016,"(32, 32)"
7,10.0,8,50,2,17.34357591146441,
7,10.0,8,50,4,16.712146631469526,
7,10.0,8,50,6,16.649047324845682,
7,10.0,8,50,8,16.753413635397436,
7,10.0,8,100,2,17.410168081805494,
7,10.0,8,100,4,16.791306080823563,
7,10.0,8,100,6,16.66234942151403,
7,10.0,8,100,8,16.82595320972977,
7,10.0,8,200,2,17.320168349612988,
7,10.0,8,200,4,16.78741285084183,
7,10.0,8,200,6,16.685182446198766,
7,10.0,8,200,8,16.808209293622063,
7,10.0,14,50,2,15.165464640063734,
7,10.0,14,50,4,15.481010371707212,
7,10.0,14,50,6,15.695124623611104,
7,10.0,14,50,8,15.887542695739183,
7,10.0,14,100,2,15.24463008703322,
7,10.0,14,100,4,15.536704136175056,
7,10.0,14,100,6,15.696599137625473,
7,10.0,14,100,8,15.847672738660698,
7,10.0,14,200,2,15.123504438625558,
7,10.0,14,200,4,15.40889260800494,
7,10.0,14,200,6,15.785244819451163,
7,10.0,14,200,8,15.816914300350088,
7,10.0,20,50,2,14.28868433731926,
7,10.0,20,50,4,14.976689472963644,
7,10.0,20,50,6,15.270295817589435,
7,10.0,20,50,8,15.382202322324073,
7,10.0,20,100,2,14.27891538139344,
7,10.0,20,100,4,15.064259533186592,
7,10.0,20,100,6,15.231426622746516,
7,10.0,20,100,8,15.463383647367856,
7,10.0,20,200,2,14.24490131380142,
7,10.0,20,200,4,15.029907293484296,
7,10.0,20,200,6,15.291702907980122,
7,10.0,20,200,8,15.462328015097995,
7,10.0,26,50,2,13.921110361252996,
7,10.0,26,50,4,14.727267706299685,
7,10.0,26,50,6,14.95469843798576,
7,10.0,26,50,8,15.206332990527295,
7,10.0,26,100,2,13.9050727260187,
7,10.0,26,100,4,14.807050515365969,
7,10.0,26,100,6,15.039116401080356,
7,10.0,26,100,8,15.174685374082475,
7,10.0,26,200,2,13.84980011392947,
7,10.0,26,200,4,14.747335290242836,
7,10.0,26,200,6,15.055326661031348,
7,10.0,26,200,8,15.21662778372391,
7,10.0,32,50,2,13.595051880681726,
7,10.0,32,50,2,15.787824594478664,
7,10.0,32,50,4,14.54762287450524,
7,10.0,32,50,4,15.792628048475349,
7,10.0,32,50,6,14.910766301256077,
7,10.0,32,50,6,16.01500129787834,
7,10.0,32,50,8,15.05137660425469,
7,10.0,32,50,8,16.09303569504772,
7,10.0,32,100,2,13.602242178370917,
7,10.0,32,100,2,15.813420204858891,
7,10.0,32,100,4,14.590771128073266,
7,10.0,32,100,4,15.72433948676134,
7,10.0,32,100,6,14.882277047044262,
7,10.0,32,100,6,16.02581385600477,
7,10.0,32,100,8,15.061920788023915,
7,10.0,32,100,8,16.08100365614246,
7,10.0,32,200,2,13.584002628492408,
7,10.0,32,200,2,15.795641329292778,
7,10.0,32,200,4,14.651389025564026,
7,10.0,32,200,4,15.757929788738323,
7,10.0,32,200,6,14.864472839472317,
7,10.0,32,200,6,15.923682951549088,
7,10.0,32,200,8,15.060697708888378,
7,10.0,32,200,8,16.12577285688762,
7,10.0,56,50,2,14.690409530425994,
7,10.0,56,50,4,15.27653246495526,
7,10.0,56,50,6,15.571803732136106,
7,10.0,56,50,8,15.810634457756182,
7,10.0,56,100,2,14.650445695678725,
7,10.0,56,100,4,15.230037443399269,
7,10.0,56,100,6,15.53205645365234,
7,10.0,56,100,8,15.72532149381959,
7,10.0,56,200,2,14.590001018856189,
7,10.0,56,200,4,15.296919015074891,
7,10.0,56,200,6,15.514886659877591,
7,10.0,56,200,8,15.680176868414332,
7,10.0,80,50,2,14.14195179484172,
7,10.0,80,50,4,15.004083713315248,
7,10.0,80,50,6,15.363602173938023,
7,10.0,80,50,8,15.5954459267693,
7,10.0,80,100,2,14.164162687524874,
7,10.0,80,100,4,15.053002746731805,
7,10.0,80,100,6,15.407089984271762,
7,10.0,80,100,8,15.594358504965712,
7,10.0,80,200,2,14.116794734825788,
7,10.0,80,200,4,15.055956166948487,
7,10.0,80,200,6,15.398282666252893,
7,10.0,80,200,8,15.565502443962668,
7,10.0,104,50,2,13.935450244934778,
7,10.0,104,50,4,14.982121685005971,
7,10.0,104,50,6,15.304693232754795,
7,10.0,104,50,8,15.49843786427878,
7,10.0,104,100,2,13.92294975268078,
7,10.0,104,100,4,14.97239153374457,
7,10.0,104,100,6,15.294252320814325,
7,10.0,104,100,8,15.516901215372762,
7,10.0,104,200,2,13.946545184708338,
7,10.0,104,200,4,14.93678084042877,
7,10.0,104,200,6,15.27121509666354,
7,10.0,104,200,8,15.483215473384838,
7,10.0,128,50,2,15.642354863831567,"(32, 32)"
7,10.0,128,50,2,13.756937115020229,
7,10.0,128,50,4,15.827547173906522,"(32, 32)"
7,10.0,128,50,4,14.879128916890243,
7,10.0,128,50,6,16.120784829583467,"(32, 32)"
7,10.0,128,50,6,15.253099970688591,
7,10.0,128,50,8,16.303435046754117,"(32, 32)"
7,10.0,128,50,8,15.434634170472531,
7,10.0,128,100,2,15.579026482151953,"(32, 32)"
7,10.0,128,100,2,13.804225324526644,
7,10.0,128,100,4,15.875116543079224,"(32, 32)"
7,10.0,128,100,4,14.90017390821722,
7,10.0,128,100,6,16.06890539556358,"(32, 32)"
7,10.0,128,100,6,15.255295506318696,
7,10.0,128,100,8,16.240868570374122,"(32, 32)"
7,10.0,128,100,8,15.457652046977248,
7,10.0,128,200,2,15.626895026685526,"(32, 32)"
7,10.0,128,200,2,13.785894394156156,
7,10.0,128,200,4,15.843912157662222,"(32, 32)"
7,10.0,128,200,4,14.878349375900784,
7,10.0,128,200,6,16.079606739568288,"(32, 32)"
7,10.0,128,200,6,15.25467297608906,
7,10.0,128,200,8,16.25726379025834,"(32, 32)"
7,10.0,128,200,8,15.469310403556204,
7,10.0,224,50,2,14.7568957486814,"(32, 32)"
7,10.0,224,50,4,15.625489738418752,"(32, 32)"
7,10.0,224,50,6,15.928069671899994,"(32, 32)"
7,10.0,224,50,8,16.135469335179064,"(32, 32)"
7,10.0,224,100,2,14.701498430136589,"(32, 32)"
7,10.0,224,100,4,15.628652649232787,"(32, 32)"
7,10.0,224,100,6,15.915810580307328,"(32, 32)"
7,10.0,224,100,8,16.055938805593247,"(32, 32)"
7,10.0,224,200,2,14.668383815698594,"(32, 32)"
7,10.0,224,200,4,15.617601764140398,"(32, 32)"
7,10.0,224,200,6,15.875794758764428,"(32, 32)"
7,10.0,224,200,8,16.033675636766787,"(32, 32)"
7,10.0,320,50,2,14.413314708964702,"(32, 32)"
7,10.0,320,50,4,15.560652044799609,"(32, 32)"
7,10.0,320,50,6,15.826334694838438,"(32, 32)"
7,10.0,320,50,8,16.03929343895784,"(32, 32)"
7,10.0,320,100,2,14.433744660493216,"(32, 32)"
7,10.0,320,100,4,15.52935619820294,"(32, 32)"
7,10.0,320,100,6,15.81453151996748,"(32, 32)"
7,10.0,320,100,8,16.007666420072248,"(32, 32)"
7,10.0,320,200,2,14.404139829652369,"(32, 32)"
7,10.0,320,200,4,15.524927337525584,"(32, 32)"
7,10.0,320,200,6,15.819169760040277,"(32, 32)"
7,10.0,320,200,8,16.001205398930107,"(32, 32)"
7,10.0,416,50,2,14.280513819578475,"(32, 32)"
7,10.0,416,50,4,15.521637611117564,"(32, 32)"
7,10.0,416,50,6,15.821535808220723,"(32, 32)"
7,10.0,416,50,8,15.997578199207094,"(32, 32)"
7,10.0,416,100,2,14.252683955626212,"(32, 32)"
7,10.0,416,100,4,15.50042231815042,"(32, 32)"
7,10.0,416,100,6,15.77651574157272,"(32, 32)"
7,10.0,416,100,8,15.98936979501226,"(32, 32)"
7,10.0,416,200,2,14.301552396154111,"(32, 32)"
7,10.0,416,200,4,15.452745701037331,"(32, 32)"
7,10.0,416,200,6,15.767273286490251,"(32, 32)"
7,10.0,416,200,8,15.975100693362966,"(32, 32)"
7,10.0,512,50,2,14.175180876047133,"(32, 32)"
7,10.0,512,50,4,15.489608480727668,"(32, 32)"
7,10.0,512,50,6,15.795960834739589,"(32, 32)"
7,10.0,512,50,8,15.992395501212052,"(32, 32)"
7,10.0,512,100,2,14.171684019911153,"(32, 32)"
7,10.0,512,100,4,15.458842609307332,"(32, 32)"
7,10.0,512,100,6,15.769684978621202,"(32, 32)"
7,10.0,512,100,8,15.962118007119022,"(32, 32)"
7,10.0,512,200,2,14.211060844838196,"(32, 32)"
7,10.0,512,200,4,15.446641076639835,"(32, 32)"
7,10.0,512,200,6,15.789462349201616,"(32, 32)"
7,10.0,512,200,8,15.948207115885523,"(32, 32)"
8,0.01,8,50,2,27.114520039278755,
8,0.01,8,50,4,27.360683930532225,
8,0.01,8,50,6,27.18659554215738,
8,0.01,8,50,8,27.051380718763763,
8,0.01,8,100,2,26.69109833019281,
8,0.01,8,100,4,27.651876364534328,
8,0.01,8,100,6,27.636360352689376,
8,0.01,8,100,8,27.321555655047632,
8,0.01,8,200,2,27.239915714217545,
8,0.01,8,200,4,27.78901960204993,
8,0.01,8,200,6,27.33420885436137,
8,0.01,8,200,8,27.094966663115528,
8,0.01,14,50,2,24.89111082437441,
8,0.01,14,50,4,25.905865600826317,
8,0.01,14,50,6,24.734400678706866,
8,0.01,14,50,8,24.95581514097638,
8,0.01,14,100,2,25.13967133130416,
8,0.01,14,100,4,25.85652415070529,
8,0.01,14,100,6,25.25273933281368,
8,0.01,14,100,8,24.99589222538997,
8,0.01,14,200,2,25.06965082376572,
8,0.01,14,200,4,25.666585756975277,
8,0.01,14,200,6,25.396456962440983,
8,0.01,14,200,8,24.97751002562261,
8,0.01,20,50,2,21.768764688386653,
8,0.01,20,50,4,22.529875778214738,
8,0.01,20,50,6,22.351706116690607,
8,0.01,20,50,8,22.06400966072009,
8,0.01,20,100,2,22.02757632962645,
8,0.01,20,100,4,22.300604376707064,
8,0.01,20,100,6,22.118710847093997,
8,0.01,20,100,8,21.26806294791316,
8,0.01,20,200,2,21.84176735891773,
8,0.01,20,200,4,22.428050567090985,
8,0.01,20,200,6,21.728841377473906,
8,0.01,20,200,8,21.65057325066751,
8,0.01,26,50,2,18.20394458153608,
8,0.01,26,50,4,17.582646879322777,
8,0.01,26,50,6,17.793699495319583,
8,0.01,26,50,8,17.103661489828504,
8,0.01,26,100,2,18.297651188102392,
8,0.01,26,100,4,18.01327364317075,
8,0.01,26,100,6,17.341512559789244,
8,0.01,26,100,8,17.20801909054345,
8,0.01,26,200,2,17.99513062205263,
8,0.01,26,200,4,17.705790845072777,
8,0.01,26,200,6,17.41140205114794,
8,0.01,26,200,8,17.105801366763554,
8,0.01,32,50,2,14.391938421926609,
8,0.01,32,50,2,44.02524609645879,
8,0.01,32,50,4,13.174828393965866,
8,0.01,32,50,4,53.49849452815064,
8,0.01,32,50,6,12.921608863313232,
8,0.01,32,50,6,54.2856401019916,
8,0.01,32,50,8,12.473164859560285,
8,0.01,32,50,8,54.50861087633741,
8,0.01,32,100,2,14.334460739035672,
8,0.01,32,100,2,44.0060962875319,
8,0.01,32,100,4,12.89772576090323,
8,0.01,32,100,4,52.25875069381557,
8,0.01,32,100,6,12.91973039942204,
8,0.01,32,100,6,54.43430200724419,
8,0.01,32,100,8,12.661605041147729,
8,0.01,32,100,8,54.6608362034952,
8,0.01,32,200,2,14.867957876495222,
8,0.01,32,200,2,44.06869939385401,
8,0.01,32,200,4,13.130716731896646,
8,0.01,32,200,4,53.10340923708494,
8,0.01,32,200,6,12.803833053782784,
8,0.01,32,200,6,54.87104866556621,
8,0.01,32,200,8,13.053747429778516,
8,0.01,32,200,8,54.72357585198833,
8,0.01,56,50,2,39.04022822110117,
8,0.01,56,50,4,47.51960863639404,
8,0.01,56,50,6,48.040812268342215,
8,0.01,56,50,8,48.42729573713682,
8,0.01,56,100,2,39.17170618520726,
8,0.01,56,100,4,47.50340435477197,
8,0.01,56,100,6,48.84666737772304,
8,0.01,56,100,8,48.40636221944707,
8,0.01,56,200,2,38.836303979329735,
8,0.01,56,200,4,47.52210106915366,
8,0.01,56,200,6,48.91240211280096,
8,0.01,56,200,8,48.76034776465031,
8,0.01,80,50,2,32.36852450029837,
8,0.01,80,50,4,38.04993270086084,
8,0.01,80,50,6,38.34878589046153,
8,0.01,80,50,8,37.71201404009344,
8,0.01,80,100,2,32.26378425723133,
8,0.01,80,100,4,38.87573231685015,
8,0.01,80,100,6,39.299392674148095,
8,0.01,80,100,8,37.18639391368121,
8,0.01,80,200,2,32.29203487719549,
8,0.01,80,200,4,38.07944681270682,
8,0.01,80,200,6,37.572009921821184,
8,0.01,80,200,8,37.270004482161546,
8,0.01,104,50,2,24.28828043643349,
8,0.01,104,50,4,25.60314709273542,
8,0.01,104,50,6,23.27592524114345,
8,0.01,104,50,8,20.9589316836946,
8,0.01,104,100,2,23.71973731759117,
8,0.01,104,100,4,26.31822588092304,
8,0.01,104,100,6,24.310738389394874,
8,0.01,104,100,8,23.50356062840553,
8,0.01,104,200,2,23.94216084734289,
8,0.01,104,200,4,25.5536271717598,
8,0.01,104,200,6,22.93401499370944,
8,0.01,104,200,8,21.81484622961456,
8,0.01,128,50,2,66.48225521738159,"(32, 32)"
8,0.01,128,50,2,14.613972736997797,
8,0.01,128,50,4,85.67413321536068,"(32, 32)"
8,0.01,128,50,4,13.827582776489672,
8,0.01,128,50,6,92.91019989455305,"(32, 32)"
8,0.01,128,50,6,12.310595060045712,
8,0.01,128,50,8,96.33154516529414,"(32, 32)"
8,0.01,128,50,8,11.963760650760754,
8,0.01,128,100,2,66.73375215554579,"(32, 32)"
8,0.01,128,100,2,14.345113452610326,
8,0.01,128,100,4,84.43130393628363,"(32, 32)"
8,0.01,128,100,4,13.296872848349194,
8,0.01,128,100,6,90.90368594175844,"(32, 32)"
8,0.01,128,100,6,11.153040491042082,
8,0.01,128,100,8,94.83716990035212,"(32, 32)"
8,0.01,128,100,8,11.446721429651248,
8,0.01,128,200,2,66.45532768253105,"(32, 32)"
8,0.01,128,200,2,13.92502285255187,
8,0.01,128,200,4,85.21568460130501,"(32, 32)"
8,0.01,128,200,4,12.912764486907362,
8,0.01,128,200,6,92.26657352589812,"(32, 32)"
8,0.01,128,200,6,12.74517536508109,
8,0.01,128,200,8,95.30770099502726,"(32, 32)"
8,0.01,128,200,8,10.941120878050622,
8,0.01,224,50,2,55.4082341406356,"(32, 32)"
8,0.01,224,50,4,76.48438544891879,"(32, 32)"
8,0.01,224,50,6,84.06940324651616,"(32, 32)"
8,0.01,224,50,8,85.79765545947353,"(32, 32)"
8,0.01,224,100,2,55.84539891537251,"(32, 32)"
8,0.01,224,100,4,75.32137378633013,"(32, 32)"
8,0.01,224,100,6,83.3981895167932,"(32, 32)"
8,0.01,224,100,8,85.08385363751921,"(32, 32)"
8,0.01,224,200,2,55.43687399045199,"(32, 32)"
8,0.01,224,200,4,76.30945108057553,"(32, 32)"
8,0.01,224,200,6,84.11107174435557,"(32, 32)"
8,0.01,224,200,8,86.04180845629175,"(32, 32)"
8,0.01,320,50,2,43.75391278889671,"(32, 32)"
8,0.01,320,50,4,57.00484395776957,"(32, 32)"
8,0.01,320,50,6,59.6960730981617,"(32, 32)"
8,0.01,320,50,8,60.35840585568994,"(32, 32)"
8,0.01,320,100,2,42.81544099159423,"(32, 32)"
8,0.01,320,100,4,57.41292334296058,"(32, 32)"
8,0.01,320,100,6,60.32012941796866,"(32, 32)"
8,0.01,320,100,8,59.668679894238025,"(32, 32)"
8,0.01,320,200,2,43.24370105716931,"(32, 32)"
8,0.01,320,200,4,58.72451784756894,"(32, 32)"
8,0.01,320,200,6,61.65890090432995,"(32, 32)"
8,0.01,320,200,8,59.15562410421497,"(32, 32)"
8,0.01,416,50,2,27.419610589153883,"(32, 32)"
8,0.01,416,50,4,26.19273597249072,"(32, 32)"
8,0.01,416,50,6,22.602585538304183,"(32, 32)"
8,0.01,416,50,8,20.837101689623974,"(32, 32)"
8,0.01,416,100,2,25.71624773351383,"(32, 32)"
8,0.01,416,100,4,26.601365681058784,"(32, 32)"
8,0.01,416,100,6,28.59580677744004,"(32, 32)"
8,0.01,416,100,8,20.90195501939501,"(32, 32)"
8,0.01,416,200,2,27.56489618313325,"(32, 32)"
8,0.01,416,200,4,28.28069595721546,"(32, 32)"
8,0.01,416,200,6,26.336609077321445,"(32, 32)"
8,0.01,416,200,8,19.247684289932188,"(32, 32)"
8,0.01,512,50,2,10.748391319383094,"(32, 32)"
8,0.01,512,50,4,8.448010489197202,"(32, 32)"
8,0.01,512,50,6,9.29747774109685,"(32, 32)"
8,0.01,512,50,8,9.586197753954885,"(32, 32)"
8,0.01,512,100,2,9.576773369213829,"(32, 32)"
8,0.01,512,100,4,8.45800865815505,"(32, 32)"
8,0.01,512,100,6,9.215257092851695,"(32, 32)"
8,0.01,512,100,8,9.58218113703856,"(32, 32)"
8,0.01,512,200,2,10.109831008177933,"(32, 32)"
8,0.01,512,200,4,8.367794980063096,"(32, 32)"
8,0.01,512,200,6,9.206605521884583,"(32, 32)"
8,0.01,512,200,8,9.483204701852443,"(32, 32)"
8,0.1,8,50,2,18.86346982734094,
8,0.1,8,50,4,18.425938488934506,
8,0.1,8,50,6,18.69681482778791,
8,0.1,8,50,8,18.56702673589725,
8,0.1,8,100,2,18.79660914257646,
8,0.1,8,100,4,18.64411600682707,
8,0.1,8,100,6,18.40759262084455,
8,0.1,8,100,8,18.535852899513483,
8,0.1,8,200,2,18.83089108231093,
8,0.1,8,200,4,18.76744915610932,
8,0.1,8,200,6,18.585699823117743,
8,0.1,8,200,8,18.66367579522997,
8,0.1,14,50,2,15.349976435838936,
8,0.1,14,50,4,15.195920140686418,
8,0.1,14,50,6,15.05187106747317,
8,0.1,14,50,8,15.26349330609718,
8,0.1,14,100,2,15.36170533548307,
8,0.1,14,100,4,15.20835932202492,
8,0.1,14,100,6,14.846601160182134,
8,0.1,14,100,8,14.996734645192284,
8,0.1,14,200,2,15.173869354510211,
8,0.1,14,200,4,15.086733875560425,
8,0.1,14,200,6,14.963380619098144,
8,0.1,14,200,8,15.02387143687206,
8,0.1,20,50,2,12.518967542886424,
8,0.1,20,50,4,12.58078479010982,
8,0.1,20,50,6,12.806719262092718,
8,0.1,20,50,8,12.880318589387118,
8,0.1,20,100,2,12.584139884379807,
8,0.1,20,100,4,12.646994741149616,
8,0.1,20,100,6,12.832234290155451,
8,0.1,20,100,8,12.933708777991958,
8,0.1,20,200,2,12.569572621365817,
8,0.1,20,200,4,12.600644782386526,
8,0.1,20,200,6,12.793467010812131,
8,0.1,20,200,8,12.825792516422384,
8,0.1,26,50,2,10.13607220361008,
8,0.1,26,50,4,10.831849001408145,
8,0.1,26,50,6,11.308988078725084,
8,0.1,26,50,8,11.679764906202529,
8,0.1,26,100,2,10.147274617325769,
8,0.1,26,100,4,10.812097971944745,
8,0.1,26,100,6,11.345505423587367,
8,0.1,26,100,8,11.5893406464679,
8,0.1,26,200,2,10.356018719482003,
8,0.1,26,200,4,10.917485699007676,
8,0.1,26,200,6,11.31444233611172,
8,0.1,26,200,8,11.617936316075449,
8,0.1,32,50,2,8.21773717172999,
8,0.1,32,50,2,20.11768677323407,
8,0.1,32,50,4,9.426342969172136,
8,0.1,32,50,4,22.434028463188643,
8,0.1,32,50,6,10.12119155653967,
8,0.1,32,50,6,24.398189293010823,
8,0.1,32,50,8,10.692474813585497,
8,0.1,32,50,8,23.98187151340363,
8,0.1,32,100,2,8.150496167016748,
8,0.1,32,100,2,20.31638803684773,
8,0.1,32,100,4,9.387755401428542,
8,0.1,32,100,4,23.408165969150737,
8,0.1,32,100,6,10.121178364961333,
8,0.1,32,100,6,23.6755257085904,
8,0.1,32,100,8,10.646244844867836,
8,0.1,32,100,8,23.14005445231606,
8,0.1,32,200,2,8.280828501213144,
8,0.1,32,200,2,20.94865416435164,
8,0.1,32,200,4,9.46240585864869,
8,0.1,32,200,4,23.127756727709315,
8,0.1,32,200,6,10.181282252289307,
8,0.1,32,200,6,24.02627539767376,
8,0.1,32,200,8,10.65536074689564,
8,0.1,32,200,8,23.44800496999167,
8,0.1,56,50,2,14.28093841012485,
8,0.1,56,50,4,14.19167693237244,
8,0.1,56,50,6,15.119442383711933,
8,0.1,56,50,8,14.545538458798852,
8,0.1,56,100,2,14.461101974137256,
8,0.1,56,100,4,14.159647889581631,
8,0.1,56,100,6,14.760623791340008,
8,0.1,56,100,8,14.779786503221573,
8,0.1,56,200,2,14.18908669089826,
8,0.1,56,200,4,14.280145180869791,
8,0.1,56,200,6,14.122885081530722,
8,0.1,56,200,8,14.657595704852955,
8,0.1,80,50,2,11.195681856694934,
8,0.1,80,50,4,11.999934514184924,
8,0.1,80,50,6,12.441572126543353,
8,0.1,80,50,8,12.631526959462848,
8,0.1,80,100,2,11.292685168363084,
8,0.1,80,100,4,12.055755469036324,
8,0.1,80,100,6,12.360566941378728,
8,0.1,80,100,8,12.711952286195604,
8,0.1,80,200,2,11.227311037045272,
8,0.1,80,200,4,11.985240919916764,
8,0.1,80,200,6,12.401147980002651,
8,0.1,80,200,8,12.692934723239844,
8,0.1,104,50,2,8.894164977910904,
8,0.1,104,50,4,10.635213453323535,
8,0.1,104,50,6,11.40809378157666,
8,0.1,104,50,8,11.812098905020742,
8,0.1,104,100,2,8.852604076653845,
8,0.1,104,100,4,10.676690954426288,
8,0.1,104,100,6,11.4825723699527,
8,0.1,104,100,8,11.86230577283738,
8,0.1,104,200,2,8.88005201513504,
8,0.1,104,200,4,10.542063427923368,
8,0.1,104,200,6,11.411534086132969,
8,0.1,104,200,8,11.869291840971488,
8,0.1,128,50,2,21.986148548502676,"(32, 32)"
8,0.1,128,50,2,7.164638350544415,
8,0.1,128,50,4,30.50344422701629,"(32, 32)"
8,0.1,128,50,4,9.727139399934686,
8,0.1,128,50,6,35.20700248294689,"(32, 32)"
8,0.1,128,50,6,10.754075808007633,
8,0.1,128,50,8,38.132989365242366,"(32, 32)"
8,0.1,128,50,8,11.180898412866815,
8,0.1,128,100,2,21.28996262073595,"(32, 32)"
8,0.1,128,100,2,7.13809873939001,
8,0.1,128,100,4,29.011590877491017,"(32, 32)"
8,0.1,128,100,4,9.753368089378872,
8,0.1,128,100,6,37.00729184854492,"(32, 32)"
8,0.1,128,100,6,10.775068108504923,
8,0.1,128,100,8,38.57515604082787,"(32, 32)"
8,0.1,128,100,8,11.103094758954295,
8,0.1,128,200,2,21.802620123099373,"(32, 32)"
8,0.1,128,200,2,7.187740156059163,
8,0.1,128,200,4,30.30480261532741,"(32, 32)"
8,0.1,128,200,4,9.745665149017656,
8,0.1,128,200,6,36.13577590255045,"(32, 32)"
8,0.1,128,200,6,10.732758290621398,
8,0.1,128,200,8,36.32067700238223,"(32, 32)"
8,0.1,128,200,8,11.102275999953813,
8,0.1,224,50,2,13.52178426649959,"(32, 32)"
8,0.1,224,50,4,13.39309366943762,"(32, 32)"
8,0.1,224,50,6,13.665112166657972,"(32, 32)"
8,0.1,224,50,8,13.926409221684334,"(32, 32)"
8,0.1,224,100,2,13.60545879651696,"(32, 32)"
8,0.1,224,100,4,13.478269819387751,"(32, 32)"
8,0.1,224,100,6,13.668916532586069,"(32, 32)"
8,0.1,224,100,8,13.89357908952881,"(32, 32)"
8,0.1,224,200,2,13.486954920716808,"(32, 32)"
8,0.1,224,200,4,13.585867163732177,"(32, 32)"
8,0.1,224,200,6,13.80871267739628,"(32, 32)"
8,0.1,224,200,8,13.853874000766051,"(32, 32)"
8,0.1,320,50,2,10.754165374704543,"(32, 32)"
8,0.1,320,50,4,12.259479980641592,"(32, 32)"
8,0.1,320,50,6,12.889222372790538,"(32, 32)"
8,0.1,320,50,8,13.319504162377507,"(32, 32)"
8,0.1,320,100,2,10.727601425413292,"(32, 32)"
8,0.1,320,100,4,12.184287562402666,"(32, 32)"
8,0.1,320,100,6,12.854319435007325,"(32, 32)"
8,0.1,320,100,8,13.23411255343192,"(32, 32)"
8,0.1,320,200,2,10.66133832964924,"(32, 32)"
8,0.1,320,200,4,12.219198623577627,"(32, 32)"
8,0.1,320,200,6,12.817608814971791,"(32, 32)"
8,0.1,320,200,8,13.216929208874593,"(32, 32)"
8,0.1,416,50,2,8.638378658402702,"(32, 32)"
8,0.1,416,50,4,11.542192596314615,"(32, 32)"
8,0.1,416,50,6,12.472214449337525,"(32, 32)"
8,0.1,416,50,8,12.911027148906276,"(32, 32)"
8,0.1,416,100,2,8.710004679594304,"(32, 32)"
8,0.1,416,100,4,11.5951627708548,"(32, 32)"
8,0.1,416,100,6,12.465624883713414,"(32, 32)"
8,0.1,416,100,8,12.840118711641756,"(32, 32)"
8,0.1,416,200,2,8.725689057955986,"(32, 32)"
8,0.1,416,200,4,11.524553375527017,"(32, 32)"
8,0.1,416,200,6,12.407244049144014,"(32, 32)"
8,0.1,416,200,8,12.811505088324862,"(32, 32)"
8,0.1,512,50,2,7.493890181018536,"(32, 32)"
8,0.1,512,50,4,11.137765311389524,"(32, 32)"
8,0.1,512,50,6,12.308123900108807,"(32, 32)"
8,0.1,512,50,8,12.706945541566546,"(32, 32)"
8,0.1,512,100,2,7.440449874976715,"(32, 32)"
8,0.1,512,100,4,11.0451805617363,"(32, 32)"
8,0.1,512,100,6,12.187988584457374,"(32, 32)"
8,0.1,512,100,8,12.62355697996472,"(32, 32)"
8,0.1,512,200,2,7.4015493162914305,"(32, 32)"
8,0.1,512,200,4,11.040146479533266,"(32, 32)"
8,0.1,512,200,6,12.117736213700322,"(32, 32)"
8,0.1,512,200,8,12.565940423785673,"(32, 32)"
8,1.0,8,50,2,17.50476772211991,
8,1.0,8,50,4,16.570375463068437,
8,1.0,8,50,6,16.459095044758165,
8,1.0,8,50,8,16.433479310497066,
8,1.0,8,100,2,17.35850202698521,
8,1.0,8,100,4,16.63771798258309,
8,1.0,8,100,6,16.497100575330748,
8,1.0,8,100,8,16.43095876987743,
8,1.0,8,200,2,17.477942925931504,
8,1.0,8,200,4,16.754224102254174,
8,1.0,8,200,6,16.558907403515285,
8,1.0,8,200,8,16.4125968936056,
8,1.0,14,50,2,14.657222235668376,
8,1.0,14,50,4,14.667723502027629,
8,1.0,14,50,6,14.652694173195696,
8,1.0,14,50,8,14.71327551496928,
8,1.0,14,100,2,14.709691202020151,
8,1.0,14,100,4,14.49421221221036,
8,1.0,14,100,6,14.564927582329943,
8,1.0,14,100,8,14.73696206804079,
8,1.0,14,200,2,14.823027141460498,
8,1.0,14,200,4,14.54854389783112,
8,1.0,14,200,6,14.57039078187751,
8,1.0,14,200,8,14.725350813256924,
8,1.0,20,50,2,12.600743626040458,
8,1.0,20,50,4,13.222324618487113,
8,1.0,20,50,6,13.56126714631673,
8,1.0,20,50,8,13.692511629549262,
8,1.0,20,100,2,12.542807559887658,
8,1.0,20,100,4,13.152919755541092,
8,1.0,20,100,6,13.527759551119336,
8,1.0,20,100,8,13.73853503728484,
8,1.0,20,200,2,12.657331557037423,
8,1.0,20,200,4,13.20681794114749,
8,1.0,20,200,6,13.53023195731868,
8,1.0,20,200,8,13.636378025856516,
8,1.0,26,50,2,10.94200137561698,
8,1.0,26,50,4,12.361777591715958,
8,1.0,26,50,6,12.856534734604036,
8,1.0,26,50,8,13.1816346924068,
8,1.0,26,100,2,11.007838490809451,
8,1.0,26,100,4,12.366374699384068,
8,1.0,26,100,6,12.875225324418247,
8,1.0,26,100,8,13.15055640606368,
8,1.0,26,200,2,10.980780022713622,
8,1.0,26,200,4,12.375353259044076,
8,1.0,26,200,6,12.892279871285025,
8,1.0,26,200,8,13.181111166717146,
8,1.0,32,50,2,9.849870407878573,
8,1.0,32,50,2,15.848231417303207,
8,1.0,32,50,4,11.727136322152964,
8,1.0,32,50,4,15.490095973644095,
8,1.0,32,50,6,12.465223994562598,
8,1.0,32,50,6,15.339165338639935,
8,1.0,32,50,8,12.7255517266658,
8,1.0,32,50,8,15.415051652324998,
8,1.0,32,100,2,9.922586634789456,
8,1.0,32,100,2,15.842961579518755,
8,1.0,32,100,4,11.77170716589609,
8,1.0,32,100,4,15.443915636323736,
8,1.0,32,100,6,12.485525982906136,
8,1.0,32,100,6,15.404497213259203,
8,1.0,32,100,8,12.7465706495502,
8,1.0,32,100,8,15.431167477479388,
8,1.0,32,200,2,9.90225687985811,
8,1.0,32,200,2,15.932628171205607,
8,1.0,32,200,4,11.756391207441682,
8,1.0,32,200,4,15.420749116901424,
8,1.0,32,200,6,12.48756828098512,
8,1.0,32,200,6,15.36453771896919,
8,1.0,32,200,8,12.70958992837538,
8,1.0,32,200,8,15.435812421597578,
8,1.0,56,50,2,13.586407381852434,
8,1.0,56,50,4,13.90146209930938,
8,1.0,56,50,6,14.212590822384266,
8,1.0,56,50,8,14.442938502784497,
8,1.0,56,100,2,13.553725115556116,
8,1.0,56,100,4,13.943585491364136,
8,1.0,56,100,6,14.203816580642789,
8,1.0,56,100,8,14.380093542863818,
8,1.0,56,200,2,13.536579870794125,
8,1.0,56,200,4,13.955276579677063,
8,1.0,56,200,6,14.19689563075453,
8,1.0,56,200,8,14.40438996262294,
8,1.0,80,50,2,11.737137754982829,
8,1.0,80,50,4,13.146852303665115,
8,1.0,80,50,6,13.683644069499614,
8,1.0,80,50,8,13.98838256015219,
8,1.0,80,100,2,11.802203014784878,
8,1.0,80,100,4,13.12394811865665,
8,1.0,80,100,6,13.691227514213152,
8,1.0,80,100,8,13.952224822017843,
8,1.0,80,200,2,11.702287590512986,
8,1.0,80,200,4,13.0863031956831,
8,1.0,80,200,6,13.705218547761088,
8,1.0,80,200,8,13.945865190597056,
8,1.0,104,50,2,10.648303875606016,
8,1.0,104,50,4,12.76169020337525,
8,1.0,104,50,6,13.42955442210643,
8,1.0,104,50,8,13.737804483748173,
8,1.0,104,100,2,10.513232476188694,
8,1.0,104,100,4,12.726145400863375,
8,1.0,104,100,6,13.395246921041942,
8,1.0,104,100,8,13.703435531107688,
8,1.0,104,200,2,10.541969888017752,
8,1.0,104,200,4,12.73126339956186,
8,1.0,104,200,6,13.39044638017172,
8,1.0,104,200,8,13.745093562646217,
8,1.0,128,50,2,15.4289843589787,"(32, 32)"
8,1.0,128,50,2,9.89939378365845,
8,1.0,128,50,4,15.10629275737704,"(32, 32)"
8,1.0,128,50,4,12.46585791373344,
8,1.0,128,50,6,15.236210826886326,"(32, 32)"
8,1.0,128,50,6,13.211506908559745,
8,1.0,128,50,8,15.345967864745791,"(32, 32)"
8,1.0,128,50,8,13.56981886875648,
8,1.0,128,100,2,15.522549009118269,"(32, 32)"
8,1.0,128,100,2,9.869961382665714,
8,1.0,128,100,4,15.096056017635789,"(32, 32)"
8,1.0,128,100,4,12.420304416236831,
8,1.0,128,100,6,15.182953833071084,"(32, 32)"
8,1.0,128,100,6,13.20038600704022,
8,1.0,128,100,8,15.338658624363976,"(32, 32)"
8,1.0,128,100,8,13.570985029616391,
8,1.0,128,200,2,15.483292835348252,"(32, 32)"
8,1.0,128,200,2,9.939688579508775,
8,1.0,128,200,4,15.110813391937802,"(32, 32)"
8,1.0,128,200,4,12.505434152051611,
8,1.0,128,200,6,15.188698803719088,"(32, 32)"
8,1.0,128,200,6,13.191789842336966,
8,1.0,128,200,8,15.301224772978882,"(32, 32)"
8,1.0,128,200,8,13.607722255413238,
8,1.0,224,50,2,13.317583286661584,"(32, 32)"
8,1.0,224,50,4,14.033554873375213,"(32, 32)"
8,1.0,224,50,6,14.438615631992157,"(32, 32)"
8,1.0,224,50,8,14.766759499860116,"(32, 32)"
8,1.0,224,100,2,13.365872842962707,"(32, 32)"
8,1.0,224,100,4,14.029941285405432,"(32, 32)"
8,1.0,224,100,6,14.469700429856356,"(32, 32)"
8,1.0,224,100,8,14.77380544929482,"(32, 32)"
8,1.0,224,200,2,13.257651656821176,"(32, 32)"
8,1.0,224,200,4,14.032766009632724,"(32, 32)"
8,1.0,224,200,6,14.475324879428104,"(32, 32)"
8,1.0,224,200,8,14.756810054790437,"(32, 32)"
8,1.0,320,50,2,12.000739869515192,"(32, 32)"
8,1.0,320,50,4,13.64156321721515,"(32, 32)"
8,1.0,320,50,6,14.239658953622396,"(32, 32)"
8,1.0,320,50,8,14.601542775409698,"(32, 32)"
8,1.0,320,100,2,11.961954842226287,"(32, 32)"
8,1.0,320,100,4,13.589951819867082,"(32, 32)"
8,1.0,320,100,6,14.205243816062408,"(32, 32)"
8,1.0,320,100,8,14.567563989674516,"(32, 32)"
8,1.0,320,200,2,11.958188010649726,"(32, 32)"
8,1.0,320,200,4,13.585711467983876,"(32, 32)"
8,1.0,320,200,6,14.207225782495836,"(32, 32)"
8,1.0,320,200,8,14.562320822730854,"(32, 32)"
8,1.0,416,50,2,11.291553304368298,"(32, 32)"
8,1.0,416,50,4,13.403801398754604,"(32, 32)"
8,1.0,416,50,6,14.10484428787691,"(32, 32)"
8,1.0,416,50,8,14.456305340546772,"(32, 32)"
8,1.0,416,100,2,11.190075114443804,"(32, 32)"
8,1.0,416,100,4,13.401678839889392,"(32, 32)"
8,1.0,416,100,6,14.08117439530788,"(32, 32)"
8,1.0,416,100,8,14.43163851036999,"(32, 32)"
8,1.0,416,200,2,11.22031623299487,"(32, 32)"
8,1.0,416,200,4,13.388960638069465,"(32, 32)"
8,1.0,416,200,6,14.00306640830676,"(32, 32)"
8,1.0,416,200,8,14.429088966335938,"(32, 32)"
8,1.0,512,50,2,10.81199142053781,"(32, 32)"
8,1.0,512,50,4,13.34191252946322,"(32, 32)"
8,1.0,512,50,6,13.995476945748038,"(32, 32)"
8,1.0,512,50,8,14.389490403834015,"(32, 32)"
8,1.0,512,100,2,10.827345694810058,"(32, 32)"
8,1.0,512,100,4,13.251014670621467,"(32, 32)"
8,1.0,512,100,6,13.971354879596712,"(32, 32)"
8,1.0,512,100,8,14.3671370521477,"(32, 32)"
8,1.0,512,200,2,10.849108864186618,"(32, 32)"
8,1.0,512,200,4,13.253244398677044,"(32, 32)"
8,1.0,512,200,6,13.973577770274307,"(32, 32)"
8,1.0,512,200,8,14.36367789834254,"(32, 32)"
8,10.0,8,50,2,17.659018294458598,
8,10.0,8,50,4,16.736036942960908,
8,10.0,8,50,6,16.71493515271369,
8,10.0,8,50,8,16.788866413829904,
8,10.0,8,100,2,17.472781785752364,
8,10.0,8,100,4,16.59317492621831,
8,10.0,8,100,6,16.780584283052104,
8,10.0,8,100,8,16.75971942002138,
8,10.0,8,200,2,17.48951101676284,
8,10.0,8,200,4,16.653717478303996,
8,10.0,8,200,6,16.645990070978513,
8,10.0,8,200,8,16.824315000196297,
8,10.0,14,50,2,15.16918644915728,
8,10.0,14,50,4,15.446403623099304,
8,10.0,14,50,6,15.70092004886527,
8,10.0,14,50,8,15.916659742956336,
8,10.0,14,100,2,15.146595316123362,
8,10.0,14,100,4,15.480416508869713,
8,10.0,14,100,6,15.65730583605306,
8,10.0,14,100,8,15.881082886256111,
8,10.0,14,200,2,15.237813238815647,
8,10.0,14,200,4,15.418144416436556,
8,10.0,14,200,6,15.629311538929288,
8,10.0,14,200,8,15.869141225961528,
8,10.0,20,50,2,14.31491801396648,
8,10.0,20,50,4,15.043122676358026,
8,10.0,20,50,6,15.255973396466109,
8,10.0,20,50,8,15.435157134773409,
8,10.0,20,100,2,14.282594446383788,
8,10.0,20,100,4,15.039245889709774,
8,10.0,20,100,6,15.293181023031888,
8,10.0,20,100,8,15.489397791367132,
8,10.0,20,200,2,14.320175844530045,
8,10.0,20,200,4,15.040511167037224,
8,10.0,20,200,6,15.253079087888352,
8,10.0,20,200,8,15.412365053797346,
8,10.0,26,50,2,13.901763535193217,
8,10.0,26,50,4,14.755452716103893,
8,10.0,26,50,6,14.997683664129823,
8,10.0,26,50,8,15.201274888631746,
8,10.0,26,100,2,13.8612839546376,
8,10.0,26,100,4,14.723129625167084,
8,10.0,26,100,6,15.004875153807436,
8,10.0,26,100,8,15.2113144273888,
8,10.0,26,200,2,13.835040726293268,
8,10.0,26,200,4,14.737464362466188,
8,10.0,26,200,6,15.060160728296008,
8,10.0,26,200,8,15.190253616435792,
8,10.0,32,50,2,13.58206060020736,
8,10.0,32,50,2,15.800266282940184,
8,10.0,32,50,4,14.585310854575892,
8,10.0,32,50,4,15.728666965387012,
8,10.0,32,50,6,14.908736751266174,
8,10.0,32,50,6,15.966514714632256,
8,10.0,32,50,8,15.093049532667566,
8,10.0,32,50,8,16.066583374145214,
8,10.0,32,100,2,13.59304562201667,
8,10.0,32,100,2,15.912030381961468,
8,10.0,32,100,4,14.546387759529372,
8,10.0,32,100,4,15.798879916893412,
8,10.0,32,100,6,14.933533592811411,
8,10.0,32,100,6,15.941518957500984,
8,10.0,32,100,8,15.05236982273135,
8,10.0,32,100,8,16.10031154165289,
8,10.0,32,200,2,13.542500318640244,
8,10.0,32,200,2,15.783548380357873,
8,10.0,32,200,4,14.598390678649965,
8,10.0,32,200,4,15.830353680706253,
8,10.0,32,200,6,14.901433330438843,
8,10.0,32,200,6,15.92469614358858,
8,10.0,32,200,8,15.089593224120842,
8,10.0,32,200,8,16.12993883304622,
8,10.0,56,50,2,14.588927556574422,
8,10.0,56,50,4,15.264280792996486,
8,10.0,56,50,6,15.5647469855557,
8,10.0,56,50,8,15.70779176515436,
8,10.0,56,100,2,14.609676843472725,
8,10.0,56,100,4,15.291047183316202,
8,10.0,56,100,6,15.535536974566885,
8,10.0,56,100,8,15.751048704080636,
8,10.0,56,200,2,14.601428868645137,
8,10.0,56,200,4,15.202984486760732,
8,10.0,56,200,6,15.507177106394382,
8,10.0,56,200,8,15.715080303068284,
8,10.0,80,50,2,14.11596296073484,
8,10.0,80,50,4,15.083555581719333,
8,10.0,80,50,6,15.38766702023681,
8,10.0,80,50,8,15.596223501219775,
8,10.0,80,100,2,14.157718001284891,
8,10.0,80,100,4,15.075171494655102,
8,10.0,80,100,6,15.350746936828669,
8,10.0,80,100,8,15.595573609160084,
8,10.0,80,200,2,14.157359368179687,
8,10.0,80,200,4,15.037871553899576,
8,10.0,80,200,6,15.401480100770629,
8,10.0,80,200,8,15.613211373217414,
8,10.0,104,50,2,13.907054954977058,
8,10.0,104,50,4,14.97242694841374,
8,10.0,104,50,6,15.286978617126358,
8,10.0,104,50,8,15.516061644158048,
8,10.0,104,100,2,13.928498513167126,
8,10.0,104,100,4,14.966114043049403,
8,10.0,104,100,6,15.32229176623009,
8,10.0,104,100,8,15.482731336395712,
8,10.0,104,200,2,13.910843748367814,
8,10.0,104,200,4,14.969286054915797,
8,10.0,104,200,6,15.301215299322813,
8,10.0,104,200,8,15.486174293164895,
8,10.0,128,50,2,15.5534912752999,"(32, 32)"
8,10.0,128,50,2,13.7938415717891,
8,10.0,128,50,4,15.863014442512783,"(32, 32)"
8,10.0,128,50,4,14.909649923041007,
8,10.0,128,50,6,16.100763485262107,"(32, 32)"
8,10.0,128,50,6,15.30385149181076,
8,10.0,128,50,8,16.248267330815988,"(32, 32)"
8,10.0,128,50,8,15.478468059863824,
8,10.0,128,100,2,15.5693700862171,"(32, 32)"
8,10.0,128,100,2,13.763944594733182,
8,10.0,128,100,4,15.851768375749998,"(32, 32)"
8,10.0,128,100,4,14.8969756570932,
8,10.0,128,100,6,16.115432266464644,"(32, 32)"
8,10.0,128,100,6,15.257391217222263,
8,10.0,128,100,8,16.242981084433897,"(32, 32)"
8,10.0,128,100,8,15.47254789334218,
8,10.0,128,200,2,15.618718463916242,"(32, 32)"
8,10.0,128,200,2,13.76353454304801,
8,10.0,128,200,4,15.85807354477566,"(32, 32)"
8,10.0,128,200,4,14.905362340700355,
8,10.0,128,200,6,16.120756788639813,"(32, 32)"
8,10.0,128,200,6,15.226353056217308,
8,10.0,128,200,8,16.24427271930631,"(32, 32)"
8,10.0,128,200,8,15.438395856431232,
8,10.0,224,50,2,14.79378656947681,"(32, 32)"
8,10.0,224,50,4,15.638965438616276,"(32, 32)"
8,10.0,224,50,6,15.938544145675367,"(32, 32)"
8,10.0,224,50,8,16.115165964586343,"(32, 32)"
8,10.0,224,100,2,14.730661160819064,"(32, 32)"
8,10.0,224,100,4,15.611794834994813,"(32, 32)"
8,10.0,224,100,6,15.88535817953714,"(32, 32)"
8,10.0,224,100,8,16.091419236374755,"(32, 32)"
8,10.0,224,200,2,14.72582643323782,"(32, 32)"
8,10.0,224,200,4,15.614174961130573,"(32, 32)"
8,10.0,224,200,6,15.875666686949778,"(32, 32)"
8,10.0,224,200,8,16.055025372813326,"(32, 32)"
8,10.0,320,50,2,14.49487437714548,"(32, 32)"
8,10.0,320,50,4,15.516771164708516,"(32, 32)"
8,10.0,320,50,6,15.844527306383872,"(32, 32)"
8,10.0,320,50,8,16.032642564280977,"(32, 32)"
8,10.0,320,100,2,14.408479133311005,"(32, 32)"
8,10.0,320,100,4,15.521419246119809,"(32, 32)"
8,10.0,320,100,6,15.817918776275272,"(32, 32)"
8,10.0,320,100,8,16.047786995026577,"(32, 32)"
8,10.0,320,200,2,14.394689592709494,"(32, 32)"
8,10.0,320,200,4,15.520991600646331,"(32, 32)"
8,10.0,320,200,6,15.822193657448045,"(32, 32)"
8,10.0,320,200,8,15.966783376332216,"(32, 32)"
8,10.0,416,50,2,14.25697517340094,"(32, 32)"
8,10.0,416,50,4,15.47164267263648,"(32, 32)"
8,10.0,416,50,6,15.784186424287448,"(32, 32)"
8,10.0,416,50,8,16.02860421103789,"(32, 32)"
8,10.0,416,100,2,14.24569530050136,"(32, 32)"
8,10.0,416,100,4,15.465267644836157,"(32, 32)"
8,10.0,416,100,6,15.78176486242434,"(32, 32)"
8,10.0,416,100,8,16.005511884193172,"(32, 32)"
8,10.0,416,200,2,14.255167509370589,"(32, 32)"
8,10.0,416,200,4,15.484244060251427,"(32, 32)"
8,10.0,416,200,6,15.766463984234452,"(32, 32)"
8,10.0,416,200,8,15.975561790557656,"(32, 32)"
8,10.0,512,50,2,14.177359162318728,"(32, 32)"
8,10.0,512,50,4,15.48692557906835,"(32, 32)"
8,10.0,512,50,6,15.796718396656676,"(32, 32)"
8,10.0,512,50,8,15.972727300794222,"(32, 32)"
8,10.0,512,100,2,14.20627350106668,"(32, 32)"
8,10.0,512,100,4,15.477933373315349,"(32, 32)"
8,10.0,512,100,6,15.769279064083042,"(32, 32)"
8,10.0,512,100,8,15.987621645132837,"(32, 32)"
8,10.0,512,200,2,14.14281926280752,"(32, 32)"
8,10.0,512,200,4,15.454774280628804,"(32, 32)"
8,10.0,512,200,6,15.745346229504223,"(32, 32)"
8,10.0,512,200,8,15.946541289811591,"(32, 32)"
9,0.01,8,50,2,27.15454840733948,
9,0.01,8,50,4,27.4442565523718,
9,0.01,8,50,6,27.42789132830457,
9,0.01,8,50,8,27.02154310280029,
9,0.01,8,100,2,27.02133049626406,
9,0.01,8,100,4,27.49977756757078,
9,0.01,8,100,6,27.62148183108433,
9,0.01,8,100,8,27.83036933086381,
9,0.01,8,200,2,26.93116328149566,
9,0.01,8,200,4,27.60144385002714,
9,0.01,8,200,6,27.35014057576597,
9,0.01,8,200,8,27.45941211701838,
9,0.01,14,50,2,24.18827199566415,
9,0.01,14,50,4,25.52262181665026,
9,0.01,14,50,6,25.47616113593972,
9,0.01,14,50,8,25.659001638446245,
9,0.01,14,100,2,24.80196535567596,
9,0.01,14,100,4,25.69948274262588,
9,0.01,14,100,6,25.29061433298613,
9,0.01,14,100,8,25.48743099036797,
9,0.01,14,200,2,25.04796508016135,
9,0.01,14,200,4,25.50128963425681,
9,0.01,14,200,6,25.397508231664016,
9,0.01,14,200,8,25.61676562986532,
9,0.01,20,50,2,21.974938423148583,
9,0.01,20,50,4,22.27213429385289,
9,0.01,20,50,6,21.63632928511863,
9,0.01,20,50,8,21.748548788129483,
9,0.01,20,100,2,21.82521574038291,
9,0.01,20,100,4,22.34251790951202,
9,0.01,20,100,6,21.90593985910761,
9,0.01,20,100,8,21.69620939275246,
9,0.01,20,200,2,21.658948325623328,
9,0.01,20,200,4,22.671307378560545,
9,0.01,20,200,6,21.82492419881865,
9,0.01,20,200,8,22.268341391318582,
9,0.01,26,50,2,18.186718586393585,
9,0.01,26,50,4,18.573032255413885,
9,0.01,26,50,6,17.619470905929123,
9,0.01,26,50,8,17.601374598489393,
9,0.01,26,100,2,18.48734850921362,
9,0.01,26,100,4,17.813561123478436,
9,0.01,26,100,6,17.474604790711368,
9,0.01,26,100,8,16.94792501976528,
9,0.01,26,200,2,18.1826532466897,
9,0.01,26,200,4,18.037583215723775,
9,0.01,26,200,6,17.361007435128805,
9,0.01,26,200,8,17.514874594520155,
9,0.01,32,50,2,14.66017784728958,
9,0.01,32,50,2,44.70304000723745,
9,0.01,32,50,4,13.42411570558026,
9,0.01,32,50,4,53.12494876634708,
9,0.01,32,50,6,12.667345547469452,
9,0.01,32,50,6,55.29927475576134,
9,0.01,32,50,8,12.201151552728394,
9,0.01,32,50,8,54.54239150290087,
9,0.01,32,100,2,14.26127753806868,
9,0.01,32,100,2,44.18789314408071,
9,0.01,32,100,4,12.769134076541654,
9,0.01,32,100,4,52.76087915406743,
9,0.01,32,100,6,12.516176361626265,
9,0.01,32,100,6,54.66070862998511,
9,0.01,32,100,8,13.04675453724328,
9,0.01,32,100,8,54.78796091445027,
9,0.01,32,200,2,14.28794213225809,
9,0.01,32,200,2,44.274223981676826,
9,0.01,32,200,4,13.09677009076294,
9,0.01,32,200,4,53.881246005563575,
9,0.01,32,200,6,12.438514706419197,
9,0.01,32,200,6,55.09975441741216,
9,0.01,32,200,8,13.199724795622664,
9,0.01,32,200,8,55.02806266639459,
9,0.01,56,50,2,39.154528946130974,
9,0.01,56,50,4,47.52752550569596,
9,0.01,56,50,6,48.99767979169506,
9,0.01,56,50,8,48.92251080636227,
9,0.01,56,100,2,38.31845614013089,
9,0.01,56,100,4,47.768633856576656,
9,0.01,56,100,6,48.7818253927368,
9,0.01,56,100,8,48.64929341570556,
9,0.01,56,200,2,38.7996635894349,
9,0.01,56,200,4,47.141012653581456,
9,0.01,56,200,6,48.3549964413934,
9,0.01,56,200,8,48.329029645817926,
9,0.01,80,50,2,32.20045314256726,
9,0.01,80,50,4,39.12480704653024,
9,0.01,80,50,6,37.41336504353245,
9,0.01,80,50,8,37.35054701234752,
9,0.01,80,100,2,31.916257658114773,
9,0.01,80,100,4,38.23742060034228,
9,0.01,80,100,6,38.9588664353287,
9,0.01,80,100,8,36.85473386257259,
9,0.01,80,200,2,31.936147045286237,
9,0.01,80,200,4,38.7952137659405,
9,0.01,80,200,6,38.07641753014497,
9,0.01,80,200,8,37.39367316478988,
9,0.01,104,50,2,23.24469122215711,
9,0.01,104,50,4,25.462685903358388,
9,0.01,104,50,6,24.66762443779402,
9,0.01,104,50,8,21.88010534383182,
9,0.01,104,100,2,23.337944565120942,
9,0.01,104,100,4,24.8659479741341,
9,0.01,104,100,6,23.150490151277246,
9,0.01,104,100,8,22.195367068499227,
9,0.01,104,200,2,23.668077301466493,
9,0.01,104,200,4,25.73204095721384,
9,0.01,104,200,6,23.18608372725281,
9,0.01,104,200,8,22.94062339035463,
9,0.01,128,50,2,66.25590462912628,"(32, 32)"
9,0.01,128,50,2,14.506241080081272,
9,0.01,128,50,4,85.26138811313427,"(32, 32)"
9,0.01,128,50,4,12.991233217171096,
9,0.01,128,50,6,92.93303490631408,"(32, 32)"
9,0.01,128,50,6,11.185702728310057,
9,0.01,128,50,8,96.19928239487326,"(32, 32)"
9,0.01,128,50,8,10.857214228316606,
9,0.01,128,100,2,66.16593975305226,"(32, 32)"
9,0.01,128,100,2,15.52935754924633,
9,0.01,128,100,4,84.42998276347637,"(32, 32)"
9,0.01,128,100,4,12.11261880066425,
9,0.01,128,100,6,92.35947507653762,"(32, 32)"
9,0.01,128,100,6,10.88178348537177,
9,0.01,128,100,8,94.24893106921918,"(32, 32)"
9,0.01,128,100,8,10.856408022629244,
9,0.01,128,200,2,65.9226855372627,"(32, 32)"
9,0.01,128,200,2,13.719576243760214,
9,0.01,128,200,4,84.8045015885658,"(32, 32)"
9,0.01,128,200,4,12.004031298923588,
9,0.01,128,200,6,93.69028477414064,"(32, 32)"
9,0.01,128,200,6,11.700834123922816,
9,0.01,128,200,8,95.7219778744007,"(32, 32)"
9,0.01,128,200,8,11.76521274204077,
9,0.01,224,50,2,56.2047312010938,"(32, 32)"
9,0.01,224,50,4,75.00214990713359,"(32, 32)"
9,0.01,224,50,6,82.24968455059931,"(32, 32)"
9,0.01,224,50,8,85.14023123328235,"(32, 32)"
9,0.01,224,100,2,54.58676139413963,"(32, 32)"
9,0.01,224,100,4,75.568462732905,"(32, 32)"
9,0.01,224,100,6,81.91780320314027,"(32, 32)"
9,0.01,224,100,8,84.96371892896828,"(32, 32)"
9,0.01,224,200,2,54.93983622890041,"(32, 32)"
9,0.01,224,200,4,74.67562069451341,"(32, 32)"
9,0.01,224,200,6,82.98970347043418,"(32, 32)"
9,0.01,224,200,8,85.79216957284545,"(32, 32)"
9,0.01,320,50,2,42.530365900384695,"(32, 32)"
9,0.01,320,50,4,57.11401111242618,"(32, 32)"
9,0.01,320,50,6,59.3393424166561,"(32, 32)"
9,0.01,320,50,8,59.014408938337326,"(32, 32)"
9,0.01,320,100,2,43.97510491857976,"(32, 32)"
9,0.01,320,100,4,57.93176224659362,"(32, 32)"
9,0.01,320,100,6,60.07717005016608,"(32, 32)"
9,0.01,320,100,8,59.00693574645716,"(32, 32)"
9,0.01,320,200,2,43.22233300792767,"(32, 32)"
9,0.01,320,200,4,57.97514873056223,"(32, 32)"
9,0.01,320,200,6,61.56842895461284,"(32, 32)"
9,0.01,320,200,8,59.612332387933726,"(32, 32)"
9,0.01,416,50,2,27.42401855437409,"(32, 32)"
9,0.01,416,50,4,26.64871778427432,"(32, 32)"
9,0.01,416,50,6,26.67820860309064,"(32, 32)"
9,0.01,416,50,8,21.235356390297508,"(32, 32)"
9,0.01,416,100,2,26.78074682913676,"(32, 32)"
9,0.01,416,100,4,28.74621132475276,"(32, 32)"
9,0.01,416,100,6,28.887673771400348,"(32, 32)"
9,0.01,416,100,8,23.43836171918476,"(32, 32)"
9,0.01,416,200,2,25.653504906646997,"(32, 32)"
9,0.01,416,200,4,27.827564745772776,"(32, 32)"
9,0.01,416,200,6,25.64930235153786,"(32, 32)"
9,0.01,416,200,8,25.10493085233628,"(32, 32)"
9,0.01,512,50,2,10.889630528146984,"(32, 32)"
9,0.01,512,50,4,10.036517225065335,"(32, 32)"
9,0.01,512,50,6,9.484897052405293,"(32, 32)"
9,0.01,512,50,8,9.627836329693054,"(32, 32)"
9,0.01,512,100,2,11.705851299708147,"(32, 32)"
9,0.01,512,100,4,8.389320542076984,"(32, 32)"
9,0.01,512,100,6,9.271125383098894,"(32, 32)"
9,0.01,512,100,8,9.55110317069938,"(32, 32)"
9,0.01,512,200,2,10.869841481222451,"(32, 32)"
9,0.01,512,200,4,9.423776918578495,"(32, 32)"
9,0.01,512,200,6,9.2042795179249,"(32, 32)"
9,0.01,512,200,8,9.586173479802214,"(32, 32)"
9,0.1,8,50,2,18.87428726972718,
9,0.1,8,50,4,18.761007409447235,
9,0.1,8,50,6,18.580191867030702,
9,0.1,8,50,8,18.018279119154844,
9,0.1,8,100,2,18.82160825532437,
9,0.1,8,100,4,18.79094447110658,
9,0.1,8,100,6,18.63675211397925,
9,0.1,8,100,8,18.3431508682902,
9,0.1,8,200,2,18.83913606805066,
9,0.1,8,200,4,18.65985777969378,
9,0.1,8,200,6,18.494474359051868,
9,0.1,8,200,8,18.518106209014984,
9,0.1,14,50,2,15.44013182410855,
9,0.1,14,50,4,15.030804347928395,
9,0.1,14,50,6,14.922249131230904,
9,0.1,14,50,8,15.077434812571523,
9,0.1,14,100,2,15.350445500472889,
9,0.1,14,100,4,15.173119412429912,
9,0.1,14,100,6,15.028086751761084,
9,0.1,14,100,8,15.025290975434864,
9,0.1,14,200,2,15.512806062960417,
9,0.1,14,200,4,15.052302917497949,
9,0.1,14,200,6,14.94400112781888,
9,0.1,14,200,8,14.678041439943389,
9,0.1,20,50,2,12.612914088609363,
9,0.1,20,50,4,12.592326876594024,
9,0.1,20,50,6,12.759415684059862,
9,0.1,20,50,8,12.988328242396191,
9,0.1,20,100,2,12.538889394735802,
9,0.1,20,100,4,12.671578927114943,
9,0.1,20,100,6,12.722914705119656,
9,0.1,20,100,8,13.055839629272908,
9,0.1,20,200,2,12.631246551105496,
9,0.1,20,200,4,12.66991796092124,
9,0.1,20,200,6,12.79892379885651,
9,0.1,20,200,8,13.076228324420724,
9,0.1,26,50,2,10.268999122945749,
9,0.1,26,50,4,10.92225185720986,
9,0.1,26,50,6,11.281393372530774,
9,0.1,26,50,8,11.588385561916752,
9,0.1,26,100,2,10.22392379954422,
9,0.1,26,100,4,10.801858240551695,
9,0.1,26,100,6,11.238175854074344,
9,0.1,26,100,8,11.621180409340752,
9,0.1,26,200,2,10.280207711581596,
9,0.1,26,200,4,10.807652263217342,
9,0.1,26,200,6,11.293827727514245,
9,0.1,26,200,8,11.57605917515159,
9,0.1,32,50,2,8.156542776414316,
9,0.1,32,50,2,20.327011418023964,
9,0.1,32,50,4,9.433142660345991,
9,0.1,32,50,4,22.428733026757147,
9,0.1,32,50,6,10.129441029075762,
9,0.1,32,50,6,23.068123398060678,
9,0.1,32,50,8,10.644618871485696,
9,0.1,32,50,8,22.96358518076496,
9,0.1,32,100,2,8.179152331839262,
9,0.1,32,100,2,20.698649003912266,
9,0.1,32,100,4,9.431491176790184,
9,0.1,32,100,4,23.703290763984484,
9,0.1,32,100,6,10.201451957432084,
9,0.1,32,100,6,23.24116512325966,
9,0.1,32,100,8,10.62040108277157,
9,0.1,32,100,8,24.60940429685756,
9,0.1,32,200,2,8.231628307318289,
9,0.1,32,200,2,20.351852748799995,
9,0.1,32,200,4,9.382259355768015,
9,0.1,32,200,4,22.70566321490761,
9,0.1,32,200,6,10.19889297461812,
9,0.1,32,200,6,23.41281667353638,
9,0.1,32,200,8,10.676348127158246,
9,0.1,32,200,8,23.33952822420092,
9,0.1,56,50,2,14.064850606494469,
9,0.1,56,50,4,14.458134029601466,
9,0.1,56,50,6,14.14648963330877,
9,0.1,56,50,8,14.81486164050296,
9,0.1,56,100,2,14.102365368418695,
9,0.1,56,100,4,14.326455854163951,
9,0.1,56,100,6,14.473878285325195,
9,0.1,56,100,8,14.440483676703446,
9,0.1,56,200,2,14.092746876544942,
9,0.1,56,200,4,13.86227039253639,
9,0.1,56,200,6,13.924186334859591,
9,0.1,56,200,8,14.102141527456048,
9,0.1,80,50,2,11.048274489786184,
9,0.1,80,50,4,11.974597588071184,
9,0.1,80,50,6,12.415130588491484,
9,0.1,80,50,8,12.727070104546645,
9,0.1,80,100,2,11.182447773815504,
9,0.1,80,100,4,11.976802656797966,
9,0.1,80,100,6,12.38026763084418,
9,0.1,80,100,8,12.71494200590876,
9,0.1,80,200,2,11.183186983684951,
9,0.1,80,200,4,12.02610339774898,
9,0.1,80,200,6,12.393254081742178,
9,0.1,80,200,8,12.706652837654373,
9,0.1,104,50,2,8.906765892747652,
9,0.1,104,50,4,10.664911503234622,
9,0.1,104,50,6,11.444278063588309,
9,0.1,104,50,8,11.85286022064532,
9,0.1,104,100,2,8.848075967900606,
9,0.1,104,100,4,10.65968835571962,
9,0.1,104,100,6,11.506660522895432,
9,0.1,104,100,8,11.85382183268399,
9,0.1,104,200,2,8.892130477902084,
9,0.1,104,200,4,10.691172721634349,
9,0.1,104,200,6,11.479224969308516,
9,0.1,104,200,8,11.724295074810286,
9,0.1,128,50,2,22.68064200836522,"(32, 32)"
9,0.1,128,50,2,7.186535845234057,
9,0.1,128,50,4,29.920074552147337,"(32, 32)"
9,0.1,128,50,4,9.730261752615602,
9,0.1,128,50,6,33.67037517278539,"(32, 32)"
9,0.1,128,50,6,10.738629027084771,
9,0.1,128,50,8,36.764704143569006,"(32, 32)"
9,0.1,128,50,8,11.252884558577495,
9,0.1,128,100,2,22.372718140590138,"(32, 32)"
9,0.1,128,100,2,7.22465214403399,
9,0.1,128,100,4,31.590167981093902,"(32, 32)"
9,0.1,128,100,4,9.758973516047377,
9,0.1,128,100,6,33.92410755937363,"(32, 32)"
9,0.1,128,100,6,10.756761775235155,
9,0.1,128,100,8,35.531002047167625,"(32, 32)"
9,0.1,128,100,8,11.156663732042963,
9,0.1,128,200,2,21.600883928509035,"(32, 32)"
9,0.1,128,200,2,7.188600671497744,
9,0.1,128,200,4,29.44641904707676,"(32, 32)"
9,0.1,128,200,4,9.75488608758642,
9,0.1,128,200,6,35.10203703052897,"(32, 32)"
9,0.1,128,200,6,10.737894383605058,
9,0.1,128,200,8,35.539140105398616,"(32, 32)"
9,0.1,128,200,8,11.164467229641032,
9,0.1,224,50,2,13.481208013859124,"(32, 32)"
9,0.1,224,50,4,13.380343501723754,"(32, 32)"
9,0.1,224,50,6,13.711388074638892,"(32, 32)"
9,0.1,224,50,8,13.890416696228844,"(32, 32)"
9,0.1,224,100,2,13.462422949270278,"(32, 32)"
9,0.1,224,100,4,13.39223247124858,"(32, 32)"
9,0.1,224,100,6,13.67798900680446,"(32, 32)"
9,0.1,224,100,8,13.868013289672716,"(32, 32)"
9,0.1,224,200,2,13.506316791106254,"(32, 32)"
9,0.1,224,200,4,13.393704464221328,"(32, 32)"
9,0.1,224,200,6,13.689781521376714,"(32, 32)"
9,0.1,224,200,8,15.32557885724289,"(32, 32)"
9,0.1,320,50,2,10.678009638108731,"(32, 32)"
9,0.1,320,50,4,12.216851050289552,"(32, 32)"
9,0.1,320,50,6,12.875952379871585,"(32, 32)"
9,0.1,320,50,8,13.256059952254429,"(32, 32)"
9,0.1,320,100,2,10.82585369029987,"(32, 32)"
9,0.1,320,100,4,12.200503879835251,"(32, 32)"
9,0.1,320,100,6,12.886287592959688,"(32, 32)"
9,0.1,320,100,8,13.236235612779849,"(32, 32)"
9,0.1,320,200,2,10.859096430217466,"(32, 32)"
9,0.1,320,200,4,12.186990267535537,"(32, 32)"
9,0.1,320,200,6,12.856787976408125,"(32, 32)"
9,0.1,320,200,8,13.1793332236024,"(32, 32)"
9,0.1,416,50,2,8.769420978218168,"(32, 32)"
9,0.1,416,50,4,11.500940533199596,"(32, 32)"
9,0.1,416,50,6,12.50744666494389,"(32, 32)"
9,0.1,416,50,8,12.897383851905342,"(32, 32)"
9,0.1,416,100,2,8.703741027836173,"(32, 32)"
9,0.1,416,100,4,11.403687406111183,"(32, 32)"
9,0.1,416,100,6,12.44927742940948,"(32, 32)"
9,0.1,416,100,8,12.886216546130958,"(32, 32)"
9,0.1,416,200,2,8.718942728954643,"(32, 32)"
9,0.1,416,200,4,11.428956222868225,"(32, 32)"
9,0.1,416,200,6,12.442975549821163,"(32, 32)"
9,0.1,416,200,8,12.865640145367726,"(32, 32)"
9,0.1,512,50,2,7.521846741709227,"(32, 32)"
9,0.1,512,50,4,11.14200535337682,"(32, 32)"
9,0.1,512,50,6,12.20501092656329,"(32, 32)"
9,0.1,512,50,8,12.743629509626103,"(32, 32)"
9,0.1,512,100,2,7.470502192967801,"(32, 32)"
9,0.1,512,100,4,11.044117109828006,"(32, 32)"
9,0.1,512,100,6,12.213880422268854,"(32, 32)"
9,0.1,512,100,8,12.613856619396673,"(32, 32)"
9,0.1,512,200,2,7.433663797374251,"(32, 32)"
9,0.1,512,200,4,11.05523443048533,"(32, 32)"
9,0.1,512,200,6,12.176216105484531,"(32, 32)"
9,0.1,512,200,8,12.593977327401207,"(32, 32)"
9,1.0,8,50,2,17.440014073427452,
9,1.0,8,50,4,16.670469587699504,
9,1.0,8,50,6,16.507889797537025,
9,1.0,8,50,8,16.4508216165744,
9,1.0,8,100,2,17.434125348122652,
9,1.0,8,100,4,16.703646502726198,
9,1.0,8,100,6,16.503368149511793,
9,1.0,8,100,8,16.491989734499352,
9,1.0,8,200,2,17.471786644537705,
9,1.0,8,200,4,16.70188129815636,
9,1.0,8,200,6,16.491754494552534,
9,1.0,8,200,8,16.457875086847256,
9,1.0,14,50,2,14.612283117350668,
9,1.0,14,50,4,14.51076818050914,
9,1.0,14,50,6,14.613949113689625,
9,1.0,14,50,8,14.737184032259474,
9,1.0,14,100,2,14.664185935523708,
9,1.0,14,100,4,14.589424750300395,
9,1.0,14,100,6,14.615768388196106,
9,1.0,14,100,8,14.659395770934642,
9,1.0,14,200,2,14.616258535628134,
9,1.0,14,200,4,14.626677457677385,
9,1.0,14,200,6,14.53773363734192,
9,1.0,14,200,8,14.672838140852846,
9,1.0,20,50,2,12.614041246169233,
9,1.0,20,50,4,13.160765971470298,
9,1.0,20,50,6,13.588671066508295,
9,1.0,20,50,8,13.727674218862733,
9,1.0,20,100,2,12.522015067817264,
9,1.0,20,100,4,13.243263259447543,
9,1.0,20,100,6,13.544853438003027,
9,1.0,20,100,8,13.744264273326497,
9,1.0,20,200,2,12.590170832074143,
9,1.0,20,200,4,13.175038311955088,
9,1.0,20,200,6,13.578956710223904,
9,1.0,20,200,8,13.752326075000711,
9,1.0,26,50,2,11.0284702159436,
9,1.0,26,50,4,12.385705498016405,
9,1.0,26,50,6,12.816127951965536,
9,1.0,26,50,8,13.102069114757814,
9,1.0,26,100,2,10.960417187957855,
9,1.0,26,100,4,12.350533700137118,
9,1.0,26,100,6,12.853591304290198,
9,1.0,26,100,8,13.084560182881324,
9,1.0,26,200,2,10.953409014405754,
9,1.0,26,200,4,12.346097389785026,
9,1.0,26,200,6,12.888428878979232,
9,1.0,26,200,8,13.13999358666204,
9,1.0,32,50,2,9.83949134380356,
9,1.0,32,50,2,15.944239489175503,
9,1.0,32,50,4,11.784875772215536,
9,1.0,32,50,4,15.478012610123136,
9,1.0,32,50,6,12.422217866976055,
9,1.0,32,50,6,15.379121057523188,
9,1.0,32,50,8,12.769011591072328,
9,1.0,32,50,8,15.397793752993213,
9,1.0,32,100,2,9.90991278000836,
9,1.0,32,100,2,15.958173201565158,
9,1.0,32,100,4,11.820139841456278,
9,1.0,32,100,4,15.456836281781497,
9,1.0,32,100,6,12.489912311377468,
9,1.0,32,100,6,15.41829336021343,
9,1.0,32,100,8,12.72484590628205,
9,1.0,32,100,8,15.411747259242336,
9,1.0,32,200,2,9.859005493397785,
9,1.0,32,200,2,15.977634533868008,
9,1.0,32,200,4,11.76963577705202,
9,1.0,32,200,4,15.398525568740732,
9,1.0,32,200,6,12.450732988588465,
9,1.0,32,200,6,15.381880050459332,
9,1.0,32,200,8,12.753250754833994,
9,1.0,32,200,8,15.479116461130342,
9,1.0,56,50,2,13.66110820469449,
9,1.0,56,50,4,13.914399577217926,
9,1.0,56,50,6,14.210086136408547,
9,1.0,56,50,8,14.400711683064824,
9,1.0,56,100,2,13.567351005471336,
9,1.0,56,100,4,13.877900928663204,
9,1.0,56,100,6,14.227103594357157,
9,1.0,56,100,8,14.392559969328012,
9,1.0,56,200,2,13.534593552291566,
9,1.0,56,200,4,13.863960754647154,
9,1.0,56,200,6,14.223194006329916,
9,1.0,56,200,8,14.452801938956984,
9,1.0,80,50,2,11.838305829987515,
9,1.0,80,50,4,13.14743464289551,
9,1.0,80,50,6,13.700682401716533,
9,1.0,80,50,8,13.935954739563911,
9,1.0,80,100,2,11.801425162422452,
9,1.0,80,100,4,13.123756131767442,
9,1.0,80,100,6,13.643582192829353,
9,1.0,80,100,8,13.995452414747335,
9,1.0,80,200,2,11.718084290987312,
9,1.0,80,200,4,13.110864202326098,
9,1.0,80,200,6,13.66600208682515,
9,1.0,80,200,8,13.946779728486495,
9,1.0,104,50,2,10.54080699285149,
9,1.0,104,50,4,12.71358240671388,
9,1.0,104,50,6,13.38149723998735,
9,1.0,104,50,8,13.745014049624148,
9,1.0,104,100,2,10.5838922868641,
9,1.0,104,100,4,12.711996398973286,
9,1.0,104,100,6,13.380031886953724,
9,1.0,104,100,8,13.71931140072484,
9,1.0,104,200,2,10.534485452956158,
9,1.0,104,200,4,12.75361806359898,
9,1.0,104,200,6,13.388570728100794,
9,1.0,104,200,8,13.735707015541532,
9,1.0,128,50,2,15.516251074077102,"(32, 32)"
9,1.0,128,50,2,9.902509783494638,
9,1.0,128,50,4,15.19792878444817,"(32, 32)"
9,1.0,128,50,4,12.46541464803366,
9,1.0,128,50,6,15.197900546795054,"(32, 32)"
9,1.0,128,50,6,13.169121686400006,
9,1.0,128,50,8,15.318320526614643,"(32, 32)"
9,1.0,128,50,8,13.579910705227883,
9,1.0,128,100,2,15.533184829023869,"(32, 32)"
9,1.0,128,100,2,9.8218976352199,
9,1.0,128,100,4,15.21943841587396,"(32, 32)"
9,1.0,128,100,4,12.484978614700209,
9,1.0,128,100,6,15.183590358285253,"(32, 32)"
9,1.0,128,100,6,13.221724083187246,
9,1.0,128,100,8,15.260142221250527,"(32, 32)"
9,1.0,128,100,8,13.56427102897031,
9,1.0,128,200,2,15.451236188993631,"(32, 32)"
9,1.0,128,200,2,9.87589733054653,
9,1.0,128,200,4,15.093766680406157,"(32, 32)"
9,1.0,128,200,4,12.462675139670573,
9,1.0,128,200,6,15.176902935742431,"(32, 32)"
9,1.0,128,200,6,13.188771986521385,
9,1.0,128,200,8,15.310441855863512,"(32, 32)"
9,1.0,128,200,8,13.543985835311885,
9,1.0,224,50,2,13.358464938392206,"(32, 32)"
9,1.0,224,50,4,14.058090942922252,"(32, 32)"
9,1.0,224,50,6,14.47850087050712,"(32, 32)"
9,1.0,224,50,8,14.76054173723678,"(32, 32)"
9,1.0,224,100,2,13.39018457104605,"(32, 32)"
9,1.0,224,100,4,13.988583542050977,"(32, 32)"
9,1.0,224,100,6,14.462786967893225,"(32, 32)"
9,1.0,224,100,8,14.739773065898255,"(32, 32)"
9,1.0,224,200,2,13.29186142606361,"(32, 32)"
9,1.0,224,200,4,14.061222272681626,"(32, 32)"
9,1.0,224,200,6,14.43747146405459,"(32, 32)"
9,1.0,224,200,8,14.749384721757384,"(32, 32)"
9,1.0,320,50,2,12.050130560076624,"(32, 32)"
9,1.0,320,50,4,13.599267721096192,"(32, 32)"
9,1.0,320,50,6,14.225409455264264,"(32, 32)"
9,1.0,320,50,8,14.577175489701986,"(32, 32)"
9,1.0,320,100,2,11.885840677805,"(32, 32)"
9,1.0,320,100,4,13.588118024455529,"(32, 32)"
9,1.0,320,100,6,14.165090331096897,"(32, 32)"
9,1.0,320,100,8,14.51888571128526,"(32, 32)"
9,1.0,320,200,2,11.82705357081772,"(32, 32)"
9,1.0,320,200,4,13.5874880344089,"(32, 32)"
9,1.0,320,200,6,14.200608167922498,"(32, 32)"
9,1.0,320,200,8,14.56057097793109,"(32, 32)"
9,1.0,416,50,2,11.33072909185149,"(32, 32)"
9,1.0,416,50,4,13.407786034572483,"(32, 32)"
9,1.0,416,50,6,14.096686012998669,"(32, 32)"
9,1.0,416,50,8,14.481887027590114,"(32, 32)"
9,1.0,416,100,2,11.269589640500811,"(32, 32)"
9,1.0,416,100,4,13.37732312713764,"(32, 32)"
9,1.0,416,100,6,14.084505758446648,"(32, 32)"
9,1.0,416,100,8,14.45086038529347,"(32, 32)"
9,1.0,416,200,2,11.255608580517638,"(32, 32)"
9,1.0,416,200,4,13.391093331585529,"(32, 32)"
9,1.0,416,200,6,14.03147320474262,"(32, 32)"
9,1.0,416,200,8,14.434322915867956,"(32, 32)"
9,1.0,512,50,2,10.857084754558922,"(32, 32)"
9,1.0,512,50,4,13.297026331899934,"(32, 32)"
9,1.0,512,50,6,14.01452006361707,"(32, 32)"
9,1.0,512,50,8,14.404183394680109,"(32, 32)"
9,1.0,512,100,2,10.754229755849629,"(32, 32)"
9,1.0,512,100,4,13.285081449868445,"(32, 32)"
9,1.0,512,100,6,13.980962206863172,"(32, 32)"
9,1.0,512,100,8,14.373307236227244,"(32, 32)"
9,1.0,512,200,2,10.745647702654342,"(32, 32)"
9,1.0,512,200,4,13.262259084399178,"(32, 32)"
9,1.0,512,200,6,13.951544694593297,"(32, 32)"
9,1.0,512,200,8,14.35256507623561,"(32, 32)"
9,10.0,8,50,2,17.517369723646073,
9,10.0,8,50,4,16.735229926260782,
9,10.0,8,50,6,16.70323713530823,
9,10.0,8,50,8,16.745620154910913,
9,10.0,8,100,2,17.362778351477033,
9,10.0,8,100,4,16.68429454634739,
9,10.0,8,100,6,16.613734393618703,
9,10.0,8,100,8,16.74242366423057,
9,10.0,8,200,2,17.505478355673045,
9,10.0,8,200,4,16.633511422426423,
9,10.0,8,200,6,16.722154388346475,
9,10.0,8,200,8,16.760062653963885,
9,10.0,14,50,2,15.22687703605832,
9,10.0,14,50,4,15.42694632988608,
9,10.0,14,50,6,15.66238009200659,
9,10.0,14,50,8,15.912472450250478,
9,10.0,14,100,2,15.227546546575551,
9,10.0,14,100,4,15.44754479908779,
9,10.0,14,100,6,15.741788994451984,
9,10.0,14,100,8,15.875958871793443,
9,10.0,14,200,2,15.247434556642046,
9,10.0,14,200,4,15.457517302465032,
9,10.0,14,200,6,15.69766939200913,
9,10.0,14,200,8,15.746273265923486,
9,10.0,20,50,2,14.337028308083482,
9,10.0,20,50,4,15.002609407432509,
9,10.0,20,50,6,15.236393596233196,
9,10.0,20,50,8,15.450699695928014,
9,10.0,20,100,2,14.267296048717432,
9,10.0,20,100,4,14.991951245329409,
9,10.0,20,100,6,15.303462261326288,
9,10.0,20,100,8,15.428151129997367,
9,10.0,20,200,2,14.303469678456668,
9,10.0,20,200,4,14.991956207097436,
9,10.0,20,200,6,15.279618439429075,
9,10.0,20,200,8,15.399126181644306,
9,10.0,26,50,2,13.810526158766812,
9,10.0,26,50,4,14.805607089266497,
9,10.0,26,50,6,15.04143320397328,
9,10.0,26,50,8,15.261640014914,
9,10.0,26,100,2,13.7865749460363,
9,10.0,26,100,4,14.762451605915333,
9,10.0,26,100,6,15.056306570793216,
9,10.0,26,100,8,15.214036779586648,
9,10.0,26,200,2,13.876154396216435,
9,10.0,26,200,4,14.77000105664786,
9,10.0,26,200,6,15.041960201763128,
9,10.0,26,200,8,15.23105482650265,
9,10.0,32,50,2,13.565096417656326,
9,10.0,32,50,2,15.844671399412835,
9,10.0,32,50,4,14.647493328946531,
9,10.0,32,50,4,15.812542459182126,
9,10.0,32,50,6,14.924580114135605,
9,10.0,32,50,6,15.927779041744545,
9,10.0,32,50,8,15.09949657283082,
9,10.0,32,50,8,16.152480137536337,
9,10.0,32,100,2,13.550290989302606,
9,10.0,32,100,2,15.81159120141932,
9,10.0,32,100,4,14.59914950153648,
9,10.0,32,100,4,15.768608000089865,
9,10.0,32,100,6,14.891678379582924,
9,10.0,32,100,6,15.957830170483703,
9,10.0,32,100,8,15.011644421288468,
9,10.0,32,100,8,16.082844833835175,
9,10.0,32,200,2,13.611583158304528,
9,10.0,32,200,2,15.85258968629299,
9,10.0,32,200,4,14.5928787526837,
9,10.0,32,200,4,15.84071071147777,
9,10.0,32,200,6,14.927205261172626,
9,10.0,32,200,6,15.94687798537597,
9,10.0,32,200,8,15.086864599013111,
9,10.0,32,200,8,16.12210589319511,
9,10.0,56,50,2,14.580301561834489,
9,10.0,56,50,4,15.268520428137531,
9,10.0,56,50,6,15.579751988641792,
9,10.0,56,50,8,15.716421269550288,
9,10.0,56,100,2,14.57989432339773,
9,10.0,56,100,4,15.222765257740958,
9,10.0,56,100,6,15.558639599088233,
9,10.0,56,100,8,15.73866360508333,
9,10.0,56,200,2,14.643016705324824,
9,10.0,56,200,4,15.27579892530654,
9,10.0,56,200,6,15.55463722485283,
9,10.0,56,200,8,15.724718420664315,
9,10.0,80,50,2,14.147189914711335,
9,10.0,80,50,4,15.055806932466137,
9,10.0,80,50,6,15.422454544819113,
9,10.0,80,50,8,15.603111499648364,
9,10.0,80,100,2,14.09611961591978,
9,10.0,80,100,4,15.048488827493973,
9,10.0,80,100,6,15.376805517359616,
9,10.0,80,100,8,15.567175105502631,
9,10.0,80,200,2,14.141200000179206,
9,10.0,80,200,4,15.140238880001396,
9,10.0,80,200,6,15.383508080467744,
9,10.0,80,200,8,15.591224358851894,
9,10.0,104,50,2,13.93761810115847,
9,10.0,104,50,4,14.967813163859413,
9,10.0,104,50,6,15.327869658136969,
9,10.0,104,50,8,15.518535114449064,
9,10.0,104,100,2,13.943593698785705,
9,10.0,104,100,4,14.945315180058897,
9,10.0,104,100,6,15.288713313790003,
9,10.0,104,100,8,15.497610338645636,
9,10.0,104,200,2,13.9151755503013,
9,10.0,104,200,4,15.024547962364414,
9,10.0,104,200,6,15.304773366472052,
9,10.0,104,200,8,15.511666737077556,
9,10.0,128,50,2,15.571796872844224,"(32, 32)"
9,10.0,128,50,2,13.755545867549488,
9,10.0,128,50,4,15.844125716891607,"(32, 32)"
9,10.0,128,50,4,14.915290825898856,
9,10.0,128,50,6,16.098027225728707,"(32, 32)"
9,10.0,128,50,6,15.27157642313831,
9,10.0,128,50,8,16.30561221342336,"(32, 32)"
9,10.0,128,50,8,15.447830882469832,
9,10.0,128,100,2,15.55856776061726,"(32, 32)"
9,10.0,128,100,2,13.74380256396447,
9,10.0,128,100,4,15.84127926795102,"(32, 32)"
9,10.0,128,100,4,14.880604818009108,
9,10.0,128,100,6,16.019584471496266,"(32, 32)"
9,10.0,128,100,6,15.246065851763165,
9,10.0,128,100,8,16.249506898881183,"(32, 32)"
9,10.0,128,100,8,15.459768442884815,
9,10.0,128,200,2,15.53622473518637,"(32, 32)"
9,10.0,128,200,2,13.73737129796755,
9,10.0,128,200,4,15.855129992993644,"(32, 32)"
9,10.0,128,200,4,14.930260727605768,
9,10.0,128,200,6,16.057889165247076,"(32, 32)"
9,10.0,128,200,6,15.239001576115976,
9,10.0,128,200,8,16.24324282492515,"(32, 32)"
9,10.0,128,200,8,15.445594302642304,
9,10.0,224,50,2,14.70642403087436,"(32, 32)"
9,10.0,224,50,4,15.674001654023831,"(32, 32)"
9,10.0,224,50,6,15.916682391466823,"(32, 32)"
9,10.0,224,50,8,16.138545889318245,"(32, 32)"
9,10.0,224,100,2,14.695693437505112,"(32, 32)"
9,10.0,224,100,4,15.624700680726804,"(32, 32)"
9,10.0,224,100,6,15.902414035477811,"(32, 32)"
9,10.0,224,100,8,16.08479453978082,"(32, 32)"
9,10.0,224,200,2,14.756318113112467,"(32, 32)"
9,10.0,224,200,4,15.568248131502568,"(32, 32)"
9,10.0,224,200,6,15.875844737728906,"(32, 32)"
9,10.0,224,200,8,16.068470005012983,"(32, 32)"
9,10.0,320,50,2,14.408721248478557,"(32, 32)"
9,10.0,320,50,4,15.550577154212045,"(32, 32)"
9,10.0,320,50,6,15.85798850928285,"(32, 32)"
9,10.0,320,50,8,16.03526235120196,"(32, 32)"
9,10.0,320,100,2,14.432142708692377,"(32, 32)"
9,10.0,320,100,4,15.500846716611475,"(32, 32)"
9,10.0,320,100,6,15.809563284916052,"(32, 32)"
9,10.0,320,100,8,15.999183395527735,"(32, 32)"
9,10.0,320,200,2,14.449498594884,"(32, 32)"
9,10.0,320,200,4,15.532866303677183,"(32, 32)"
9,10.0,320,200,6,15.80840746122015,"(32, 32)"
9,10.0,320,200,8,15.999520890691992,"(32, 32)"
9,10.0,416,50,2,14.247759057236902,"(32, 32)"
9,10.0,416,50,4,15.502812899412463,"(32, 32)"
9,10.0,416,50,6,15.784085039863866,"(32, 32)"
9,10.0,416,50,8,16.003092943698366,"(32, 32)"
9,10.0,416,100,2,14.27858437132932,"(32, 32)"
9,10.0,416,100,4,15.480557091321552,"(32, 32)"
9,10.0,416,100,6,15.805199064686445,"(32, 32)"
9,10.0,416,100,8,15.9683345733176,"(32, 32)"
9,10.0,416,200,2,14.281686588350178,"(32, 32)"
9,10.0,416,200,4,15.48226886672217,"(32, 32)"
9,10.0,416,200,6,15.79183091587347,"(32, 32)"
9,10.0,416,200,8,15.966127900741064,"(32, 32)"
9,10.0,512,50,2,14.169138853494568,"(32, 32)"
9,10.0,512,50,4,15.481459942758258,"(32, 32)"
9,10.0,512,50,6,15.805948098747288,"(32, 32)"
9,10.0,512,50,8,15.987899734713316,"(32, 32)"
9,10.0,512,100,2,14.173483760414667,"(32, 32)"
9,10.0,512,100,4,15.426349272983863,"(32, 32)"
9,10.0,512,100,6,15.752392662807498,"(32, 32)"
9,10.0,512,100,8,15.957923399172811,"(32, 32)"
9,10.0,512,200,2,14.182997472232843,"(32, 32)"
9,10.0,512,200,4,15.464657020453249,"(32, 32)"
9,10.0,512,200,6,15.76331287438903,"(32, 32)"
9,10.0,512,200,8,15.952498376030505,"(32, 32)"
