rep,alp,num_cell,cell_size,sparse_freq,error,filter_dim
0,0.01,8,50,2,71.17193318101869,
0,0.01,8,50,4,68.61097262630652,
0,0.01,8,50,6,66.95289122853369,
0,0.01,8,50,8,66.42257789844724,
0,0.01,8,100,2,70.49298666841683,
0,0.01,8,100,4,68.77757254045905,
0,0.01,8,100,6,66.74923271281119,
0,0.01,8,100,8,66.24002849463066,
0,0.01,8,200,2,71.25205832737362,
0,0.01,8,200,4,68.57940804738608,
0,0.01,8,200,6,66.66416218185886,
0,0.01,8,200,8,66.20076321280047,
0,0.01,14,50,2,66.75805309736668,
0,0.01,14,50,4,65.1441196191442,
0,0.01,14,50,6,63.263752524039006,
0,0.01,14,50,8,62.10501913283063,
0,0.01,14,100,2,66.0438990395161,
0,0.01,14,100,4,65.26981494286453,
0,0.01,14,100,6,62.85111221142693,
0,0.01,14,100,8,62.98046759917896,
0,0.01,14,200,2,67.46232525624575,
0,0.01,14,200,4,64.73901857317479,
0,0.01,14,200,6,63.42643348117444,
0,0.01,14,200,8,62.43871339033251,
0,0.01,20,50,2,60.17132376331915,
0,0.01,20,50,4,57.40479736483744,
0,0.01,20,50,6,55.09026946673063,
0,0.01,20,50,8,54.30175274572014,
0,0.01,20,100,2,59.90424233317469,
0,0.01,20,100,4,58.01375518670583,
0,0.01,20,100,6,56.137464231022285,
0,0.01,20,100,8,54.634085067750384,
0,0.01,20,200,2,60.5570006969016,
0,0.01,20,200,4,57.47016281872186,
0,0.01,20,200,6,55.26629688306421,
0,0.01,20,200,8,55.096981756550335,
0,0.01,26,50,2,52.09845399814262,
0,0.01,26,50,4,47.55553298030646,
0,0.01,26,50,6,44.98640719795888,
0,0.01,26,50,8,44.40308692614239,
0,0.01,26,100,2,52.05823806225566,
0,0.01,26,100,4,47.64565988410945,
0,0.01,26,100,6,44.51245928588136,
0,0.01,26,100,8,43.973259819953256,
0,0.01,26,200,2,51.559452332102765,
0,0.01,26,200,4,47.072018698005934,
0,0.01,26,200,6,45.83536399273154,
0,0.01,26,200,8,43.90211848576151,
0,0.01,32,50,2,42.65428596418538,
0,0.01,32,50,2,103.415893271047,
0,0.01,32,50,4,35.926490171953056,
0,0.01,32,50,4,110.57549815435488,
0,0.01,32,50,6,33.08216005129756,
0,0.01,32,50,6,108.68586218171887,
0,0.01,32,50,8,33.530045429930496,
0,0.01,32,50,8,106.75010983106336,
0,0.01,32,100,2,41.69529841056301,
0,0.01,32,100,2,102.36314601063144,
0,0.01,32,100,4,35.15383232789345,
0,0.01,32,100,4,111.05537744630472,
0,0.01,32,100,6,33.45182028751344,
0,0.01,32,100,6,110.16214741388876,
0,0.01,32,100,8,33.93920568180717,
0,0.01,32,100,8,106.4482451753406,
0,0.01,32,200,2,42.05993961970212,
0,0.01,32,200,2,102.88342093097272,
0,0.01,32,200,4,35.58418972107513,
0,0.01,32,200,4,110.292547134288,
0,0.01,32,200,6,33.295072652654724,
0,0.01,32,200,6,107.52014673983687,
0,0.01,32,200,8,33.57043215539677,
0,0.01,32,200,8,107.22744919373818,
0,0.01,56,50,2,93.20881665894169,
0,0.01,56,50,4,100.33319258653606,
0,0.01,56,50,6,97.93698727608016,
0,0.01,56,50,8,95.61356402062074,
0,0.01,56,100,2,92.4433696500438,
0,0.01,56,100,4,99.6194581485112,
0,0.01,56,100,6,97.37382998271625,
0,0.01,56,100,8,95.08313420436735,
0,0.01,56,200,2,92.92782406953047,
0,0.01,56,200,4,99.8253335459482,
0,0.01,56,200,6,96.80221233046667,
0,0.01,56,200,8,95.2603725883058,
0,0.01,80,50,2,80.57141828633546,
0,0.01,80,50,4,79.76543458921476,
0,0.01,80,50,6,74.91374457420447,
0,0.01,80,50,8,71.8551320090132,
0,0.01,80,100,2,79.14030060320361,
0,0.01,80,100,4,80.17138200666673,
0,0.01,80,100,6,75.10570675720987,
0,0.01,80,100,8,71.43310399851593,
0,0.01,80,200,2,79.14984519398745,
0,0.01,80,200,4,79.69457588644421,
0,0.01,80,200,6,74.92668764888577,
0,0.01,80,200,8,72.12618570658856,
0,0.01,104,50,2,61.971768873650056,
0,0.01,104,50,4,54.20911635415613,
0,0.01,104,50,6,48.0016404110028,
0,0.01,104,50,8,43.24605471747346,
0,0.01,104,100,2,63.15431807638426,
0,0.01,104,100,4,53.961954454355485,
0,0.01,104,100,6,47.31636009443953,
0,0.01,104,100,8,47.55835720872901,
0,0.01,104,200,2,62.39907619941798,
0,0.01,104,200,4,56.130745132804165,
0,0.01,104,200,6,49.067076529124805,
0,0.01,104,200,8,46.017489923014026,
0,0.01,128,50,2,137.16236084722664,"(32, 32)"
0,0.01,128,50,2,41.02030274664922,
0,0.01,128,50,4,155.74435316598422,"(32, 32)"
0,0.01,128,50,4,32.56492227927805,
0,0.01,128,50,6,162.1407766437952,"(32, 32)"
0,0.01,128,50,6,30.736854534655468,
0,0.01,128,50,8,163.9670078889528,"(32, 32)"
0,0.01,128,50,8,29.09322841025132,
0,0.01,128,100,2,136.06373875290203,"(32, 32)"
0,0.01,128,100,2,41.31208544824688,
0,0.01,128,100,4,155.2367101438962,"(32, 32)"
0,0.01,128,100,4,30.586332175873924,
0,0.01,128,100,6,160.36923112253336,"(32, 32)"
0,0.01,128,100,6,28.58667371562377,
0,0.01,128,100,8,161.59678503936456,"(32, 32)"
0,0.01,128,100,8,28.499333691755385,
0,0.01,128,200,2,135.1769610074177,"(32, 32)"
0,0.01,128,200,2,41.21012532523153,
0,0.01,128,200,4,155.09055471577997,"(32, 32)"
0,0.01,128,200,4,31.748598803742137,
0,0.01,128,200,6,159.34143951709984,"(32, 32)"
0,0.01,128,200,6,27.723345903426857,
0,0.01,128,200,8,162.40909349463703,"(32, 32)"
0,0.01,128,200,8,29.37709128869345,
0,0.01,224,50,2,119.81375165990968,"(32, 32)"
0,0.01,224,50,4,135.74799851264552,"(32, 32)"
0,0.01,224,50,6,138.78184196141484,"(32, 32)"
0,0.01,224,50,8,138.1919487867244,"(32, 32)"
0,0.01,224,100,2,116.9663172271921,"(32, 32)"
0,0.01,224,100,4,134.88378696614402,"(32, 32)"
0,0.01,224,100,6,138.32032047025004,"(32, 32)"
0,0.01,224,100,8,137.19109182326372,"(32, 32)"
0,0.01,224,200,2,117.07819580173732,"(32, 32)"
0,0.01,224,200,4,133.9732185047436,"(32, 32)"
0,0.01,224,200,6,139.2269552670639,"(32, 32)"
0,0.01,224,200,8,139.92796201176122,"(32, 32)"
0,0.01,320,50,2,95.14824435628464,"(32, 32)"
0,0.01,320,50,4,99.03372952940414,"(32, 32)"
0,0.01,320,50,6,95.65046839422388,"(32, 32)"
0,0.01,320,50,8,88.97877630852099,"(32, 32)"
0,0.01,320,100,2,95.64636602123912,"(32, 32)"
0,0.01,320,100,4,95.18325136938516,"(32, 32)"
0,0.01,320,100,6,95.81307861790437,"(32, 32)"
0,0.01,320,100,8,89.64078585946217,"(32, 32)"
0,0.01,320,200,2,95.34266580460972,"(32, 32)"
0,0.01,320,200,4,100.30091909898348,"(32, 32)"
0,0.01,320,200,6,95.94625377170016,"(32, 32)"
0,0.01,320,200,8,90.75618243635606,"(32, 32)"
0,0.01,416,50,2,61.49770115223233,"(32, 32)"
0,0.01,416,50,4,48.49007263045989,"(32, 32)"
0,0.01,416,50,6,46.2419695506669,"(32, 32)"
0,0.01,416,50,8,42.31818197351125,"(32, 32)"
0,0.01,416,100,2,62.26575708698349,"(32, 32)"
0,0.01,416,100,4,52.13258924969526,"(32, 32)"
0,0.01,416,100,6,44.84739452266086,"(32, 32)"
0,0.01,416,100,8,43.57354053497854,"(32, 32)"
0,0.01,416,200,2,63.32561978331647,"(32, 32)"
0,0.01,416,200,4,52.70767900666402,"(32, 32)"
0,0.01,416,200,6,44.89949484967896,"(32, 32)"
0,0.01,416,200,8,41.45814048428307,"(32, 32)"
0,0.01,512,50,2,32.27831178866499,"(32, 32)"
0,0.01,512,50,4,24.14498287235868,"(32, 32)"
0,0.01,512,50,6,24.32952731775969,"(32, 32)"
0,0.01,512,50,8,26.049821656068747,"(32, 32)"
0,0.01,512,100,2,31.93420853049272,"(32, 32)"
0,0.01,512,100,4,22.50545689849377,"(32, 32)"
0,0.01,512,100,6,25.78801343575908,"(32, 32)"
0,0.01,512,100,8,26.14109685988409,"(32, 32)"
0,0.01,512,200,2,31.222150248953277,"(32, 32)"
0,0.01,512,200,4,26.65303376126626,"(32, 32)"
0,0.01,512,200,6,25.813122684089528,"(32, 32)"
0,0.01,512,200,8,25.058287383040465,"(32, 32)"
0,0.1,8,50,2,46.67618253054764,
0,0.1,8,50,4,45.38756452475468,
0,0.1,8,50,6,45.13523321806287,
0,0.1,8,50,8,45.3117159229711,
0,0.1,8,100,2,46.89759904454148,
0,0.1,8,100,4,45.67523099593458,
0,0.1,8,100,6,44.89869531889664,
0,0.1,8,100,8,44.56021129407389,
0,0.1,8,200,2,46.89251825158096,
0,0.1,8,200,4,45.7468341086368,
0,0.1,8,200,6,45.34860844942831,
0,0.1,8,200,8,44.9198576737932,
0,0.1,14,50,2,38.5035443346527,
0,0.1,14,50,4,37.10990665737575,
0,0.1,14,50,6,36.90422777389998,
0,0.1,14,50,8,36.77734421675849,
0,0.1,14,100,2,38.25630564854636,
0,0.1,14,100,4,37.11437065469706,
0,0.1,14,100,6,37.138744391692285,
0,0.1,14,100,8,37.00498531881948,
0,0.1,14,200,2,38.23309466202419,
0,0.1,14,200,4,37.15633218433733,
0,0.1,14,200,6,36.95359583226079,
0,0.1,14,200,8,36.745522362544925,
0,0.1,20,50,2,31.67880557110873,
0,0.1,20,50,4,30.95816496593203,
0,0.1,20,50,6,30.97080825140211,
0,0.1,20,50,8,31.1441782499906,
0,0.1,20,100,2,31.816865812557296,
0,0.1,20,100,4,30.924664665013825,
0,0.1,20,100,6,31.256426951413417,
0,0.1,20,100,8,31.173871627001944,
0,0.1,20,200,2,31.705766939092403,
0,0.1,20,200,4,30.900134030147097,
0,0.1,20,200,6,30.874070558959968,
0,0.1,20,200,8,31.093346306562037,
0,0.1,26,50,2,26.65368046064912,
0,0.1,26,50,4,26.553518127569685,
0,0.1,26,50,6,27.109504316829536,
0,0.1,26,50,8,27.63608325241078,
0,0.1,26,100,2,26.65245839529974,
0,0.1,26,100,4,26.594590278018277,
0,0.1,26,100,6,27.160450846395083,
0,0.1,26,100,8,27.60366632739853,
0,0.1,26,200,2,26.668744181133285,
0,0.1,26,200,4,26.649866446613096,
0,0.1,26,200,6,27.234076300781474,
0,0.1,26,200,8,27.6337150532027,
0,0.1,32,50,2,22.60732012666088,
0,0.1,32,50,2,49.05028538363279,
0,0.1,32,50,4,23.61918899681332,
0,0.1,32,50,4,51.18551531287185,
0,0.1,32,50,6,24.615394074181427,
0,0.1,32,50,6,50.56350261887148,
0,0.1,32,50,8,25.42951446333697,
0,0.1,32,50,8,50.38103064700002,
0,0.1,32,100,2,22.64430290134672,
0,0.1,32,100,2,48.31111847751596,
0,0.1,32,100,4,23.608306476843904,
0,0.1,32,100,4,50.20026255383166,
0,0.1,32,100,6,24.60931842131393,
0,0.1,32,100,6,51.15272818381218,
0,0.1,32,100,8,25.38143906850501,
0,0.1,32,100,8,50.0522676790662,
0,0.1,32,200,2,22.584002364079797,
0,0.1,32,200,2,48.87047105181631,
0,0.1,32,200,4,23.599221187607466,
0,0.1,32,200,4,51.25666140551822,
0,0.1,32,200,6,24.63021392617848,
0,0.1,32,200,6,50.95152413556498,
0,0.1,32,200,8,25.371073451926065,
0,0.1,32,200,8,50.5232121214965,
0,0.1,56,50,2,35.71181673725509,
0,0.1,56,50,4,35.06817281870456,
0,0.1,56,50,6,34.44305369601386,
0,0.1,56,50,8,34.728888706009506,
0,0.1,56,100,2,36.05593521422463,
0,0.1,56,100,4,34.48956102197483,
0,0.1,56,100,6,34.70117539275746,
0,0.1,56,100,8,34.52369313124907,
0,0.1,56,200,2,36.0155513340658,
0,0.1,56,200,4,34.84642247099549,
0,0.1,56,200,6,34.45512650746277,
0,0.1,56,200,8,34.694198154145056,
0,0.1,80,50,2,29.171047107000597,
0,0.1,80,50,4,28.973315557142907,
0,0.1,80,50,6,29.543564133355,
0,0.1,80,50,8,30.14710004281027,
0,0.1,80,100,2,29.15600206406673,
0,0.1,80,100,4,28.96949446132056,
0,0.1,80,100,6,29.47102530019736,
0,0.1,80,100,8,30.08473306571381,
0,0.1,80,200,2,29.21499103703346,
0,0.1,80,200,4,28.969602438556144,
0,0.1,80,200,6,29.56188448049424,
0,0.1,80,200,8,30.084022859260106,
0,0.1,104,50,2,24.77868231114028,
0,0.1,104,50,4,25.814226143598077,
0,0.1,104,50,6,27.082228167555403,
0,0.1,104,50,8,27.827373650853204,
0,0.1,104,100,2,24.75928808541518,
0,0.1,104,100,4,25.774423368203195,
0,0.1,104,100,6,26.975352092492063,
0,0.1,104,100,8,27.84937007883377,
0,0.1,104,200,2,24.66775341045657,
0,0.1,104,200,4,25.80110142153255,
0,0.1,104,200,6,27.009961798315,
0,0.1,104,200,8,27.857838158785825,
0,0.1,128,50,2,50.779528929669006,"(32, 32)"
0,0.1,128,50,2,21.317663557271366,
0,0.1,128,50,4,55.12493903401089,"(32, 32)"
0,0.1,128,50,4,23.879822089268934,
0,0.1,128,50,6,58.56909390093018,"(32, 32)"
0,0.1,128,50,6,25.55235615297074,
0,0.1,128,50,8,60.70016689874621,"(32, 32)"
0,0.1,128,50,8,26.46866446417057,
0,0.1,128,100,2,50.64248054021557,"(32, 32)"
0,0.1,128,100,2,21.37168367771278,
0,0.1,128,100,4,56.73890127135411,"(32, 32)"
0,0.1,128,100,4,23.9479799760665,
0,0.1,128,100,6,60.53099946229651,"(32, 32)"
0,0.1,128,100,6,25.49611828748628,
0,0.1,128,100,8,60.91504381403834,"(32, 32)"
0,0.1,128,100,8,26.46962631198157,
0,0.1,128,200,2,50.55415084806341,"(32, 32)"
0,0.1,128,200,2,21.374451925824776,
0,0.1,128,200,4,55.06521208337537,"(32, 32)"
0,0.1,128,200,4,23.833755738398768,
0,0.1,128,200,6,60.04450298372043,"(32, 32)"
0,0.1,128,200,6,25.52728046388961,
0,0.1,128,200,8,61.88597043589114,"(32, 32)"
0,0.1,128,200,8,26.44531502434903,
0,0.1,224,50,2,33.76121244323443,"(32, 32)"
0,0.1,224,50,4,32.67452891447274,"(32, 32)"
0,0.1,224,50,6,32.94352669926974,"(32, 32)"
0,0.1,224,50,8,33.56344182630535,"(32, 32)"
0,0.1,224,100,2,33.74845707510124,"(32, 32)"
0,0.1,224,100,4,32.942568365510866,"(32, 32)"
0,0.1,224,100,6,33.083978436872215,"(32, 32)"
0,0.1,224,100,8,33.609633327255715,"(32, 32)"
0,0.1,224,200,2,33.76103866335303,"(32, 32)"
0,0.1,224,200,4,32.63957929237227,"(32, 32)"
0,0.1,224,200,6,33.21087903484474,"(32, 32)"
0,0.1,224,200,8,33.39079362454497,"(32, 32)"
0,0.1,320,50,2,27.9551546778977,"(32, 32)"
0,0.1,320,50,4,28.63787985141416,"(32, 32)"
0,0.1,320,50,6,29.987750286347392,"(32, 32)"
0,0.1,320,50,8,30.991875906806616,"(32, 32)"
0,0.1,320,100,2,27.78414740541625,"(32, 32)"
0,0.1,320,100,4,28.68166217121254,"(32, 32)"
0,0.1,320,100,6,29.938625561414668,"(32, 32)"
0,0.1,320,100,8,30.92161235341178,"(32, 32)"
0,0.1,320,200,2,27.919511777221643,"(32, 32)"
0,0.1,320,200,4,28.646320515506847,"(32, 32)"
0,0.1,320,200,6,29.92713650093353,"(32, 32)"
0,0.1,320,200,8,30.84052331621448,"(32, 32)"
0,0.1,416,50,2,23.98169685844196,"(32, 32)"
0,0.1,416,50,4,26.547265420953742,"(32, 32)"
0,0.1,416,50,6,28.554279104252902,"(32, 32)"
0,0.1,416,50,8,29.78131571038953,"(32, 32)"
0,0.1,416,100,2,24.003229718649727,"(32, 32)"
0,0.1,416,100,4,26.48023984241488,"(32, 32)"
0,0.1,416,100,6,28.4201686487422,"(32, 32)"
0,0.1,416,100,8,29.5929243703715,"(32, 32)"
0,0.1,416,200,2,23.985292060541852,"(32, 32)"
0,0.1,416,200,4,26.49269276764003,"(32, 32)"
0,0.1,416,200,6,28.451543069569198,"(32, 32)"
0,0.1,416,200,8,29.583330295902865,"(32, 32)"
0,0.1,512,50,2,21.45389234888916,"(32, 32)"
0,0.1,512,50,4,25.45626536293231,"(32, 32)"
0,0.1,512,50,6,27.767328505243626,"(32, 32)"
0,0.1,512,50,8,29.02136456363232,"(32, 32)"
0,0.1,512,100,2,21.40826976742433,"(32, 32)"
0,0.1,512,100,4,25.34748453454512,"(32, 32)"
0,0.1,512,100,6,27.637129179262452,"(32, 32)"
0,0.1,512,100,8,28.95225013856328,"(32, 32)"
0,0.1,512,200,2,21.35328999526364,"(32, 32)"
0,0.1,512,200,4,25.34645797994083,"(32, 32)"
0,0.1,512,200,6,27.62300744789221,"(32, 32)"
0,0.1,512,200,8,28.87781844482585,"(32, 32)"
0,1.0,8,50,2,43.22989213572204,
0,1.0,8,50,4,41.154469560883015,
0,1.0,8,50,6,40.77252936535074,
0,1.0,8,50,8,40.72315619072615,
0,1.0,8,100,2,43.11462565043104,
0,1.0,8,100,4,41.16210979203736,
0,1.0,8,100,6,40.78542099008094,
0,1.0,8,100,8,40.79626380231738,
0,1.0,8,200,2,43.03238620518513,
0,1.0,8,200,4,41.09228373765419,
0,1.0,8,200,6,40.94878547553501,
0,1.0,8,200,8,40.79753046228765,
0,1.0,14,50,2,35.59816081621794,
0,1.0,14,50,4,34.9600239383956,
0,1.0,14,50,6,35.28214702699126,
0,1.0,14,50,8,35.58082400786774,
0,1.0,14,100,2,35.656228709904084,
0,1.0,14,100,4,34.81290215032251,
0,1.0,14,100,6,35.20604129230297,
0,1.0,14,100,8,35.60860968215543,
0,1.0,14,200,2,35.65508854785623,
0,1.0,14,200,4,34.915786847400355,
0,1.0,14,200,6,35.289972299903816,
0,1.0,14,200,8,35.626811252527126,
0,1.0,20,50,2,30.449356245179462,
0,1.0,20,50,4,31.207409514406248,
0,1.0,20,50,6,32.100875524066645,
0,1.0,20,50,8,32.72000169227055,
0,1.0,20,100,2,30.49306271562922,
0,1.0,20,100,4,31.296813568649146,
0,1.0,20,100,6,32.12707584071721,
0,1.0,20,100,8,32.71149364843229,
0,1.0,20,200,2,30.44681514627219,
0,1.0,20,200,4,31.235241265852824,
0,1.0,20,200,6,32.094270310089,
0,1.0,20,200,8,32.68655767595997,
0,1.0,26,50,2,27.020340216222124,
0,1.0,26,50,4,29.01153762450613,
0,1.0,26,50,6,30.18249356474121,
0,1.0,26,50,8,30.94156615383659,
0,1.0,26,100,2,27.112368055121937,
0,1.0,26,100,4,28.98591159747222,
0,1.0,26,100,6,30.154000217142983,
0,1.0,26,100,8,30.837387278968936,
0,1.0,26,200,2,27.04722294399064,
0,1.0,26,200,4,28.997866190313182,
0,1.0,26,200,6,30.20574488281627,
0,1.0,26,200,8,30.945050483794336,
0,1.0,32,50,2,24.791814219145223,
0,1.0,32,50,2,39.26715208788717,
0,1.0,32,50,4,27.520209914449264,
0,1.0,32,50,4,38.62212378400699,
0,1.0,32,50,6,28.9327348447976,
0,1.0,32,50,6,38.69224339310792,
0,1.0,32,50,8,29.773591568927824,
0,1.0,32,50,8,38.89576186405285,
0,1.0,32,100,2,24.870256901462167,
0,1.0,32,100,2,39.43719080880864,
0,1.0,32,100,4,27.632908444269045,
0,1.0,32,100,4,38.409388290575535,
0,1.0,32,100,6,28.999309465802945,
0,1.0,32,100,6,38.71694525822219,
0,1.0,32,100,8,29.67740069016917,
0,1.0,32,100,8,38.82049979358371,
0,1.0,32,200,2,24.758158023213127,
0,1.0,32,200,2,39.4964615890824,
0,1.0,32,200,4,27.513256276476227,
0,1.0,32,200,4,38.63307564764398,
0,1.0,32,200,6,28.96008809945632,
0,1.0,32,200,6,38.83039278895189,
0,1.0,32,200,8,29.79062027238404,
0,1.0,32,200,8,38.89017943345038,
0,1.0,56,50,2,32.92867072403403,
0,1.0,56,50,4,33.5025388410366,
0,1.0,56,50,6,34.37312811176405,
0,1.0,56,50,8,34.981443172410145,
0,1.0,56,100,2,32.81299379976279,
0,1.0,56,100,4,33.55049080411524,
0,1.0,56,100,6,34.42917339927044,
0,1.0,56,100,8,35.01999153307034,
0,1.0,56,200,2,32.949128908443015,
0,1.0,56,200,4,33.46680137738881,
0,1.0,56,200,6,34.39959131264217,
0,1.0,56,200,8,35.036679149189105,
0,1.0,80,50,2,28.82703190413643,
0,1.0,80,50,4,31.018491767209625,
0,1.0,80,50,6,32.39041395252035,
0,1.0,80,50,8,33.21071271297574,
0,1.0,80,100,2,28.76584454006646,
0,1.0,80,100,4,31.054235759784326,
0,1.0,80,100,6,32.36172089300095,
0,1.0,80,100,8,33.19916554976471,
0,1.0,80,200,2,28.74069023328161,
0,1.0,80,200,4,30.95133863028531,
0,1.0,80,200,6,32.318994042916074,
0,1.0,80,200,8,33.262962338668835,
0,1.0,104,50,2,26.41077719258757,
0,1.0,104,50,4,29.644272728110792,
0,1.0,104,50,6,31.249398736891504,
0,1.0,104,50,8,32.34969074036589,
0,1.0,104,100,2,26.50271880400021,
0,1.0,104,100,4,29.60735416813536,
0,1.0,104,100,6,31.24277199124267,
0,1.0,104,100,8,32.238600971166925,
0,1.0,104,200,2,26.471596737019343,
0,1.0,104,200,4,29.628484979701252,
0,1.0,104,200,6,31.205421695607377,
0,1.0,104,200,8,32.245421446845256,
0,1.0,128,50,2,37.85061414414391,"(32, 32)"
0,1.0,128,50,2,25.05784186932205,
0,1.0,128,50,4,37.450944884008976,"(32, 32)"
0,1.0,128,50,4,28.80210546638692,
0,1.0,128,50,6,38.01607845865367,"(32, 32)"
0,1.0,128,50,6,30.617271911862936,
0,1.0,128,50,8,38.31554192917563,"(32, 32)"
0,1.0,128,50,8,31.73069861344169,
0,1.0,128,100,2,37.96604345902556,"(32, 32)"
0,1.0,128,100,2,25.096265540870824,
0,1.0,128,100,4,37.38984992454999,"(32, 32)"
0,1.0,128,100,4,28.839093494744816,
0,1.0,128,100,6,37.94881982991242,"(32, 32)"
0,1.0,128,100,6,30.63244961808461,
0,1.0,128,100,8,38.33369011643825,"(32, 32)"
0,1.0,128,100,8,31.63697666562821,
0,1.0,128,200,2,38.02844614116997,"(32, 32)"
0,1.0,128,200,2,25.085228638210552,
0,1.0,128,200,4,37.50107440680919,"(32, 32)"
0,1.0,128,200,4,28.840556024701822,
0,1.0,128,200,6,37.894798517734685,"(32, 32)"
0,1.0,128,200,6,30.5712902323161,
0,1.0,128,200,8,38.30816566132408,"(32, 32)"
0,1.0,128,200,8,31.64726348183476,
0,1.0,224,50,2,31.687146427506875,"(32, 32)"
0,1.0,224,50,4,33.61828716446688,"(32, 32)"
0,1.0,224,50,6,34.99050943584323,"(32, 32)"
0,1.0,224,50,8,35.91051625801947,"(32, 32)"
0,1.0,224,100,2,31.739910114451902,"(32, 32)"
0,1.0,224,100,4,33.627489529594506,"(32, 32)"
0,1.0,224,100,6,34.91004342663527,"(32, 32)"
0,1.0,224,100,8,35.79547897007757,"(32, 32)"
0,1.0,224,200,2,31.754584154215102,"(32, 32)"
0,1.0,224,200,4,33.615750880731355,"(32, 32)"
0,1.0,224,200,6,34.944645023090374,"(32, 32)"
0,1.0,224,200,8,35.78526903261073,"(32, 32)"
0,1.0,320,50,2,28.598274248248394,"(32, 32)"
0,1.0,320,50,4,32.07021103725576,"(32, 32)"
0,1.0,320,50,6,33.826369961149176,"(32, 32)"
0,1.0,320,50,8,34.95701515401141,"(32, 32)"
0,1.0,320,100,2,28.56933932567597,"(32, 32)"
0,1.0,320,100,4,31.988202900708483,"(32, 32)"
0,1.0,320,100,6,33.71258352776386,"(32, 32)"
0,1.0,320,100,8,34.84837331163452,"(32, 32)"
0,1.0,320,200,2,28.55169647040068,"(32, 32)"
0,1.0,320,200,4,31.87796551242224,"(32, 32)"
0,1.0,320,200,6,33.67763333747095,"(32, 32)"
0,1.0,320,200,8,34.79622188755131,"(32, 32)"
0,1.0,416,50,2,27.08040211783284,"(32, 32)"
0,1.0,416,50,4,31.25193505971761,"(32, 32)"
0,1.0,416,50,6,33.232182884646086,"(32, 32)"
0,1.0,416,50,8,34.492903435643896,"(32, 32)"
0,1.0,416,100,2,27.06301075935721,"(32, 32)"
0,1.0,416,100,4,31.12780418173228,"(32, 32)"
0,1.0,416,100,6,33.1209883653899,"(32, 32)"
0,1.0,416,100,8,34.38711301141411,"(32, 32)"
0,1.0,416,200,2,27.05375984842098,"(32, 32)"
0,1.0,416,200,4,31.148692294328,"(32, 32)"
0,1.0,416,200,6,33.0825908459062,"(32, 32)"
0,1.0,416,200,8,34.324976363872,"(32, 32)"
0,1.0,512,50,2,26.17893962195995,"(32, 32)"
0,1.0,512,50,4,30.804851952388827,"(32, 32)"
0,1.0,512,50,6,32.90474599677908,"(32, 32)"
0,1.0,512,50,8,34.16949027574666,"(32, 32)"
0,1.0,512,100,2,26.20992744421204,"(32, 32)"
0,1.0,512,100,4,30.71178635981849,"(32, 32)"
0,1.0,512,100,6,32.76165930853004,"(32, 32)"
0,1.0,512,100,8,34.039220347726875,"(32, 32)"
0,1.0,512,200,2,26.135307870280872,"(32, 32)"
0,1.0,512,200,4,30.64943564114761,"(32, 32)"
0,1.0,512,200,6,32.7863215186325,"(32, 32)"
0,1.0,512,200,8,34.01785095809806,"(32, 32)"
0,10.0,8,50,2,42.47213810197943,
0,10.0,8,50,4,40.89322328457133,
0,10.0,8,50,6,40.982549628890496,
0,10.0,8,50,8,41.15912837663554,
0,10.0,8,100,2,42.86300900775319,
0,10.0,8,100,4,40.83242334921874,
0,10.0,8,100,6,41.01962615342619,
0,10.0,8,100,8,41.40629297794055,
0,10.0,8,200,2,42.80623002744574,
0,10.0,8,200,4,40.860556334126514,
0,10.0,8,200,6,41.00561243115986,
0,10.0,8,200,8,41.23433831875678,
0,10.0,14,50,2,36.28668046079064,
0,10.0,14,50,4,37.01404444168992,
0,10.0,14,50,6,37.95993962048953,
0,10.0,14,50,8,38.52354756364512,
0,10.0,14,100,2,36.26799027841837,
0,10.0,14,100,4,37.07623299048721,
0,10.0,14,100,6,38.01306946518256,
0,10.0,14,100,8,38.536424028024136,
0,10.0,14,200,2,36.2649378023202,
0,10.0,14,200,4,37.02472659569661,
0,10.0,14,200,6,37.94457665292083,
0,10.0,14,200,8,38.60481584184623,
0,10.0,20,50,2,33.45555457281948,
0,10.0,20,50,4,35.57858979696803,
0,10.0,20,50,6,36.73306247405932,
0,10.0,20,50,8,37.413608780071485,
0,10.0,20,100,2,33.508186649538096,
0,10.0,20,100,4,35.60164634455304,
0,10.0,20,100,6,36.68015393822835,
0,10.0,20,100,8,37.303870553063874,
0,10.0,20,200,2,33.44133062078967,
0,10.0,20,200,4,35.590295263932234,
0,10.0,20,200,6,36.70671023108404,
0,10.0,20,200,8,37.34959124605728,
0,10.0,26,50,2,32.13543858128094,
0,10.0,26,50,4,34.87875105397912,
0,10.0,26,50,6,36.04971160773318,
0,10.0,26,50,8,36.62413122819728,
0,10.0,26,100,2,32.11300227335565,
0,10.0,26,100,4,34.84004340877522,
0,10.0,26,100,6,35.986752297788456,
0,10.0,26,100,8,36.733919115697866,
0,10.0,26,200,2,32.10343428924797,
0,10.0,26,200,4,34.77857372753,
0,10.0,26,200,6,36.03119388784389,
0,10.0,26,200,8,36.6519566303793,
0,10.0,32,50,2,31.38074352689141,
0,10.0,32,50,2,38.92060487957368,
0,10.0,32,50,4,34.320795275937336,
0,10.0,32,50,4,38.93506939252933,
0,10.0,32,50,6,35.57843749219443,
0,10.0,32,50,6,39.765678720494165,
0,10.0,32,50,8,36.229479749810025,
0,10.0,32,50,8,40.38649205916165,
0,10.0,32,100,2,31.34368147989925,
0,10.0,32,100,2,38.92976456859783,
0,10.0,32,100,4,34.291029141240855,
0,10.0,32,100,4,38.9939613557894,
0,10.0,32,100,6,35.58100219404406,
0,10.0,32,100,6,39.80377825146805,
0,10.0,32,100,8,36.1888662024361,
0,10.0,32,100,8,40.28453406892211,
0,10.0,32,200,2,31.37209735225002,
0,10.0,32,200,2,38.984721149750186,
0,10.0,32,200,4,34.32481177292995,
0,10.0,32,200,4,38.97811554402708,
0,10.0,32,200,6,35.54288621593753,
0,10.0,32,200,6,39.77564779601676,
0,10.0,32,200,8,36.16828674578723,
0,10.0,32,200,8,40.35434806492804,
0,10.0,56,50,2,34.352126956038816,
0,10.0,56,50,4,36.96645272631319,
0,10.0,56,50,6,38.22136429136795,
0,10.0,56,50,8,38.96305549820372,
0,10.0,56,100,2,34.41526273091476,
0,10.0,56,100,4,37.05693169332072,
0,10.0,56,100,6,38.211848411707415,
0,10.0,56,100,8,38.882731708353,
0,10.0,56,200,2,34.4086231379932,
0,10.0,56,200,4,37.096471646480936,
0,10.0,56,200,6,38.24465062252516,
0,10.0,56,200,8,38.91561519555594,
0,10.0,80,50,2,32.86253770526451,
0,10.0,80,50,4,36.26146700787199,
0,10.0,80,50,6,37.64852539862832,
0,10.0,80,50,8,38.39419080781447,
0,10.0,80,100,2,32.857050589911715,
0,10.0,80,100,4,36.34208180739258,
0,10.0,80,100,6,37.63759090598843,
0,10.0,80,100,8,38.290736179163936,
0,10.0,80,200,2,32.82062358749631,
0,10.0,80,200,4,36.28677828100942,
0,10.0,80,200,6,37.652628541659496,
0,10.0,80,200,8,38.38825521269685,
0,10.0,104,50,2,32.174979254205354,
0,10.0,104,50,4,36.02950518867314,
0,10.0,104,50,6,37.35718640051656,
0,10.0,104,50,8,38.10132877105303,
0,10.0,104,100,2,32.15956832624499,
0,10.0,104,100,4,35.935930088416804,
0,10.0,104,100,6,37.27463822678557,
0,10.0,104,100,8,38.05911951446792,
0,10.0,104,200,2,32.15961666296244,
0,10.0,104,200,4,35.941768333054824,
0,10.0,104,200,6,37.23436306446187,
0,10.0,104,200,8,37.97156730843017,
0,10.0,128,50,2,37.560343040955416,"(32, 32)"
0,10.0,128,50,2,31.722668996657333,
0,10.0,128,50,4,39.03496207062305,"(32, 32)"
0,10.0,128,50,4,35.75899685845846,
0,10.0,128,50,6,40.170191097094616,"(32, 32)"
0,10.0,128,50,6,37.139626187449785,
0,10.0,128,50,8,40.87791334496511,"(32, 32)"
0,10.0,128,50,8,37.86491169041594,
0,10.0,128,100,2,37.54762829276141,"(32, 32)"
0,10.0,128,100,2,31.746485778483372,
0,10.0,128,100,4,38.97567450115295,"(32, 32)"
0,10.0,128,100,4,35.7722381570697,
0,10.0,128,100,6,40.285380149506885,"(32, 32)"
0,10.0,128,100,6,37.1533527447823,
0,10.0,128,100,8,40.854252907394326,"(32, 32)"
0,10.0,128,100,8,37.84910796309861,
0,10.0,128,200,2,37.568998209492406,"(32, 32)"
0,10.0,128,200,2,31.75669195584249,
0,10.0,128,200,4,39.03756230349643,"(32, 32)"
0,10.0,128,200,4,35.71031146688944,
0,10.0,128,200,6,40.23017148475596,"(32, 32)"
0,10.0,128,200,6,37.115565581505805,
0,10.0,128,200,8,40.85311723859456,"(32, 32)"
0,10.0,128,200,8,37.76463559629818,
0,10.0,224,50,2,34.12334273230092,"(32, 32)"
0,10.0,224,50,4,38.0975160184509,"(32, 32)"
0,10.0,224,50,6,39.50708335428412,"(32, 32)"
0,10.0,224,50,8,40.224365269197406,"(32, 32)"
0,10.0,224,100,2,34.187939238298235,"(32, 32)"
0,10.0,224,100,4,38.02246318232705,"(32, 32)"
0,10.0,224,100,6,39.4181188970452,"(32, 32)"
0,10.0,224,100,8,40.22675225499647,"(32, 32)"
0,10.0,224,200,2,34.12987592467258,"(32, 32)"
0,10.0,224,200,4,38.04798795415625,"(32, 32)"
0,10.0,224,200,6,39.481089157494274,"(32, 32)"
0,10.0,224,200,8,40.06712364617445,"(32, 32)"
0,10.0,320,50,2,33.03017236833815,"(32, 32)"
0,10.0,320,50,4,37.692188635537775,"(32, 32)"
0,10.0,320,50,6,39.20935826409529,"(32, 32)"
0,10.0,320,50,8,39.9615481094142,"(32, 32)"
0,10.0,320,100,2,33.08393612047443,"(32, 32)"
0,10.0,320,100,4,37.67156539277132,"(32, 32)"
0,10.0,320,100,6,39.11633346170815,"(32, 32)"
0,10.0,320,100,8,39.91531964433669,"(32, 32)"
0,10.0,320,200,2,33.10622089623081,"(32, 32)"
0,10.0,320,200,4,37.63982750604815,"(32, 32)"
0,10.0,320,200,6,39.08546268434738,"(32, 32)"
0,10.0,320,200,8,39.85540237279156,"(32, 32)"
0,10.0,416,50,2,32.58393660927536,"(32, 32)"
0,10.0,416,50,4,37.54070061990649,"(32, 32)"
0,10.0,416,50,6,39.07399327988095,"(32, 32)"
0,10.0,416,50,8,39.81235028632504,"(32, 32)"
0,10.0,416,100,2,32.578130269221695,"(32, 32)"
0,10.0,416,100,4,37.51728844440199,"(32, 32)"
0,10.0,416,100,6,38.98687968492912,"(32, 32)"
0,10.0,416,100,8,39.75723589409506,"(32, 32)"
0,10.0,416,200,2,32.55976964592581,"(32, 32)"
0,10.0,416,200,4,37.45726472195266,"(32, 32)"
0,10.0,416,200,6,38.89266502636176,"(32, 32)"
0,10.0,416,200,8,39.71438937256978,"(32, 32)"
0,10.0,512,50,2,32.27700266634197,"(32, 32)"
0,10.0,512,50,4,37.4411414513654,"(32, 32)"
0,10.0,512,50,6,38.96768815980773,"(32, 32)"
0,10.0,512,50,8,39.80634580083464,"(32, 32)"
0,10.0,512,100,2,32.26182924716593,"(32, 32)"
0,10.0,512,100,4,37.34975736812441,"(32, 32)"
0,10.0,512,100,6,38.87393402895064,"(32, 32)"
0,10.0,512,100,8,39.66833028323372,"(32, 32)"
0,10.0,512,200,2,32.2470307868472,"(32, 32)"
0,10.0,512,200,4,37.37279853588774,"(32, 32)"
0,10.0,512,200,6,38.808590407964125,"(32, 32)"
0,10.0,512,200,8,39.6125050288035,"(32, 32)"
1,0.01,8,50,2,71.47211899716778,
1,0.01,8,50,4,68.80373879076728,
1,0.01,8,50,6,66.75491457788178,
1,0.01,8,50,8,66.16160259838202,
1,0.01,8,100,2,70.73241750655792,
1,0.01,8,100,4,68.52455384068503,
1,0.01,8,100,6,66.30772358251757,
1,0.01,8,100,8,65.71368394481378,
1,0.01,8,200,2,70.98419317062235,
1,0.01,8,200,4,68.40391774251248,
1,0.01,8,200,6,66.8260079584337,
1,0.01,8,200,8,65.95592553022684,
1,0.01,14,50,2,66.40032806200541,
1,0.01,14,50,4,64.91134498666081,
1,0.01,14,50,6,63.33609503028508,
1,0.01,14,50,8,62.47690131021752,
1,0.01,14,100,2,66.01827085350551,
1,0.01,14,100,4,65.19285173840491,
1,0.01,14,100,6,62.51107659415609,
1,0.01,14,100,8,62.04025284706403,
1,0.01,14,200,2,66.54382669776386,
1,0.01,14,200,4,64.87602615279901,
1,0.01,14,200,6,63.741635510588345,
1,0.01,14,200,8,61.95411066760043,
1,0.01,20,50,2,59.75256307044535,
1,0.01,20,50,4,57.47421801193979,
1,0.01,20,50,6,55.08709219584038,
1,0.01,20,50,8,54.51954580362706,
1,0.01,20,100,2,60.10187953606018,
1,0.01,20,100,4,57.678034872792864,
1,0.01,20,100,6,55.036807245923626,
1,0.01,20,100,8,55.33418822872866,
1,0.01,20,200,2,60.67210417612605,
1,0.01,20,200,4,56.71325549370136,
1,0.01,20,200,6,55.04945459745311,
1,0.01,20,200,8,55.16079649949758,
1,0.01,26,50,2,52.35027055351641,
1,0.01,26,50,4,47.14570696998257,
1,0.01,26,50,6,45.61226967659085,
1,0.01,26,50,8,43.8241058954754,
1,0.01,26,100,2,52.05446453753794,
1,0.01,26,100,4,47.49502983191116,
1,0.01,26,100,6,44.29383321339534,
1,0.01,26,100,8,44.190410383278056,
1,0.01,26,200,2,52.20194242816952,
1,0.01,26,200,4,48.0418235641701,
1,0.01,26,200,6,45.70066954708653,
1,0.01,26,200,8,42.84471426448394,
1,0.01,32,50,2,42.437921221388464,
1,0.01,32,50,2,103.46023444340337,
1,0.01,32,50,4,35.70510248429917,
1,0.01,32,50,4,110.69999664775288,
1,0.01,32,50,6,33.779364181235344,
1,0.01,32,50,6,109.15161110723884,
1,0.01,32,50,8,33.48709455688224,
1,0.01,32,50,8,108.13916967079896,
1,0.01,32,100,2,41.74613372809387,
1,0.01,32,100,2,103.45055837577328,
1,0.01,32,100,4,35.60874953814939,
1,0.01,32,100,4,109.76863271916264,
1,0.01,32,100,6,34.30354928873879,
1,0.01,32,100,6,109.32454306652886,
1,0.01,32,100,8,34.50480679183617,
1,0.01,32,100,8,107.29150606507562,
1,0.01,32,200,2,42.01223068173682,
1,0.01,32,200,2,103.40251983435056,
1,0.01,32,200,4,34.99064058775511,
1,0.01,32,200,4,110.1940198019932,
1,0.01,32,200,6,34.27368592484619,
1,0.01,32,200,6,108.71113691787988,
1,0.01,32,200,8,33.290668884781255,
1,0.01,32,200,8,106.01630117921798,
1,0.01,56,50,2,92.96611827042555,
1,0.01,56,50,4,99.20612581935376,
1,0.01,56,50,6,97.74362036918816,
1,0.01,56,50,8,95.6142612186842,
1,0.01,56,100,2,93.9866212495559,
1,0.01,56,100,4,99.54471145216344,
1,0.01,56,100,6,97.16369315734585,
1,0.01,56,100,8,96.39214102260428,
1,0.01,56,200,2,93.6006735149833,
1,0.01,56,200,4,100.00836449926634,
1,0.01,56,200,6,98.2276341652821,
1,0.01,56,200,8,94.54349346477872,
1,0.01,80,50,2,78.84451098836485,
1,0.01,80,50,4,81.17377344725638,
1,0.01,80,50,6,75.9044918706325,
1,0.01,80,50,8,71.36983250820009,
1,0.01,80,100,2,78.70471216464072,
1,0.01,80,100,4,80.60998542023614,
1,0.01,80,100,6,75.50676646447911,
1,0.01,80,100,8,71.94600252733355,
1,0.01,80,200,2,79.21583313998696,
1,0.01,80,200,4,81.29731652123253,
1,0.01,80,200,6,75.60167893155077,
1,0.01,80,200,8,71.9623766191865,
1,0.01,104,50,2,61.51653148243879,
1,0.01,104,50,4,53.503378039516384,
1,0.01,104,50,6,47.59838015100165,
1,0.01,104,50,8,42.58655933520272,
1,0.01,104,100,2,60.42185738550703,
1,0.01,104,100,4,52.83455126268138,
1,0.01,104,100,6,46.592227534820594,
1,0.01,104,100,8,45.60336940597678,
1,0.01,104,200,2,60.48583320391298,
1,0.01,104,200,4,54.41562115695471,
1,0.01,104,200,6,48.79759299329935,
1,0.01,104,200,8,43.16053440226286,
1,0.01,128,50,2,136.9550056637397,"(32, 32)"
1,0.01,128,50,2,40.06059101097284,
1,0.01,128,50,4,155.93366607662043,"(32, 32)"
1,0.01,128,50,4,31.776085357977784,
1,0.01,128,50,6,160.94718652110717,"(32, 32)"
1,0.01,128,50,6,28.96534006075546,
1,0.01,128,50,8,163.257585580028,"(32, 32)"
1,0.01,128,50,8,29.31947865000511,
1,0.01,128,100,2,135.94090580324035,"(32, 32)"
1,0.01,128,100,2,41.44725531681343,
1,0.01,128,100,4,154.7798409847434,"(32, 32)"
1,0.01,128,100,4,31.490338857262472,
1,0.01,128,100,6,159.953131975787,"(32, 32)"
1,0.01,128,100,6,27.642125547746204,
1,0.01,128,100,8,164.0754110781908,"(32, 32)"
1,0.01,128,100,8,27.12492040103888,
1,0.01,128,200,2,135.183479986502,"(32, 32)"
1,0.01,128,200,2,40.86936361199622,
1,0.01,128,200,4,154.73091160595123,"(32, 32)"
1,0.01,128,200,4,30.527754678236327,
1,0.01,128,200,6,160.5521620365766,"(32, 32)"
1,0.01,128,200,6,29.18431116365305,
1,0.01,128,200,8,162.88970191163432,"(32, 32)"
1,0.01,128,200,8,30.17350827048252,
1,0.01,224,50,2,119.15716132999276,"(32, 32)"
1,0.01,224,50,4,136.03108170102604,"(32, 32)"
1,0.01,224,50,6,137.74798942524802,"(32, 32)"
1,0.01,224,50,8,138.28788176243097,"(32, 32)"
1,0.01,224,100,2,117.54564051428004,"(32, 32)"
1,0.01,224,100,4,135.27462877128505,"(32, 32)"
1,0.01,224,100,6,139.3670669692856,"(32, 32)"
1,0.01,224,100,8,139.28558849538635,"(32, 32)"
1,0.01,224,200,2,118.110174324489,"(32, 32)"
1,0.01,224,200,4,134.49286275312443,"(32, 32)"
1,0.01,224,200,6,138.23673675820362,"(32, 32)"
1,0.01,224,200,8,137.91060592995126,"(32, 32)"
1,0.01,320,50,2,95.08020599018744,"(32, 32)"
1,0.01,320,50,4,96.5303953854762,"(32, 32)"
1,0.01,320,50,6,95.50553414652109,"(32, 32)"
1,0.01,320,50,8,88.08657217672543,"(32, 32)"
1,0.01,320,100,2,94.19971786262391,"(32, 32)"
1,0.01,320,100,4,96.77781799754511,"(32, 32)"
1,0.01,320,100,6,94.8845100712695,"(32, 32)"
1,0.01,320,100,8,90.7871318966718,"(32, 32)"
1,0.01,320,200,2,95.0177693061526,"(32, 32)"
1,0.01,320,200,4,98.8149881453802,"(32, 32)"
1,0.01,320,200,6,95.47427409121596,"(32, 32)"
1,0.01,320,200,8,89.85302680112387,"(32, 32)"
1,0.01,416,50,2,62.67446989147957,"(32, 32)"
1,0.01,416,50,4,50.2387707817443,"(32, 32)"
1,0.01,416,50,6,43.6879410400831,"(32, 32)"
1,0.01,416,50,8,42.72395329853409,"(32, 32)"
1,0.01,416,100,2,62.59191587125355,"(32, 32)"
1,0.01,416,100,4,51.9025332999427,"(32, 32)"
1,0.01,416,100,6,43.90546040215271,"(32, 32)"
1,0.01,416,100,8,42.413480812647,"(32, 32)"
1,0.01,416,200,2,61.532346701160016,"(32, 32)"
1,0.01,416,200,4,51.4043401392348,"(32, 32)"
1,0.01,416,200,6,48.06668017083418,"(32, 32)"
1,0.01,416,200,8,44.5758841212424,"(32, 32)"
1,0.01,512,50,2,31.747975382494097,"(32, 32)"
1,0.01,512,50,4,23.55552266476492,"(32, 32)"
1,0.01,512,50,6,24.676262724471044,"(32, 32)"
1,0.01,512,50,8,24.62016667214321,"(32, 32)"
1,0.01,512,100,2,32.75349145580004,"(32, 32)"
1,0.01,512,100,4,27.024982127025808,"(32, 32)"
1,0.01,512,100,6,25.93180553018667,"(32, 32)"
1,0.01,512,100,8,25.79668623764505,"(32, 32)"
1,0.01,512,200,2,31.893953260894992,"(32, 32)"
1,0.01,512,200,4,23.77123933044762,"(32, 32)"
1,0.01,512,200,6,24.641592641733663,"(32, 32)"
1,0.01,512,200,8,26.390562483158448,"(32, 32)"
1,0.1,8,50,2,46.80340736407395,
1,0.1,8,50,4,45.688070353693455,
1,0.1,8,50,6,45.25925161298387,
1,0.1,8,50,8,45.4406702334042,
1,0.1,8,100,2,46.62244762153635,
1,0.1,8,100,4,45.76068132293443,
1,0.1,8,100,6,45.84781546011325,
1,0.1,8,100,8,45.58099584264078,
1,0.1,8,200,2,46.77906907374025,
1,0.1,8,200,4,45.52697708721934,
1,0.1,8,200,6,45.12081082413624,
1,0.1,8,200,8,45.31477659623082,
1,0.1,14,50,2,38.540518358324775,
1,0.1,14,50,4,37.19105140974315,
1,0.1,14,50,6,36.87216092834645,
1,0.1,14,50,8,36.663359411957344,
1,0.1,14,100,2,38.5521998073437,
1,0.1,14,100,4,36.98041655384771,
1,0.1,14,100,6,36.95803112664825,
1,0.1,14,100,8,36.97079459539836,
1,0.1,14,200,2,38.60237836873081,
1,0.1,14,200,4,37.21405409648541,
1,0.1,14,200,6,36.66009662605034,
1,0.1,14,200,8,36.73297035974896,
1,0.1,20,50,2,31.74296840389727,
1,0.1,20,50,4,30.82099825213416,
1,0.1,20,50,6,30.950466575248683,
1,0.1,20,50,8,31.095735388777936,
1,0.1,20,100,2,31.78771126782305,
1,0.1,20,100,4,30.88550126491409,
1,0.1,20,100,6,30.887682391083207,
1,0.1,20,100,8,31.16148933886444,
1,0.1,20,200,2,31.86567635400653,
1,0.1,20,200,4,30.88289365364527,
1,0.1,20,200,6,31.10274203070548,
1,0.1,20,200,8,31.234228808398186,
1,0.1,26,50,2,26.628916564285813,
1,0.1,26,50,4,26.558654578613787,
1,0.1,26,50,6,27.223287105708668,
1,0.1,26,50,8,27.642439157868026,
1,0.1,26,100,2,26.63687456417985,
1,0.1,26,100,4,26.561652459479507,
1,0.1,26,100,6,27.154227195704674,
1,0.1,26,100,8,27.685755483120605,
1,0.1,26,200,2,26.69186358546437,
1,0.1,26,200,4,26.526226309455684,
1,0.1,26,200,6,27.167747530663867,
1,0.1,26,200,8,27.744283482560757,
1,0.1,32,50,2,22.64378740274413,
1,0.1,32,50,2,48.290586291064194,
1,0.1,32,50,4,23.563999765764247,
1,0.1,32,50,4,51.2572173828407,
1,0.1,32,50,6,24.64898195466432,
1,0.1,32,50,6,51.358795134889206,
1,0.1,32,50,8,25.417339311881417,
1,0.1,32,50,8,50.11102008646846,
1,0.1,32,100,2,22.657779784021447,
1,0.1,32,100,2,49.50819101861621,
1,0.1,32,100,4,23.635665746536155,
1,0.1,32,100,4,51.468350434967135,
1,0.1,32,100,6,24.63362853407185,
1,0.1,32,100,6,49.54406830420853,
1,0.1,32,100,8,25.46895564645695,
1,0.1,32,100,8,50.63744591206506,
1,0.1,32,200,2,22.60510837919617,
1,0.1,32,200,2,49.37334881689488,
1,0.1,32,200,4,23.593110779446206,
1,0.1,32,200,4,51.72077809762654,
1,0.1,32,200,6,24.62874702565502,
1,0.1,32,200,6,49.415935959112296,
1,0.1,32,200,8,25.447997980121915,
1,0.1,32,200,8,49.57783373083809,
1,0.1,56,50,2,35.94916680740638,
1,0.1,56,50,4,34.62060039676197,
1,0.1,56,50,6,35.0625986788036,
1,0.1,56,50,8,34.77013565804999,
1,0.1,56,100,2,35.94397832446079,
1,0.1,56,100,4,34.989456168955634,
1,0.1,56,100,6,34.65437789277149,
1,0.1,56,100,8,34.98578862089613,
1,0.1,56,200,2,35.9134554094905,
1,0.1,56,200,4,35.170125354308084,
1,0.1,56,200,6,34.976300635432224,
1,0.1,56,200,8,35.1437231914127,
1,0.1,80,50,2,29.153450163979272,
1,0.1,80,50,4,29.052637276623457,
1,0.1,80,50,6,29.452427410091,
1,0.1,80,50,8,30.10469010017928,
1,0.1,80,100,2,29.085459051262305,
1,0.1,80,100,4,29.10648631793895,
1,0.1,80,100,6,29.56777610231237,
1,0.1,80,100,8,30.05745408820661,
1,0.1,80,200,2,29.1632589765496,
1,0.1,80,200,4,29.117909562984003,
1,0.1,80,200,6,29.5788761775033,
1,0.1,80,200,8,30.12002522400386,
1,0.1,104,50,2,24.70883917545374,
1,0.1,104,50,4,25.822284903626223,
1,0.1,104,50,6,27.09538895908745,
1,0.1,104,50,8,27.859290789842238,
1,0.1,104,100,2,24.795638036132413,
1,0.1,104,100,4,25.79630575123843,
1,0.1,104,100,6,27.086004186151506,
1,0.1,104,100,8,27.95789632062478,
1,0.1,104,200,2,24.74763916778047,
1,0.1,104,200,4,25.761358404061493,
1,0.1,104,200,6,27.019829285574364,
1,0.1,104,200,8,27.817153849905747,
1,0.1,128,50,2,51.12551696814429,"(32, 32)"
1,0.1,128,50,2,21.351414478625,
1,0.1,128,50,4,56.99948176767441,"(32, 32)"
1,0.1,128,50,4,23.88505685909308,
1,0.1,128,50,6,59.623176658789774,"(32, 32)"
1,0.1,128,50,6,25.587331859071583,
1,0.1,128,50,8,62.49281452835823,"(32, 32)"
1,0.1,128,50,8,26.52687926399048,
1,0.1,128,100,2,50.99509963633923,"(32, 32)"
1,0.1,128,100,2,21.36461034432397,
1,0.1,128,100,4,58.893459398616784,"(32, 32)"
1,0.1,128,100,4,23.893104279873437,
1,0.1,128,100,6,61.85875989700144,"(32, 32)"
1,0.1,128,100,6,25.477535899498875,
1,0.1,128,100,8,61.0160797688318,"(32, 32)"
1,0.1,128,100,8,26.45678620708628,
1,0.1,128,200,2,50.84746306776029,"(32, 32)"
1,0.1,128,200,2,21.397047127897277,
1,0.1,128,200,4,55.69182640934479,"(32, 32)"
1,0.1,128,200,4,23.92919211975512,
1,0.1,128,200,6,60.65387181489484,"(32, 32)"
1,0.1,128,200,6,25.542637726172643,
1,0.1,128,200,8,59.98041561301985,"(32, 32)"
1,0.1,128,200,8,26.486958083495463,
1,0.1,224,50,2,33.794235796617635,"(32, 32)"
1,0.1,224,50,4,32.624944343373265,"(32, 32)"
1,0.1,224,50,6,33.000639128998145,"(32, 32)"
1,0.1,224,50,8,33.4582383917336,"(32, 32)"
1,0.1,224,100,2,33.808131755490884,"(32, 32)"
1,0.1,224,100,4,33.04634475462976,"(32, 32)"
1,0.1,224,100,6,34.04881490473988,"(32, 32)"
1,0.1,224,100,8,33.508969657628526,"(32, 32)"
1,0.1,224,200,2,33.80682201271822,"(32, 32)"
1,0.1,224,200,4,32.70721966898657,"(32, 32)"
1,0.1,224,200,6,33.40112893486589,"(32, 32)"
1,0.1,224,200,8,34.1844878883496,"(32, 32)"
1,0.1,320,50,2,27.827452816949325,"(32, 32)"
1,0.1,320,50,4,28.67970459183381,"(32, 32)"
1,0.1,320,50,6,29.9939051476846,"(32, 32)"
1,0.1,320,50,8,30.98917692201119,"(32, 32)"
1,0.1,320,100,2,27.81292223663426,"(32, 32)"
1,0.1,320,100,4,28.623805791606493,"(32, 32)"
1,0.1,320,100,6,29.94810759817986,"(32, 32)"
1,0.1,320,100,8,30.89607396785548,"(32, 32)"
1,0.1,320,200,2,27.90024986565385,"(32, 32)"
1,0.1,320,200,4,28.619505175798697,"(32, 32)"
1,0.1,320,200,6,29.835238887801577,"(32, 32)"
1,0.1,320,200,8,30.859250395318053,"(32, 32)"
1,0.1,416,50,2,23.965813289016584,"(32, 32)"
1,0.1,416,50,4,26.53911158680973,"(32, 32)"
1,0.1,416,50,6,28.51711020586427,"(32, 32)"
1,0.1,416,50,8,29.804119027692224,"(32, 32)"
1,0.1,416,100,2,23.964124966935643,"(32, 32)"
1,0.1,416,100,4,26.520844736468877,"(32, 32)"
1,0.1,416,100,6,28.442232983108585,"(32, 32)"
1,0.1,416,100,8,29.659590152164693,"(32, 32)"
1,0.1,416,200,2,23.995568661080995,"(32, 32)"
1,0.1,416,200,4,26.50929967979048,"(32, 32)"
1,0.1,416,200,6,28.411564395938505,"(32, 32)"
1,0.1,416,200,8,29.553032098886117,"(32, 32)"
1,0.1,512,50,2,21.45674750631616,"(32, 32)"
1,0.1,512,50,4,25.51526155230472,"(32, 32)"
1,0.1,512,50,6,27.71591712211894,"(32, 32)"
1,0.1,512,50,8,29.065488206381342,"(32, 32)"
1,0.1,512,100,2,21.41016034796303,"(32, 32)"
1,0.1,512,100,4,25.347567909240805,"(32, 32)"
1,0.1,512,100,6,27.650668478640327,"(32, 32)"
1,0.1,512,100,8,28.896512559655907,"(32, 32)"
1,0.1,512,200,2,21.418362007378192,"(32, 32)"
1,0.1,512,200,4,25.341469395162488,"(32, 32)"
1,0.1,512,200,6,27.629771791413795,"(32, 32)"
1,0.1,512,200,8,28.8539367079035,"(32, 32)"
1,1.0,8,50,2,42.98170325886306,
1,1.0,8,50,4,41.158732253218616,
1,1.0,8,50,6,40.72550799367362,
1,1.0,8,50,8,40.79500752926446,
1,1.0,8,100,2,43.15609319107328,
1,1.0,8,100,4,41.04315059451305,
1,1.0,8,100,6,40.81109481191744,
1,1.0,8,100,8,40.8156793124208,
1,1.0,8,200,2,42.83511957879695,
1,1.0,8,200,4,41.24576075184915,
1,1.0,8,200,6,40.888784155043474,
1,1.0,8,200,8,40.87234600445287,
1,1.0,14,50,2,35.628989173668025,
1,1.0,14,50,4,34.968036443198685,
1,1.0,14,50,6,35.39258954993331,
1,1.0,14,50,8,35.5644614913975,
1,1.0,14,100,2,35.64564274808112,
1,1.0,14,100,4,35.01831382086301,
1,1.0,14,100,6,35.22031494563024,
1,1.0,14,100,8,35.6042352493069,
1,1.0,14,200,2,35.6620077019643,
1,1.0,14,200,4,34.90134755459607,
1,1.0,14,200,6,35.21028025885313,
1,1.0,14,200,8,35.601929914475896,
1,1.0,20,50,2,30.45130942399664,
1,1.0,20,50,4,31.27255960605024,
1,1.0,20,50,6,32.09627326176204,
1,1.0,20,50,8,32.70393089908981,
1,1.0,20,100,2,30.473632483901817,
1,1.0,20,100,4,31.21462976341526,
1,1.0,20,100,6,32.10248682246856,
1,1.0,20,100,8,32.81803826958976,
1,1.0,20,200,2,30.438368955267336,
1,1.0,20,200,4,31.2049877850448,
1,1.0,20,200,6,32.08395506681637,
1,1.0,20,200,8,32.71761508784118,
1,1.0,26,50,2,27.00221900298576,
1,1.0,26,50,4,28.95359358019787,
1,1.0,26,50,6,30.11658319047577,
1,1.0,26,50,8,30.944406867408727,
1,1.0,26,100,2,27.036778514193163,
1,1.0,26,100,4,28.978928572999617,
1,1.0,26,100,6,30.22250876181781,
1,1.0,26,100,8,30.9879440121926,
1,1.0,26,200,2,27.08375739914898,
1,1.0,26,200,4,28.896194276065778,
1,1.0,26,200,6,30.217585954465772,
1,1.0,26,200,8,30.89872991179983,
1,1.0,32,50,2,24.82468704994457,
1,1.0,32,50,2,39.4554817326734,
1,1.0,32,50,4,27.509755155637876,
1,1.0,32,50,4,38.61548158959041,
1,1.0,32,50,6,28.958551053845625,
1,1.0,32,50,6,38.64852534512202,
1,1.0,32,50,8,29.800976587461125,
1,1.0,32,50,8,38.908718781486456,
1,1.0,32,100,2,24.75807343402945,
1,1.0,32,100,2,39.4626560173056,
1,1.0,32,100,4,27.525751367997252,
1,1.0,32,100,4,38.56575263107122,
1,1.0,32,100,6,28.93736889935121,
1,1.0,32,100,6,38.65098986227888,
1,1.0,32,100,8,29.75384060728613,
1,1.0,32,100,8,38.95680519955661,
1,1.0,32,200,2,24.80615268495001,
1,1.0,32,200,2,39.5027435412268,
1,1.0,32,200,4,27.521175208171385,
1,1.0,32,200,4,38.7483850942476,
1,1.0,32,200,6,29.02493989529165,
1,1.0,32,200,6,38.76570446124653,
1,1.0,32,200,8,29.708881845711744,
1,1.0,32,200,8,38.81980839473208,
1,1.0,56,50,2,32.82293767675181,
1,1.0,56,50,4,33.543490405683656,
1,1.0,56,50,6,34.36669299929104,
1,1.0,56,50,8,35.04337467804269,
1,1.0,56,100,2,32.94154480740234,
1,1.0,56,100,4,33.60899369126808,
1,1.0,56,100,6,34.39514479861618,
1,1.0,56,100,8,34.97318264954838,
1,1.0,56,200,2,32.906954881847504,
1,1.0,56,200,4,33.578598679458366,
1,1.0,56,200,6,34.427290661409245,
1,1.0,56,200,8,34.968637038415764,
1,1.0,80,50,2,28.87541581552181,
1,1.0,80,50,4,30.99693627753798,
1,1.0,80,50,6,32.31170139764685,
1,1.0,80,50,8,33.254283141567214,
1,1.0,80,100,2,28.87309192777044,
1,1.0,80,100,4,30.99941117742671,
1,1.0,80,100,6,32.290284125152205,
1,1.0,80,100,8,33.215265760597475,
1,1.0,80,200,2,28.81203905510576,
1,1.0,80,200,4,31.01055931406184,
1,1.0,80,200,6,32.37856399773121,
1,1.0,80,200,8,33.20356117590345,
1,1.0,104,50,2,26.45584097910367,
1,1.0,104,50,4,29.63994791064917,
1,1.0,104,50,6,31.27980134183821,
1,1.0,104,50,8,32.30280900911173,
1,1.0,104,100,2,26.394939821972816,
1,1.0,104,100,4,29.664555535226533,
1,1.0,104,100,6,31.252271035642416,
1,1.0,104,100,8,32.27782747750351,
1,1.0,104,200,2,26.48267172228461,
1,1.0,104,200,4,29.66362282500241,
1,1.0,104,200,6,31.255595812466687,
1,1.0,104,200,8,32.22391046142639,
1,1.0,128,50,2,37.84027910262684,"(32, 32)"
1,1.0,128,50,2,25.073054196136777,
1,1.0,128,50,4,37.48504742380607,"(32, 32)"
1,1.0,128,50,4,28.859039189027385,
1,1.0,128,50,6,37.96089976595997,"(32, 32)"
1,1.0,128,50,6,30.62867926469824,
1,1.0,128,50,8,38.29758649746432,"(32, 32)"
1,1.0,128,50,8,31.69335768992261,
1,1.0,128,100,2,38.0210813470703,"(32, 32)"
1,1.0,128,100,2,25.05627204207043,
1,1.0,128,100,4,37.39661790171753,"(32, 32)"
1,1.0,128,100,4,28.783028182146307,
1,1.0,128,100,6,37.93343646991388,"(32, 32)"
1,1.0,128,100,6,30.59490347412962,
1,1.0,128,100,8,38.413489507560506,"(32, 32)"
1,1.0,128,100,8,31.593351910627185,
1,1.0,128,200,2,38.00504681050725,"(32, 32)"
1,1.0,128,200,2,25.052327362796547,
1,1.0,128,200,4,37.50838442848882,"(32, 32)"
1,1.0,128,200,4,28.826239696355444,
1,1.0,128,200,6,38.01240056133717,"(32, 32)"
1,1.0,128,200,6,30.5796030317928,
1,1.0,128,200,8,38.2729553952273,"(32, 32)"
1,1.0,128,200,8,31.645959836712432,
1,1.0,224,50,2,31.68781588846492,"(32, 32)"
1,1.0,224,50,4,33.6232108168382,"(32, 32)"
1,1.0,224,50,6,34.976032443074274,"(32, 32)"
1,1.0,224,50,8,35.93972601589239,"(32, 32)"
1,1.0,224,100,2,31.63616613547641,"(32, 32)"
1,1.0,224,100,4,33.60254387308246,"(32, 32)"
1,1.0,224,100,6,34.93299124188641,"(32, 32)"
1,1.0,224,100,8,35.78829873299921,"(32, 32)"
1,1.0,224,200,2,31.70008747558077,"(32, 32)"
1,1.0,224,200,4,33.57580251636467,"(32, 32)"
1,1.0,224,200,6,34.83171594932011,"(32, 32)"
1,1.0,224,200,8,35.77082916834427,"(32, 32)"
1,1.0,320,50,2,28.59992022203109,"(32, 32)"
1,1.0,320,50,4,32.061523720078775,"(32, 32)"
1,1.0,320,50,6,33.80111954093324,"(32, 32)"
1,1.0,320,50,8,34.93531189209982,"(32, 32)"
1,1.0,320,100,2,28.535627816838428,"(32, 32)"
1,1.0,320,100,4,31.98176490260349,"(32, 32)"
1,1.0,320,100,6,33.6979431498137,"(32, 32)"
1,1.0,320,100,8,34.891854537435,"(32, 32)"
1,1.0,320,200,2,28.54082449531398,"(32, 32)"
1,1.0,320,200,4,32.01226762227744,"(32, 32)"
1,1.0,320,200,6,33.6760818862726,"(32, 32)"
1,1.0,320,200,8,34.818230039253955,"(32, 32)"
1,1.0,416,50,2,27.020108187986192,"(32, 32)"
1,1.0,416,50,4,31.27930669245475,"(32, 32)"
1,1.0,416,50,6,33.26005035176368,"(32, 32)"
1,1.0,416,50,8,34.47594437000758,"(32, 32)"
1,1.0,416,100,2,27.022646060590866,"(32, 32)"
1,1.0,416,100,4,31.17310932363925,"(32, 32)"
1,1.0,416,100,6,33.192984549865905,"(32, 32)"
1,1.0,416,100,8,34.33356711545688,"(32, 32)"
1,1.0,416,200,2,27.01854478668562,"(32, 32)"
1,1.0,416,200,4,31.1433604063515,"(32, 32)"
1,1.0,416,200,6,33.09016838540436,"(32, 32)"
1,1.0,416,200,8,34.37208406045073,"(32, 32)"
1,1.0,512,50,2,26.23175104774757,"(32, 32)"
1,1.0,512,50,4,30.790176878641304,"(32, 32)"
1,1.0,512,50,6,32.92325847309662,"(32, 32)"
1,1.0,512,50,8,34.19703081191872,"(32, 32)"
1,1.0,512,100,2,26.1743196444549,"(32, 32)"
1,1.0,512,100,4,30.63867162598808,"(32, 32)"
1,1.0,512,100,6,32.792043358183406,"(32, 32)"
1,1.0,512,100,8,34.103851919677304,"(32, 32)"
1,1.0,512,200,2,26.165547494786047,"(32, 32)"
1,1.0,512,200,4,30.63187234803225,"(32, 32)"
1,1.0,512,200,6,32.75760247899896,"(32, 32)"
1,1.0,512,200,8,34.032761161047056,"(32, 32)"
1,10.0,8,50,2,42.85007074588379,
1,10.0,8,50,4,40.88308733806375,
1,10.0,8,50,6,40.99750571688604,
1,10.0,8,50,8,41.210349151605904,
1,10.0,8,100,2,42.745843562576006,
1,10.0,8,100,4,40.890691002809625,
1,10.0,8,100,6,41.01753776231884,
1,10.0,8,100,8,41.29975562958547,
1,10.0,8,200,2,42.65115596550804,
1,10.0,8,200,4,40.85111348234957,
1,10.0,8,200,6,41.07575781709966,
1,10.0,8,200,8,41.28215826336297,
1,10.0,14,50,2,36.0951025242901,
1,10.0,14,50,4,37.069787272359264,
1,10.0,14,50,6,37.97280146329026,
1,10.0,14,50,8,38.60833316448653,
1,10.0,14,100,2,36.23408174581161,
1,10.0,14,100,4,37.0484985356208,
1,10.0,14,100,6,38.02055345127437,
1,10.0,14,100,8,38.57668005399165,
1,10.0,14,200,2,36.27034546364964,
1,10.0,14,200,4,37.15617813347234,
1,10.0,14,200,6,38.04551380393579,
1,10.0,14,200,8,38.54760058662962,
1,10.0,20,50,2,33.57696596526579,
1,10.0,20,50,4,35.60309422579627,
1,10.0,20,50,6,36.671512688113545,
1,10.0,20,50,8,37.37259388198815,
1,10.0,20,100,2,33.563262305668694,
1,10.0,20,100,4,35.57262969601756,
1,10.0,20,100,6,36.71961383209289,
1,10.0,20,100,8,37.29246977610833,
1,10.0,20,200,2,33.545113149927744,
1,10.0,20,200,4,35.671411258124344,
1,10.0,20,200,6,36.75305422592906,
1,10.0,20,200,8,37.31217187069458,
1,10.0,26,50,2,32.144694010004606,
1,10.0,26,50,4,34.817611456056014,
1,10.0,26,50,6,36.05753296176229,
1,10.0,26,50,8,36.62458613555695,
1,10.0,26,100,2,32.15407181935453,
1,10.0,26,100,4,34.8654552784162,
1,10.0,26,100,6,36.00568472165737,
1,10.0,26,100,8,36.587479155873055,
1,10.0,26,200,2,32.17208955608928,
1,10.0,26,200,4,34.8166538684676,
1,10.0,26,200,6,36.004895725086,
1,10.0,26,200,8,36.63862215924648,
1,10.0,32,50,2,31.393026211669408,
1,10.0,32,50,2,38.8818718334829,
1,10.0,32,50,4,34.28948864484068,
1,10.0,32,50,4,38.867643684508806,
1,10.0,32,50,6,35.50456708086797,
1,10.0,32,50,6,39.75352433613345,
1,10.0,32,50,8,36.1810178337088,
1,10.0,32,50,8,40.37177530644451,
1,10.0,32,100,2,31.38767810012926,
1,10.0,32,100,2,38.88148532753905,
1,10.0,32,100,4,34.302022977733984,
1,10.0,32,100,4,38.93096134154104,
1,10.0,32,100,6,35.56154235730394,
1,10.0,32,100,6,39.71132308949873,
1,10.0,32,100,8,36.26577952038521,
1,10.0,32,100,8,40.29274460863797,
1,10.0,32,200,2,31.36909374558713,
1,10.0,32,200,2,38.86442510401732,
1,10.0,32,200,4,34.36793672994121,
1,10.0,32,200,4,39.00584152685048,
1,10.0,32,200,6,35.536145466025424,
1,10.0,32,200,6,39.875096527269775,
1,10.0,32,200,8,36.242406957496,
1,10.0,32,200,8,40.3217425019802,
1,10.0,56,50,2,34.42083154067339,
1,10.0,56,50,4,37.026786850718295,
1,10.0,56,50,6,38.25476473383817,
1,10.0,56,50,8,38.94966702006734,
1,10.0,56,100,2,34.4411264715159,
1,10.0,56,100,4,37.12789998143243,
1,10.0,56,100,6,38.247238508283466,
1,10.0,56,100,8,38.90463849142775,
1,10.0,56,200,2,34.422841297912065,
1,10.0,56,200,4,36.95314043298766,
1,10.0,56,200,6,38.31659745028564,
1,10.0,56,200,8,38.88469077263125,
1,10.0,80,50,2,32.79715990703355,
1,10.0,80,50,4,36.36343556522069,
1,10.0,80,50,6,37.65775604402095,
1,10.0,80,50,8,38.35503939427041,
1,10.0,80,100,2,32.86020870121569,
1,10.0,80,100,4,36.231875077995625,
1,10.0,80,100,6,37.64269375371386,
1,10.0,80,100,8,38.35811961930303,
1,10.0,80,200,2,32.86872769123081,
1,10.0,80,200,4,36.31512961657446,
1,10.0,80,200,6,37.60850183466237,
1,10.0,80,200,8,38.38062590573233,
1,10.0,104,50,2,32.16374411343131,
1,10.0,104,50,4,35.98910914033699,
1,10.0,104,50,6,37.34220136041,
1,10.0,104,50,8,37.99760956523606,
1,10.0,104,100,2,32.15120237009455,
1,10.0,104,100,4,35.967587396705504,
1,10.0,104,100,6,37.307940180512446,
1,10.0,104,100,8,38.0196399630336,
1,10.0,104,200,2,32.110960508680506,
1,10.0,104,200,4,35.947238246220216,
1,10.0,104,200,6,37.34166596155919,
1,10.0,104,200,8,38.02409703012098,
1,10.0,128,50,2,37.53801346820527,"(32, 32)"
1,10.0,128,50,2,31.704469188848297,
1,10.0,128,50,4,39.01261819994522,"(32, 32)"
1,10.0,128,50,4,35.77492182714424,
1,10.0,128,50,6,40.263645157491744,"(32, 32)"
1,10.0,128,50,6,37.152158109224985,
1,10.0,128,50,8,40.86600729102857,"(32, 32)"
1,10.0,128,50,8,37.89997267105607,
1,10.0,128,100,2,37.55142861199827,"(32, 32)"
1,10.0,128,100,2,31.74727282488414,
1,10.0,128,100,4,39.02715515207221,"(32, 32)"
1,10.0,128,100,4,35.7256897653524,
1,10.0,128,100,6,40.20417627115788,"(32, 32)"
1,10.0,128,100,6,37.03894895203474,
1,10.0,128,100,8,40.77201800736111,"(32, 32)"
1,10.0,128,100,8,37.81747782075299,
1,10.0,128,200,2,37.56918778127142,"(32, 32)"
1,10.0,128,200,2,31.765787840058515,
1,10.0,128,200,4,39.042893370440616,"(32, 32)"
1,10.0,128,200,4,35.733364102601804,
1,10.0,128,200,6,40.2448339049421,"(32, 32)"
1,10.0,128,200,6,37.11891597126834,
1,10.0,128,200,8,40.907327543073606,"(32, 32)"
1,10.0,128,200,8,37.84550687458793,
1,10.0,224,50,2,34.178428604048506,"(32, 32)"
1,10.0,224,50,4,38.08580999578016,"(32, 32)"
1,10.0,224,50,6,39.46203227498519,"(32, 32)"
1,10.0,224,50,8,40.18753730451831,"(32, 32)"
1,10.0,224,100,2,34.19316268971535,"(32, 32)"
1,10.0,224,100,4,37.988866731108416,"(32, 32)"
1,10.0,224,100,6,39.41865981844543,"(32, 32)"
1,10.0,224,100,8,40.2824517448864,"(32, 32)"
1,10.0,224,200,2,34.15884989819165,"(32, 32)"
1,10.0,224,200,4,38.002765203554006,"(32, 32)"
1,10.0,224,200,6,39.43434239244159,"(32, 32)"
1,10.0,224,200,8,40.17282914074978,"(32, 32)"
1,10.0,320,50,2,33.09123080627879,"(32, 32)"
1,10.0,320,50,4,37.719765384789895,"(32, 32)"
1,10.0,320,50,6,39.25574772049896,"(32, 32)"
1,10.0,320,50,8,39.97263449134559,"(32, 32)"
1,10.0,320,100,2,33.07776092055038,"(32, 32)"
1,10.0,320,100,4,37.67365922978498,"(32, 32)"
1,10.0,320,100,6,39.09296053570316,"(32, 32)"
1,10.0,320,100,8,39.91475788137159,"(32, 32)"
1,10.0,320,200,2,33.13952462232377,"(32, 32)"
1,10.0,320,200,4,37.66607284640455,"(32, 32)"
1,10.0,320,200,6,39.14040624743948,"(32, 32)"
1,10.0,320,200,8,39.85121416374546,"(32, 32)"
1,10.0,416,50,2,32.55167336330378,"(32, 32)"
1,10.0,416,50,4,37.59907403982635,"(32, 32)"
1,10.0,416,50,6,39.08869312247716,"(32, 32)"
1,10.0,416,50,8,39.84856780002125,"(32, 32)"
1,10.0,416,100,2,32.56554938917879,"(32, 32)"
1,10.0,416,100,4,37.50266078410239,"(32, 32)"
1,10.0,416,100,6,39.01086787874102,"(32, 32)"
1,10.0,416,100,8,39.771284055212384,"(32, 32)"
1,10.0,416,200,2,32.56337492311042,"(32, 32)"
1,10.0,416,200,4,37.45585500788012,"(32, 32)"
1,10.0,416,200,6,38.98832806744071,"(32, 32)"
1,10.0,416,200,8,39.73503771674408,"(32, 32)"
1,10.0,512,50,2,32.27712888898897,"(32, 32)"
1,10.0,512,50,4,37.48015293069782,"(32, 32)"
1,10.0,512,50,6,38.998268284620266,"(32, 32)"
1,10.0,512,50,8,39.71268895302098,"(32, 32)"
1,10.0,512,100,2,32.31603766136274,"(32, 32)"
1,10.0,512,100,4,37.38185378293237,"(32, 32)"
1,10.0,512,100,6,38.84513409359045,"(32, 32)"
1,10.0,512,100,8,39.6389529334548,"(32, 32)"
1,10.0,512,200,2,32.27172776114116,"(32, 32)"
1,10.0,512,200,4,37.355233161085245,"(32, 32)"
1,10.0,512,200,6,38.90260384874203,"(32, 32)"
1,10.0,512,200,8,39.63889827132625,"(32, 32)"
2,0.01,8,50,2,70.83015433264893,
2,0.01,8,50,4,68.92077345260762,
2,0.01,8,50,6,66.98359311330206,
2,0.01,8,50,8,66.02727202291,
2,0.01,8,100,2,70.0615762178363,
2,0.01,8,100,4,68.10430621901769,
2,0.01,8,100,6,67.01952328131327,
2,0.01,8,100,8,66.17292479636015,
2,0.01,8,200,2,70.9175971388897,
2,0.01,8,200,4,68.06785300426232,
2,0.01,8,200,6,66.89340133626025,
2,0.01,8,200,8,65.67882099399048,
2,0.01,14,50,2,65.90499719014157,
2,0.01,14,50,4,64.88552147838509,
2,0.01,14,50,6,62.82868559197568,
2,0.01,14,50,8,62.3730243683418,
2,0.01,14,100,2,65.70020369522824,
2,0.01,14,100,4,64.44463586376891,
2,0.01,14,100,6,64.05885100602347,
2,0.01,14,100,8,62.189452695620425,
2,0.01,14,200,2,66.33842451918788,
2,0.01,14,200,4,64.85644330535105,
2,0.01,14,200,6,62.218617138799786,
2,0.01,14,200,8,62.06208498413605,
2,0.01,20,50,2,60.88985673842145,
2,0.01,20,50,4,58.2523039988385,
2,0.01,20,50,6,55.73446657832573,
2,0.01,20,50,8,55.17045542603853,
2,0.01,20,100,2,60.41183829471042,
2,0.01,20,100,4,57.22729991659058,
2,0.01,20,100,6,55.25297700620389,
2,0.01,20,100,8,53.87107820685594,
2,0.01,20,200,2,59.99909114149293,
2,0.01,20,200,4,57.74895545708405,
2,0.01,20,200,6,55.13653810466776,
2,0.01,20,200,8,54.38594067880105,
2,0.01,26,50,2,51.78707048190601,
2,0.01,26,50,4,48.14908074663114,
2,0.01,26,50,6,45.245226866479726,
2,0.01,26,50,8,43.73707093068981,
2,0.01,26,100,2,52.04417487097368,
2,0.01,26,100,4,47.60814354420968,
2,0.01,26,100,6,45.450167352852986,
2,0.01,26,100,8,44.29017647179876,
2,0.01,26,200,2,52.07981718274447,
2,0.01,26,200,4,47.071233620396,
2,0.01,26,200,6,45.07381404050697,
2,0.01,26,200,8,43.647128245127774,
2,0.01,32,50,2,42.26206662470052,
2,0.01,32,50,2,102.69404205082004,
2,0.01,32,50,4,35.29437255094144,
2,0.01,32,50,4,110.26841511114716,
2,0.01,32,50,6,32.99146293261828,
2,0.01,32,50,6,109.31462404816766,
2,0.01,32,50,8,34.219222224909416,
2,0.01,32,50,8,107.08122516343012,
2,0.01,32,100,2,41.75963152499983,
2,0.01,32,100,2,103.11346833459606,
2,0.01,32,100,4,36.4106560525353,
2,0.01,32,100,4,109.43078580484767,
2,0.01,32,100,6,33.7437459731943,
2,0.01,32,100,6,107.859513533712,
2,0.01,32,100,8,33.36358344447352,
2,0.01,32,100,8,106.4707554347573,
2,0.01,32,200,2,42.01307565509786,
2,0.01,32,200,2,103.34120406252428,
2,0.01,32,200,4,35.35161818020477,
2,0.01,32,200,4,110.23809990702878,
2,0.01,32,200,6,34.11096690958907,
2,0.01,32,200,6,108.82262622882982,
2,0.01,32,200,8,33.985388084307154,
2,0.01,32,200,8,106.98527887273696,
2,0.01,56,50,2,93.12773200002384,
2,0.01,56,50,4,99.29646637575122,
2,0.01,56,50,6,97.2131709009569,
2,0.01,56,50,8,95.66596590066796,
2,0.01,56,100,2,93.19168701590088,
2,0.01,56,100,4,99.49101811033673,
2,0.01,56,100,6,97.39210826148816,
2,0.01,56,100,8,95.82372079379071,
2,0.01,56,200,2,92.5249344288249,
2,0.01,56,200,4,99.52775202043505,
2,0.01,56,200,6,97.13248665134508,
2,0.01,56,200,8,95.00208707825767,
2,0.01,80,50,2,79.40930501382266,
2,0.01,80,50,4,79.61406169119704,
2,0.01,80,50,6,76.02111440285843,
2,0.01,80,50,8,70.6858129055482,
2,0.01,80,100,2,79.52757655805325,
2,0.01,80,100,4,79.95093932229217,
2,0.01,80,100,6,76.8098309940147,
2,0.01,80,100,8,70.49295952995757,
2,0.01,80,200,2,79.5066459804834,
2,0.01,80,200,4,81.44498168585393,
2,0.01,80,200,6,75.66157298091314,
2,0.01,80,200,8,72.69561982005331,
2,0.01,104,50,2,61.95449134118503,
2,0.01,104,50,4,52.28012432156574,
2,0.01,104,50,6,46.49489003478688,
2,0.01,104,50,8,43.9168484640008,
2,0.01,104,100,2,61.39408009224941,
2,0.01,104,100,4,53.27885110326642,
2,0.01,104,100,6,48.44637747844199,
2,0.01,104,100,8,45.6255478499455,
2,0.01,104,200,2,61.35351425713477,
2,0.01,104,200,4,53.08179636136998,
2,0.01,104,200,6,47.40866193375296,
2,0.01,104,200,8,46.42304022067144,
2,0.01,128,50,2,137.40431798843758,"(32, 32)"
2,0.01,128,50,2,41.0908289346197,
2,0.01,128,50,4,155.51552492021798,"(32, 32)"
2,0.01,128,50,4,30.24004231646771,
2,0.01,128,50,6,160.36377797516653,"(32, 32)"
2,0.01,128,50,6,29.005399727436764,
2,0.01,128,50,8,163.1627168161081,"(32, 32)"
2,0.01,128,50,8,27.07062984572285,
2,0.01,128,100,2,135.5263947683035,"(32, 32)"
2,0.01,128,100,2,41.2329291884883,
2,0.01,128,100,4,154.62734271828958,"(32, 32)"
2,0.01,128,100,4,32.34790454663717,
2,0.01,128,100,6,160.46997346792372,"(32, 32)"
2,0.01,128,100,6,28.44948290202439,
2,0.01,128,100,8,163.80070861271878,"(32, 32)"
2,0.01,128,100,8,28.09264340199704,
2,0.01,128,200,2,136.19287485315303,"(32, 32)"
2,0.01,128,200,2,40.7154202391608,
2,0.01,128,200,4,154.81611033400696,"(32, 32)"
2,0.01,128,200,4,32.93076002155012,
2,0.01,128,200,6,160.11738135909374,"(32, 32)"
2,0.01,128,200,6,27.75894069123605,
2,0.01,128,200,8,162.0310595372404,"(32, 32)"
2,0.01,128,200,8,27.424529813841,
2,0.01,224,50,2,119.0253550661396,"(32, 32)"
2,0.01,224,50,4,136.30972888898583,"(32, 32)"
2,0.01,224,50,6,138.00866405268613,"(32, 32)"
2,0.01,224,50,8,138.17470751849285,"(32, 32)"
2,0.01,224,100,2,117.9891838192024,"(32, 32)"
2,0.01,224,100,4,133.57507550628145,"(32, 32)"
2,0.01,224,100,6,137.8382833915043,"(32, 32)"
2,0.01,224,100,8,138.08894809748506,"(32, 32)"
2,0.01,224,200,2,118.6488525720953,"(32, 32)"
2,0.01,224,200,4,134.0082412719094,"(32, 32)"
2,0.01,224,200,6,139.3616586227126,"(32, 32)"
2,0.01,224,200,8,139.74934377499156,"(32, 32)"
2,0.01,320,50,2,94.0921673902928,"(32, 32)"
2,0.01,320,50,4,97.41259392501668,"(32, 32)"
2,0.01,320,50,6,92.59088707114662,"(32, 32)"
2,0.01,320,50,8,90.96046699914012,"(32, 32)"
2,0.01,320,100,2,95.3743099522657,"(32, 32)"
2,0.01,320,100,4,98.0108757406965,"(32, 32)"
2,0.01,320,100,6,93.52440512477408,"(32, 32)"
2,0.01,320,100,8,91.54700957101365,"(32, 32)"
2,0.01,320,200,2,93.57738001958896,"(32, 32)"
2,0.01,320,200,4,98.75805635062302,"(32, 32)"
2,0.01,320,200,6,96.4689861130366,"(32, 32)"
2,0.01,320,200,8,90.94982272944024,"(32, 32)"
2,0.01,416,50,2,61.92102644688112,"(32, 32)"
2,0.01,416,50,4,50.8583287847822,"(32, 32)"
2,0.01,416,50,6,43.78825223310895,"(32, 32)"
2,0.01,416,50,8,44.6636123941484,"(32, 32)"
2,0.01,416,100,2,64.0938940023351,"(32, 32)"
2,0.01,416,100,4,50.788410928393375,"(32, 32)"
2,0.01,416,100,6,46.18181896243849,"(32, 32)"
2,0.01,416,100,8,40.00767839167562,"(32, 32)"
2,0.01,416,200,2,63.91871013466668,"(32, 32)"
2,0.01,416,200,4,51.67803739305129,"(32, 32)"
2,0.01,416,200,6,46.31870548409323,"(32, 32)"
2,0.01,416,200,8,42.81626481258285,"(32, 32)"
2,0.01,512,50,2,32.97677344006436,"(32, 32)"
2,0.01,512,50,4,23.69276236908602,"(32, 32)"
2,0.01,512,50,6,25.061378967632194,"(32, 32)"
2,0.01,512,50,8,25.84978284615481,"(32, 32)"
2,0.01,512,100,2,31.887489594592797,"(32, 32)"
2,0.01,512,100,4,24.19046097012253,"(32, 32)"
2,0.01,512,100,6,25.883621032779683,"(32, 32)"
2,0.01,512,100,8,25.43767658144235,"(32, 32)"
2,0.01,512,200,2,31.45569298044675,"(32, 32)"
2,0.01,512,200,4,27.1010204446819,"(32, 32)"
2,0.01,512,200,6,23.521487537495634,"(32, 32)"
2,0.01,512,200,8,26.1441027145796,"(32, 32)"
2,0.1,8,50,2,46.53187268559758,
2,0.1,8,50,4,45.915441248627374,
2,0.1,8,50,6,45.24052987662795,
2,0.1,8,50,8,44.91896984491865,
2,0.1,8,100,2,46.6171224858013,
2,0.1,8,100,4,45.62171790454375,
2,0.1,8,100,6,45.42429593369365,
2,0.1,8,100,8,45.05658952995445,
2,0.1,8,200,2,47.008116244526185,
2,0.1,8,200,4,45.61021526591146,
2,0.1,8,200,6,45.268046284374776,
2,0.1,8,200,8,45.42997853652477,
2,0.1,14,50,2,38.56673172000376,
2,0.1,14,50,4,37.19283142340135,
2,0.1,14,50,6,37.09052101228024,
2,0.1,14,50,8,36.74700438039293,
2,0.1,14,100,2,38.4771213177218,
2,0.1,14,100,4,37.17922342984306,
2,0.1,14,100,6,36.813516599546,
2,0.1,14,100,8,37.23659632656493,
2,0.1,14,200,2,38.51078353072857,
2,0.1,14,200,4,37.29977015815672,
2,0.1,14,200,6,36.82701816764916,
2,0.1,14,200,8,37.048145981911446,
2,0.1,20,50,2,31.75842816083356,
2,0.1,20,50,4,30.723072574459856,
2,0.1,20,50,6,30.96880764768222,
2,0.1,20,50,8,31.31502378119014,
2,0.1,20,100,2,31.7851121444368,
2,0.1,20,100,4,31.12602826606885,
2,0.1,20,100,6,31.094122281553556,
2,0.1,20,100,8,31.04005729719163,
2,0.1,20,200,2,31.803258966398225,
2,0.1,20,200,4,30.782054600148022,
2,0.1,20,200,6,30.93229591449675,
2,0.1,20,200,8,31.18049497043885,
2,0.1,26,50,2,26.66080814221314,
2,0.1,26,50,4,26.653751305373163,
2,0.1,26,50,6,27.088447095846103,
2,0.1,26,50,8,27.647311698368224,
2,0.1,26,100,2,26.73911605880421,
2,0.1,26,100,4,26.636720754967666,
2,0.1,26,100,6,27.1202176004868,
2,0.1,26,100,8,27.719796592109223,
2,0.1,26,200,2,26.81478125197572,
2,0.1,26,200,4,26.64804505411793,
2,0.1,26,200,6,27.244611784853404,
2,0.1,26,200,8,27.704206674697712,
2,0.1,32,50,2,22.676662998979527,
2,0.1,32,50,2,48.65625913371231,
2,0.1,32,50,4,23.58234215620377,
2,0.1,32,50,4,49.74235080975577,
2,0.1,32,50,6,24.68047145795069,
2,0.1,32,50,6,50.92745202312669,
2,0.1,32,50,8,25.33736737239624,
2,0.1,32,50,8,49.19373476873682,
2,0.1,32,100,2,22.63451602675394,
2,0.1,32,100,2,49.41164315192714,
2,0.1,32,100,4,23.565445774005376,
2,0.1,32,100,4,50.43113295820107,
2,0.1,32,100,6,24.55746944251223,
2,0.1,32,100,6,51.41459459099904,
2,0.1,32,100,8,25.416494933835384,
2,0.1,32,100,8,50.56331819643259,
2,0.1,32,200,2,22.694621500076583,
2,0.1,32,200,2,48.4433653990315,
2,0.1,32,200,4,23.62097198217746,
2,0.1,32,200,4,50.29569831033435,
2,0.1,32,200,6,24.598423825143684,
2,0.1,32,200,6,50.15162514728042,
2,0.1,32,200,8,25.33565428625819,
2,0.1,32,200,8,49.53908929732361,
2,0.1,56,50,2,35.80790752903143,
2,0.1,56,50,4,34.91284936934289,
2,0.1,56,50,6,35.057882130660786,
2,0.1,56,50,8,34.27851421390149,
2,0.1,56,100,2,36.02988115607108,
2,0.1,56,100,4,34.745319682478765,
2,0.1,56,100,6,34.3756468555971,
2,0.1,56,100,8,34.83993818704616,
2,0.1,56,200,2,36.04844113814064,
2,0.1,56,200,4,34.9705637170846,
2,0.1,56,200,6,34.760922753012025,
2,0.1,56,200,8,34.55624664190714,
2,0.1,80,50,2,29.17448445496322,
2,0.1,80,50,4,29.071943951340156,
2,0.1,80,50,6,29.492866429478347,
2,0.1,80,50,8,30.069979112045093,
2,0.1,80,100,2,29.13270205054569,
2,0.1,80,100,4,29.080295619065435,
2,0.1,80,100,6,29.52308139752824,
2,0.1,80,100,8,30.06030760322794,
2,0.1,80,200,2,29.1365976450007,
2,0.1,80,200,4,28.995798201187263,
2,0.1,80,200,6,29.52794655382502,
2,0.1,80,200,8,30.127738543246565,
2,0.1,104,50,2,24.704075910204544,
2,0.1,104,50,4,25.77495291823075,
2,0.1,104,50,6,26.989111930198103,
2,0.1,104,50,8,27.93047133406221,
2,0.1,104,100,2,24.76503535871409,
2,0.1,104,100,4,25.79368899730792,
2,0.1,104,100,6,27.015297971018025,
2,0.1,104,100,8,27.868034621555445,
2,0.1,104,200,2,24.7747018251462,
2,0.1,104,200,4,25.81155223815242,
2,0.1,104,200,6,27.05665521739031,
2,0.1,104,200,8,27.87108546940574,
2,0.1,128,50,2,50.291165774721,"(32, 32)"
2,0.1,128,50,2,21.350685701816328,
2,0.1,128,50,4,56.55908381646756,"(32, 32)"
2,0.1,128,50,4,23.90806526821827,
2,0.1,128,50,6,62.02124256344571,"(32, 32)"
2,0.1,128,50,6,25.49468946322775,
2,0.1,128,50,8,60.887134603689496,"(32, 32)"
2,0.1,128,50,8,26.468645944582214,
2,0.1,128,100,2,51.42582872434193,"(32, 32)"
2,0.1,128,100,2,21.30198844260523,
2,0.1,128,100,4,55.62591960018249,"(32, 32)"
2,0.1,128,100,4,23.92042063671749,
2,0.1,128,100,6,60.16283918483666,"(32, 32)"
2,0.1,128,100,6,25.512876363741555,
2,0.1,128,100,8,58.49271500702307,"(32, 32)"
2,0.1,128,100,8,26.47397753764663,
2,0.1,128,200,2,51.15256725144472,"(32, 32)"
2,0.1,128,200,2,21.37760623859537,
2,0.1,128,200,4,56.15514992988142,"(32, 32)"
2,0.1,128,200,4,23.86681876888859,
2,0.1,128,200,6,61.07949470785666,"(32, 32)"
2,0.1,128,200,6,25.515288313952883,
2,0.1,128,200,8,63.31264466460289,"(32, 32)"
2,0.1,128,200,8,26.454786848940977,
2,0.1,224,50,2,33.84564553092509,"(32, 32)"
2,0.1,224,50,4,33.28844787417007,"(32, 32)"
2,0.1,224,50,6,32.96038428739942,"(32, 32)"
2,0.1,224,50,8,33.64186388029914,"(32, 32)"
2,0.1,224,100,2,33.99654864577019,"(32, 32)"
2,0.1,224,100,4,32.749285449903304,"(32, 32)"
2,0.1,224,100,6,33.67623288305638,"(32, 32)"
2,0.1,224,100,8,33.58444127478893,"(32, 32)"
2,0.1,224,200,2,34.325965059832164,"(32, 32)"
2,0.1,224,200,4,32.76934545930167,"(32, 32)"
2,0.1,224,200,6,32.92559425553437,"(32, 32)"
2,0.1,224,200,8,33.33857322198325,"(32, 32)"
2,0.1,320,50,2,27.785653794048024,"(32, 32)"
2,0.1,320,50,4,28.65159717255445,"(32, 32)"
2,0.1,320,50,6,29.937571292545428,"(32, 32)"
2,0.1,320,50,8,30.997680577292797,"(32, 32)"
2,0.1,320,100,2,27.83660988928382,"(32, 32)"
2,0.1,320,100,4,28.63755536317573,"(32, 32)"
2,0.1,320,100,6,29.87491010708233,"(32, 32)"
2,0.1,320,100,8,30.91995290340573,"(32, 32)"
2,0.1,320,200,2,27.85892615007534,"(32, 32)"
2,0.1,320,200,4,28.602860797173257,"(32, 32)"
2,0.1,320,200,6,29.89964835429014,"(32, 32)"
2,0.1,320,200,8,30.87077926635813,"(32, 32)"
2,0.1,416,50,2,23.940023264351797,"(32, 32)"
2,0.1,416,50,4,26.533196942859053,"(32, 32)"
2,0.1,416,50,6,28.49147234040859,"(32, 32)"
2,0.1,416,50,8,29.764554991225445,"(32, 32)"
2,0.1,416,100,2,23.88286672678972,"(32, 32)"
2,0.1,416,100,4,26.549990304488947,"(32, 32)"
2,0.1,416,100,6,28.410631234320867,"(32, 32)"
2,0.1,416,100,8,29.660086477080288,"(32, 32)"
2,0.1,416,200,2,23.941240302313805,"(32, 32)"
2,0.1,416,200,4,26.51936359832944,"(32, 32)"
2,0.1,416,200,6,28.407050630304717,"(32, 32)"
2,0.1,416,200,8,29.61066202471657,"(32, 32)"
2,0.1,512,50,2,21.454205023910998,"(32, 32)"
2,0.1,512,50,4,25.442933573095136,"(32, 32)"
2,0.1,512,50,6,27.7131189176542,"(32, 32)"
2,0.1,512,50,8,29.12711225062146,"(32, 32)"
2,0.1,512,100,2,21.424056751047853,"(32, 32)"
2,0.1,512,100,4,25.381654590274252,"(32, 32)"
2,0.1,512,100,6,27.62167531716098,"(32, 32)"
2,0.1,512,100,8,28.8972169691057,"(32, 32)"
2,0.1,512,200,2,21.39750548467734,"(32, 32)"
2,0.1,512,200,4,25.366603871625788,"(32, 32)"
2,0.1,512,200,6,27.6223670084439,"(32, 32)"
2,0.1,512,200,8,28.88254669785305,"(32, 32)"
2,1.0,8,50,2,43.125073065212106,
2,1.0,8,50,4,41.05923026201871,
2,1.0,8,50,6,40.66495457677534,
2,1.0,8,50,8,40.707783367667965,
2,1.0,8,100,2,43.087484876664895,
2,1.0,8,100,4,41.017181750590645,
2,1.0,8,100,6,40.72886071964228,
2,1.0,8,100,8,40.66415748255297,
2,1.0,8,200,2,43.12436717578037,
2,1.0,8,200,4,41.06475591631828,
2,1.0,8,200,6,40.61427700843294,
2,1.0,8,200,8,40.77817446047703,
2,1.0,14,50,2,35.695492358891094,
2,1.0,14,50,4,35.124818197302524,
2,1.0,14,50,6,35.264819013032984,
2,1.0,14,50,8,35.5854562368836,
2,1.0,14,100,2,35.55030036938872,
2,1.0,14,100,4,34.89685713599393,
2,1.0,14,100,6,35.24850265893951,
2,1.0,14,100,8,35.62298872774738,
2,1.0,14,200,2,35.4256952124672,
2,1.0,14,200,4,35.00884233222903,
2,1.0,14,200,6,35.27899049157983,
2,1.0,14,200,8,35.68004582414977,
2,1.0,20,50,2,30.464878685348285,
2,1.0,20,50,4,31.24561108095839,
2,1.0,20,50,6,32.03484765666892,
2,1.0,20,50,8,32.66429046500216,
2,1.0,20,100,2,30.568610019398434,
2,1.0,20,100,4,31.31358673585503,
2,1.0,20,100,6,32.09007359501907,
2,1.0,20,100,8,32.75795195040599,
2,1.0,20,200,2,30.47680382338448,
2,1.0,20,200,4,31.216583390607685,
2,1.0,20,200,6,32.0521603098728,
2,1.0,20,200,8,32.6604245378662,
2,1.0,26,50,2,27.004943677634778,
2,1.0,26,50,4,28.96120146308759,
2,1.0,26,50,6,30.19333783363696,
2,1.0,26,50,8,30.89959855050346,
2,1.0,26,100,2,26.969802217080087,
2,1.0,26,100,4,28.965958511189022,
2,1.0,26,100,6,30.175767154628584,
2,1.0,26,100,8,30.975150885533903,
2,1.0,26,200,2,27.005479044769785,
2,1.0,26,200,4,29.001949507858047,
2,1.0,26,200,6,30.168722690327296,
2,1.0,26,200,8,30.87311915796245,
2,1.0,32,50,2,24.780121862990864,
2,1.0,32,50,2,39.44505646339773,
2,1.0,32,50,4,27.52629282008815,
2,1.0,32,50,4,38.47237693366852,
2,1.0,32,50,6,28.92071837549995,
2,1.0,32,50,6,38.62681698769116,
2,1.0,32,50,8,29.818883888137535,
2,1.0,32,50,8,38.78017933710112,
2,1.0,32,100,2,24.775173370647767,
2,1.0,32,100,2,39.42860029251116,
2,1.0,32,100,4,27.54167831659191,
2,1.0,32,100,4,38.58866081506012,
2,1.0,32,100,6,29.002854897295947,
2,1.0,32,100,6,38.72800062263172,
2,1.0,32,100,8,29.78379991788872,
2,1.0,32,100,8,38.98602142220988,
2,1.0,32,200,2,24.780235548770296,
2,1.0,32,200,2,39.49213601551416,
2,1.0,32,200,4,27.636474849851325,
2,1.0,32,200,4,38.61901270808988,
2,1.0,32,200,6,28.89853234441806,
2,1.0,32,200,6,38.700281007126,
2,1.0,32,200,8,29.707073176026466,
2,1.0,32,200,8,38.85996591005975,
2,1.0,56,50,2,32.94127631933643,
2,1.0,56,50,4,33.56364595243433,
2,1.0,56,50,6,34.36656146423439,
2,1.0,56,50,8,34.98766354723311,
2,1.0,56,100,2,32.92163954887329,
2,1.0,56,100,4,33.60263276230524,
2,1.0,56,100,6,34.41469587420842,
2,1.0,56,100,8,35.01696769322299,
2,1.0,56,200,2,32.90965023025295,
2,1.0,56,200,4,33.57734280931529,
2,1.0,56,200,6,34.445427454659054,
2,1.0,56,200,8,35.07909148993915,
2,1.0,80,50,2,28.8438923709286,
2,1.0,80,50,4,30.949037808697376,
2,1.0,80,50,6,32.35848294902292,
2,1.0,80,50,8,33.253539907991055,
2,1.0,80,100,2,28.81411983545723,
2,1.0,80,100,4,31.00527183252376,
2,1.0,80,100,6,32.33787629240713,
2,1.0,80,100,8,33.22165487082118,
2,1.0,80,200,2,28.785934613725736,
2,1.0,80,200,4,30.93894199902516,
2,1.0,80,200,6,32.35756493722901,
2,1.0,80,200,8,33.17895805934919,
2,1.0,104,50,2,26.403031120264327,
2,1.0,104,50,4,29.649008056618943,
2,1.0,104,50,6,31.289549924028027,
2,1.0,104,50,8,32.333504555107936,
2,1.0,104,100,2,26.449910094139018,
2,1.0,104,100,4,29.615401439299934,
2,1.0,104,100,6,31.226947063400075,
2,1.0,104,100,8,32.25864288672967,
2,1.0,104,200,2,26.38883190037335,
2,1.0,104,200,4,29.57066480862615,
2,1.0,104,200,6,31.26488720101025,
2,1.0,104,200,8,32.27801349734015,
2,1.0,128,50,2,37.97498044985983,"(32, 32)"
2,1.0,128,50,2,25.023376140822958,
2,1.0,128,50,4,37.51268655437591,"(32, 32)"
2,1.0,128,50,4,28.854120871901177,
2,1.0,128,50,6,37.99330702616159,"(32, 32)"
2,1.0,128,50,6,30.592777349735,
2,1.0,128,50,8,38.33964152192909,"(32, 32)"
2,1.0,128,50,8,31.70261349178444,
2,1.0,128,100,2,37.95480650768928,"(32, 32)"
2,1.0,128,100,2,25.08209284590825,
2,1.0,128,100,4,37.44522549965117,"(32, 32)"
2,1.0,128,100,4,28.82271760504864,
2,1.0,128,100,6,37.8903176332572,"(32, 32)"
2,1.0,128,100,6,30.60196570022941,
2,1.0,128,100,8,38.312524045653525,"(32, 32)"
2,1.0,128,100,8,31.627968328438627,
2,1.0,128,200,2,37.98246335390083,"(32, 32)"
2,1.0,128,200,2,25.043184595125425,
2,1.0,128,200,4,37.524200870104366,"(32, 32)"
2,1.0,128,200,4,28.84201854662732,
2,1.0,128,200,6,37.87209407120735,"(32, 32)"
2,1.0,128,200,6,30.56899244001358,
2,1.0,128,200,8,38.31763776024548,"(32, 32)"
2,1.0,128,200,8,31.64489090407503,
2,1.0,224,50,2,31.73694444300089,"(32, 32)"
2,1.0,224,50,4,33.65463986879798,"(32, 32)"
2,1.0,224,50,6,34.950370042230844,"(32, 32)"
2,1.0,224,50,8,35.86494990876201,"(32, 32)"
2,1.0,224,100,2,31.68978705043633,"(32, 32)"
2,1.0,224,100,4,33.554815282789285,"(32, 32)"
2,1.0,224,100,6,34.90331477952885,"(32, 32)"
2,1.0,224,100,8,35.86049951855404,"(32, 32)"
2,1.0,224,200,2,31.78059655101949,"(32, 32)"
2,1.0,224,200,4,33.57627037752406,"(32, 32)"
2,1.0,224,200,6,34.888621360282244,"(32, 32)"
2,1.0,224,200,8,35.82848812140521,"(32, 32)"
2,1.0,320,50,2,28.613480028106466,"(32, 32)"
2,1.0,320,50,4,32.06037821450839,"(32, 32)"
2,1.0,320,50,6,33.81290061840274,"(32, 32)"
2,1.0,320,50,8,34.9661535367841,"(32, 32)"
2,1.0,320,100,2,28.57343308365369,"(32, 32)"
2,1.0,320,100,4,31.95020395372033,"(32, 32)"
2,1.0,320,100,6,33.7403704999063,"(32, 32)"
2,1.0,320,100,8,34.80960695583445,"(32, 32)"
2,1.0,320,200,2,28.5486930347594,"(32, 32)"
2,1.0,320,200,4,31.914071405005643,"(32, 32)"
2,1.0,320,200,6,33.73973532101979,"(32, 32)"
2,1.0,320,200,8,34.828791314618655,"(32, 32)"
2,1.0,416,50,2,27.074769091127823,"(32, 32)"
2,1.0,416,50,4,31.26737743158154,"(32, 32)"
2,1.0,416,50,6,33.2628686425024,"(32, 32)"
2,1.0,416,50,8,34.4648447461535,"(32, 32)"
2,1.0,416,100,2,27.06169412659645,"(32, 32)"
2,1.0,416,100,4,31.181022384158396,"(32, 32)"
2,1.0,416,100,6,33.15547028253048,"(32, 32)"
2,1.0,416,100,8,34.38515813376512,"(32, 32)"
2,1.0,416,200,2,26.975761836963382,"(32, 32)"
2,1.0,416,200,4,31.15529595141591,"(32, 32)"
2,1.0,416,200,6,33.10432330015052,"(32, 32)"
2,1.0,416,200,8,34.31334897851473,"(32, 32)"
2,1.0,512,50,2,26.231800491486407,"(32, 32)"
2,1.0,512,50,4,30.810061592354973,"(32, 32)"
2,1.0,512,50,6,32.89864267952447,"(32, 32)"
2,1.0,512,50,8,34.17923922697112,"(32, 32)"
2,1.0,512,100,2,26.186241174272386,"(32, 32)"
2,1.0,512,100,4,30.682817960434534,"(32, 32)"
2,1.0,512,100,6,32.78395731231457,"(32, 32)"
2,1.0,512,100,8,34.04228716642347,"(32, 32)"
2,1.0,512,200,2,26.12213454890533,"(32, 32)"
2,1.0,512,200,4,30.62212336517652,"(32, 32)"
2,1.0,512,200,6,32.7862067388931,"(32, 32)"
2,1.0,512,200,8,33.994367581743816,"(32, 32)"
2,10.0,8,50,2,42.6815743529407,
2,10.0,8,50,4,40.93788792084215,
2,10.0,8,50,6,41.013774325807205,
2,10.0,8,50,8,41.27964656005779,
2,10.0,8,100,2,42.771955774849296,
2,10.0,8,100,4,40.93640438098831,
2,10.0,8,100,6,40.90932891892063,
2,10.0,8,100,8,41.27251716784865,
2,10.0,8,200,2,42.72267044707522,
2,10.0,8,200,4,40.83138199380082,
2,10.0,8,200,6,41.03823902255985,
2,10.0,8,200,8,41.34737513558784,
2,10.0,14,50,2,36.15542461801662,
2,10.0,14,50,4,37.20810068591021,
2,10.0,14,50,6,37.93599646415356,
2,10.0,14,50,8,38.59938226907207,
2,10.0,14,100,2,36.15429640019785,
2,10.0,14,100,4,37.14602276548192,
2,10.0,14,100,6,38.003568280983856,
2,10.0,14,100,8,38.51354900591804,
2,10.0,14,200,2,36.21940416036594,
2,10.0,14,200,4,37.1633991521463,
2,10.0,14,200,6,37.95512390526558,
2,10.0,14,200,8,38.58281045536052,
2,10.0,20,50,2,33.52176602529816,
2,10.0,20,50,4,35.69320141466415,
2,10.0,20,50,6,36.66577378544133,
2,10.0,20,50,8,37.33673893063787,
2,10.0,20,100,2,33.55495335359249,
2,10.0,20,100,4,35.694227503122654,
2,10.0,20,100,6,36.64697189832205,
2,10.0,20,100,8,37.32954546467997,
2,10.0,20,200,2,33.54437129961196,
2,10.0,20,200,4,35.7150949124898,
2,10.0,20,200,6,36.60637782450512,
2,10.0,20,200,8,37.416637944562346,
2,10.0,26,50,2,32.17576589673134,
2,10.0,26,50,4,34.78285689296488,
2,10.0,26,50,6,35.97819425545903,
2,10.0,26,50,8,36.67324598989769,
2,10.0,26,100,2,32.1740230456443,
2,10.0,26,100,4,34.80028523733818,
2,10.0,26,100,6,35.977473946787825,
2,10.0,26,100,8,36.61763915997516,
2,10.0,26,200,2,32.16272441312776,
2,10.0,26,200,4,34.8085364888255,
2,10.0,26,200,6,36.01803264390088,
2,10.0,26,200,8,36.64301588639686,
2,10.0,32,50,2,31.41442497478797,
2,10.0,32,50,2,38.80582138318782,
2,10.0,32,50,4,34.36056792654719,
2,10.0,32,50,4,38.98793591460189,
2,10.0,32,50,6,35.54220125095214,
2,10.0,32,50,6,39.7980990391977,
2,10.0,32,50,8,36.23609857708043,
2,10.0,32,50,8,40.29084719140469,
2,10.0,32,100,2,31.36766671732704,
2,10.0,32,100,2,38.97867186881485,
2,10.0,32,100,4,34.348354430116224,
2,10.0,32,100,4,38.92337823428159,
2,10.0,32,100,6,35.47250768443245,
2,10.0,32,100,6,39.86316258862789,
2,10.0,32,100,8,36.25266997929175,
2,10.0,32,100,8,40.343399199978045,
2,10.0,32,200,2,31.42947928492195,
2,10.0,32,200,2,38.911955020665225,
2,10.0,32,200,4,34.325188797266904,
2,10.0,32,200,4,38.94992773321105,
2,10.0,32,200,6,35.56780188648684,
2,10.0,32,200,6,39.78818961458785,
2,10.0,32,200,8,36.22526027040987,
2,10.0,32,200,8,40.342355150004224,
2,10.0,56,50,2,34.39901005850853,
2,10.0,56,50,4,37.04211251012348,
2,10.0,56,50,6,38.26112228949013,
2,10.0,56,50,8,38.9244128134557,
2,10.0,56,100,2,34.49052691669072,
2,10.0,56,100,4,37.03236473755653,
2,10.0,56,100,6,38.1876597799152,
2,10.0,56,100,8,38.86095368507413,
2,10.0,56,200,2,34.49787724916544,
2,10.0,56,200,4,36.98411440707134,
2,10.0,56,200,6,38.18860785692572,
2,10.0,56,200,8,38.867733684133455,
2,10.0,80,50,2,32.86883121530495,
2,10.0,80,50,4,36.28761943990648,
2,10.0,80,50,6,37.71265428490669,
2,10.0,80,50,8,38.38436467227177,
2,10.0,80,100,2,32.81474020440535,
2,10.0,80,100,4,36.31540351854628,
2,10.0,80,100,6,37.69319466605744,
2,10.0,80,100,8,38.30271759351845,
2,10.0,80,200,2,32.83711328064568,
2,10.0,80,200,4,36.35151643174198,
2,10.0,80,200,6,37.59238071754295,
2,10.0,80,200,8,38.28325663387159,
2,10.0,104,50,2,32.188509849336,
2,10.0,104,50,4,35.99853067578494,
2,10.0,104,50,6,37.30672820416334,
2,10.0,104,50,8,37.99716517264448,
2,10.0,104,100,2,32.12806823565163,
2,10.0,104,100,4,36.01041171723364,
2,10.0,104,100,6,37.34277628503039,
2,10.0,104,100,8,38.0318451006555,
2,10.0,104,200,2,32.15252486024878,
2,10.0,104,200,4,35.94376696800292,
2,10.0,104,200,6,37.29397634389911,
2,10.0,104,200,8,38.0248678552462,
2,10.0,128,50,2,37.680902868416034,"(32, 32)"
2,10.0,128,50,2,31.712792830267396,
2,10.0,128,50,4,39.08545209486779,"(32, 32)"
2,10.0,128,50,4,35.77349353660099,
2,10.0,128,50,6,40.25323378562516,"(32, 32)"
2,10.0,128,50,6,37.2235186874554,
2,10.0,128,50,8,41.013536126123626,"(32, 32)"
2,10.0,128,50,8,37.81577214987175,
2,10.0,128,100,2,37.60405495469398,"(32, 32)"
2,10.0,128,100,2,31.740145858689107,
2,10.0,128,100,4,38.98190582345119,"(32, 32)"
2,10.0,128,100,4,35.78115799404792,
2,10.0,128,100,6,40.21223564120344,"(32, 32)"
2,10.0,128,100,6,37.14275641899285,
2,10.0,128,100,8,40.78295043674113,"(32, 32)"
2,10.0,128,100,8,37.81813978271216,
2,10.0,128,200,2,37.5852061874298,"(32, 32)"
2,10.0,128,200,2,31.690232860688297,
2,10.0,128,200,4,38.89924150330531,"(32, 32)"
2,10.0,128,200,4,35.68202742055256,
2,10.0,128,200,6,40.13786765577356,"(32, 32)"
2,10.0,128,200,6,37.13477774663848,
2,10.0,128,200,8,40.86206507972089,"(32, 32)"
2,10.0,128,200,8,37.82361054928695,
2,10.0,224,50,2,34.12230831052431,"(32, 32)"
2,10.0,224,50,4,38.02527540760512,"(32, 32)"
2,10.0,224,50,6,39.54225544680415,"(32, 32)"
2,10.0,224,50,8,40.27588787745873,"(32, 32)"
2,10.0,224,100,2,34.147042669480015,"(32, 32)"
2,10.0,224,100,4,38.03308376884548,"(32, 32)"
2,10.0,224,100,6,39.50487850339027,"(32, 32)"
2,10.0,224,100,8,40.15439026084768,"(32, 32)"
2,10.0,224,200,2,34.140435217847084,"(32, 32)"
2,10.0,224,200,4,38.02056052471512,"(32, 32)"
2,10.0,224,200,6,39.43331940221554,"(32, 32)"
2,10.0,224,200,8,40.13508108543112,"(32, 32)"
2,10.0,320,50,2,33.0659751868499,"(32, 32)"
2,10.0,320,50,4,37.71019571387569,"(32, 32)"
2,10.0,320,50,6,39.22540644963308,"(32, 32)"
2,10.0,320,50,8,40.03829682004163,"(32, 32)"
2,10.0,320,100,2,33.09524835323059,"(32, 32)"
2,10.0,320,100,4,37.69730488784158,"(32, 32)"
2,10.0,320,100,6,39.08500469893376,"(32, 32)"
2,10.0,320,100,8,39.87450592787256,"(32, 32)"
2,10.0,320,200,2,33.051874310184886,"(32, 32)"
2,10.0,320,200,4,37.62059689735246,"(32, 32)"
2,10.0,320,200,6,39.1241532011684,"(32, 32)"
2,10.0,320,200,8,39.84802725777865,"(32, 32)"
2,10.0,416,50,2,32.548259586618755,"(32, 32)"
2,10.0,416,50,4,37.59528437120677,"(32, 32)"
2,10.0,416,50,6,39.12923469417035,"(32, 32)"
2,10.0,416,50,8,39.86436559762029,"(32, 32)"
2,10.0,416,100,2,32.54998198946734,"(32, 32)"
2,10.0,416,100,4,37.46771956578689,"(32, 32)"
2,10.0,416,100,6,39.01972667932714,"(32, 32)"
2,10.0,416,100,8,39.763691397611126,"(32, 32)"
2,10.0,416,200,2,32.54461389563137,"(32, 32)"
2,10.0,416,200,4,37.44088138855189,"(32, 32)"
2,10.0,416,200,6,38.93147836233305,"(32, 32)"
2,10.0,416,200,8,39.70826862619471,"(32, 32)"
2,10.0,512,50,2,32.302468312435934,"(32, 32)"
2,10.0,512,50,4,37.45949314741955,"(32, 32)"
2,10.0,512,50,6,38.99892913130657,"(32, 32)"
2,10.0,512,50,8,39.751030914565625,"(32, 32)"
2,10.0,512,100,2,32.25226845266884,"(32, 32)"
2,10.0,512,100,4,37.3881118382546,"(32, 32)"
2,10.0,512,100,6,38.85261936464697,"(32, 32)"
2,10.0,512,100,8,39.646357126763256,"(32, 32)"
2,10.0,512,200,2,32.258771782781714,"(32, 32)"
2,10.0,512,200,4,37.3344115260517,"(32, 32)"
2,10.0,512,200,6,38.85920875430927,"(32, 32)"
2,10.0,512,200,8,39.67197913704209,"(32, 32)"
3,0.01,8,50,2,71.41213122298848,
3,0.01,8,50,4,68.40678088390388,
3,0.01,8,50,6,67.41872231548403,
3,0.01,8,50,8,65.63718389850172,
3,0.01,8,100,2,70.66951859615332,
3,0.01,8,100,4,68.65398724473043,
3,0.01,8,100,6,66.30569598555915,
3,0.01,8,100,8,65.24127749901415,
3,0.01,8,200,2,70.78439096382671,
3,0.01,8,200,4,68.60874579707323,
3,0.01,8,200,6,66.71520683653905,
3,0.01,8,200,8,65.52613478066925,
3,0.01,14,50,2,67.11506641843053,
3,0.01,14,50,4,64.88373111485659,
3,0.01,14,50,6,63.22892126531181,
3,0.01,14,50,8,62.55014486196989,
3,0.01,14,100,2,66.56327462618694,
3,0.01,14,100,4,66.26735123191837,
3,0.01,14,100,6,63.124794897369455,
3,0.01,14,100,8,61.932340990266695,
3,0.01,14,200,2,66.42133663644002,
3,0.01,14,200,4,65.12370334147128,
3,0.01,14,200,6,63.16056021545199,
3,0.01,14,200,8,62.27368396791138,
3,0.01,20,50,2,60.16527314126552,
3,0.01,20,50,4,57.31216936421676,
3,0.01,20,50,6,55.00094600210717,
3,0.01,20,50,8,54.64932414733729,
3,0.01,20,100,2,60.76237650570133,
3,0.01,20,100,4,57.58770309554849,
3,0.01,20,100,6,55.33019405483328,
3,0.01,20,100,8,54.67036579378824,
3,0.01,20,200,2,59.93690288353668,
3,0.01,20,200,4,56.77880904515076,
3,0.01,20,200,6,55.0356128182806,
3,0.01,20,200,8,53.889607018124295,
3,0.01,26,50,2,52.41648736548068,
3,0.01,26,50,4,47.41346194002741,
3,0.01,26,50,6,45.29569424172235,
3,0.01,26,50,8,43.24873094405759,
3,0.01,26,100,2,52.01301701551638,
3,0.01,26,100,4,47.39035944702326,
3,0.01,26,100,6,44.98590613167952,
3,0.01,26,100,8,44.75156024791541,
3,0.01,26,200,2,52.4098255846178,
3,0.01,26,200,4,46.56727344187704,
3,0.01,26,200,6,44.78926409761341,
3,0.01,26,200,8,44.32136608359577,
3,0.01,32,50,2,42.39966673270192,
3,0.01,32,50,2,102.65486504071944,
3,0.01,32,50,4,35.86923724420352,
3,0.01,32,50,4,109.91321448592036,
3,0.01,32,50,6,33.71508458024648,
3,0.01,32,50,6,108.8219026537966,
3,0.01,32,50,8,34.12884225977963,
3,0.01,32,50,8,108.3787693833329,
3,0.01,32,100,2,41.36782816245811,
3,0.01,32,100,2,103.47914372267192,
3,0.01,32,100,4,35.71726371229333,
3,0.01,32,100,4,109.93940624776933,
3,0.01,32,100,6,34.43545448611479,
3,0.01,32,100,6,109.3006130449112,
3,0.01,32,100,8,33.370962520226584,
3,0.01,32,100,8,106.54973669498442,
3,0.01,32,200,2,42.121866353012365,
3,0.01,32,200,2,103.62340280293574,
3,0.01,32,200,4,35.42955684280277,
3,0.01,32,200,4,110.6164020882514,
3,0.01,32,200,6,34.64340492006475,
3,0.01,32,200,6,108.45069656324246,
3,0.01,32,200,8,33.2398981796523,
3,0.01,32,200,8,107.57048523702224,
3,0.01,56,50,2,93.15621504963728,
3,0.01,56,50,4,100.37292033662196,
3,0.01,56,50,6,97.59191007464617,
3,0.01,56,50,8,94.17584616106504,
3,0.01,56,100,2,92.78436574204495,
3,0.01,56,100,4,99.55720244428684,
3,0.01,56,100,6,97.67975894767017,
3,0.01,56,100,8,95.4843256405138,
3,0.01,56,200,2,93.532476221491,
3,0.01,56,200,4,99.73756593156304,
3,0.01,56,200,6,97.6232206253268,
3,0.01,56,200,8,94.14494256340122,
3,0.01,80,50,2,78.98099842192964,
3,0.01,80,50,4,79.6732088326338,
3,0.01,80,50,6,74.02908351653983,
3,0.01,80,50,8,70.50674433271561,
3,0.01,80,100,2,79.89609030657793,
3,0.01,80,100,4,80.82641354335684,
3,0.01,80,100,6,74.01007124954215,
3,0.01,80,100,8,72.76913567532318,
3,0.01,80,200,2,79.95317142344327,
3,0.01,80,200,4,80.10374737759217,
3,0.01,80,200,6,74.1476653572018,
3,0.01,80,200,8,70.29411988498948,
3,0.01,104,50,2,61.61435578133061,
3,0.01,104,50,4,53.97212562982137,
3,0.01,104,50,6,45.96821458039223,
3,0.01,104,50,8,45.4846049243668,
3,0.01,104,100,2,61.77465377580916,
3,0.01,104,100,4,54.43606723165639,
3,0.01,104,100,6,49.2161761867336,
3,0.01,104,100,8,46.8334558333744,
3,0.01,104,200,2,61.07823126884422,
3,0.01,104,200,4,54.22998335061301,
3,0.01,104,200,6,47.32597318475893,
3,0.01,104,200,8,46.71344711164277,
3,0.01,128,50,2,136.45181979331915,"(32, 32)"
3,0.01,128,50,2,42.10288488874117,
3,0.01,128,50,4,155.29684104040135,"(32, 32)"
3,0.01,128,50,4,31.47854858707246,
3,0.01,128,50,6,160.92390178823047,"(32, 32)"
3,0.01,128,50,6,28.48269167899624,
3,0.01,128,50,8,164.02479557675224,"(32, 32)"
3,0.01,128,50,8,27.96578933133847,
3,0.01,128,100,2,135.57891082272158,"(32, 32)"
3,0.01,128,100,2,41.1341196633169,
3,0.01,128,100,4,155.0533978067467,"(32, 32)"
3,0.01,128,100,4,32.190847752367645,
3,0.01,128,100,6,161.12845776549216,"(32, 32)"
3,0.01,128,100,6,31.154057677185776,
3,0.01,128,100,8,162.39096565251228,"(32, 32)"
3,0.01,128,100,8,28.565526488914347,
3,0.01,128,200,2,135.84461110265326,"(32, 32)"
3,0.01,128,200,2,41.139178814590096,
3,0.01,128,200,4,154.6053498718087,"(32, 32)"
3,0.01,128,200,4,30.80941379404223,
3,0.01,128,200,6,160.06507557469146,"(32, 32)"
3,0.01,128,200,6,27.92176980210667,
3,0.01,128,200,8,163.06914331567756,"(32, 32)"
3,0.01,128,200,8,28.19344211377277,
3,0.01,224,50,2,118.07362556441028,"(32, 32)"
3,0.01,224,50,4,135.1633679371171,"(32, 32)"
3,0.01,224,50,6,137.968899857471,"(32, 32)"
3,0.01,224,50,8,138.99531941114702,"(32, 32)"
3,0.01,224,100,2,118.302782323627,"(32, 32)"
3,0.01,224,100,4,136.5296732610007,"(32, 32)"
3,0.01,224,100,6,140.22575635347297,"(32, 32)"
3,0.01,224,100,8,139.32438014132313,"(32, 32)"
3,0.01,224,200,2,117.360934762515,"(32, 32)"
3,0.01,224,200,4,134.3434355812626,"(32, 32)"
3,0.01,224,200,6,138.07411199584948,"(32, 32)"
3,0.01,224,200,8,140.37834471932518,"(32, 32)"
3,0.01,320,50,2,94.95809889849964,"(32, 32)"
3,0.01,320,50,4,96.45553319394398,"(32, 32)"
3,0.01,320,50,6,94.81643028889177,"(32, 32)"
3,0.01,320,50,8,91.01973089166204,"(32, 32)"
3,0.01,320,100,2,94.3842263063355,"(32, 32)"
3,0.01,320,100,4,98.13805857465287,"(32, 32)"
3,0.01,320,100,6,97.08969558584802,"(32, 32)"
3,0.01,320,100,8,90.78992195664696,"(32, 32)"
3,0.01,320,200,2,95.25445155757512,"(32, 32)"
3,0.01,320,200,4,98.42762109019674,"(32, 32)"
3,0.01,320,200,6,96.8057291558082,"(32, 32)"
3,0.01,320,200,8,90.6255127990947,"(32, 32)"
3,0.01,416,50,2,65.1182311598559,"(32, 32)"
3,0.01,416,50,4,49.92774170981932,"(32, 32)"
3,0.01,416,50,6,43.94805321314684,"(32, 32)"
3,0.01,416,50,8,42.25789843885697,"(32, 32)"
3,0.01,416,100,2,61.08208289781263,"(32, 32)"
3,0.01,416,100,4,50.58191409102242,"(32, 32)"
3,0.01,416,100,6,45.16612360628984,"(32, 32)"
3,0.01,416,100,8,46.31200541490875,"(32, 32)"
3,0.01,416,200,2,62.077732825222654,"(32, 32)"
3,0.01,416,200,4,54.50816266588605,"(32, 32)"
3,0.01,416,200,6,45.28528803899405,"(32, 32)"
3,0.01,416,200,8,42.13963100009271,"(32, 32)"
3,0.01,512,50,2,33.01198319850666,"(32, 32)"
3,0.01,512,50,4,22.598203692320965,"(32, 32)"
3,0.01,512,50,6,26.253350398282688,"(32, 32)"
3,0.01,512,50,8,25.946729300300195,"(32, 32)"
3,0.01,512,100,2,32.53313927931314,"(32, 32)"
3,0.01,512,100,4,24.82088008011924,"(32, 32)"
3,0.01,512,100,6,24.71647863164343,"(32, 32)"
3,0.01,512,100,8,26.45325514552395,"(32, 32)"
3,0.01,512,200,2,32.12992031549379,"(32, 32)"
3,0.01,512,200,4,23.259294928428652,"(32, 32)"
3,0.01,512,200,6,25.03928523448125,"(32, 32)"
3,0.01,512,200,8,25.42412708625696,"(32, 32)"
3,0.1,8,50,2,46.987160085395935,
3,0.1,8,50,4,45.900699661673485,
3,0.1,8,50,6,45.09836407250934,
3,0.1,8,50,8,45.13071069483667,
3,0.1,8,100,2,46.87332028240452,
3,0.1,8,100,4,45.84341245395661,
3,0.1,8,100,6,45.52495330858429,
3,0.1,8,100,8,45.13001783374423,
3,0.1,8,200,2,46.83025867691296,
3,0.1,8,200,4,45.70611827470912,
3,0.1,8,200,6,45.348701611556685,
3,0.1,8,200,8,45.19141342501996,
3,0.1,14,50,2,38.4420240267496,
3,0.1,14,50,4,37.18952918406762,
3,0.1,14,50,6,37.045176222139176,
3,0.1,14,50,8,36.88498560299773,
3,0.1,14,100,2,38.22328005726591,
3,0.1,14,100,4,37.36795452143409,
3,0.1,14,100,6,36.59448653212066,
3,0.1,14,100,8,36.99593676345573,
3,0.1,14,200,2,38.42426534929532,
3,0.1,14,200,4,37.261528228199104,
3,0.1,14,200,6,36.77907356817133,
3,0.1,14,200,8,36.97013618920862,
3,0.1,20,50,2,31.803697908467758,
3,0.1,20,50,4,30.88676901692982,
3,0.1,20,50,6,31.03908701851772,
3,0.1,20,50,8,31.059206383091325,
3,0.1,20,100,2,31.831077202807844,
3,0.1,20,100,4,31.065413401732748,
3,0.1,20,100,6,30.949693900768544,
3,0.1,20,100,8,31.14229725100684,
3,0.1,20,200,2,31.92958535144689,
3,0.1,20,200,4,31.03158584520552,
3,0.1,20,200,6,30.96806795079377,
3,0.1,20,200,8,31.2947599369562,
3,0.1,26,50,2,26.60410430908861,
3,0.1,26,50,4,26.683728346878183,
3,0.1,26,50,6,27.16597897491956,
3,0.1,26,50,8,27.667006233919743,
3,0.1,26,100,2,26.65182290203552,
3,0.1,26,100,4,26.512806155295436,
3,0.1,26,100,6,27.089003132798368,
3,0.1,26,100,8,27.65465931601338,
3,0.1,26,200,2,26.807408487408683,
3,0.1,26,200,4,26.53474753682917,
3,0.1,26,200,6,27.16350540147204,
3,0.1,26,200,8,27.806113000499245,
3,0.1,32,50,2,22.63304576812824,
3,0.1,32,50,2,48.81967075247815,
3,0.1,32,50,4,23.693292236736134,
3,0.1,32,50,4,51.7552040542591,
3,0.1,32,50,6,24.703262357673744,
3,0.1,32,50,6,50.92265948018776,
3,0.1,32,50,8,25.4168309024028,
3,0.1,32,50,8,49.89932552638644,
3,0.1,32,100,2,22.645426512862656,
3,0.1,32,100,2,49.0364917411292,
3,0.1,32,100,4,23.6069727343878,
3,0.1,32,100,4,51.53714575505831,
3,0.1,32,100,6,24.746465411327005,
3,0.1,32,100,6,49.636256096844406,
3,0.1,32,100,8,25.41158562407005,
3,0.1,32,100,8,49.27779874164451,
3,0.1,32,200,2,22.678854143506705,
3,0.1,32,200,2,48.85897857241689,
3,0.1,32,200,4,23.6414080765568,
3,0.1,32,200,4,51.01898961794267,
3,0.1,32,200,6,24.64141306466588,
3,0.1,32,200,6,50.09814963055052,
3,0.1,32,200,8,25.383755305642783,
3,0.1,32,200,8,49.78129069008754,
3,0.1,56,50,2,35.801059673119475,
3,0.1,56,50,4,34.7832690370115,
3,0.1,56,50,6,34.50395367952842,
3,0.1,56,50,8,34.04093796608848,
3,0.1,56,100,2,35.80860482914086,
3,0.1,56,100,4,34.92961733202455,
3,0.1,56,100,6,34.50976982550628,
3,0.1,56,100,8,34.96130395452148,
3,0.1,56,200,2,36.07249716723092,
3,0.1,56,200,4,35.30672333316155,
3,0.1,56,200,6,34.71271562025106,
3,0.1,56,200,8,34.51900119251508,
3,0.1,80,50,2,29.18973795706212,
3,0.1,80,50,4,29.09903538733944,
3,0.1,80,50,6,29.55017323193063,
3,0.1,80,50,8,30.228705485265845,
3,0.1,80,100,2,29.172802379641908,
3,0.1,80,100,4,29.0189552183205,
3,0.1,80,100,6,29.59207912348481,
3,0.1,80,100,8,30.06978146249401,
3,0.1,80,200,2,29.172818201853225,
3,0.1,80,200,4,28.95826058870322,
3,0.1,80,200,6,29.576384560171025,
3,0.1,80,200,8,30.03431481194709,
3,0.1,104,50,2,24.704688469706596,
3,0.1,104,50,4,25.889157757252026,
3,0.1,104,50,6,27.094812145775133,
3,0.1,104,50,8,27.895375148057767,
3,0.1,104,100,2,24.77806496085491,
3,0.1,104,100,4,25.782236901091878,
3,0.1,104,100,6,27.021779636194047,
3,0.1,104,100,8,27.869228774871104,
3,0.1,104,200,2,24.648969573793643,
3,0.1,104,200,4,25.8583290833611,
3,0.1,104,200,6,27.020939019162437,
3,0.1,104,200,8,27.86612611486674,
3,0.1,128,50,2,50.62784638114795,"(32, 32)"
3,0.1,128,50,2,21.395288932830216,
3,0.1,128,50,4,56.23189677220225,"(32, 32)"
3,0.1,128,50,4,23.88157651109477,
3,0.1,128,50,6,59.1073179358473,"(32, 32)"
3,0.1,128,50,6,25.57849419105408,
3,0.1,128,50,8,58.45452952590352,"(32, 32)"
3,0.1,128,50,8,26.52334156946017,
3,0.1,128,100,2,50.91094896560913,"(32, 32)"
3,0.1,128,100,2,21.3705703874867,
3,0.1,128,100,4,56.48401186075783,"(32, 32)"
3,0.1,128,100,4,23.88767988216076,
3,0.1,128,100,6,59.39023386629006,"(32, 32)"
3,0.1,128,100,6,25.520578122063107,
3,0.1,128,100,8,62.95159330040868,"(32, 32)"
3,0.1,128,100,8,26.404546522462468,
3,0.1,128,200,2,51.19733722885353,"(32, 32)"
3,0.1,128,200,2,21.371643516736032,
3,0.1,128,200,4,56.1263176438387,"(32, 32)"
3,0.1,128,200,4,23.902806172368518,
3,0.1,128,200,6,62.072574316434526,"(32, 32)"
3,0.1,128,200,6,25.52396314048766,
3,0.1,128,200,8,61.21190963002379,"(32, 32)"
3,0.1,128,200,8,26.403789626849694,
3,0.1,224,50,2,33.811908089186446,"(32, 32)"
3,0.1,224,50,4,32.68988670257138,"(32, 32)"
3,0.1,224,50,6,33.002199677646225,"(32, 32)"
3,0.1,224,50,8,33.66443927560242,"(32, 32)"
3,0.1,224,100,2,33.88202878658278,"(32, 32)"
3,0.1,224,100,4,32.72884658342913,"(32, 32)"
3,0.1,224,100,6,33.10508186766932,"(32, 32)"
3,0.1,224,100,8,33.41540396216011,"(32, 32)"
3,0.1,224,200,2,33.651979761706805,"(32, 32)"
3,0.1,224,200,4,33.05202290725514,"(32, 32)"
3,0.1,224,200,6,34.161370705881204,"(32, 32)"
3,0.1,224,200,8,33.42639683135101,"(32, 32)"
3,0.1,320,50,2,27.84161416712674,"(32, 32)"
3,0.1,320,50,4,28.72834167697525,"(32, 32)"
3,0.1,320,50,6,29.95058185604455,"(32, 32)"
3,0.1,320,50,8,30.98314239158571,"(32, 32)"
3,0.1,320,100,2,27.9060658003483,"(32, 32)"
3,0.1,320,100,4,28.640906699335805,"(32, 32)"
3,0.1,320,100,6,29.900816101878384,"(32, 32)"
3,0.1,320,100,8,30.842260879389887,"(32, 32)"
3,0.1,320,200,2,27.95394625025086,"(32, 32)"
3,0.1,320,200,4,28.61781654010224,"(32, 32)"
3,0.1,320,200,6,29.861871045124985,"(32, 32)"
3,0.1,320,200,8,30.896298062684977,"(32, 32)"
3,0.1,416,50,2,23.98542716734781,"(32, 32)"
3,0.1,416,50,4,26.54617080517875,"(32, 32)"
3,0.1,416,50,6,28.586058669290885,"(32, 32)"
3,0.1,416,50,8,29.78058392159122,"(32, 32)"
3,0.1,416,100,2,23.952427843353675,"(32, 32)"
3,0.1,416,100,4,26.5259954957818,"(32, 32)"
3,0.1,416,100,6,28.457396335917352,"(32, 32)"
3,0.1,416,100,8,29.630152515813204,"(32, 32)"
3,0.1,416,200,2,23.972537461387905,"(32, 32)"
3,0.1,416,200,4,26.48131082188831,"(32, 32)"
3,0.1,416,200,6,28.45009104575018,"(32, 32)"
3,0.1,416,200,8,29.62596418525902,"(32, 32)"
3,0.1,512,50,2,21.42092993590259,"(32, 32)"
3,0.1,512,50,4,25.443622798878145,"(32, 32)"
3,0.1,512,50,6,27.77828685633093,"(32, 32)"
3,0.1,512,50,8,29.126802576955363,"(32, 32)"
3,0.1,512,100,2,21.379420933103276,"(32, 32)"
3,0.1,512,100,4,25.37618136357249,"(32, 32)"
3,0.1,512,100,6,27.621027941403536,"(32, 32)"
3,0.1,512,100,8,28.937496045237985,"(32, 32)"
3,0.1,512,200,2,21.39592347935521,"(32, 32)"
3,0.1,512,200,4,25.35458499894545,"(32, 32)"
3,0.1,512,200,6,27.572183374199945,"(32, 32)"
3,0.1,512,200,8,28.889874677059456,"(32, 32)"
3,1.0,8,50,2,42.82889072717632,
3,1.0,8,50,4,40.84978993243924,
3,1.0,8,50,6,40.68699362069084,
3,1.0,8,50,8,40.72386810621892,
3,1.0,8,100,2,43.00550922320724,
3,1.0,8,100,4,40.888842277454216,
3,1.0,8,100,6,40.90766758571633,
3,1.0,8,100,8,40.76171074845693,
3,1.0,8,200,2,43.05020431133352,
3,1.0,8,200,4,41.027709389809445,
3,1.0,8,200,6,40.88843616520609,
3,1.0,8,200,8,40.65023461305826,
3,1.0,14,50,2,35.5536356036717,
3,1.0,14,50,4,34.9814223440129,
3,1.0,14,50,6,35.362295127105284,
3,1.0,14,50,8,35.626809646420426,
3,1.0,14,100,2,35.6099857748293,
3,1.0,14,100,4,34.87131724174348,
3,1.0,14,100,6,35.34905361651499,
3,1.0,14,100,8,35.56739883336605,
3,1.0,14,200,2,35.489639220974226,
3,1.0,14,200,4,35.01413779141047,
3,1.0,14,200,6,35.307523501660555,
3,1.0,14,200,8,35.59398797736855,
3,1.0,20,50,2,30.501864329407475,
3,1.0,20,50,4,31.34250517452672,
3,1.0,20,50,6,32.01074872691386,
3,1.0,20,50,8,32.6867153445535,
3,1.0,20,100,2,30.464687354347568,
3,1.0,20,100,4,31.233038670938846,
3,1.0,20,100,6,32.136995324794434,
3,1.0,20,100,8,32.757144236099684,
3,1.0,20,200,2,30.35436272977835,
3,1.0,20,200,4,31.29165278272325,
3,1.0,20,200,6,32.07247275953528,
3,1.0,20,200,8,32.71249612612149,
3,1.0,26,50,2,27.090215573444112,
3,1.0,26,50,4,28.909560225370367,
3,1.0,26,50,6,30.18086893295718,
3,1.0,26,50,8,30.940367717962,
3,1.0,26,100,2,27.118688525894868,
3,1.0,26,100,4,28.93400127442686,
3,1.0,26,100,6,30.14496220241954,
3,1.0,26,100,8,30.978844222592876,
3,1.0,26,200,2,27.07817409574765,
3,1.0,26,200,4,29.016979376962823,
3,1.0,26,200,6,30.076699628868617,
3,1.0,26,200,8,30.942604522368278,
3,1.0,32,50,2,24.84934318488057,
3,1.0,32,50,2,39.32723475446268,
3,1.0,32,50,4,27.664707696646968,
3,1.0,32,50,4,38.5662485832516,
3,1.0,32,50,6,28.88797650078341,
3,1.0,32,50,6,38.79051826872325,
3,1.0,32,50,8,29.780047205265667,
3,1.0,32,50,8,38.92676980485519,
3,1.0,32,100,2,24.86256811133597,
3,1.0,32,100,2,39.36924372180404,
3,1.0,32,100,4,27.560739335550632,
3,1.0,32,100,4,38.62695021165674,
3,1.0,32,100,6,28.923881737301755,
3,1.0,32,100,6,38.75143055890102,
3,1.0,32,100,8,29.775523480762967,
3,1.0,32,100,8,38.88925885766263,
3,1.0,32,200,2,24.781936770684432,
3,1.0,32,200,2,39.43999452757266,
3,1.0,32,200,4,27.58346549134033,
3,1.0,32,200,4,38.58141858243115,
3,1.0,32,200,6,28.954070518935303,
3,1.0,32,200,6,38.80049313693935,
3,1.0,32,200,8,29.79143600552414,
3,1.0,32,200,8,38.953035197669,
3,1.0,56,50,2,32.94221627854272,
3,1.0,56,50,4,33.621840544816905,
3,1.0,56,50,6,34.49790964842774,
3,1.0,56,50,8,35.01629303035789,
3,1.0,56,100,2,32.9048746225507,
3,1.0,56,100,4,33.546446813045904,
3,1.0,56,100,6,34.434005255358045,
3,1.0,56,100,8,35.01343414792812,
3,1.0,56,200,2,32.931851157788124,
3,1.0,56,200,4,33.42534300942702,
3,1.0,56,200,6,34.457801221239315,
3,1.0,56,200,8,35.00235734902742,
3,1.0,80,50,2,28.815161923389265,
3,1.0,80,50,4,30.953455407633623,
3,1.0,80,50,6,32.392311976032026,
3,1.0,80,50,8,33.2053393103552,
3,1.0,80,100,2,28.80054098256961,
3,1.0,80,100,4,31.008620324908776,
3,1.0,80,100,6,32.355480834708146,
3,1.0,80,100,8,33.26486183677935,
3,1.0,80,200,2,28.763218171372525,
3,1.0,80,200,4,31.02627963148331,
3,1.0,80,200,6,32.34933479485972,
3,1.0,80,200,8,33.21311683297342,
3,1.0,104,50,2,26.414467303861677,
3,1.0,104,50,4,29.61612584599364,
3,1.0,104,50,6,31.27027320910813,
3,1.0,104,50,8,32.28960021923646,
3,1.0,104,100,2,26.361269156390108,
3,1.0,104,100,4,29.58770309913592,
3,1.0,104,100,6,31.3075935342024,
3,1.0,104,100,8,32.23649290655779,
3,1.0,104,200,2,26.451474655954616,
3,1.0,104,200,4,29.59213777720524,
3,1.0,104,200,6,31.25485594595881,
3,1.0,104,200,8,32.26534137000792,
3,1.0,128,50,2,38.039899859532255,"(32, 32)"
3,1.0,128,50,2,25.06761204817099,
3,1.0,128,50,4,37.42173600778272,"(32, 32)"
3,1.0,128,50,4,28.89707670903548,
3,1.0,128,50,6,38.00232062029997,"(32, 32)"
3,1.0,128,50,6,30.59691499854158,
3,1.0,128,50,8,38.382382108424935,"(32, 32)"
3,1.0,128,50,8,31.658262650130663,
3,1.0,128,100,2,37.9955767516648,"(32, 32)"
3,1.0,128,100,2,25.02242829392482,
3,1.0,128,100,4,37.55835654054383,"(32, 32)"
3,1.0,128,100,4,28.83129944729901,
3,1.0,128,100,6,37.95081353402437,"(32, 32)"
3,1.0,128,100,6,30.632425334481084,
3,1.0,128,100,8,38.39929195784435,"(32, 32)"
3,1.0,128,100,8,31.63278548714579,
3,1.0,128,200,2,37.96646626201607,"(32, 32)"
3,1.0,128,200,2,25.094160976821183,
3,1.0,128,200,4,37.47859618661217,"(32, 32)"
3,1.0,128,200,4,28.818690696163877,
3,1.0,128,200,6,38.09856751720192,"(32, 32)"
3,1.0,128,200,6,30.573968837813737,
3,1.0,128,200,8,38.413295611736295,"(32, 32)"
3,1.0,128,200,8,31.65411393847151,
3,1.0,224,50,2,31.652660230353515,"(32, 32)"
3,1.0,224,50,4,33.61246021249955,"(32, 32)"
3,1.0,224,50,6,35.01647523309912,"(32, 32)"
3,1.0,224,50,8,35.884668303475905,"(32, 32)"
3,1.0,224,100,2,31.71788809972366,"(32, 32)"
3,1.0,224,100,4,33.594975506807245,"(32, 32)"
3,1.0,224,100,6,34.88177167443914,"(32, 32)"
3,1.0,224,100,8,35.800061101168694,"(32, 32)"
3,1.0,224,200,2,31.70669919054285,"(32, 32)"
3,1.0,224,200,4,33.591950294724946,"(32, 32)"
3,1.0,224,200,6,34.91606282248446,"(32, 32)"
3,1.0,224,200,8,35.76636850659992,"(32, 32)"
3,1.0,320,50,2,28.59403643021668,"(32, 32)"
3,1.0,320,50,4,32.01089655604062,"(32, 32)"
3,1.0,320,50,6,33.82873557158639,"(32, 32)"
3,1.0,320,50,8,34.91935987866813,"(32, 32)"
3,1.0,320,100,2,28.572858739208467,"(32, 32)"
3,1.0,320,100,4,32.020300624753816,"(32, 32)"
3,1.0,320,100,6,33.72340645160562,"(32, 32)"
3,1.0,320,100,8,34.8888232000371,"(32, 32)"
3,1.0,320,200,2,28.544116625551847,"(32, 32)"
3,1.0,320,200,4,31.92452410863768,"(32, 32)"
3,1.0,320,200,6,33.672931868745955,"(32, 32)"
3,1.0,320,200,8,34.8313548668488,"(32, 32)"
3,1.0,416,50,2,27.04482278690684,"(32, 32)"
3,1.0,416,50,4,31.251953430156707,"(32, 32)"
3,1.0,416,50,6,33.19972035623459,"(32, 32)"
3,1.0,416,50,8,34.482941321579574,"(32, 32)"
3,1.0,416,100,2,26.96646550515696,"(32, 32)"
3,1.0,416,100,4,31.173685932378863,"(32, 32)"
3,1.0,416,100,6,33.147826768803846,"(32, 32)"
3,1.0,416,100,8,34.39879442142857,"(32, 32)"
3,1.0,416,200,2,26.99975190225279,"(32, 32)"
3,1.0,416,200,4,31.13437557341068,"(32, 32)"
3,1.0,416,200,6,33.135025810391674,"(32, 32)"
3,1.0,416,200,8,34.356899697939106,"(32, 32)"
3,1.0,512,50,2,26.202963549321854,"(32, 32)"
3,1.0,512,50,4,30.786960378077097,"(32, 32)"
3,1.0,512,50,6,32.86237960334857,"(32, 32)"
3,1.0,512,50,8,34.1836340913479,"(32, 32)"
3,1.0,512,100,2,26.19713908584216,"(32, 32)"
3,1.0,512,100,4,30.695077182084287,"(32, 32)"
3,1.0,512,100,6,32.76662582156901,"(32, 32)"
3,1.0,512,100,8,34.056514277056735,"(32, 32)"
3,1.0,512,200,2,26.14383620782109,"(32, 32)"
3,1.0,512,200,4,30.652187315414185,"(32, 32)"
3,1.0,512,200,6,32.70961146358037,"(32, 32)"
3,1.0,512,200,8,34.027955455359404,"(32, 32)"
3,10.0,8,50,2,42.74185535857572,
3,10.0,8,50,4,40.87817421816792,
3,10.0,8,50,6,40.85272781247856,
3,10.0,8,50,8,41.20509552972212,
3,10.0,8,100,2,42.83866250002747,
3,10.0,8,100,4,40.745721791365,
3,10.0,8,100,6,41.04114319649842,
3,10.0,8,100,8,41.314537148161854,
3,10.0,8,200,2,42.91469202529568,
3,10.0,8,200,4,40.8010786119639,
3,10.0,8,200,6,40.91855971754028,
3,10.0,8,200,8,41.2070103282841,
3,10.0,14,50,2,36.10841020378865,
3,10.0,14,50,4,37.14944310958175,
3,10.0,14,50,6,37.99707953624451,
3,10.0,14,50,8,38.584091299918285,
3,10.0,14,100,2,36.12148545008366,
3,10.0,14,100,4,37.06915007397703,
3,10.0,14,100,6,38.03300588624523,
3,10.0,14,100,8,38.63501839198063,
3,10.0,14,200,2,36.127244186651886,
3,10.0,14,200,4,37.15109522605439,
3,10.0,14,200,6,37.95056289436329,
3,10.0,14,200,8,38.52558974916854,
3,10.0,20,50,2,33.52992329812542,
3,10.0,20,50,4,35.57073466291114,
3,10.0,20,50,6,36.68734949136304,
3,10.0,20,50,8,37.24900980407771,
3,10.0,20,100,2,33.5061277222568,
3,10.0,20,100,4,35.55420211229324,
3,10.0,20,100,6,36.68636490529689,
3,10.0,20,100,8,37.27305805922264,
3,10.0,20,200,2,33.58011459058393,
3,10.0,20,200,4,35.6259524569429,
3,10.0,20,200,6,36.64706381242264,
3,10.0,20,200,8,37.2589298783845,
3,10.0,26,50,2,32.18527871772583,
3,10.0,26,50,4,34.81779897141149,
3,10.0,26,50,6,35.9532852136125,
3,10.0,26,50,8,36.74838107948282,
3,10.0,26,100,2,32.19124828846544,
3,10.0,26,100,4,34.83702491898955,
3,10.0,26,100,6,36.01861546610606,
3,10.0,26,100,8,36.622741733752925,
3,10.0,26,200,2,32.161152309346605,
3,10.0,26,200,4,34.78757223984636,
3,10.0,26,200,6,35.98923283731547,
3,10.0,26,200,8,36.687944659734114,
3,10.0,32,50,2,31.367901793217467,
3,10.0,32,50,2,39.01020977676732,
3,10.0,32,50,4,34.29371682052996,
3,10.0,32,50,4,38.95617771542846,
3,10.0,32,50,6,35.47398180585813,
3,10.0,32,50,6,39.77456414675043,
3,10.0,32,50,8,36.22954534706015,
3,10.0,32,50,8,40.39097014820193,
3,10.0,32,100,2,31.405288666393155,
3,10.0,32,100,2,38.9596917607453,
3,10.0,32,100,4,34.38188402083314,
3,10.0,32,100,4,38.9657588688748,
3,10.0,32,100,6,35.55490369066744,
3,10.0,32,100,6,39.814751290427566,
3,10.0,32,100,8,36.238597839294975,
3,10.0,32,100,8,40.47359915294852,
3,10.0,32,200,2,31.381148385599648,
3,10.0,32,200,2,38.84952792515405,
3,10.0,32,200,4,34.32525542206553,
3,10.0,32,200,4,38.94423087099737,
3,10.0,32,200,6,35.59167045701017,
3,10.0,32,200,6,39.68760717182257,
3,10.0,32,200,8,36.2297839389458,
3,10.0,32,200,8,40.33182236439552,
3,10.0,56,50,2,34.42424273908113,
3,10.0,56,50,4,37.04992030002604,
3,10.0,56,50,6,38.249471872710345,
3,10.0,56,50,8,38.94456910061866,
3,10.0,56,100,2,34.45621786270013,
3,10.0,56,100,4,37.00179430760652,
3,10.0,56,100,6,38.18607608619078,
3,10.0,56,100,8,39.00254378214672,
3,10.0,56,200,2,34.36182081565012,
3,10.0,56,200,4,36.99985983538498,
3,10.0,56,200,6,38.2691588944865,
3,10.0,56,200,8,38.97261499297769,
3,10.0,80,50,2,32.84209219453528,
3,10.0,80,50,4,36.25975494672277,
3,10.0,80,50,6,37.62824861309605,
3,10.0,80,50,8,38.31741112351851,
3,10.0,80,100,2,32.83683853673935,
3,10.0,80,100,4,36.32082209862439,
3,10.0,80,100,6,37.66047040786337,
3,10.0,80,100,8,38.33195158638097,
3,10.0,80,200,2,32.82656030135143,
3,10.0,80,200,4,36.36131931248886,
3,10.0,80,200,6,37.63160865510141,
3,10.0,80,200,8,38.32181633692276,
3,10.0,104,50,2,32.17526486635302,
3,10.0,104,50,4,36.007199468213315,
3,10.0,104,50,6,37.35354973446155,
3,10.0,104,50,8,38.04640591624011,
3,10.0,104,100,2,32.13507219044418,
3,10.0,104,100,4,35.9249337956954,
3,10.0,104,100,6,37.263695880852765,
3,10.0,104,100,8,38.046474095921056,
3,10.0,104,200,2,32.100168331097045,
3,10.0,104,200,4,35.92331756708496,
3,10.0,104,200,6,37.302794147796895,
3,10.0,104,200,8,38.09354761709852,
3,10.0,128,50,2,37.64436926613419,"(32, 32)"
3,10.0,128,50,2,31.734258699415307,
3,10.0,128,50,4,39.034586413364266,"(32, 32)"
3,10.0,128,50,4,35.73702836954678,
3,10.0,128,50,6,40.17330871896109,"(32, 32)"
3,10.0,128,50,6,37.1330882808012,
3,10.0,128,50,8,40.92711581083805,"(32, 32)"
3,10.0,128,50,8,37.904967133025096,
3,10.0,128,100,2,37.631491269040026,"(32, 32)"
3,10.0,128,100,2,31.725542816255864,
3,10.0,128,100,4,39.04854101173645,"(32, 32)"
3,10.0,128,100,4,35.730390065474474,
3,10.0,128,100,6,40.22400494015101,"(32, 32)"
3,10.0,128,100,6,37.14141939859901,
3,10.0,128,100,8,40.84521799287821,"(32, 32)"
3,10.0,128,100,8,37.82860934527674,
3,10.0,128,200,2,37.52395988512146,"(32, 32)"
3,10.0,128,200,2,31.72639639256027,
3,10.0,128,200,4,38.99252594953983,"(32, 32)"
3,10.0,128,200,4,35.73366621654759,
3,10.0,128,200,6,40.11627230691419,"(32, 32)"
3,10.0,128,200,6,37.09712914723721,
3,10.0,128,200,8,40.83732329097706,"(32, 32)"
3,10.0,128,200,8,37.79198717838687,
3,10.0,224,50,2,34.13430765395561,"(32, 32)"
3,10.0,224,50,4,38.13456085892528,"(32, 32)"
3,10.0,224,50,6,39.51160332912269,"(32, 32)"
3,10.0,224,50,8,40.21228179255824,"(32, 32)"
3,10.0,224,100,2,34.15762675338531,"(32, 32)"
3,10.0,224,100,4,38.036871739870655,"(32, 32)"
3,10.0,224,100,6,39.37311677819146,"(32, 32)"
3,10.0,224,100,8,40.13799952336071,"(32, 32)"
3,10.0,224,200,2,34.18250211625437,"(32, 32)"
3,10.0,224,200,4,37.97414562678118,"(32, 32)"
3,10.0,224,200,6,39.44223540542366,"(32, 32)"
3,10.0,224,200,8,40.19415394231997,"(32, 32)"
3,10.0,320,50,2,33.110869132259324,"(32, 32)"
3,10.0,320,50,4,37.77330035684773,"(32, 32)"
3,10.0,320,50,6,39.30480231532003,"(32, 32)"
3,10.0,320,50,8,40.00170885250536,"(32, 32)"
3,10.0,320,100,2,33.06819100968228,"(32, 32)"
3,10.0,320,100,4,37.62262563722616,"(32, 32)"
3,10.0,320,100,6,39.17658024310797,"(32, 32)"
3,10.0,320,100,8,39.89848023773288,"(32, 32)"
3,10.0,320,200,2,33.103418654258675,"(32, 32)"
3,10.0,320,200,4,37.661103020558194,"(32, 32)"
3,10.0,320,200,6,39.09446065547996,"(32, 32)"
3,10.0,320,200,8,39.87416262330368,"(32, 32)"
3,10.0,416,50,2,32.58058575088996,"(32, 32)"
3,10.0,416,50,4,37.50292540265792,"(32, 32)"
3,10.0,416,50,6,39.0047456348244,"(32, 32)"
3,10.0,416,50,8,39.881196261096086,"(32, 32)"
3,10.0,416,100,2,32.55416909984419,"(32, 32)"
3,10.0,416,100,4,37.45355288022821,"(32, 32)"
3,10.0,416,100,6,38.98057546810286,"(32, 32)"
3,10.0,416,100,8,39.75536065572415,"(32, 32)"
3,10.0,416,200,2,32.57887351367702,"(32, 32)"
3,10.0,416,200,4,37.48051928287696,"(32, 32)"
3,10.0,416,200,6,38.97337611194011,"(32, 32)"
3,10.0,416,200,8,39.74712457393304,"(32, 32)"
3,10.0,512,50,2,32.28256149065165,"(32, 32)"
3,10.0,512,50,4,37.40995638912364,"(32, 32)"
3,10.0,512,50,6,39.02647098210258,"(32, 32)"
3,10.0,512,50,8,39.78700855945146,"(32, 32)"
3,10.0,512,100,2,32.29005399225139,"(32, 32)"
3,10.0,512,100,4,37.390137429730856,"(32, 32)"
3,10.0,512,100,6,38.89743209247459,"(32, 32)"
3,10.0,512,100,8,39.59893731126684,"(32, 32)"
3,10.0,512,200,2,32.30791914619208,"(32, 32)"
3,10.0,512,200,4,37.34791604270785,"(32, 32)"
3,10.0,512,200,6,38.87307361601288,"(32, 32)"
3,10.0,512,200,8,39.63520590099117,"(32, 32)"
4,0.01,8,50,2,71.4100566224997,
4,0.01,8,50,4,68.07623808117029,
4,0.01,8,50,6,67.11618552416373,
4,0.01,8,50,8,66.00756263753344,
4,0.01,8,100,2,70.91763191447824,
4,0.01,8,100,4,68.23141036287775,
4,0.01,8,100,6,67.19324463881435,
4,0.01,8,100,8,65.48728682630211,
4,0.01,8,200,2,70.4694923243364,
4,0.01,8,200,4,68.61923755014253,
4,0.01,8,200,6,66.69107437922611,
4,0.01,8,200,8,65.7275500534521,
4,0.01,14,50,2,66.53876357970458,
4,0.01,14,50,4,64.84375870670122,
4,0.01,14,50,6,63.38662947092876,
4,0.01,14,50,8,61.46269319576477,
4,0.01,14,100,2,66.48830067108912,
4,0.01,14,100,4,65.26600421469315,
4,0.01,14,100,6,63.45858588599455,
4,0.01,14,100,8,61.77687426957634,
4,0.01,14,200,2,65.82681953300131,
4,0.01,14,200,4,65.07690797837869,
4,0.01,14,200,6,63.18460251440666,
4,0.01,14,200,8,62.07377827825167,
4,0.01,20,50,2,60.34439827774752,
4,0.01,20,50,4,57.98700219886548,
4,0.01,20,50,6,55.82286817868047,
4,0.01,20,50,8,53.993703298441446,
4,0.01,20,100,2,59.90969031638314,
4,0.01,20,100,4,56.99757795039991,
4,0.01,20,100,6,55.25398333245109,
4,0.01,20,100,8,54.81600526847748,
4,0.01,20,200,2,59.9280785245288,
4,0.01,20,200,4,58.126897243586846,
4,0.01,20,200,6,55.25139495331416,
4,0.01,20,200,8,54.66781422333243,
4,0.01,26,50,2,52.08187395823254,
4,0.01,26,50,4,47.42913060999455,
4,0.01,26,50,6,44.25360226381548,
4,0.01,26,50,8,43.37459610193062,
4,0.01,26,100,2,52.38904501571575,
4,0.01,26,100,4,46.83673792418364,
4,0.01,26,100,6,44.12942672872334,
4,0.01,26,100,8,43.15413877721945,
4,0.01,26,200,2,52.20672644323899,
4,0.01,26,200,4,47.39330113392193,
4,0.01,26,200,6,46.064028338021785,
4,0.01,26,200,8,44.30959130816908,
4,0.01,32,50,2,41.51143015442344,
4,0.01,32,50,2,103.4634881970088,
4,0.01,32,50,4,35.83290671752578,
4,0.01,32,50,4,110.0805576984284,
4,0.01,32,50,6,34.35884413714574,
4,0.01,32,50,6,108.2734009467218,
4,0.01,32,50,8,32.71202232469789,
4,0.01,32,50,8,108.12671891979498,
4,0.01,32,100,2,42.17793533973308,
4,0.01,32,100,2,102.53468811353808,
4,0.01,32,100,4,35.656159971693555,
4,0.01,32,100,4,110.2615002021052,
4,0.01,32,100,6,34.09406714637165,
4,0.01,32,100,6,109.44163499271724,
4,0.01,32,100,8,33.14930789046648,
4,0.01,32,100,8,106.75771348587844,
4,0.01,32,200,2,41.42907293138307,
4,0.01,32,200,2,102.22516388277091,
4,0.01,32,200,4,35.68410458420957,
4,0.01,32,200,4,109.94622346534132,
4,0.01,32,200,6,34.198114340926715,
4,0.01,32,200,6,108.20582778805108,
4,0.01,32,200,8,34.19119371060269,
4,0.01,32,200,8,106.97934871213604,
4,0.01,56,50,2,92.91803390340918,
4,0.01,56,50,4,98.92958529751073,
4,0.01,56,50,6,97.72503885857331,
4,0.01,56,50,8,95.25516333815256,
4,0.01,56,100,2,93.80975189351844,
4,0.01,56,100,4,99.527569349135,
4,0.01,56,100,6,97.5205091180256,
4,0.01,56,100,8,94.82941709811344,
4,0.01,56,200,2,93.92449950551156,
4,0.01,56,200,4,99.69957873792043,
4,0.01,56,200,6,97.6335240939712,
4,0.01,56,200,8,97.0954074233184,
4,0.01,80,50,2,79.74451917989974,
4,0.01,80,50,4,81.89935329587152,
4,0.01,80,50,6,75.931640800835,
4,0.01,80,50,8,71.44485251569051,
4,0.01,80,100,2,79.39425355982341,
4,0.01,80,100,4,80.84127392127036,
4,0.01,80,100,6,75.21290109840322,
4,0.01,80,100,8,72.1293503161679,
4,0.01,80,200,2,78.35829303332972,
4,0.01,80,200,4,80.20284316524153,
4,0.01,80,200,6,72.90334887563613,
4,0.01,80,200,8,71.622452642336,
4,0.01,104,50,2,61.55033272499125,
4,0.01,104,50,4,53.50593665866384,
4,0.01,104,50,6,48.27521852022059,
4,0.01,104,50,8,44.48672021459505,
4,0.01,104,100,2,61.05017349630912,
4,0.01,104,100,4,52.40870597966887,
4,0.01,104,100,6,47.91032747657183,
4,0.01,104,100,8,44.73601888979839,
4,0.01,104,200,2,61.37829739478576,
4,0.01,104,200,4,53.48566972133331,
4,0.01,104,200,6,49.18507881458386,
4,0.01,104,200,8,43.56225870467886,
4,0.01,128,50,2,136.8805986626764,"(32, 32)"
4,0.01,128,50,2,41.05715127188861,
4,0.01,128,50,4,157.03988097199462,"(32, 32)"
4,0.01,128,50,4,32.49318107081968,
4,0.01,128,50,6,162.2859271672213,"(32, 32)"
4,0.01,128,50,6,29.638798136057257,
4,0.01,128,50,8,163.8536178873924,"(32, 32)"
4,0.01,128,50,8,28.147533697631083,
4,0.01,128,100,2,136.27030787881566,"(32, 32)"
4,0.01,128,100,2,41.47703684472531,
4,0.01,128,100,4,154.7197603991329,"(32, 32)"
4,0.01,128,100,4,32.85467016736952,
4,0.01,128,100,6,160.1468270498727,"(32, 32)"
4,0.01,128,100,6,29.8647200642598,
4,0.01,128,100,8,162.82820570859272,"(32, 32)"
4,0.01,128,100,8,27.7770927073454,
4,0.01,128,200,2,135.29145127022696,"(32, 32)"
4,0.01,128,200,2,41.405024764448925,
4,0.01,128,200,4,154.5905967438626,"(32, 32)"
4,0.01,128,200,4,32.800996983890705,
4,0.01,128,200,6,160.17953620251933,"(32, 32)"
4,0.01,128,200,6,29.26678448206563,
4,0.01,128,200,8,162.96031249926963,"(32, 32)"
4,0.01,128,200,8,27.906919328238693,
4,0.01,224,50,2,118.42341141057028,"(32, 32)"
4,0.01,224,50,4,134.07942829092133,"(32, 32)"
4,0.01,224,50,6,139.21435976994616,"(32, 32)"
4,0.01,224,50,8,139.09356974665272,"(32, 32)"
4,0.01,224,100,2,117.40088918111982,"(32, 32)"
4,0.01,224,100,4,136.03240343757682,"(32, 32)"
4,0.01,224,100,6,139.28293817261795,"(32, 32)"
4,0.01,224,100,8,138.87295218948503,"(32, 32)"
4,0.01,224,200,2,117.60006593909978,"(32, 32)"
4,0.01,224,200,4,135.61359843483373,"(32, 32)"
4,0.01,224,200,6,136.98285566383515,"(32, 32)"
4,0.01,224,200,8,138.63398507171323,"(32, 32)"
4,0.01,320,50,2,95.36816185751692,"(32, 32)"
4,0.01,320,50,4,96.92078031653236,"(32, 32)"
4,0.01,320,50,6,95.91683484904252,"(32, 32)"
4,0.01,320,50,8,90.13635624673178,"(32, 32)"
4,0.01,320,100,2,93.75713591819824,"(32, 32)"
4,0.01,320,100,4,97.90137218959306,"(32, 32)"
4,0.01,320,100,6,96.0420912219502,"(32, 32)"
4,0.01,320,100,8,86.9275826913895,"(32, 32)"
4,0.01,320,200,2,94.0952670691813,"(32, 32)"
4,0.01,320,200,4,98.98224763940148,"(32, 32)"
4,0.01,320,200,6,96.53203025495124,"(32, 32)"
4,0.01,320,200,8,92.5087779854648,"(32, 32)"
4,0.01,416,50,2,63.05837397314656,"(32, 32)"
4,0.01,416,50,4,50.551855789365234,"(32, 32)"
4,0.01,416,50,6,45.69881819818422,"(32, 32)"
4,0.01,416,50,8,40.96857285333972,"(32, 32)"
4,0.01,416,100,2,63.5228001069132,"(32, 32)"
4,0.01,416,100,4,49.61919836150941,"(32, 32)"
4,0.01,416,100,6,45.8544754140403,"(32, 32)"
4,0.01,416,100,8,42.29140502147198,"(32, 32)"
4,0.01,416,200,2,62.151366842251406,"(32, 32)"
4,0.01,416,200,4,51.66217339368836,"(32, 32)"
4,0.01,416,200,6,46.8200880351129,"(32, 32)"
4,0.01,416,200,8,38.72876339696134,"(32, 32)"
4,0.01,512,50,2,30.40469873907351,"(32, 32)"
4,0.01,512,50,4,23.3385655213529,"(32, 32)"
4,0.01,512,50,6,23.7249149558148,"(32, 32)"
4,0.01,512,50,8,27.47375623197783,"(32, 32)"
4,0.01,512,100,2,31.62678022236672,"(32, 32)"
4,0.01,512,100,4,23.86970461294664,"(32, 32)"
4,0.01,512,100,6,23.636357882305592,"(32, 32)"
4,0.01,512,100,8,25.630621986536887,"(32, 32)"
4,0.01,512,200,2,32.0139190085254,"(32, 32)"
4,0.01,512,200,4,25.142848265633937,"(32, 32)"
4,0.01,512,200,6,24.52429419385576,"(32, 32)"
4,0.01,512,200,8,24.42986426123292,"(32, 32)"
4,0.1,8,50,2,46.8025156127519,
4,0.1,8,50,4,46.0507874213378,
4,0.1,8,50,6,44.97153326968589,
4,0.1,8,50,8,45.43140988680605,
4,0.1,8,100,2,46.74542409768325,
4,0.1,8,100,4,45.509495593205045,
4,0.1,8,100,6,45.5109402425691,
4,0.1,8,100,8,45.20750585874007,
4,0.1,8,200,2,46.817317658720775,
4,0.1,8,200,4,45.76895536871268,
4,0.1,8,200,6,45.94024135169144,
4,0.1,8,200,8,45.25422998542221,
4,0.1,14,50,2,38.66318187685822,
4,0.1,14,50,4,37.17860303604962,
4,0.1,14,50,6,36.91940783677754,
4,0.1,14,50,8,36.8790536495108,
4,0.1,14,100,2,38.652494305148295,
4,0.1,14,100,4,37.33356738584811,
4,0.1,14,100,6,37.26287127862981,
4,0.1,14,100,8,37.04767532159905,
4,0.1,14,200,2,38.62063939438918,
4,0.1,14,200,4,37.3811890954161,
4,0.1,14,200,6,37.10858176578195,
4,0.1,14,200,8,36.997509021934505,
4,0.1,20,50,2,31.681336173961764,
4,0.1,20,50,4,30.9301930439472,
4,0.1,20,50,6,30.901826516891816,
4,0.1,20,50,8,31.248318008933715,
4,0.1,20,100,2,31.716294968779547,
4,0.1,20,100,4,31.016032964295825,
4,0.1,20,100,6,31.144063603741664,
4,0.1,20,100,8,31.186461834647357,
4,0.1,20,200,2,31.88016961754987,
4,0.1,20,200,4,30.88820307204314,
4,0.1,20,200,6,30.860751860601376,
4,0.1,20,200,8,31.158257606280333,
4,0.1,26,50,2,26.71984868160962,
4,0.1,26,50,4,26.604279958254235,
4,0.1,26,50,6,27.124019341386955,
4,0.1,26,50,8,27.619631077252023,
4,0.1,26,100,2,26.66258030417466,
4,0.1,26,100,4,26.66382315098222,
4,0.1,26,100,6,27.15514221390171,
4,0.1,26,100,8,27.737240925318616,
4,0.1,26,200,2,26.69269177146336,
4,0.1,26,200,4,26.654792701088265,
4,0.1,26,200,6,27.156991963846327,
4,0.1,26,200,8,27.65542584069491,
4,0.1,32,50,2,22.66924078667476,
4,0.1,32,50,2,49.54834282468348,
4,0.1,32,50,4,23.595652199162824,
4,0.1,32,50,4,51.16938235669237,
4,0.1,32,50,6,24.59804775586181,
4,0.1,32,50,6,50.70711464254612,
4,0.1,32,50,8,25.424743302961478,
4,0.1,32,50,8,48.93144521855815,
4,0.1,32,100,2,22.49085363346321,
4,0.1,32,100,2,49.000078201231545,
4,0.1,32,100,4,23.566333165522558,
4,0.1,32,100,4,50.27996657626089,
4,0.1,32,100,6,24.622997686627915,
4,0.1,32,100,6,51.14470108343165,
4,0.1,32,100,8,25.44013584736475,
4,0.1,32,100,8,50.12105535268335,
4,0.1,32,200,2,22.674993846013454,
4,0.1,32,200,2,49.37775774630203,
4,0.1,32,200,4,23.59247558385522,
4,0.1,32,200,4,51.04059137366492,
4,0.1,32,200,6,24.65836935278129,
4,0.1,32,200,6,50.29116475071583,
4,0.1,32,200,8,25.391895175561224,
4,0.1,32,200,8,50.42796192009257,
4,0.1,56,50,2,36.17750234642229,
4,0.1,56,50,4,34.72148806868181,
4,0.1,56,50,6,35.28048388964569,
4,0.1,56,50,8,34.51823855409191,
4,0.1,56,100,2,35.8909319547714,
4,0.1,56,100,4,35.17631317702336,
4,0.1,56,100,6,34.349096574522015,
4,0.1,56,100,8,34.624929434914414,
4,0.1,56,200,2,36.023975230141325,
4,0.1,56,200,4,35.046463125923545,
4,0.1,56,200,6,34.7640448530472,
4,0.1,56,200,8,35.090738223320656,
4,0.1,80,50,2,29.13699552213029,
4,0.1,80,50,4,29.02905541081958,
4,0.1,80,50,6,29.610877038707667,
4,0.1,80,50,8,30.142012291795968,
4,0.1,80,100,2,29.115240074398216,
4,0.1,80,100,4,29.01524544232933,
4,0.1,80,100,6,29.55204281531321,
4,0.1,80,100,8,30.068892150301853,
4,0.1,80,200,2,29.1672361554452,
4,0.1,80,200,4,29.012206698426212,
4,0.1,80,200,6,29.50422069291594,
4,0.1,80,200,8,30.10741439952875,
4,0.1,104,50,2,24.66858297928875,
4,0.1,104,50,4,25.845133106717697,
4,0.1,104,50,6,27.044058703253462,
4,0.1,104,50,8,27.91357489778439,
4,0.1,104,100,2,24.621180049279584,
4,0.1,104,100,4,25.849289656716604,
4,0.1,104,100,6,26.9811647203064,
4,0.1,104,100,8,27.87078312337851,
4,0.1,104,200,2,24.77176626216949,
4,0.1,104,200,4,25.79570099846952,
4,0.1,104,200,6,26.996820545196808,
4,0.1,104,200,8,27.796353983378594,
4,0.1,128,50,2,50.71118622870031,"(32, 32)"
4,0.1,128,50,2,21.451947562627883,
4,0.1,128,50,4,56.41231153047989,"(32, 32)"
4,0.1,128,50,4,23.93213045538456,
4,0.1,128,50,6,60.81711265265928,"(32, 32)"
4,0.1,128,50,6,25.525801302505855,
4,0.1,128,50,8,61.91398988930088,"(32, 32)"
4,0.1,128,50,8,26.466930916889925,
4,0.1,128,100,2,50.95590588872094,"(32, 32)"
4,0.1,128,100,2,21.350289232497047,
4,0.1,128,100,4,56.64015143255691,"(32, 32)"
4,0.1,128,100,4,23.909574070626384,
4,0.1,128,100,6,60.15126272954695,"(32, 32)"
4,0.1,128,100,6,25.47118237821685,
4,0.1,128,100,8,60.49276122617153,"(32, 32)"
4,0.1,128,100,8,26.39161281871291,
4,0.1,128,200,2,51.14563071941739,"(32, 32)"
4,0.1,128,200,2,21.351690331755783,
4,0.1,128,200,4,56.14381698167855,"(32, 32)"
4,0.1,128,200,4,23.89257852415086,
4,0.1,128,200,6,61.38076506534701,"(32, 32)"
4,0.1,128,200,6,25.52716427705655,
4,0.1,128,200,8,60.10369197276757,"(32, 32)"
4,0.1,128,200,8,26.477131675079573,
4,0.1,224,50,2,33.76090702845214,"(32, 32)"
4,0.1,224,50,4,32.835135015120336,"(32, 32)"
4,0.1,224,50,6,33.41847751749625,"(32, 32)"
4,0.1,224,50,8,34.08235684389605,"(32, 32)"
4,0.1,224,100,2,33.82135063158954,"(32, 32)"
4,0.1,224,100,4,32.67313111498024,"(32, 32)"
4,0.1,224,100,6,33.3246554014185,"(32, 32)"
4,0.1,224,100,8,33.47359450725063,"(32, 32)"
4,0.1,224,200,2,34.03370022951157,"(32, 32)"
4,0.1,224,200,4,32.686498039454335,"(32, 32)"
4,0.1,224,200,6,33.5577742163819,"(32, 32)"
4,0.1,224,200,8,33.419139748350425,"(32, 32)"
4,0.1,320,50,2,27.923529628746618,"(32, 32)"
4,0.1,320,50,4,28.607800642995866,"(32, 32)"
4,0.1,320,50,6,30.005346266889628,"(32, 32)"
4,0.1,320,50,8,31.008684295524407,"(32, 32)"
4,0.1,320,100,2,27.938222922715497,"(32, 32)"
4,0.1,320,100,4,28.59346603502696,"(32, 32)"
4,0.1,320,100,6,29.873329530883264,"(32, 32)"
4,0.1,320,100,8,30.928194623292352,"(32, 32)"
4,0.1,320,200,2,27.852235196885843,"(32, 32)"
4,0.1,320,200,4,28.62324658483297,"(32, 32)"
4,0.1,320,200,6,29.908471163515983,"(32, 32)"
4,0.1,320,200,8,30.889312762577543,"(32, 32)"
4,0.1,416,50,2,23.92069995468405,"(32, 32)"
4,0.1,416,50,4,26.561584097835297,"(32, 32)"
4,0.1,416,50,6,28.562209380359565,"(32, 32)"
4,0.1,416,50,8,29.754270487505693,"(32, 32)"
4,0.1,416,100,2,23.92010862281147,"(32, 32)"
4,0.1,416,100,4,26.51362432373729,"(32, 32)"
4,0.1,416,100,6,28.453508302221536,"(32, 32)"
4,0.1,416,100,8,29.61027721147722,"(32, 32)"
4,0.1,416,200,2,24.019669102304047,"(32, 32)"
4,0.1,416,200,4,26.47887327050177,"(32, 32)"
4,0.1,416,200,6,28.45868894504712,"(32, 32)"
4,0.1,416,200,8,29.57120255172631,"(32, 32)"
4,0.1,512,50,2,21.43868027710488,"(32, 32)"
4,0.1,512,50,4,25.44734312627311,"(32, 32)"
4,0.1,512,50,6,27.795054658635998,"(32, 32)"
4,0.1,512,50,8,29.041578018148044,"(32, 32)"
4,0.1,512,100,2,21.405488249875923,"(32, 32)"
4,0.1,512,100,4,25.37282902492884,"(32, 32)"
4,0.1,512,100,6,27.647286517526933,"(32, 32)"
4,0.1,512,100,8,28.883032205915622,"(32, 32)"
4,0.1,512,200,2,21.429520704042368,"(32, 32)"
4,0.1,512,200,4,25.3272957969072,"(32, 32)"
4,0.1,512,200,6,27.60713626267188,"(32, 32)"
4,0.1,512,200,8,28.88863655208357,"(32, 32)"
4,1.0,8,50,2,43.04842413522385,
4,1.0,8,50,4,41.020392440562816,
4,1.0,8,50,6,40.78100015264102,
4,1.0,8,50,8,40.721082993815486,
4,1.0,8,100,2,43.23929908981884,
4,1.0,8,100,4,41.09552086325191,
4,1.0,8,100,6,40.858783503202496,
4,1.0,8,100,8,40.72096992349286,
4,1.0,8,200,2,43.11891617915042,
4,1.0,8,200,4,40.94074712789967,
4,1.0,8,200,6,40.67863585781467,
4,1.0,8,200,8,40.795186645215495,
4,1.0,14,50,2,35.59499013346286,
4,1.0,14,50,4,34.95832867143044,
4,1.0,14,50,6,35.29229287797086,
4,1.0,14,50,8,35.742985764224464,
4,1.0,14,100,2,35.57998972660493,
4,1.0,14,100,4,34.93807535260754,
4,1.0,14,100,6,35.250942839871016,
4,1.0,14,100,8,35.60516972669966,
4,1.0,14,200,2,35.69170957413246,
4,1.0,14,200,4,34.91959726300196,
4,1.0,14,200,6,35.374513063348225,
4,1.0,14,200,8,35.64538884884415,
4,1.0,20,50,2,30.3706328466836,
4,1.0,20,50,4,31.339426185501143,
4,1.0,20,50,6,32.129105598735656,
4,1.0,20,50,8,32.67930672478679,
4,1.0,20,100,2,30.4683260061645,
4,1.0,20,100,4,31.30072134972195,
4,1.0,20,100,6,32.111099026100966,
4,1.0,20,100,8,32.64914701320231,
4,1.0,20,200,2,30.60502689434553,
4,1.0,20,200,4,31.25303439857724,
4,1.0,20,200,6,32.09001279056207,
4,1.0,20,200,8,32.669996429247,
4,1.0,26,50,2,26.974546090338297,
4,1.0,26,50,4,28.893494335102115,
4,1.0,26,50,6,30.246039454438385,
4,1.0,26,50,8,30.939529013325437,
4,1.0,26,100,2,27.022064024095467,
4,1.0,26,100,4,28.97268923217164,
4,1.0,26,100,6,30.18855147969002,
4,1.0,26,100,8,30.931390579098416,
4,1.0,26,200,2,27.063047689838097,
4,1.0,26,200,4,28.99655163750433,
4,1.0,26,200,6,30.13971436322801,
4,1.0,26,200,8,30.96090398686049,
4,1.0,32,50,2,24.829670766121808,
4,1.0,32,50,2,39.39705493202372,
4,1.0,32,50,4,27.55176430260907,
4,1.0,32,50,4,38.71318456323504,
4,1.0,32,50,6,28.985830002121126,
4,1.0,32,50,6,38.71572777973634,
4,1.0,32,50,8,29.7816874901259,
4,1.0,32,50,8,38.82372098389278,
4,1.0,32,100,2,24.86885569996504,
4,1.0,32,100,2,39.42946532027939,
4,1.0,32,100,4,27.542853656377385,
4,1.0,32,100,4,38.53213121283616,
4,1.0,32,100,6,28.920113005463502,
4,1.0,32,100,6,38.69099846768958,
4,1.0,32,100,8,29.808146096838502,
4,1.0,32,100,8,38.9247780677775,
4,1.0,32,200,2,24.81435281672465,
4,1.0,32,200,2,39.51751508977822,
4,1.0,32,200,4,27.51453833787311,
4,1.0,32,200,4,38.714347385846025,
4,1.0,32,200,6,28.963290032291376,
4,1.0,32,200,6,38.58198122054314,
4,1.0,32,200,8,29.77612523179569,
4,1.0,32,200,8,38.76334161272244,
4,1.0,56,50,2,32.886324306396695,
4,1.0,56,50,4,33.58907023636203,
4,1.0,56,50,6,34.38363078573177,
4,1.0,56,50,8,34.98322253695083,
4,1.0,56,100,2,32.87156578083169,
4,1.0,56,100,4,33.57283846784608,
4,1.0,56,100,6,34.498902289577146,
4,1.0,56,100,8,35.01385354663989,
4,1.0,56,200,2,32.986487830079966,
4,1.0,56,200,4,33.610916137830394,
4,1.0,56,200,6,34.42917528284316,
4,1.0,56,200,8,34.988781629763885,
4,1.0,80,50,2,28.7519791295056,
4,1.0,80,50,4,31.02735106530428,
4,1.0,80,50,6,32.3612490875257,
4,1.0,80,50,8,33.27051731469914,
4,1.0,80,100,2,28.80529330935444,
4,1.0,80,100,4,30.98491184617892,
4,1.0,80,100,6,32.3658376564641,
4,1.0,80,100,8,33.23217553813344,
4,1.0,80,200,2,28.815090435362087,
4,1.0,80,200,4,30.9766069563442,
4,1.0,80,200,6,32.3507897423594,
4,1.0,80,200,8,33.197347842991825,
4,1.0,104,50,2,26.53828162660716,
4,1.0,104,50,4,29.61937045276396,
4,1.0,104,50,6,31.29621015767172,
4,1.0,104,50,8,32.27781896831126,
4,1.0,104,100,2,26.432420535720848,
4,1.0,104,100,4,29.604560851216142,
4,1.0,104,100,6,31.294207866375,
4,1.0,104,100,8,32.23097773968249,
4,1.0,104,200,2,26.43899921468052,
4,1.0,104,200,4,29.67027441511804,
4,1.0,104,200,6,31.209561543218943,
4,1.0,104,200,8,32.25328437581735,
4,1.0,128,50,2,37.98352310938934,"(32, 32)"
4,1.0,128,50,2,25.051010352068115,
4,1.0,128,50,4,37.39478877883549,"(32, 32)"
4,1.0,128,50,4,28.85140780446952,
4,1.0,128,50,6,37.8747589808686,"(32, 32)"
4,1.0,128,50,6,30.60705563850268,
4,1.0,128,50,8,38.305816615076246,"(32, 32)"
4,1.0,128,50,8,31.66831055105338,
4,1.0,128,100,2,38.09661684209285,"(32, 32)"
4,1.0,128,100,2,25.0340467931242,
4,1.0,128,100,4,37.59439783972986,"(32, 32)"
4,1.0,128,100,4,28.78391872297414,
4,1.0,128,100,6,37.9355878018108,"(32, 32)"
4,1.0,128,100,6,30.59744405605919,
4,1.0,128,100,8,38.37027167102039,"(32, 32)"
4,1.0,128,100,8,31.64661317274213,
4,1.0,128,200,2,37.98463651377994,"(32, 32)"
4,1.0,128,200,2,25.032989098645224,
4,1.0,128,200,4,37.39130466989608,"(32, 32)"
4,1.0,128,200,4,28.82756711011669,
4,1.0,128,200,6,37.92984172817189,"(32, 32)"
4,1.0,128,200,6,30.610514301713877,
4,1.0,128,200,8,38.35831091001194,"(32, 32)"
4,1.0,128,200,8,31.668093063620564,
4,1.0,224,50,2,31.73820348548165,"(32, 32)"
4,1.0,224,50,4,33.63972043151443,"(32, 32)"
4,1.0,224,50,6,34.905119273997364,"(32, 32)"
4,1.0,224,50,8,35.879911611526815,"(32, 32)"
4,1.0,224,100,2,31.76340015611583,"(32, 32)"
4,1.0,224,100,4,33.58450698379362,"(32, 32)"
4,1.0,224,100,6,34.970610404617375,"(32, 32)"
4,1.0,224,100,8,35.832937164482345,"(32, 32)"
4,1.0,224,200,2,31.670864817426303,"(32, 32)"
4,1.0,224,200,4,33.588957234420114,"(32, 32)"
4,1.0,224,200,6,34.88840765597552,"(32, 32)"
4,1.0,224,200,8,35.79839602452136,"(32, 32)"
4,1.0,320,50,2,28.570354558649317,"(32, 32)"
4,1.0,320,50,4,32.016905431802044,"(32, 32)"
4,1.0,320,50,6,33.86157760180564,"(32, 32)"
4,1.0,320,50,8,34.9904729138185,"(32, 32)"
4,1.0,320,100,2,28.56335835241809,"(32, 32)"
4,1.0,320,100,4,31.9520005007282,"(32, 32)"
4,1.0,320,100,6,33.75373175440951,"(32, 32)"
4,1.0,320,100,8,34.844327064833294,"(32, 32)"
4,1.0,320,200,2,28.51501484257317,"(32, 32)"
4,1.0,320,200,4,31.965894763631297,"(32, 32)"
4,1.0,320,200,6,33.73324858713876,"(32, 32)"
4,1.0,320,200,8,34.76691414832459,"(32, 32)"
4,1.0,416,50,2,27.040443859068937,"(32, 32)"
4,1.0,416,50,4,31.278692028475344,"(32, 32)"
4,1.0,416,50,6,33.261308338905906,"(32, 32)"
4,1.0,416,50,8,34.481510183359816,"(32, 32)"
4,1.0,416,100,2,27.05334931120096,"(32, 32)"
4,1.0,416,100,4,31.157753314115123,"(32, 32)"
4,1.0,416,100,6,33.16206543282176,"(32, 32)"
4,1.0,416,100,8,34.363725124040826,"(32, 32)"
4,1.0,416,200,2,26.965308755542523,"(32, 32)"
4,1.0,416,200,4,31.14654647027735,"(32, 32)"
4,1.0,416,200,6,33.1184770603455,"(32, 32)"
4,1.0,416,200,8,34.32234125807905,"(32, 32)"
4,1.0,512,50,2,26.196733180793807,"(32, 32)"
4,1.0,512,50,4,30.81888599261309,"(32, 32)"
4,1.0,512,50,6,32.87967715334583,"(32, 32)"
4,1.0,512,50,8,34.186248979570905,"(32, 32)"
4,1.0,512,100,2,26.158942846233668,"(32, 32)"
4,1.0,512,100,4,30.693223470010125,"(32, 32)"
4,1.0,512,100,6,32.78626148183972,"(32, 32)"
4,1.0,512,100,8,34.07629244082242,"(32, 32)"
4,1.0,512,200,2,26.141086207195773,"(32, 32)"
4,1.0,512,200,4,30.65826160546598,"(32, 32)"
4,1.0,512,200,6,32.761687195383935,"(32, 32)"
4,1.0,512,200,8,33.994064542251834,"(32, 32)"
4,10.0,8,50,2,42.78853949115217,
4,10.0,8,50,4,40.8458531136669,
4,10.0,8,50,6,40.917289439095605,
4,10.0,8,50,8,41.25182366241344,
4,10.0,8,100,2,42.80372531935275,
4,10.0,8,100,4,40.83119416115547,
4,10.0,8,100,6,40.942798626857616,
4,10.0,8,100,8,41.25082355023955,
4,10.0,8,200,2,42.86900176416357,
4,10.0,8,200,4,40.9046123226359,
4,10.0,8,200,6,40.98761283019027,
4,10.0,8,200,8,41.18433410795332,
4,10.0,14,50,2,36.21299322685832,
4,10.0,14,50,4,37.14745173384849,
4,10.0,14,50,6,37.93501678333688,
4,10.0,14,50,8,38.58973100871463,
4,10.0,14,100,2,36.16415173858886,
4,10.0,14,100,4,37.16027281522438,
4,10.0,14,100,6,37.96062241207793,
4,10.0,14,100,8,38.54616657003486,
4,10.0,14,200,2,36.08905225955877,
4,10.0,14,200,4,37.073224836617285,
4,10.0,14,200,6,37.94326723307197,
4,10.0,14,200,8,38.59570633721395,
4,10.0,20,50,2,33.4398699624668,
4,10.0,20,50,4,35.60093727592458,
4,10.0,20,50,6,36.72895630884256,
4,10.0,20,50,8,37.377506950275205,
4,10.0,20,100,2,33.461922370334044,
4,10.0,20,100,4,35.65550478558525,
4,10.0,20,100,6,36.65186191840984,
4,10.0,20,100,8,37.34826413248301,
4,10.0,20,200,2,33.514407347854586,
4,10.0,20,200,4,35.6272833912211,
4,10.0,20,200,6,36.68004978313832,
4,10.0,20,200,8,37.31568698275723,
4,10.0,26,50,2,32.09028887634445,
4,10.0,26,50,4,34.84790901029984,
4,10.0,26,50,6,36.05745991042146,
4,10.0,26,50,8,36.645122845766906,
4,10.0,26,100,2,32.14952214243341,
4,10.0,26,100,4,34.776328013640324,
4,10.0,26,100,6,35.97879081725614,
4,10.0,26,100,8,36.64660189749583,
4,10.0,26,200,2,32.18288102572115,
4,10.0,26,200,4,34.81643353194404,
4,10.0,26,200,6,35.96209644652071,
4,10.0,26,200,8,36.59497672874439,
4,10.0,32,50,2,31.362275419499227,
4,10.0,32,50,2,38.890323280644594,
4,10.0,32,50,4,34.37944063114395,
4,10.0,32,50,4,38.8847997646957,
4,10.0,32,50,6,35.572236402643384,
4,10.0,32,50,6,39.8777914953564,
4,10.0,32,50,8,36.22820731865823,
4,10.0,32,50,8,40.32946420402085,
4,10.0,32,100,2,31.37711159944807,
4,10.0,32,100,2,38.91845227432868,
4,10.0,32,100,4,34.406434213697786,
4,10.0,32,100,4,38.89943052527157,
4,10.0,32,100,6,35.57907211792091,
4,10.0,32,100,6,39.837394656283536,
4,10.0,32,100,8,36.264604822853975,
4,10.0,32,100,8,40.35009635337094,
4,10.0,32,200,2,31.396041501542083,
4,10.0,32,200,2,38.77584970946372,
4,10.0,32,200,4,34.35015259643598,
4,10.0,32,200,4,38.93233483897934,
4,10.0,32,200,6,35.53175781746004,
4,10.0,32,200,6,39.66535867944095,
4,10.0,32,200,8,36.19900314054436,
4,10.0,32,200,8,40.31846524837138,
4,10.0,56,50,2,34.3856101567509,
4,10.0,56,50,4,36.9510397324729,
4,10.0,56,50,6,38.26329951231456,
4,10.0,56,50,8,38.913229540717566,
4,10.0,56,100,2,34.40456303784001,
4,10.0,56,100,4,37.01106586454169,
4,10.0,56,100,6,38.31279302737018,
4,10.0,56,100,8,38.86004493298488,
4,10.0,56,200,2,34.37718898392542,
4,10.0,56,200,4,37.03896599712566,
4,10.0,56,200,6,38.243699246725264,
4,10.0,56,200,8,38.89842857579858,
4,10.0,80,50,2,32.84272196836773,
4,10.0,80,50,4,36.28268159051144,
4,10.0,80,50,6,37.55532077725953,
4,10.0,80,50,8,38.33115603579902,
4,10.0,80,100,2,32.803078539520065,
4,10.0,80,100,4,36.24404874159825,
4,10.0,80,100,6,37.585341581046144,
4,10.0,80,100,8,38.3783077342803,
4,10.0,80,200,2,32.85942532566804,
4,10.0,80,200,4,36.34109852139783,
4,10.0,80,200,6,37.64167669528515,
4,10.0,80,200,8,38.37222260107162,
4,10.0,104,50,2,32.1209597291949,
4,10.0,104,50,4,35.92511643382233,
4,10.0,104,50,6,37.32946146460333,
4,10.0,104,50,8,38.06517442850434,
4,10.0,104,100,2,32.16036940158472,
4,10.0,104,100,4,36.00220689366972,
4,10.0,104,100,6,37.30589770206493,
4,10.0,104,100,8,38.06209014020465,
4,10.0,104,200,2,32.13975287085464,
4,10.0,104,200,4,35.931333752579484,
4,10.0,104,200,6,37.27800522374976,
4,10.0,104,200,8,38.00419683871713,
4,10.0,128,50,2,37.57041088717233,"(32, 32)"
4,10.0,128,50,2,31.720953082165074,
4,10.0,128,50,4,39.00114581063275,"(32, 32)"
4,10.0,128,50,4,35.72220523438973,
4,10.0,128,50,6,40.21240136843257,"(32, 32)"
4,10.0,128,50,6,37.18210322865816,
4,10.0,128,50,8,40.93176988873515,"(32, 32)"
4,10.0,128,50,8,37.84113089131704,
4,10.0,128,100,2,37.69416347827802,"(32, 32)"
4,10.0,128,100,2,31.71170816662153,
4,10.0,128,100,4,39.03690494471038,"(32, 32)"
4,10.0,128,100,4,35.69415119675747,
4,10.0,128,100,6,40.25018466883406,"(32, 32)"
4,10.0,128,100,6,37.108088999098825,
4,10.0,128,100,8,40.81287480835025,"(32, 32)"
4,10.0,128,100,8,37.847200319865166,
4,10.0,128,200,2,37.59594542576733,"(32, 32)"
4,10.0,128,200,2,31.737101660771923,
4,10.0,128,200,4,38.91511119753613,"(32, 32)"
4,10.0,128,200,4,35.72298782052928,
4,10.0,128,200,6,40.19224579644518,"(32, 32)"
4,10.0,128,200,6,37.09725696468944,
4,10.0,128,200,8,40.93258646823149,"(32, 32)"
4,10.0,128,200,8,37.80031647928146,
4,10.0,224,50,2,34.12703176185998,"(32, 32)"
4,10.0,224,50,4,38.02566750647178,"(32, 32)"
4,10.0,224,50,6,39.54876682755818,"(32, 32)"
4,10.0,224,50,8,40.25816783603855,"(32, 32)"
4,10.0,224,100,2,34.143830857241404,"(32, 32)"
4,10.0,224,100,4,38.019921100420206,"(32, 32)"
4,10.0,224,100,6,39.42164397049141,"(32, 32)"
4,10.0,224,100,8,40.13255357798023,"(32, 32)"
4,10.0,224,200,2,34.120539502957755,"(32, 32)"
4,10.0,224,200,4,37.99044699803296,"(32, 32)"
4,10.0,224,200,6,39.48535256483332,"(32, 32)"
4,10.0,224,200,8,40.11847488729743,"(32, 32)"
4,10.0,320,50,2,33.04863553599476,"(32, 32)"
4,10.0,320,50,4,37.71381877531672,"(32, 32)"
4,10.0,320,50,6,39.2010361262036,"(32, 32)"
4,10.0,320,50,8,39.93041255906895,"(32, 32)"
4,10.0,320,100,2,33.08081891348176,"(32, 32)"
4,10.0,320,100,4,37.71741913704944,"(32, 32)"
4,10.0,320,100,6,39.106828900076685,"(32, 32)"
4,10.0,320,100,8,39.9001221638198,"(32, 32)"
4,10.0,320,200,2,33.085528482658496,"(32, 32)"
4,10.0,320,200,4,37.68429364534816,"(32, 32)"
4,10.0,320,200,6,39.15742587114853,"(32, 32)"
4,10.0,320,200,8,39.86490410020394,"(32, 32)"
4,10.0,416,50,2,32.520841400973104,"(32, 32)"
4,10.0,416,50,4,37.593303471653904,"(32, 32)"
4,10.0,416,50,6,39.10730730931691,"(32, 32)"
4,10.0,416,50,8,39.87194755135603,"(32, 32)"
4,10.0,416,100,2,32.564102514156446,"(32, 32)"
4,10.0,416,100,4,37.50525440279807,"(32, 32)"
4,10.0,416,100,6,39.05345827973725,"(32, 32)"
4,10.0,416,100,8,39.726897861861886,"(32, 32)"
4,10.0,416,200,2,32.55103403256732,"(32, 32)"
4,10.0,416,200,4,37.49937224816368,"(32, 32)"
4,10.0,416,200,6,38.91194835434799,"(32, 32)"
4,10.0,416,200,8,39.679993119239214,"(32, 32)"
4,10.0,512,50,2,32.28066109104418,"(32, 32)"
4,10.0,512,50,4,37.44376480084418,"(32, 32)"
4,10.0,512,50,6,38.98819798624137,"(32, 32)"
4,10.0,512,50,8,39.75119203903412,"(32, 32)"
4,10.0,512,100,2,32.27943703360235,"(32, 32)"
4,10.0,512,100,4,37.39821396301287,"(32, 32)"
4,10.0,512,100,6,38.84572472927274,"(32, 32)"
4,10.0,512,100,8,39.626962318327216,"(32, 32)"
4,10.0,512,200,2,32.284670859932575,"(32, 32)"
4,10.0,512,200,4,37.36179059689786,"(32, 32)"
4,10.0,512,200,6,38.83954031023037,"(32, 32)"
4,10.0,512,200,8,39.5892930747654,"(32, 32)"
5,0.01,8,50,2,71.10907007838107,
5,0.01,8,50,4,68.53469345967109,
5,0.01,8,50,6,66.42915109478173,
5,0.01,8,50,8,65.95936284212657,
5,0.01,8,100,2,70.59795635604752,
5,0.01,8,100,4,68.57645662980953,
5,0.01,8,100,6,67.57345009570633,
5,0.01,8,100,8,65.78056924426922,
5,0.01,8,200,2,71.2409362917357,
5,0.01,8,200,4,68.69620101286426,
5,0.01,8,200,6,67.29029169557694,
5,0.01,8,200,8,66.00880304063558,
5,0.01,14,50,2,66.39098276359279,
5,0.01,14,50,4,65.41845393887854,
5,0.01,14,50,6,62.9444328058196,
5,0.01,14,50,8,62.4026587861277,
5,0.01,14,100,2,65.99958084435734,
5,0.01,14,100,4,64.73933555533105,
5,0.01,14,100,6,63.1299354361221,
5,0.01,14,100,8,62.73921126064747,
5,0.01,14,200,2,66.64995212195495,
5,0.01,14,200,4,65.11343225407494,
5,0.01,14,200,6,63.4037362282397,
5,0.01,14,200,8,62.50849749973256,
5,0.01,20,50,2,60.28420486445962,
5,0.01,20,50,4,56.9074391843587,
5,0.01,20,50,6,55.42989282549841,
5,0.01,20,50,8,54.79029742755287,
5,0.01,20,100,2,60.49061423394865,
5,0.01,20,100,4,58.062609784337646,
5,0.01,20,100,6,55.41224196511841,
5,0.01,20,100,8,54.135035899280666,
5,0.01,20,200,2,60.153114455112814,
5,0.01,20,200,4,56.97190281549933,
5,0.01,20,200,6,54.956673636355134,
5,0.01,20,200,8,54.66503085425928,
5,0.01,26,50,2,52.06780257131765,
5,0.01,26,50,4,46.82215685993499,
5,0.01,26,50,6,45.67889636395088,
5,0.01,26,50,8,45.06628440171889,
5,0.01,26,100,2,52.12271475413636,
5,0.01,26,100,4,46.99881580565397,
5,0.01,26,100,6,45.12665709097339,
5,0.01,26,100,8,44.77215326185057,
5,0.01,26,200,2,51.95829310819674,
5,0.01,26,200,4,46.00277718163167,
5,0.01,26,200,6,45.509391569975264,
5,0.01,26,200,8,44.15930234344144,
5,0.01,32,50,2,41.920357169456985,
5,0.01,32,50,2,103.77664230396222,
5,0.01,32,50,4,35.64897152352105,
5,0.01,32,50,4,110.76887520138004,
5,0.01,32,50,6,33.61850996383868,
5,0.01,32,50,6,109.20456234270802,
5,0.01,32,50,8,33.68804931192768,
5,0.01,32,50,8,106.23016728819378,
5,0.01,32,100,2,41.830154364016295,
5,0.01,32,100,2,102.92540287720074,
5,0.01,32,100,4,35.804425193030546,
5,0.01,32,100,4,110.1017402393593,
5,0.01,32,100,6,33.76775249255475,
5,0.01,32,100,6,108.81908535736136,
5,0.01,32,100,8,34.65211818545541,
5,0.01,32,100,8,107.01143187658322,
5,0.01,32,200,2,41.71444988591685,
5,0.01,32,200,2,102.79261018783652,
5,0.01,32,200,4,35.60917365572534,
5,0.01,32,200,4,110.3788490531512,
5,0.01,32,200,6,33.96416093557828,
5,0.01,32,200,6,109.5893474441845,
5,0.01,32,200,8,33.93984999696024,
5,0.01,32,200,8,105.45843102731833,
5,0.01,56,50,2,93.04479309878997,
5,0.01,56,50,4,99.3170867110416,
5,0.01,56,50,6,97.43716918027847,
5,0.01,56,50,8,94.7851903179995,
5,0.01,56,100,2,92.62097482519594,
5,0.01,56,100,4,100.85423099037982,
5,0.01,56,100,6,97.36106927652833,
5,0.01,56,100,8,95.46134709751824,
5,0.01,56,200,2,93.08966332077529,
5,0.01,56,200,4,99.33783980095802,
5,0.01,56,200,6,97.04672963971866,
5,0.01,56,200,8,95.58135510908248,
5,0.01,80,50,2,79.60327146603011,
5,0.01,80,50,4,81.06137371236677,
5,0.01,80,50,6,76.15910439822187,
5,0.01,80,50,8,70.74085688737733,
5,0.01,80,100,2,79.81908072374054,
5,0.01,80,100,4,80.41693888669231,
5,0.01,80,100,6,75.64397703047037,
5,0.01,80,100,8,71.82058970384269,
5,0.01,80,200,2,78.63887544349846,
5,0.01,80,200,4,80.4039470462897,
5,0.01,80,200,6,75.47506628043065,
5,0.01,80,200,8,71.52542305174232,
5,0.01,104,50,2,60.92031164088348,
5,0.01,104,50,4,52.99037900006986,
5,0.01,104,50,6,47.8254719608707,
5,0.01,104,50,8,44.04122930843101,
5,0.01,104,100,2,61.94458493880612,
5,0.01,104,100,4,52.84606610889816,
5,0.01,104,100,6,47.808464687823694,
5,0.01,104,100,8,46.71107086045208,
5,0.01,104,200,2,61.54809823216387,
5,0.01,104,200,4,53.42508557767534,
5,0.01,104,200,6,45.22141252230734,
5,0.01,104,200,8,45.21593706494033,
5,0.01,128,50,2,136.80115373805333,"(32, 32)"
5,0.01,128,50,2,40.809798894647024,
5,0.01,128,50,4,156.7438403536166,"(32, 32)"
5,0.01,128,50,4,31.675330178241783,
5,0.01,128,50,6,161.86292833953115,"(32, 32)"
5,0.01,128,50,6,28.69067870503701,
5,0.01,128,50,8,163.47353399645846,"(32, 32)"
5,0.01,128,50,8,27.10664034635608,
5,0.01,128,100,2,136.06615377557193,"(32, 32)"
5,0.01,128,100,2,40.09408048283941,
5,0.01,128,100,4,154.27737306294426,"(32, 32)"
5,0.01,128,100,4,31.558624452655568,
5,0.01,128,100,6,159.82899321364002,"(32, 32)"
5,0.01,128,100,6,29.229984901886315,
5,0.01,128,100,8,163.74403415907025,"(32, 32)"
5,0.01,128,100,8,27.374647303708617,
5,0.01,128,200,2,135.9213889490776,"(32, 32)"
5,0.01,128,200,2,42.08522882001194,
5,0.01,128,200,4,154.2200167061865,"(32, 32)"
5,0.01,128,200,4,31.64191391568403,
5,0.01,128,200,6,160.67895708257976,"(32, 32)"
5,0.01,128,200,6,28.938156944381348,
5,0.01,128,200,8,161.60741742551102,"(32, 32)"
5,0.01,128,200,8,28.544087157441403,
5,0.01,224,50,2,118.5003667576261,"(32, 32)"
5,0.01,224,50,4,134.87897456608565,"(32, 32)"
5,0.01,224,50,6,140.08456917027942,"(32, 32)"
5,0.01,224,50,8,139.5315869710683,"(32, 32)"
5,0.01,224,100,2,116.85617979567536,"(32, 32)"
5,0.01,224,100,4,134.93719236436894,"(32, 32)"
5,0.01,224,100,6,140.37349753794396,"(32, 32)"
5,0.01,224,100,8,138.3546510532935,"(32, 32)"
5,0.01,224,200,2,116.3794674287323,"(32, 32)"
5,0.01,224,200,4,134.48808749173682,"(32, 32)"
5,0.01,224,200,6,137.16464689551455,"(32, 32)"
5,0.01,224,200,8,136.96629541222532,"(32, 32)"
5,0.01,320,50,2,94.40890506267434,"(32, 32)"
5,0.01,320,50,4,97.05008763069075,"(32, 32)"
5,0.01,320,50,6,94.30774870394632,"(32, 32)"
5,0.01,320,50,8,89.07978474252265,"(32, 32)"
5,0.01,320,100,2,94.43927860667932,"(32, 32)"
5,0.01,320,100,4,97.10388761255358,"(32, 32)"
5,0.01,320,100,6,97.249268987502,"(32, 32)"
5,0.01,320,100,8,88.22118023813013,"(32, 32)"
5,0.01,320,200,2,94.49833443601872,"(32, 32)"
5,0.01,320,200,4,96.91933414093528,"(32, 32)"
5,0.01,320,200,6,94.70965693620624,"(32, 32)"
5,0.01,320,200,8,88.4188194576095,"(32, 32)"
5,0.01,416,50,2,62.6002879468249,"(32, 32)"
5,0.01,416,50,4,51.48110111460959,"(32, 32)"
5,0.01,416,50,6,46.39704029904001,"(32, 32)"
5,0.01,416,50,8,39.57819825175811,"(32, 32)"
5,0.01,416,100,2,61.60935924199924,"(32, 32)"
5,0.01,416,100,4,50.17757525713357,"(32, 32)"
5,0.01,416,100,6,45.479104158944224,"(32, 32)"
5,0.01,416,100,8,45.13492172935919,"(32, 32)"
5,0.01,416,200,2,61.94077437875352,"(32, 32)"
5,0.01,416,200,4,52.43282969322438,"(32, 32)"
5,0.01,416,200,6,43.58707197989465,"(32, 32)"
5,0.01,416,200,8,43.00716531181704,"(32, 32)"
5,0.01,512,50,2,31.51284134712843,"(32, 32)"
5,0.01,512,50,4,22.722312763327,"(32, 32)"
5,0.01,512,50,6,24.549517668358035,"(32, 32)"
5,0.01,512,50,8,24.703927130226027,"(32, 32)"
5,0.01,512,100,2,31.723691297973065,"(32, 32)"
5,0.01,512,100,4,24.592456672136244,"(32, 32)"
5,0.01,512,100,6,24.8153013862787,"(32, 32)"
5,0.01,512,100,8,24.51960654958965,"(32, 32)"
5,0.01,512,200,2,31.75868875155682,"(32, 32)"
5,0.01,512,200,4,25.627780298269247,"(32, 32)"
5,0.01,512,200,6,25.38084321793926,"(32, 32)"
5,0.01,512,200,8,25.864844204256272,"(32, 32)"
5,0.1,8,50,2,46.736118234398,
5,0.1,8,50,4,45.787604797726566,
5,0.1,8,50,6,45.638751364034,
5,0.1,8,50,8,44.81717022298099,
5,0.1,8,100,2,46.74245604167437,
5,0.1,8,100,4,45.58707639028277,
5,0.1,8,100,6,45.31219107686989,
5,0.1,8,100,8,45.4691097074877,
5,0.1,8,200,2,46.77327251007,
5,0.1,8,200,4,45.83451774222783,
5,0.1,8,200,6,45.52636411865659,
5,0.1,8,200,8,45.00348179380873,
5,0.1,14,50,2,38.49008437446986,
5,0.1,14,50,4,37.50345732963863,
5,0.1,14,50,6,37.042491690534405,
5,0.1,14,50,8,36.93507416016046,
5,0.1,14,100,2,38.39931594914874,
5,0.1,14,100,4,37.34599842660823,
5,0.1,14,100,6,36.99822184439702,
5,0.1,14,100,8,36.64674549510912,
5,0.1,14,200,2,38.541224417683694,
5,0.1,14,200,4,37.40683525985211,
5,0.1,14,200,6,36.961805992590335,
5,0.1,14,200,8,36.85486143387076,
5,0.1,20,50,2,31.835404699816884,
5,0.1,20,50,4,30.83065743734309,
5,0.1,20,50,6,30.926910869305534,
5,0.1,20,50,8,31.05398037471263,
5,0.1,20,100,2,31.89437205735685,
5,0.1,20,100,4,30.81100565476576,
5,0.1,20,100,6,30.870286713045044,
5,0.1,20,100,8,31.228846355998527,
5,0.1,20,200,2,31.678397953678484,
5,0.1,20,200,4,30.84471554003385,
5,0.1,20,200,6,30.89672822142853,
5,0.1,20,200,8,31.04454752890456,
5,0.1,26,50,2,26.666440851527003,
5,0.1,26,50,4,26.509913911280364,
5,0.1,26,50,6,27.215703257203916,
5,0.1,26,50,8,27.64445259500256,
5,0.1,26,100,2,26.57372945940392,
5,0.1,26,100,4,26.52345698809575,
5,0.1,26,100,6,27.094665230293035,
5,0.1,26,100,8,27.682263776897305,
5,0.1,26,200,2,26.636807254857363,
5,0.1,26,200,4,26.61428509947621,
5,0.1,26,200,6,27.167316109163146,
5,0.1,26,200,8,27.61123777019771,
5,0.1,32,50,2,22.594655463303067,
5,0.1,32,50,2,48.84986734674847,
5,0.1,32,50,4,23.60038855927855,
5,0.1,32,50,4,51.20014214346944,
5,0.1,32,50,6,24.62894094466232,
5,0.1,32,50,6,50.26495006085614,
5,0.1,32,50,8,25.3644877490071,
5,0.1,32,50,8,48.953938652458014,
5,0.1,32,100,2,22.61233081490744,
5,0.1,32,100,2,48.58641215667756,
5,0.1,32,100,4,23.512674525504007,
5,0.1,32,100,4,50.98753604798797,
5,0.1,32,100,6,24.67689189672924,
5,0.1,32,100,6,50.63374433938711,
5,0.1,32,100,8,25.44199116118087,
5,0.1,32,100,8,49.78154942769088,
5,0.1,32,200,2,22.62916240023654,
5,0.1,32,200,2,48.98484279768155,
5,0.1,32,200,4,23.574804922937137,
5,0.1,32,200,4,50.297558536014826,
5,0.1,32,200,6,24.67646438597485,
5,0.1,32,200,6,50.6970196496903,
5,0.1,32,200,8,25.431079625993146,
5,0.1,32,200,8,49.71856858216184,
5,0.1,56,50,2,35.89526161864742,
5,0.1,56,50,4,34.92056508178388,
5,0.1,56,50,6,34.51887808407668,
5,0.1,56,50,8,34.95111004508711,
5,0.1,56,100,2,35.773508518779146,
5,0.1,56,100,4,35.07534924507961,
5,0.1,56,100,6,34.66310193611847,
5,0.1,56,100,8,34.970526137938755,
5,0.1,56,200,2,35.96155906403617,
5,0.1,56,200,4,35.536632871564926,
5,0.1,56,200,6,34.24066809055924,
5,0.1,56,200,8,34.41155732093794,
5,0.1,80,50,2,29.05910887263544,
5,0.1,80,50,4,28.883207071347154,
5,0.1,80,50,6,29.55745184542684,
5,0.1,80,50,8,30.12588550326707,
5,0.1,80,100,2,29.128132467490964,
5,0.1,80,100,4,28.973945028404973,
5,0.1,80,100,6,29.55671283620086,
5,0.1,80,100,8,30.136779634781337,
5,0.1,80,200,2,29.183859359151363,
5,0.1,80,200,4,28.99871533935612,
5,0.1,80,200,6,29.581578878754275,
5,0.1,80,200,8,30.15189291355937,
5,0.1,104,50,2,24.72103867382584,
5,0.1,104,50,4,25.809047588170458,
5,0.1,104,50,6,26.98426438017913,
5,0.1,104,50,8,27.90162188009936,
5,0.1,104,100,2,24.79991018832772,
5,0.1,104,100,4,25.808757150397486,
5,0.1,104,100,6,27.05124816271228,
5,0.1,104,100,8,27.848710531246752,
5,0.1,104,200,2,24.724302032462543,
5,0.1,104,200,4,25.810066902815887,
5,0.1,104,200,6,27.025499170935444,
5,0.1,104,200,8,27.87812876569305,
5,0.1,128,50,2,50.93480704274284,"(32, 32)"
5,0.1,128,50,2,21.379876902183955,
5,0.1,128,50,4,57.74275535290855,"(32, 32)"
5,0.1,128,50,4,23.9494591860943,
5,0.1,128,50,6,60.66585543722413,"(32, 32)"
5,0.1,128,50,6,25.53750612144005,
5,0.1,128,50,8,64.33527008988975,"(32, 32)"
5,0.1,128,50,8,26.45673603032267,
5,0.1,128,100,2,50.50904765141905,"(32, 32)"
5,0.1,128,100,2,21.435944614760963,
5,0.1,128,100,4,55.74479733127025,"(32, 32)"
5,0.1,128,100,4,23.897424522398037,
5,0.1,128,100,6,60.96087148218663,"(32, 32)"
5,0.1,128,100,6,25.51613293601805,
5,0.1,128,100,8,60.241892003950014,"(32, 32)"
5,0.1,128,100,8,26.481422102159364,
5,0.1,128,200,2,51.4205618093417,"(32, 32)"
5,0.1,128,200,2,21.35311983349354,
5,0.1,128,200,4,55.84058390364004,"(32, 32)"
5,0.1,128,200,4,23.90050426573661,
5,0.1,128,200,6,61.20653084459031,"(32, 32)"
5,0.1,128,200,6,25.478156214526138,
5,0.1,128,200,8,62.07485150593308,"(32, 32)"
5,0.1,128,200,8,26.4379644691303,
5,0.1,224,50,2,33.78143067713015,"(32, 32)"
5,0.1,224,50,4,32.578529673745635,"(32, 32)"
5,0.1,224,50,6,33.64470018933262,"(32, 32)"
5,0.1,224,50,8,33.36371636115333,"(32, 32)"
5,0.1,224,100,2,33.886494336883,"(32, 32)"
5,0.1,224,100,4,32.65812381314752,"(32, 32)"
5,0.1,224,100,6,33.692047944523125,"(32, 32)"
5,0.1,224,100,8,33.644324326507245,"(32, 32)"
5,0.1,224,200,2,33.85129283425218,"(32, 32)"
5,0.1,224,200,4,32.70528755018421,"(32, 32)"
5,0.1,224,200,6,32.99469425434926,"(32, 32)"
5,0.1,224,200,8,34.046357415699966,"(32, 32)"
5,0.1,320,50,2,27.81933448055798,"(32, 32)"
5,0.1,320,50,4,28.71995898868109,"(32, 32)"
5,0.1,320,50,6,29.989210032164426,"(32, 32)"
5,0.1,320,50,8,30.96635463161821,"(32, 32)"
5,0.1,320,100,2,27.91803829941841,"(32, 32)"
5,0.1,320,100,4,28.64236649683155,"(32, 32)"
5,0.1,320,100,6,29.904123515678684,"(32, 32)"
5,0.1,320,100,8,30.894246083543724,"(32, 32)"
5,0.1,320,200,2,27.83125862414425,"(32, 32)"
5,0.1,320,200,4,28.642664360699538,"(32, 32)"
5,0.1,320,200,6,29.88091152552397,"(32, 32)"
5,0.1,320,200,8,30.817803845244946,"(32, 32)"
5,0.1,416,50,2,23.96297093716165,"(32, 32)"
5,0.1,416,50,4,26.58465442145163,"(32, 32)"
5,0.1,416,50,6,28.518290355956825,"(32, 32)"
5,0.1,416,50,8,29.72541363735525,"(32, 32)"
5,0.1,416,100,2,23.971570263078004,"(32, 32)"
5,0.1,416,100,4,26.48786821311949,"(32, 32)"
5,0.1,416,100,6,28.47111948581212,"(32, 32)"
5,0.1,416,100,8,29.62462863608879,"(32, 32)"
5,0.1,416,200,2,23.944515146543004,"(32, 32)"
5,0.1,416,200,4,26.469948769618178,"(32, 32)"
5,0.1,416,200,6,28.40705875466632,"(32, 32)"
5,0.1,416,200,8,29.608583625947336,"(32, 32)"
5,0.1,512,50,2,21.4203797423025,"(32, 32)"
5,0.1,512,50,4,25.4667117935633,"(32, 32)"
5,0.1,512,50,6,27.74296205643065,"(32, 32)"
5,0.1,512,50,8,29.071312271801386,"(32, 32)"
5,0.1,512,100,2,21.33488733870247,"(32, 32)"
5,0.1,512,100,4,25.348703523547453,"(32, 32)"
5,0.1,512,100,6,27.61467988582401,"(32, 32)"
5,0.1,512,100,8,28.904907195373323,"(32, 32)"
5,0.1,512,200,2,21.423094421893747,"(32, 32)"
5,0.1,512,200,4,25.345858898920245,"(32, 32)"
5,0.1,512,200,6,27.599728654826816,"(32, 32)"
5,0.1,512,200,8,28.843248092235623,"(32, 32)"
5,1.0,8,50,2,42.86293896672549,
5,1.0,8,50,4,40.982263077987874,
5,1.0,8,50,6,40.99067340000811,
5,1.0,8,50,8,40.54764401215592,
5,1.0,8,100,2,43.09759336155964,
5,1.0,8,100,4,40.9453798121376,
5,1.0,8,100,6,40.78601916258633,
5,1.0,8,100,8,40.68980567598852,
5,1.0,8,200,2,43.02485147081502,
5,1.0,8,200,4,41.12385631698621,
5,1.0,8,200,6,40.77465902685274,
5,1.0,8,200,8,40.698853673889296,
5,1.0,14,50,2,35.4481479047971,
5,1.0,14,50,4,35.06167922529747,
5,1.0,14,50,6,35.2585054241162,
5,1.0,14,50,8,35.65276617203458,
5,1.0,14,100,2,35.65534082669486,
5,1.0,14,100,4,34.878122060075135,
5,1.0,14,100,6,35.36235720894532,
5,1.0,14,100,8,35.5915229777195,
5,1.0,14,200,2,35.5568427495285,
5,1.0,14,200,4,35.06721706925398,
5,1.0,14,200,6,35.370712667484,
5,1.0,14,200,8,35.6770035628195,
5,1.0,20,50,2,30.510840756295227,
5,1.0,20,50,4,31.210872416135988,
5,1.0,20,50,6,32.10472286335854,
5,1.0,20,50,8,32.8183393241659,
5,1.0,20,100,2,30.488479689857087,
5,1.0,20,100,4,31.242523458648616,
5,1.0,20,100,6,32.05522177258183,
5,1.0,20,100,8,32.77078827800107,
5,1.0,20,200,2,30.556573960258056,
5,1.0,20,200,4,31.288177973023327,
5,1.0,20,200,6,32.09876340581701,
5,1.0,20,200,8,32.64305328496237,
5,1.0,26,50,2,27.040482583790137,
5,1.0,26,50,4,29.057249320920665,
5,1.0,26,50,6,30.199758816697027,
5,1.0,26,50,8,30.949574836436,
5,1.0,26,100,2,27.0583687463577,
5,1.0,26,100,4,28.93129108299953,
5,1.0,26,100,6,30.224617515649147,
5,1.0,26,100,8,30.98131385721225,
5,1.0,26,200,2,27.048618271489,
5,1.0,26,200,4,28.91109413591506,
5,1.0,26,200,6,30.18540432370901,
5,1.0,26,200,8,30.994185302286787,
5,1.0,32,50,2,24.796907998191063,
5,1.0,32,50,2,39.468475654959406,
5,1.0,32,50,4,27.497225534758503,
5,1.0,32,50,4,38.54606107386724,
5,1.0,32,50,6,29.00198166752249,
5,1.0,32,50,6,38.75346639572164,
5,1.0,32,50,8,29.800402476005814,
5,1.0,32,50,8,38.940281751776205,
5,1.0,32,100,2,24.82899453409209,
5,1.0,32,100,2,39.37876530158413,
5,1.0,32,100,4,27.520859938980937,
5,1.0,32,100,4,38.48662582549476,
5,1.0,32,100,6,28.929241410827853,
5,1.0,32,100,6,38.75087643524352,
5,1.0,32,100,8,29.76771005451458,
5,1.0,32,100,8,38.90799674283902,
5,1.0,32,200,2,24.84637567812213,
5,1.0,32,200,2,39.3286042576393,
5,1.0,32,200,4,27.525124534165837,
5,1.0,32,200,4,38.74241539345216,
5,1.0,32,200,6,28.99955854408741,
5,1.0,32,200,6,38.8643556109508,
5,1.0,32,200,8,29.71370014724571,
5,1.0,32,200,8,38.886059724136885,
5,1.0,56,50,2,32.78831244395422,
5,1.0,56,50,4,33.5914660719801,
5,1.0,56,50,6,34.45404674309097,
5,1.0,56,50,8,35.02832928340252,
5,1.0,56,100,2,32.85172338276227,
5,1.0,56,100,4,33.458352120197446,
5,1.0,56,100,6,34.511810547858246,
5,1.0,56,100,8,35.0304299632046,
5,1.0,56,200,2,32.905699287870775,
5,1.0,56,200,4,33.62363155941315,
5,1.0,56,200,6,34.474623593826735,
5,1.0,56,200,8,35.090568636061576,
5,1.0,80,50,2,28.83734463111219,
5,1.0,80,50,4,30.986378230340836,
5,1.0,80,50,6,32.365429321534364,
5,1.0,80,50,8,33.279163162640735,
5,1.0,80,100,2,28.72494270710755,
5,1.0,80,100,4,30.897784578969866,
5,1.0,80,100,6,32.31550976664722,
5,1.0,80,100,8,33.2606174468111,
5,1.0,80,200,2,28.780277794934733,
5,1.0,80,200,4,31.03594093171015,
5,1.0,80,200,6,32.34805148357371,
5,1.0,80,200,8,33.20538509081834,
5,1.0,104,50,2,26.4203134500534,
5,1.0,104,50,4,29.61377622560297,
5,1.0,104,50,6,31.24721966391336,
5,1.0,104,50,8,32.31012821900533,
5,1.0,104,100,2,26.37929706010017,
5,1.0,104,100,4,29.604480703264517,
5,1.0,104,100,6,31.29309083531219,
5,1.0,104,100,8,32.26165525386505,
5,1.0,104,200,2,26.454440846306365,
5,1.0,104,200,4,29.58456262174615,
5,1.0,104,200,6,31.301683762084632,
5,1.0,104,200,8,32.27374375289667,
5,1.0,128,50,2,37.97015569149123,"(32, 32)"
5,1.0,128,50,2,25.03647485654056,
5,1.0,128,50,4,37.3412725033793,"(32, 32)"
5,1.0,128,50,4,28.82547247864193,
5,1.0,128,50,6,37.95306735703797,"(32, 32)"
5,1.0,128,50,6,30.623321674057227,
5,1.0,128,50,8,38.23756171549181,"(32, 32)"
5,1.0,128,50,8,31.694734970070314,
5,1.0,128,100,2,37.90588947322819,"(32, 32)"
5,1.0,128,100,2,25.08597620055505,
5,1.0,128,100,4,37.545043595853,"(32, 32)"
5,1.0,128,100,4,28.7848943832233,
5,1.0,128,100,6,37.97351290495165,"(32, 32)"
5,1.0,128,100,6,30.589923249142483,
5,1.0,128,100,8,38.36700231856591,"(32, 32)"
5,1.0,128,100,8,31.663645777582573,
5,1.0,128,200,2,37.90622101709527,"(32, 32)"
5,1.0,128,200,2,25.01493023414498,
5,1.0,128,200,4,37.4799423999812,"(32, 32)"
5,1.0,128,200,4,28.825510327204604,
5,1.0,128,200,6,37.89392427847636,"(32, 32)"
5,1.0,128,200,6,30.596228463112773,
5,1.0,128,200,8,38.28372366250495,"(32, 32)"
5,1.0,128,200,8,31.662821593159293,
5,1.0,224,50,2,31.630901645444894,"(32, 32)"
5,1.0,224,50,4,33.52334709217519,"(32, 32)"
5,1.0,224,50,6,34.965710437113536,"(32, 32)"
5,1.0,224,50,8,35.87627911031903,"(32, 32)"
5,1.0,224,100,2,31.64225045255777,"(32, 32)"
5,1.0,224,100,4,33.57128853696239,"(32, 32)"
5,1.0,224,100,6,34.92732295268788,"(32, 32)"
5,1.0,224,100,8,35.792780055417026,"(32, 32)"
5,1.0,224,200,2,31.71667491720964,"(32, 32)"
5,1.0,224,200,4,33.56920347985231,"(32, 32)"
5,1.0,224,200,6,34.949534082104044,"(32, 32)"
5,1.0,224,200,8,35.82744543509946,"(32, 32)"
5,1.0,320,50,2,28.59092796866473,"(32, 32)"
5,1.0,320,50,4,32.01669263572242,"(32, 32)"
5,1.0,320,50,6,33.80960583948716,"(32, 32)"
5,1.0,320,50,8,34.93318458069248,"(32, 32)"
5,1.0,320,100,2,28.50824250273037,"(32, 32)"
5,1.0,320,100,4,31.988470384637463,"(32, 32)"
5,1.0,320,100,6,33.804840743456104,"(32, 32)"
5,1.0,320,100,8,34.87870036083747,"(32, 32)"
5,1.0,320,200,2,28.547681574709628,"(32, 32)"
5,1.0,320,200,4,31.93181755142433,"(32, 32)"
5,1.0,320,200,6,33.73475059452138,"(32, 32)"
5,1.0,320,200,8,34.80764364068114,"(32, 32)"
5,1.0,416,50,2,27.052041656105587,"(32, 32)"
5,1.0,416,50,4,31.214863792072155,"(32, 32)"
5,1.0,416,50,6,33.25844592906372,"(32, 32)"
5,1.0,416,50,8,34.46788775004507,"(32, 32)"
5,1.0,416,100,2,27.05028443248644,"(32, 32)"
5,1.0,416,100,4,31.170896892451363,"(32, 32)"
5,1.0,416,100,6,33.12005371015681,"(32, 32)"
5,1.0,416,100,8,34.36818746858042,"(32, 32)"
5,1.0,416,200,2,26.997876825564987,"(32, 32)"
5,1.0,416,200,4,31.093993158204384,"(32, 32)"
5,1.0,416,200,6,33.11873437895859,"(32, 32)"
5,1.0,416,200,8,34.301408764349524,"(32, 32)"
5,1.0,512,50,2,26.240859338482448,"(32, 32)"
5,1.0,512,50,4,30.828166824366587,"(32, 32)"
5,1.0,512,50,6,32.93642804538641,"(32, 32)"
5,1.0,512,50,8,34.184810051406345,"(32, 32)"
5,1.0,512,100,2,26.16170555107806,"(32, 32)"
5,1.0,512,100,4,30.704868412751495,"(32, 32)"
5,1.0,512,100,6,32.75841850813767,"(32, 32)"
5,1.0,512,100,8,34.04109939108763,"(32, 32)"
5,1.0,512,200,2,26.11990226400179,"(32, 32)"
5,1.0,512,200,4,30.66205824212247,"(32, 32)"
5,1.0,512,200,6,32.76239175265585,"(32, 32)"
5,1.0,512,200,8,34.04430139836382,"(32, 32)"
5,10.0,8,50,2,42.72293965487284,
5,10.0,8,50,4,40.86747756472941,
5,10.0,8,50,6,40.94234548531766,
5,10.0,8,50,8,41.2295044352976,
5,10.0,8,100,2,42.79478326360419,
5,10.0,8,100,4,40.63525561656328,
5,10.0,8,100,6,40.81410426773733,
5,10.0,8,100,8,41.26132079169718,
5,10.0,8,200,2,42.88371690938596,
5,10.0,8,200,4,40.76046520255937,
5,10.0,8,200,6,40.871053755998666,
5,10.0,8,200,8,41.1525385985539,
5,10.0,14,50,2,36.199383459584006,
5,10.0,14,50,4,37.15539862938292,
5,10.0,14,50,6,38.0137802535641,
5,10.0,14,50,8,38.55125038108134,
5,10.0,14,100,2,36.225838758237096,
5,10.0,14,100,4,37.07998527814621,
5,10.0,14,100,6,38.000604172973176,
5,10.0,14,100,8,38.54569896052882,
5,10.0,14,200,2,36.254823981959845,
5,10.0,14,200,4,37.21322777920273,
5,10.0,14,200,6,38.04003844827821,
5,10.0,14,200,8,38.50491574103708,
5,10.0,20,50,2,33.52365637809795,
5,10.0,20,50,4,35.61849396843367,
5,10.0,20,50,6,36.705765968169885,
5,10.0,20,50,8,37.328689922211225,
5,10.0,20,100,2,33.479838496084135,
5,10.0,20,100,4,35.54069770544597,
5,10.0,20,100,6,36.74664062923548,
5,10.0,20,100,8,37.32730458037826,
5,10.0,20,200,2,33.55980241046705,
5,10.0,20,200,4,35.54611858527273,
5,10.0,20,200,6,36.61752487818293,
5,10.0,20,200,8,37.35091427829199,
5,10.0,26,50,2,32.12508864334879,
5,10.0,26,50,4,34.72219460719388,
5,10.0,26,50,6,35.899395241066614,
5,10.0,26,50,8,36.68142847513993,
5,10.0,26,100,2,32.127082727506995,
5,10.0,26,100,4,34.81322430554015,
5,10.0,26,100,6,36.009046000836804,
5,10.0,26,100,8,36.69449893146185,
5,10.0,26,200,2,32.15114583395558,
5,10.0,26,200,4,34.78594248085002,
5,10.0,26,200,6,35.97831417296758,
5,10.0,26,200,8,36.6417295504989,
5,10.0,32,50,2,31.383993128970037,
5,10.0,32,50,2,38.96151898800953,
5,10.0,32,50,4,34.32498697723786,
5,10.0,32,50,4,38.92192184831333,
5,10.0,32,50,6,35.57780880592778,
5,10.0,32,50,6,39.74973191464789,
5,10.0,32,50,8,36.2029142081389,
5,10.0,32,50,8,40.27733295297353,
5,10.0,32,100,2,31.366524512860348,
5,10.0,32,100,2,38.88416533045354,
5,10.0,32,100,4,34.31239293816545,
5,10.0,32,100,4,38.93240151618421,
5,10.0,32,100,6,35.527243785077886,
5,10.0,32,100,6,39.815484957579336,
5,10.0,32,100,8,36.20631138490003,
5,10.0,32,100,8,40.23247141658863,
5,10.0,32,200,2,31.37079120994074,
5,10.0,32,200,2,38.83497619973941,
5,10.0,32,200,4,34.32017673020109,
5,10.0,32,200,4,38.89194484753157,
5,10.0,32,200,6,35.55430779519424,
5,10.0,32,200,6,39.83927905560248,
5,10.0,32,200,8,36.15376873289019,
5,10.0,32,200,8,40.32664144714377,
5,10.0,56,50,2,34.371958483606655,
5,10.0,56,50,4,37.004294068945775,
5,10.0,56,50,6,38.27805207266032,
5,10.0,56,50,8,38.9577564924377,
5,10.0,56,100,2,34.43296958630275,
5,10.0,56,100,4,37.02473695031788,
5,10.0,56,100,6,38.26709714264155,
5,10.0,56,100,8,38.88726201121025,
5,10.0,56,200,2,34.421499588798426,
5,10.0,56,200,4,36.97810901830736,
5,10.0,56,200,6,38.246378957849736,
5,10.0,56,200,8,38.84406528974076,
5,10.0,80,50,2,32.87657237190783,
5,10.0,80,50,4,36.39819121006232,
5,10.0,80,50,6,37.58074822737171,
5,10.0,80,50,8,38.400209974668535,
5,10.0,80,100,2,32.874950046283786,
5,10.0,80,100,4,36.24160716798316,
5,10.0,80,100,6,37.636421675170325,
5,10.0,80,100,8,38.43351484279556,
5,10.0,80,200,2,32.832905032338346,
5,10.0,80,200,4,36.27901518228459,
5,10.0,80,200,6,37.55523042581986,
5,10.0,80,200,8,38.3180188035989,
5,10.0,104,50,2,32.15122230306423,
5,10.0,104,50,4,35.958265007605384,
5,10.0,104,50,6,37.30108094681741,
5,10.0,104,50,8,38.0641567828015,
5,10.0,104,100,2,32.13033781717599,
5,10.0,104,100,4,36.01663544203502,
5,10.0,104,100,6,37.25627600520647,
5,10.0,104,100,8,38.027747012499695,
5,10.0,104,200,2,32.13834558099327,
5,10.0,104,200,4,35.96111385576529,
5,10.0,104,200,6,37.361084966323446,
5,10.0,104,200,8,38.02361126231614,
5,10.0,128,50,2,37.62143525634117,"(32, 32)"
5,10.0,128,50,2,31.72830011324546,
5,10.0,128,50,4,39.02469029520566,"(32, 32)"
5,10.0,128,50,4,35.70254995605017,
5,10.0,128,50,6,40.23163607561592,"(32, 32)"
5,10.0,128,50,6,37.20460365686161,
5,10.0,128,50,8,40.93019819296005,"(32, 32)"
5,10.0,128,50,8,37.79929286355907,
5,10.0,128,100,2,37.63224560494949,"(32, 32)"
5,10.0,128,100,2,31.691008845672524,
5,10.0,128,100,4,38.999825257129935,"(32, 32)"
5,10.0,128,100,4,35.682064250369265,
5,10.0,128,100,6,40.23422045631727,"(32, 32)"
5,10.0,128,100,6,37.1358860380338,
5,10.0,128,100,8,40.84753853375204,"(32, 32)"
5,10.0,128,100,8,37.82551237315238,
5,10.0,128,200,2,37.6641967492519,"(32, 32)"
5,10.0,128,200,2,31.70363800400845,
5,10.0,128,200,4,38.99784331594092,"(32, 32)"
5,10.0,128,200,4,35.713761055498594,
5,10.0,128,200,6,40.160222313482166,"(32, 32)"
5,10.0,128,200,6,37.13598947961569,
5,10.0,128,200,8,40.85321089453149,"(32, 32)"
5,10.0,128,200,8,37.82853845356972,
5,10.0,224,50,2,34.18491131956129,"(32, 32)"
5,10.0,224,50,4,38.14821260797294,"(32, 32)"
5,10.0,224,50,6,39.51388653377324,"(32, 32)"
5,10.0,224,50,8,40.257229410453824,"(32, 32)"
5,10.0,224,100,2,34.12539281374477,"(32, 32)"
5,10.0,224,100,4,38.002584771036105,"(32, 32)"
5,10.0,224,100,6,39.434763382697206,"(32, 32)"
5,10.0,224,100,8,40.13717780303178,"(32, 32)"
5,10.0,224,200,2,34.2224624083156,"(32, 32)"
5,10.0,224,200,4,37.95346040290893,"(32, 32)"
5,10.0,224,200,6,39.46800988742499,"(32, 32)"
5,10.0,224,200,8,40.12086161250205,"(32, 32)"
5,10.0,320,50,2,33.034091044132886,"(32, 32)"
5,10.0,320,50,4,37.70049349110242,"(32, 32)"
5,10.0,320,50,6,39.21863464095335,"(32, 32)"
5,10.0,320,50,8,39.9289686376759,"(32, 32)"
5,10.0,320,100,2,33.06316607260455,"(32, 32)"
5,10.0,320,100,4,37.65435872373869,"(32, 32)"
5,10.0,320,100,6,39.12442123423761,"(32, 32)"
5,10.0,320,100,8,39.86766702317618,"(32, 32)"
5,10.0,320,200,2,33.0824211693096,"(32, 32)"
5,10.0,320,200,4,37.74279534512338,"(32, 32)"
5,10.0,320,200,6,39.109728187859126,"(32, 32)"
5,10.0,320,200,8,39.867525458468585,"(32, 32)"
5,10.0,416,50,2,32.56095094712086,"(32, 32)"
5,10.0,416,50,4,37.60499634113657,"(32, 32)"
5,10.0,416,50,6,39.0894265593369,"(32, 32)"
5,10.0,416,50,8,39.81645262064405,"(32, 32)"
5,10.0,416,100,2,32.55852960261002,"(32, 32)"
5,10.0,416,100,4,37.51978568408329,"(32, 32)"
5,10.0,416,100,6,38.93503828517844,"(32, 32)"
5,10.0,416,100,8,39.73591738582569,"(32, 32)"
5,10.0,416,200,2,32.609156477615926,"(32, 32)"
5,10.0,416,200,4,37.41256933285515,"(32, 32)"
5,10.0,416,200,6,38.97119984577628,"(32, 32)"
5,10.0,416,200,8,39.71667787202482,"(32, 32)"
5,10.0,512,50,2,32.32249535152742,"(32, 32)"
5,10.0,512,50,4,37.47555263893064,"(32, 32)"
5,10.0,512,50,6,39.016630588293744,"(32, 32)"
5,10.0,512,50,8,39.75267206963609,"(32, 32)"
5,10.0,512,100,2,32.27304070255799,"(32, 32)"
5,10.0,512,100,4,37.32258221817747,"(32, 32)"
5,10.0,512,100,6,38.89123824031879,"(32, 32)"
5,10.0,512,100,8,39.63832450690059,"(32, 32)"
5,10.0,512,200,2,32.27688773002851,"(32, 32)"
5,10.0,512,200,4,37.36168563634231,"(32, 32)"
5,10.0,512,200,6,38.85289511283145,"(32, 32)"
5,10.0,512,200,8,39.61624823833273,"(32, 32)"
6,0.01,8,50,2,70.61555142284655,
6,0.01,8,50,4,68.95965341954418,
6,0.01,8,50,6,66.82909524787216,
6,0.01,8,50,8,65.84129499105127,
6,0.01,8,100,2,70.72199053383862,
6,0.01,8,100,4,68.70620092534051,
6,0.01,8,100,6,67.12273336380541,
6,0.01,8,100,8,65.93124469898451,
6,0.01,8,200,2,70.6705359653193,
6,0.01,8,200,4,69.42467162590681,
6,0.01,8,200,6,67.15406627486183,
6,0.01,8,200,8,65.74974648894546,
6,0.01,14,50,2,65.95882255419357,
6,0.01,14,50,4,64.47311766747376,
6,0.01,14,50,6,62.553800726910914,
6,0.01,14,50,8,61.79719951173092,
6,0.01,14,100,2,66.53602358641808,
6,0.01,14,100,4,64.74634585876633,
6,0.01,14,100,6,62.11176182029374,
6,0.01,14,100,8,62.10698658315492,
6,0.01,14,200,2,66.59202048581206,
6,0.01,14,200,4,65.08608657477339,
6,0.01,14,200,6,63.73956147544882,
6,0.01,14,200,8,61.9338295904726,
6,0.01,20,50,2,60.75459127776373,
6,0.01,20,50,4,57.40002537238328,
6,0.01,20,50,6,54.74743068013933,
6,0.01,20,50,8,54.152488793604896,
6,0.01,20,100,2,60.112331205635954,
6,0.01,20,100,4,57.01065542778743,
6,0.01,20,100,6,55.76917248507826,
6,0.01,20,100,8,54.80304419840074,
6,0.01,20,200,2,60.23841094313579,
6,0.01,20,200,4,57.63271563132575,
6,0.01,20,200,6,54.97117358704568,
6,0.01,20,200,8,54.50576163817741,
6,0.01,26,50,2,51.97467693542216,
6,0.01,26,50,4,47.71403463132793,
6,0.01,26,50,6,45.64756781124839,
6,0.01,26,50,8,43.02380967208682,
6,0.01,26,100,2,51.88395448176647,
6,0.01,26,100,4,47.7371275562382,
6,0.01,26,100,6,43.95307639750246,
6,0.01,26,100,8,44.738047148947125,
6,0.01,26,200,2,52.10656986950565,
6,0.01,26,200,4,47.52628635068292,
6,0.01,26,200,6,44.98212989327103,
6,0.01,26,200,8,44.60225651425419,
6,0.01,32,50,2,41.92596872810792,
6,0.01,32,50,2,103.01786223403212,
6,0.01,32,50,4,34.957348748680374,
6,0.01,32,50,4,109.96722404112856,
6,0.01,32,50,6,34.98904492727825,
6,0.01,32,50,6,109.3348239897858,
6,0.01,32,50,8,34.424331501195475,
6,0.01,32,50,8,108.25188928942072,
6,0.01,32,100,2,41.18624278625853,
6,0.01,32,100,2,102.7247270191954,
6,0.01,32,100,4,35.76165826814246,
6,0.01,32,100,4,110.40116090164167,
6,0.01,32,100,6,33.60422858468816,
6,0.01,32,100,6,107.87517976359112,
6,0.01,32,100,8,34.08523724623791,
6,0.01,32,100,8,106.04944932678646,
6,0.01,32,200,2,42.223929357873615,
6,0.01,32,200,2,103.69036554075475,
6,0.01,32,200,4,36.25380360609661,
6,0.01,32,200,4,109.80145729223511,
6,0.01,32,200,6,34.69554064236942,
6,0.01,32,200,6,108.43919711585092,
6,0.01,32,200,8,33.765409046137414,
6,0.01,32,200,8,106.86353960663816,
6,0.01,56,50,2,93.68503005911742,
6,0.01,56,50,4,99.98759848943553,
6,0.01,56,50,6,96.5567428699749,
6,0.01,56,50,8,95.18334503022352,
6,0.01,56,100,2,93.64287866012494,
6,0.01,56,100,4,99.8409338612164,
6,0.01,56,100,6,97.62812954505888,
6,0.01,56,100,8,95.24852881709664,
6,0.01,56,200,2,93.14839687472904,
6,0.01,56,200,4,99.04577847939116,
6,0.01,56,200,6,97.10836244946768,
6,0.01,56,200,8,95.60671149999877,
6,0.01,80,50,2,79.36996749183245,
6,0.01,80,50,4,80.02555617783013,
6,0.01,80,50,6,75.1644370713321,
6,0.01,80,50,8,71.6408985061999,
6,0.01,80,100,2,79.57331416255543,
6,0.01,80,100,4,80.51964348378209,
6,0.01,80,100,6,73.8834332398401,
6,0.01,80,100,8,73.1792099555219,
6,0.01,80,200,2,79.36658991917159,
6,0.01,80,200,4,80.36672919213062,
6,0.01,80,200,6,74.93876027120483,
6,0.01,80,200,8,70.79383209431212,
6,0.01,104,50,2,61.11022283814017,
6,0.01,104,50,4,53.71308532637387,
6,0.01,104,50,6,48.49114988140918,
6,0.01,104,50,8,43.31685833381577,
6,0.01,104,100,2,61.62442811774096,
6,0.01,104,100,4,52.410589212513,
6,0.01,104,100,6,46.84194220069553,
6,0.01,104,100,8,45.09471331312269,
6,0.01,104,200,2,60.87139543518419,
6,0.01,104,200,4,53.14674980582628,
6,0.01,104,200,6,48.19399252370316,
6,0.01,104,200,8,45.831753461947415,
6,0.01,128,50,2,136.51883341217322,"(32, 32)"
6,0.01,128,50,2,41.3415345443914,
6,0.01,128,50,4,155.59568734848582,"(32, 32)"
6,0.01,128,50,4,30.729515571984184,
6,0.01,128,50,6,161.2810009986036,"(32, 32)"
6,0.01,128,50,6,29.27322834755647,
6,0.01,128,50,8,162.87673207999313,"(32, 32)"
6,0.01,128,50,8,28.09558058769333,
6,0.01,128,100,2,136.15919191317914,"(32, 32)"
6,0.01,128,100,2,40.45716674463769,
6,0.01,128,100,4,155.19967813753397,"(32, 32)"
6,0.01,128,100,4,32.247968269637255,
6,0.01,128,100,6,160.2475119291975,"(32, 32)"
6,0.01,128,100,6,27.344833962889734,
6,0.01,128,100,8,162.85846139665674,"(32, 32)"
6,0.01,128,100,8,26.345056974270125,
6,0.01,128,200,2,135.55737266851273,"(32, 32)"
6,0.01,128,200,2,41.21935747810976,
6,0.01,128,200,4,154.90580908593492,"(32, 32)"
6,0.01,128,200,4,31.60739556458616,
6,0.01,128,200,6,160.9189226231742,"(32, 32)"
6,0.01,128,200,6,29.74952876895864,
6,0.01,128,200,8,161.4694660245458,"(32, 32)"
6,0.01,128,200,8,27.58088586403936,
6,0.01,224,50,2,118.47837001227948,"(32, 32)"
6,0.01,224,50,4,135.3990664096353,"(32, 32)"
6,0.01,224,50,6,138.47747425376411,"(32, 32)"
6,0.01,224,50,8,137.64357783934656,"(32, 32)"
6,0.01,224,100,2,117.78851378550186,"(32, 32)"
6,0.01,224,100,4,135.40213200117591,"(32, 32)"
6,0.01,224,100,6,137.82803690342843,"(32, 32)"
6,0.01,224,100,8,137.49563917700843,"(32, 32)"
6,0.01,224,200,2,117.67209085564474,"(32, 32)"
6,0.01,224,200,4,134.21705561357737,"(32, 32)"
6,0.01,224,200,6,138.48721313667215,"(32, 32)"
6,0.01,224,200,8,137.516487020923,"(32, 32)"
6,0.01,320,50,2,94.56260704342066,"(32, 32)"
6,0.01,320,50,4,99.48172653552884,"(32, 32)"
6,0.01,320,50,6,94.15360057507743,"(32, 32)"
6,0.01,320,50,8,87.99682763190278,"(32, 32)"
6,0.01,320,100,2,94.19122647290573,"(32, 32)"
6,0.01,320,100,4,97.01134100222788,"(32, 32)"
6,0.01,320,100,6,95.79126975591352,"(32, 32)"
6,0.01,320,100,8,91.16235167934455,"(32, 32)"
6,0.01,320,200,2,94.6350321119295,"(32, 32)"
6,0.01,320,200,4,96.46898122944503,"(32, 32)"
6,0.01,320,200,6,94.94989099561592,"(32, 32)"
6,0.01,320,200,8,90.86858547822094,"(32, 32)"
6,0.01,416,50,2,62.608300912172425,"(32, 32)"
6,0.01,416,50,4,51.10734544279549,"(32, 32)"
6,0.01,416,50,6,46.98352419428892,"(32, 32)"
6,0.01,416,50,8,41.21833325595451,"(32, 32)"
6,0.01,416,100,2,62.8931928823581,"(32, 32)"
6,0.01,416,100,4,50.40577953897149,"(32, 32)"
6,0.01,416,100,6,45.11467280261935,"(32, 32)"
6,0.01,416,100,8,42.41125292351354,"(32, 32)"
6,0.01,416,200,2,62.97691642870944,"(32, 32)"
6,0.01,416,200,4,52.41117574600491,"(32, 32)"
6,0.01,416,200,6,47.46287792618961,"(32, 32)"
6,0.01,416,200,8,41.804796407290745,"(32, 32)"
6,0.01,512,50,2,30.849425870972112,"(32, 32)"
6,0.01,512,50,4,23.94936608608447,"(32, 32)"
6,0.01,512,50,6,25.264165549510757,"(32, 32)"
6,0.01,512,50,8,24.6018683522638,"(32, 32)"
6,0.01,512,100,2,33.15618821694733,"(32, 32)"
6,0.01,512,100,4,24.720942847286167,"(32, 32)"
6,0.01,512,100,6,23.60984566482582,"(32, 32)"
6,0.01,512,100,8,25.87118870773756,"(32, 32)"
6,0.01,512,200,2,32.66990599498179,"(32, 32)"
6,0.01,512,200,4,25.455872894948037,"(32, 32)"
6,0.01,512,200,6,25.69850542940059,"(32, 32)"
6,0.01,512,200,8,25.740704386335032,"(32, 32)"
6,0.1,8,50,2,46.73092021307928,
6,0.1,8,50,4,46.06804827501266,
6,0.1,8,50,6,45.14277751011921,
6,0.1,8,50,8,45.00290920602373,
6,0.1,8,100,2,46.72548003952786,
6,0.1,8,100,4,45.73957589216816,
6,0.1,8,100,6,45.00547558002068,
6,0.1,8,100,8,44.87382004230539,
6,0.1,8,200,2,46.948387864194814,
6,0.1,8,200,4,45.74604550973836,
6,0.1,8,200,6,45.369492503962825,
6,0.1,8,200,8,44.93679337881066,
6,0.1,14,50,2,38.38885888961697,
6,0.1,14,50,4,37.55715726663406,
6,0.1,14,50,6,37.20550316743993,
6,0.1,14,50,8,37.076610484420335,
6,0.1,14,100,2,38.54706124707995,
6,0.1,14,100,4,37.112161747748736,
6,0.1,14,100,6,36.66764327973896,
6,0.1,14,100,8,36.95927321920833,
6,0.1,14,200,2,38.38621153437669,
6,0.1,14,200,4,37.340223738046525,
6,0.1,14,200,6,36.88943695391481,
6,0.1,14,200,8,36.80026938298354,
6,0.1,20,50,2,31.68490770559788,
6,0.1,20,50,4,30.96061807641417,
6,0.1,20,50,6,30.895496314266957,
6,0.1,20,50,8,31.10832772822465,
6,0.1,20,100,2,31.78719788054115,
6,0.1,20,100,4,31.015612516232533,
6,0.1,20,100,6,30.95933480437752,
6,0.1,20,100,8,31.118716666622664,
6,0.1,20,200,2,31.714808146765336,
6,0.1,20,200,4,31.074909272065295,
6,0.1,20,200,6,30.932534114060704,
6,0.1,20,200,8,31.092557123200283,
6,0.1,26,50,2,26.57912716330127,
6,0.1,26,50,4,26.55575281953988,
6,0.1,26,50,6,27.04734007613488,
6,0.1,26,50,8,27.72605343907857,
6,0.1,26,100,2,26.693421468497142,
6,0.1,26,100,4,26.578985649944048,
6,0.1,26,100,6,27.274124945459334,
6,0.1,26,100,8,27.600923774297485,
6,0.1,26,200,2,26.693132435972828,
6,0.1,26,200,4,26.602479821968156,
6,0.1,26,200,6,27.11886217841838,
6,0.1,26,200,8,27.62969882410222,
6,0.1,32,50,2,22.62888846519347,
6,0.1,32,50,2,48.70104278920631,
6,0.1,32,50,4,23.615739571683505,
6,0.1,32,50,4,51.11589275098046,
6,0.1,32,50,6,24.65704158774161,
6,0.1,32,50,6,49.153611526443605,
6,0.1,32,50,8,25.36269354598345,
6,0.1,32,50,8,49.64284023664918,
6,0.1,32,100,2,22.596922339124845,
6,0.1,32,100,2,47.8588547138126,
6,0.1,32,100,4,23.558499024380527,
6,0.1,32,100,4,50.10040421770167,
6,0.1,32,100,6,24.69102812074507,
6,0.1,32,100,6,50.22362361254327,
6,0.1,32,100,8,25.501151488989752,
6,0.1,32,100,8,50.48661147051422,
6,0.1,32,200,2,22.6108133086584,
6,0.1,32,200,2,48.73795518019282,
6,0.1,32,200,4,23.689147811382767,
6,0.1,32,200,4,51.884607257310535,
6,0.1,32,200,6,24.668840913916743,
6,0.1,32,200,6,51.8877704757592,
6,0.1,32,200,8,25.422212097896583,
6,0.1,32,200,8,49.90534787924278,
6,0.1,56,50,2,35.95302086076902,
6,0.1,56,50,4,34.91735302623036,
6,0.1,56,50,6,34.78678884214521,
6,0.1,56,50,8,34.69489133974776,
6,0.1,56,100,2,36.242658884642616,
6,0.1,56,100,4,35.26774367026204,
6,0.1,56,100,6,34.51154510160756,
6,0.1,56,100,8,34.52930913795812,
6,0.1,56,200,2,35.92877096561146,
6,0.1,56,200,4,34.510821207202646,
6,0.1,56,200,6,34.432286028769454,
6,0.1,56,200,8,34.81946898036303,
6,0.1,80,50,2,29.140805715864744,
6,0.1,80,50,4,29.036195922943094,
6,0.1,80,50,6,29.53482295628884,
6,0.1,80,50,8,30.10197011640461,
6,0.1,80,100,2,29.1517545744555,
6,0.1,80,100,4,28.982834701533697,
6,0.1,80,100,6,29.51677311067291,
6,0.1,80,100,8,30.144545106883395,
6,0.1,80,200,2,29.116930126038348,
6,0.1,80,200,4,29.05147633830857,
6,0.1,80,200,6,29.567162176350266,
6,0.1,80,200,8,30.131085869295216,
6,0.1,104,50,2,24.76278795424388,
6,0.1,104,50,4,25.86250880864889,
6,0.1,104,50,6,27.06471690905315,
6,0.1,104,50,8,27.78244012572689,
6,0.1,104,100,2,24.727056793045232,
6,0.1,104,100,4,25.780712737062892,
6,0.1,104,100,6,27.019554756951788,
6,0.1,104,100,8,27.808508768767645,
6,0.1,104,200,2,24.78748719277101,
6,0.1,104,200,4,25.86626393735485,
6,0.1,104,200,6,27.031029143561263,
6,0.1,104,200,8,27.868329947933983,
6,0.1,128,50,2,50.5297301753314,"(32, 32)"
6,0.1,128,50,2,21.33803409205202,
6,0.1,128,50,4,56.499133179353386,"(32, 32)"
6,0.1,128,50,4,23.961269837802632,
6,0.1,128,50,6,60.5428959440998,"(32, 32)"
6,0.1,128,50,6,25.545369496446146,
6,0.1,128,50,8,60.08637419618685,"(32, 32)"
6,0.1,128,50,8,26.51465431823924,
6,0.1,128,100,2,51.27922051300018,"(32, 32)"
6,0.1,128,100,2,21.380903443820483,
6,0.1,128,100,4,56.95203081081976,"(32, 32)"
6,0.1,128,100,4,23.89968993492585,
6,0.1,128,100,6,59.81772175380328,"(32, 32)"
6,0.1,128,100,6,25.560230331577053,
6,0.1,128,100,8,60.0549694345962,"(32, 32)"
6,0.1,128,100,8,26.49342523741592,
6,0.1,128,200,2,50.75939223097734,"(32, 32)"
6,0.1,128,200,2,21.38638216772816,
6,0.1,128,200,4,58.694495388493735,"(32, 32)"
6,0.1,128,200,4,23.84671877956197,
6,0.1,128,200,6,58.77850439219055,"(32, 32)"
6,0.1,128,200,6,25.497590717865315,
6,0.1,128,200,8,60.6075039186568,"(32, 32)"
6,0.1,128,200,8,26.479163777380982,
6,0.1,224,50,2,33.831683965859874,"(32, 32)"
6,0.1,224,50,4,32.62472083896744,"(32, 32)"
6,0.1,224,50,6,32.992140036207125,"(32, 32)"
6,0.1,224,50,8,34.173720014777984,"(32, 32)"
6,0.1,224,100,2,33.98857637239344,"(32, 32)"
6,0.1,224,100,4,32.870831881662646,"(32, 32)"
6,0.1,224,100,6,33.40965180878686,"(32, 32)"
6,0.1,224,100,8,33.34758824402621,"(32, 32)"
6,0.1,224,200,2,34.013728063045754,"(32, 32)"
6,0.1,224,200,4,32.763766940529,"(32, 32)"
6,0.1,224,200,6,33.005985295209975,"(32, 32)"
6,0.1,224,200,8,33.40817492142919,"(32, 32)"
6,0.1,320,50,2,27.81194402589052,"(32, 32)"
6,0.1,320,50,4,28.61960480998961,"(32, 32)"
6,0.1,320,50,6,29.96501408462537,"(32, 32)"
6,0.1,320,50,8,31.003019370425967,"(32, 32)"
6,0.1,320,100,2,27.91194776440601,"(32, 32)"
6,0.1,320,100,4,28.555049266689192,"(32, 32)"
6,0.1,320,100,6,29.90264654024931,"(32, 32)"
6,0.1,320,100,8,30.87016499457028,"(32, 32)"
6,0.1,320,200,2,27.87893546339281,"(32, 32)"
6,0.1,320,200,4,28.559626395081924,"(32, 32)"
6,0.1,320,200,6,29.904521003258456,"(32, 32)"
6,0.1,320,200,8,30.848026926017027,"(32, 32)"
6,0.1,416,50,2,23.986565962631825,"(32, 32)"
6,0.1,416,50,4,26.552407750726484,"(32, 32)"
6,0.1,416,50,6,28.50262465856009,"(32, 32)"
6,0.1,416,50,8,29.768431844058323,"(32, 32)"
6,0.1,416,100,2,24.00306435731196,"(32, 32)"
6,0.1,416,100,4,26.46614798735037,"(32, 32)"
6,0.1,416,100,6,28.44777733512476,"(32, 32)"
6,0.1,416,100,8,29.599526636101785,"(32, 32)"
6,0.1,416,200,2,23.98252089102758,"(32, 32)"
6,0.1,416,200,4,26.47352198580702,"(32, 32)"
6,0.1,416,200,6,28.42176829732754,"(32, 32)"
6,0.1,416,200,8,29.625151299842745,"(32, 32)"
6,0.1,512,50,2,21.418148014279204,"(32, 32)"
6,0.1,512,50,4,25.48096675757485,"(32, 32)"
6,0.1,512,50,6,27.801277142285883,"(32, 32)"
6,0.1,512,50,8,29.087445716167924,"(32, 32)"
6,0.1,512,100,2,21.40954502112258,"(32, 32)"
6,0.1,512,100,4,25.34570937102585,"(32, 32)"
6,0.1,512,100,6,27.63913016754429,"(32, 32)"
6,0.1,512,100,8,28.907498521389915,"(32, 32)"
6,0.1,512,200,2,21.38350789253342,"(32, 32)"
6,0.1,512,200,4,25.316620065203782,"(32, 32)"
6,0.1,512,200,6,27.625988075226708,"(32, 32)"
6,0.1,512,200,8,28.84875715940522,"(32, 32)"
6,1.0,8,50,2,42.96582012383302,
6,1.0,8,50,4,41.08646254522261,
6,1.0,8,50,6,40.84605208595196,
6,1.0,8,50,8,40.871594255050326,
6,1.0,8,100,2,43.292879711163856,
6,1.0,8,100,4,41.15259185267226,
6,1.0,8,100,6,40.9003465558505,
6,1.0,8,100,8,40.83330562876066,
6,1.0,8,200,2,42.99109859151623,
6,1.0,8,200,4,40.98975802638415,
6,1.0,8,200,6,40.91782699669658,
6,1.0,8,200,8,40.72148515439892,
6,1.0,14,50,2,35.622652050076375,
6,1.0,14,50,4,34.97211380802796,
6,1.0,14,50,6,35.25691339321413,
6,1.0,14,50,8,35.58940300256667,
6,1.0,14,100,2,35.55566463917317,
6,1.0,14,100,4,34.89773343658912,
6,1.0,14,100,6,35.266827564076785,
6,1.0,14,100,8,35.604198017556705,
6,1.0,14,200,2,35.70218859890739,
6,1.0,14,200,4,34.97056704411879,
6,1.0,14,200,6,35.23813386139293,
6,1.0,14,200,8,35.704756324277376,
6,1.0,20,50,2,30.51467448686462,
6,1.0,20,50,4,31.237767259081107,
6,1.0,20,50,6,32.059963668831216,
6,1.0,20,50,8,32.70260265387014,
6,1.0,20,100,2,30.50672900904885,
6,1.0,20,100,4,31.37415899236229,
6,1.0,20,100,6,32.16335705216783,
6,1.0,20,100,8,32.74924590429228,
6,1.0,20,200,2,30.486350522927257,
6,1.0,20,200,4,31.234715011906225,
6,1.0,20,200,6,32.130429413932994,
6,1.0,20,200,8,32.7795489427164,
6,1.0,26,50,2,27.05107753109405,
6,1.0,26,50,4,28.94686032994642,
6,1.0,26,50,6,30.158623320327347,
6,1.0,26,50,8,30.92369144418888,
6,1.0,26,100,2,27.01472234238368,
6,1.0,26,100,4,29.054045794981544,
6,1.0,26,100,6,30.180539230979704,
6,1.0,26,100,8,30.90481159808825,
6,1.0,26,200,2,27.07925981453835,
6,1.0,26,200,4,28.91676612712308,
6,1.0,26,200,6,30.169132497198937,
6,1.0,26,200,8,31.00733651747139,
6,1.0,32,50,2,24.861409294097207,
6,1.0,32,50,2,39.47592916911074,
6,1.0,32,50,4,27.5934989459842,
6,1.0,32,50,4,38.67596066249039,
6,1.0,32,50,6,28.93300189987185,
6,1.0,32,50,6,38.909132468445264,
6,1.0,32,50,8,29.795870575481263,
6,1.0,32,50,8,38.87579506800073,
6,1.0,32,100,2,24.83730223854865,
6,1.0,32,100,2,39.44175806046361,
6,1.0,32,100,4,27.527771469134308,
6,1.0,32,100,4,38.58158978229636,
6,1.0,32,100,6,28.96136103840808,
6,1.0,32,100,6,38.709166195836666,
6,1.0,32,100,8,29.76630429271222,
6,1.0,32,100,8,38.86851398293924,
6,1.0,32,200,2,24.84394078211436,
6,1.0,32,200,2,39.53862419254811,
6,1.0,32,200,4,27.50889235557061,
6,1.0,32,200,4,38.59254316535736,
6,1.0,32,200,6,28.95439271163885,
6,1.0,32,200,6,38.786597609403294,
6,1.0,32,200,8,29.74132930799072,
6,1.0,32,200,8,38.83157066852585,
6,1.0,56,50,2,32.94308146430029,
6,1.0,56,50,4,33.60394319829328,
6,1.0,56,50,6,34.41757683708884,
6,1.0,56,50,8,35.027904612786934,
6,1.0,56,100,2,32.80837544994123,
6,1.0,56,100,4,33.59289470204809,
6,1.0,56,100,6,34.35753090607877,
6,1.0,56,100,8,35.07515125201262,
6,1.0,56,200,2,32.83352940560548,
6,1.0,56,200,4,33.576417733124934,
6,1.0,56,200,6,34.39395828419692,
6,1.0,56,200,8,35.05024654720733,
6,1.0,80,50,2,28.779150473096404,
6,1.0,80,50,4,30.98737422645222,
6,1.0,80,50,6,32.46128810872252,
6,1.0,80,50,8,33.201651564274016,
6,1.0,80,100,2,28.798478626757703,
6,1.0,80,100,4,30.96841686081144,
6,1.0,80,100,6,32.33135247471467,
6,1.0,80,100,8,33.28356375374942,
6,1.0,80,200,2,28.782601224346383,
6,1.0,80,200,4,31.04068731687499,
6,1.0,80,200,6,32.32068127593955,
6,1.0,80,200,8,33.22553804649375,
6,1.0,104,50,2,26.481643941045512,
6,1.0,104,50,4,29.659430925153558,
6,1.0,104,50,6,31.2945309550102,
6,1.0,104,50,8,32.26277759170975,
6,1.0,104,100,2,26.406770707814463,
6,1.0,104,100,4,29.60178827605901,
6,1.0,104,100,6,31.25308517485557,
6,1.0,104,100,8,32.22702680773477,
6,1.0,104,200,2,26.477064752078206,
6,1.0,104,200,4,29.60709996000946,
6,1.0,104,200,6,31.265468949705834,
6,1.0,104,200,8,32.277535622746754,
6,1.0,128,50,2,37.89922275803083,"(32, 32)"
6,1.0,128,50,2,25.039450760567195,
6,1.0,128,50,4,37.47537053327753,"(32, 32)"
6,1.0,128,50,4,28.82446828254149,
6,1.0,128,50,6,37.93245772863547,"(32, 32)"
6,1.0,128,50,6,30.57562061593852,
6,1.0,128,50,8,38.36604925388543,"(32, 32)"
6,1.0,128,50,8,31.66864114595462,
6,1.0,128,100,2,37.94339893614103,"(32, 32)"
6,1.0,128,100,2,25.06380194804492,
6,1.0,128,100,4,37.50519169790864,"(32, 32)"
6,1.0,128,100,4,28.83018622744112,
6,1.0,128,100,6,37.92249847389976,"(32, 32)"
6,1.0,128,100,6,30.56294814953336,
6,1.0,128,100,8,38.26573555596652,"(32, 32)"
6,1.0,128,100,8,31.6499784231489,
6,1.0,128,200,2,37.98769852139817,"(32, 32)"
6,1.0,128,200,2,24.99703023437645,
6,1.0,128,200,4,37.49231666690542,"(32, 32)"
6,1.0,128,200,4,28.834191090902813,
6,1.0,128,200,6,37.96052116735706,"(32, 32)"
6,1.0,128,200,6,30.586160936185,
6,1.0,128,200,8,38.30379647345397,"(32, 32)"
6,1.0,128,200,8,31.60801964652866,
6,1.0,224,50,2,31.785975042164484,"(32, 32)"
6,1.0,224,50,4,33.691622451751954,"(32, 32)"
6,1.0,224,50,6,34.99281111866511,"(32, 32)"
6,1.0,224,50,8,35.913129049621475,"(32, 32)"
6,1.0,224,100,2,31.67639525365645,"(32, 32)"
6,1.0,224,100,4,33.629766530551684,"(32, 32)"
6,1.0,224,100,6,34.882522756093,"(32, 32)"
6,1.0,224,100,8,35.738599546688924,"(32, 32)"
6,1.0,224,200,2,31.757850337269897,"(32, 32)"
6,1.0,224,200,4,33.57535572445846,"(32, 32)"
6,1.0,224,200,6,34.95687552781971,"(32, 32)"
6,1.0,224,200,8,35.80337813012292,"(32, 32)"
6,1.0,320,50,2,28.573486685876112,"(32, 32)"
6,1.0,320,50,4,32.08591098751796,"(32, 32)"
6,1.0,320,50,6,33.867020515285425,"(32, 32)"
6,1.0,320,50,8,34.95270192585581,"(32, 32)"
6,1.0,320,100,2,28.535693320899764,"(32, 32)"
6,1.0,320,100,4,31.90848478884222,"(32, 32)"
6,1.0,320,100,6,33.69197021720011,"(32, 32)"
6,1.0,320,100,8,34.86836983609724,"(32, 32)"
6,1.0,320,200,2,28.60922166167605,"(32, 32)"
6,1.0,320,200,4,31.957171568628347,"(32, 32)"
6,1.0,320,200,6,33.751625134936354,"(32, 32)"
6,1.0,320,200,8,34.781965633957725,"(32, 32)"
6,1.0,416,50,2,27.113852183424797,"(32, 32)"
6,1.0,416,50,4,31.302085134259688,"(32, 32)"
6,1.0,416,50,6,33.28678597269261,"(32, 32)"
6,1.0,416,50,8,34.45720971215547,"(32, 32)"
6,1.0,416,100,2,26.97681576024145,"(32, 32)"
6,1.0,416,100,4,31.2009149417238,"(32, 32)"
6,1.0,416,100,6,33.16849469334067,"(32, 32)"
6,1.0,416,100,8,34.320433375238856,"(32, 32)"
6,1.0,416,200,2,26.989621675602248,"(32, 32)"
6,1.0,416,200,4,31.14042642839192,"(32, 32)"
6,1.0,416,200,6,33.09128879115867,"(32, 32)"
6,1.0,416,200,8,34.3180818725086,"(32, 32)"
6,1.0,512,50,2,26.236271856096145,"(32, 32)"
6,1.0,512,50,4,30.75638172948573,"(32, 32)"
6,1.0,512,50,6,32.896768651272005,"(32, 32)"
6,1.0,512,50,8,34.22964006043581,"(32, 32)"
6,1.0,512,100,2,26.15917784644247,"(32, 32)"
6,1.0,512,100,4,30.66051936387173,"(32, 32)"
6,1.0,512,100,6,32.79224210732681,"(32, 32)"
6,1.0,512,100,8,34.03870505652424,"(32, 32)"
6,1.0,512,200,2,26.16524956949923,"(32, 32)"
6,1.0,512,200,4,30.691961022473446,"(32, 32)"
6,1.0,512,200,6,32.72672096663935,"(32, 32)"
6,1.0,512,200,8,33.98985004388604,"(32, 32)"
6,10.0,8,50,2,42.80257783060867,
6,10.0,8,50,4,40.94721238332754,
6,10.0,8,50,6,40.91109168043981,
6,10.0,8,50,8,41.249341092482496,
6,10.0,8,100,2,42.547618577884826,
6,10.0,8,100,4,40.89786484981437,
6,10.0,8,100,6,40.944331546963085,
6,10.0,8,100,8,41.23727248384328,
6,10.0,8,200,2,42.901850886754026,
6,10.0,8,200,4,40.90410578669017,
6,10.0,8,200,6,41.05927406773035,
6,10.0,8,200,8,41.297563400621705,
6,10.0,14,50,2,36.13258920961412,
6,10.0,14,50,4,37.13545085090394,
6,10.0,14,50,6,37.98693879175197,
6,10.0,14,50,8,38.57682066976309,
6,10.0,14,100,2,36.188246012691714,
6,10.0,14,100,4,37.168198392863225,
6,10.0,14,100,6,37.924692923925214,
6,10.0,14,100,8,38.48888320939941,
6,10.0,14,200,2,36.228640294579016,
6,10.0,14,200,4,37.21073805559151,
6,10.0,14,200,6,37.94242371936979,
6,10.0,14,200,8,38.52557618380534,
6,10.0,20,50,2,33.525227228883786,
6,10.0,20,50,4,35.601519854387995,
6,10.0,20,50,6,36.68892785174296,
6,10.0,20,50,8,37.33104471162674,
6,10.0,20,100,2,33.48420234667705,
6,10.0,20,100,4,35.608628483203816,
6,10.0,20,100,6,36.7097591739529,
6,10.0,20,100,8,37.29609547037337,
6,10.0,20,200,2,33.505009177041174,
6,10.0,20,200,4,35.59825913533971,
6,10.0,20,200,6,36.7075343368007,
6,10.0,20,200,8,37.31413354923999,
6,10.0,26,50,2,32.17311761502625,
6,10.0,26,50,4,34.88109756816454,
6,10.0,26,50,6,35.91493055096603,
6,10.0,26,50,8,36.6713445858331,
6,10.0,26,100,2,32.14446099533579,
6,10.0,26,100,4,34.76490359811572,
6,10.0,26,100,6,35.94494344832349,
6,10.0,26,100,8,36.66642959402488,
6,10.0,26,200,2,32.1101526170856,
6,10.0,26,200,4,34.813638445937855,
6,10.0,26,200,6,35.96820449746871,
6,10.0,26,200,8,36.62004977678617,
6,10.0,32,50,2,31.364117623457798,
6,10.0,32,50,2,38.87337507672773,
6,10.0,32,50,4,34.38177867289466,
6,10.0,32,50,4,38.91028659210111,
6,10.0,32,50,6,35.5386477429634,
6,10.0,32,50,6,39.834768538110815,
6,10.0,32,50,8,36.271858938500685,
6,10.0,32,50,8,40.30693287814409,
6,10.0,32,100,2,31.307255288568708,
6,10.0,32,100,2,38.89425815089104,
6,10.0,32,100,4,34.358917913306584,
6,10.0,32,100,4,38.884703329788366,
6,10.0,32,100,6,35.57419521255192,
6,10.0,32,100,6,39.8135025640759,
6,10.0,32,100,8,36.24572028843261,
6,10.0,32,100,8,40.27675687058792,
6,10.0,32,200,2,31.40557739144885,
6,10.0,32,200,2,38.8179880583656,
6,10.0,32,200,4,34.33207236137884,
6,10.0,32,200,4,38.87289143329847,
6,10.0,32,200,6,35.564321568503594,
6,10.0,32,200,6,39.77010743784427,
6,10.0,32,200,8,36.218881812526405,
6,10.0,32,200,8,40.340144036886485,
6,10.0,56,50,2,34.37180743564153,
6,10.0,56,50,4,37.01053587943255,
6,10.0,56,50,6,38.34187457807571,
6,10.0,56,50,8,38.93881541765711,
6,10.0,56,100,2,34.47690693959628,
6,10.0,56,100,4,37.03030695619824,
6,10.0,56,100,6,38.28545541513114,
6,10.0,56,100,8,38.84346323682363,
6,10.0,56,200,2,34.53594993953863,
6,10.0,56,200,4,37.02609611089037,
6,10.0,56,200,6,38.26677361007084,
6,10.0,56,200,8,38.87634633176922,
6,10.0,80,50,2,32.83767728260338,
6,10.0,80,50,4,36.34945332196098,
6,10.0,80,50,6,37.66123297554504,
6,10.0,80,50,8,38.34798775458029,
6,10.0,80,100,2,32.84315880734275,
6,10.0,80,100,4,36.27580368865805,
6,10.0,80,100,6,37.64764761902578,
6,10.0,80,100,8,38.46901362535647,
6,10.0,80,200,2,32.844079100378266,
6,10.0,80,200,4,36.28666973787045,
6,10.0,80,200,6,37.577086905814674,
6,10.0,80,200,8,38.3308308047118,
6,10.0,104,50,2,32.08613996903948,
6,10.0,104,50,4,36.00657222943305,
6,10.0,104,50,6,37.39798843563624,
6,10.0,104,50,8,38.06739868310914,
6,10.0,104,100,2,32.13450576917362,
6,10.0,104,100,4,35.95543015047808,
6,10.0,104,100,6,37.31830310263264,
6,10.0,104,100,8,38.03883540692315,
6,10.0,104,200,2,32.13782206744523,
6,10.0,104,200,4,35.980948864404084,
6,10.0,104,200,6,37.28266539528861,
6,10.0,104,200,8,38.04169039326848,
6,10.0,128,50,2,37.6075132675467,"(32, 32)"
6,10.0,128,50,2,31.753652888143797,
6,10.0,128,50,4,39.044902383802224,"(32, 32)"
6,10.0,128,50,4,35.737011343946534,
6,10.0,128,50,6,40.31222359022849,"(32, 32)"
6,10.0,128,50,6,37.1526526016234,
6,10.0,128,50,8,40.98434451731436,"(32, 32)"
6,10.0,128,50,8,37.84761799985488,
6,10.0,128,100,2,37.68506873846396,"(32, 32)"
6,10.0,128,100,2,31.73624170129472,
6,10.0,128,100,4,39.00621530940514,"(32, 32)"
6,10.0,128,100,4,35.71658647047312,
6,10.0,128,100,6,40.25277567705153,"(32, 32)"
6,10.0,128,100,6,37.13754702641794,
6,10.0,128,100,8,40.87425679222376,"(32, 32)"
6,10.0,128,100,8,37.88314706533086,
6,10.0,128,200,2,37.59335973827204,"(32, 32)"
6,10.0,128,200,2,31.71203289597669,
6,10.0,128,200,4,38.92421832662625,"(32, 32)"
6,10.0,128,200,4,35.72707971348226,
6,10.0,128,200,6,40.164147220174215,"(32, 32)"
6,10.0,128,200,6,37.17009978126267,
6,10.0,128,200,8,40.83113637710147,"(32, 32)"
6,10.0,128,200,8,37.84637295920168,
6,10.0,224,50,2,34.18353387955776,"(32, 32)"
6,10.0,224,50,4,38.09981227638275,"(32, 32)"
6,10.0,224,50,6,39.50354403278144,"(32, 32)"
6,10.0,224,50,8,40.293051542344045,"(32, 32)"
6,10.0,224,100,2,34.181459608078775,"(32, 32)"
6,10.0,224,100,4,37.97811435086288,"(32, 32)"
6,10.0,224,100,6,39.40473667660387,"(32, 32)"
6,10.0,224,100,8,40.15624662762936,"(32, 32)"
6,10.0,224,200,2,34.15186602072797,"(32, 32)"
6,10.0,224,200,4,38.03273743327847,"(32, 32)"
6,10.0,224,200,6,39.37566450254637,"(32, 32)"
6,10.0,224,200,8,40.19991546166485,"(32, 32)"
6,10.0,320,50,2,33.053594475140684,"(32, 32)"
6,10.0,320,50,4,37.69360590574984,"(32, 32)"
6,10.0,320,50,6,39.21197558250861,"(32, 32)"
6,10.0,320,50,8,39.94138753055796,"(32, 32)"
6,10.0,320,100,2,33.06834380167668,"(32, 32)"
6,10.0,320,100,4,37.70890708753798,"(32, 32)"
6,10.0,320,100,6,39.115601065746375,"(32, 32)"
6,10.0,320,100,8,39.87974697067202,"(32, 32)"
6,10.0,320,200,2,33.04571539826096,"(32, 32)"
6,10.0,320,200,4,37.67870323039294,"(32, 32)"
6,10.0,320,200,6,39.05000581436016,"(32, 32)"
6,10.0,320,200,8,39.880978748933686,"(32, 32)"
6,10.0,416,50,2,32.591107006204815,"(32, 32)"
6,10.0,416,50,4,37.57890243519151,"(32, 32)"
6,10.0,416,50,6,39.033030583103134,"(32, 32)"
6,10.0,416,50,8,39.854982380047744,"(32, 32)"
6,10.0,416,100,2,32.56688954938551,"(32, 32)"
6,10.0,416,100,4,37.515995835676286,"(32, 32)"
6,10.0,416,100,6,39.02000227309807,"(32, 32)"
6,10.0,416,100,8,39.69528174816758,"(32, 32)"
6,10.0,416,200,2,32.567929743230685,"(32, 32)"
6,10.0,416,200,4,37.456041078511575,"(32, 32)"
6,10.0,416,200,6,38.93174492935847,"(32, 32)"
6,10.0,416,200,8,39.723505463283374,"(32, 32)"
6,10.0,512,50,2,32.333180994153416,"(32, 32)"
6,10.0,512,50,4,37.49139514108863,"(32, 32)"
6,10.0,512,50,6,38.97764259565288,"(32, 32)"
6,10.0,512,50,8,39.76438087061018,"(32, 32)"
6,10.0,512,100,2,32.27394220700432,"(32, 32)"
6,10.0,512,100,4,37.39981332212155,"(32, 32)"
6,10.0,512,100,6,38.887070477675394,"(32, 32)"
6,10.0,512,100,8,39.63618446171202,"(32, 32)"
6,10.0,512,200,2,32.341208419823204,"(32, 32)"
6,10.0,512,200,4,37.35913448344069,"(32, 32)"
6,10.0,512,200,6,38.84072272487693,"(32, 32)"
6,10.0,512,200,8,39.65852973463452,"(32, 32)"
7,0.01,8,50,2,70.72694102078236,
7,0.01,8,50,4,68.29710372436178,
7,0.01,8,50,6,67.2002643614065,
7,0.01,8,50,8,66.05217876667066,
7,0.01,8,100,2,70.87959218159759,
7,0.01,8,100,4,68.55860412712339,
7,0.01,8,100,6,66.28752564788155,
7,0.01,8,100,8,66.03828293789148,
7,0.01,8,200,2,70.94523870125931,
7,0.01,8,200,4,68.69075236373985,
7,0.01,8,200,6,66.3063132144189,
7,0.01,8,200,8,65.80190427279832,
7,0.01,14,50,2,66.25876962451493,
7,0.01,14,50,4,64.42077342666076,
7,0.01,14,50,6,63.16841970878042,
7,0.01,14,50,8,62.91401268959324,
7,0.01,14,100,2,66.80633682072605,
7,0.01,14,100,4,64.88973064435484,
7,0.01,14,100,6,62.30362551749707,
7,0.01,14,100,8,62.41994958994699,
7,0.01,14,200,2,66.97326716124658,
7,0.01,14,200,4,64.67330661911677,
7,0.01,14,200,6,62.372873426739424,
7,0.01,14,200,8,61.11969120866354,
7,0.01,20,50,2,60.40567617839479,
7,0.01,20,50,4,57.75306419401145,
7,0.01,20,50,6,55.22269113462239,
7,0.01,20,50,8,55.08427374532856,
7,0.01,20,100,2,60.27873687488962,
7,0.01,20,100,4,57.12316894935584,
7,0.01,20,100,6,54.83294223464273,
7,0.01,20,100,8,54.295820091483456,
7,0.01,20,200,2,59.80534886069852,
7,0.01,20,200,4,57.3482536189704,
7,0.01,20,200,6,55.18425933896624,
7,0.01,20,200,8,54.78380088285554,
7,0.01,26,50,2,52.093426223416905,
7,0.01,26,50,4,46.67897488995816,
7,0.01,26,50,6,45.40856104388973,
7,0.01,26,50,8,44.959887873961165,
7,0.01,26,100,2,52.61840108422064,
7,0.01,26,100,4,47.55499192277192,
7,0.01,26,100,6,45.42586253916108,
7,0.01,26,100,8,43.96323085217544,
7,0.01,26,200,2,51.37850186555632,
7,0.01,26,200,4,47.927328967923,
7,0.01,26,200,6,45.87406433980681,
7,0.01,26,200,8,44.5576801448841,
7,0.01,32,50,2,41.72542310057938,
7,0.01,32,50,2,102.71815914382182,
7,0.01,32,50,4,36.06147698549643,
7,0.01,32,50,4,111.08730384806768,
7,0.01,32,50,6,34.957513907963886,
7,0.01,32,50,6,108.78496540127766,
7,0.01,32,50,8,34.25610146854844,
7,0.01,32,50,8,107.48998918274025,
7,0.01,32,100,2,41.29927393757663,
7,0.01,32,100,2,103.5571905235796,
7,0.01,32,100,4,35.628126843742415,
7,0.01,32,100,4,110.13445574794252,
7,0.01,32,100,6,35.17033658757894,
7,0.01,32,100,6,107.96679244081716,
7,0.01,32,100,8,34.00593301954506,
7,0.01,32,100,8,107.10660052222389,
7,0.01,32,200,2,42.31296803879053,
7,0.01,32,200,2,102.45864474908684,
7,0.01,32,200,4,35.611740107410974,
7,0.01,32,200,4,109.64817269364288,
7,0.01,32,200,6,34.25018277084702,
7,0.01,32,200,6,108.79448993067676,
7,0.01,32,200,8,33.03007720337685,
7,0.01,32,200,8,107.0264926092566,
7,0.01,56,50,2,93.3018209551592,
7,0.01,56,50,4,99.58019036689517,
7,0.01,56,50,6,98.078134354121,
7,0.01,56,50,8,94.39327122742984,
7,0.01,56,100,2,93.6237476504492,
7,0.01,56,100,4,100.14499124694449,
7,0.01,56,100,6,96.09303518137968,
7,0.01,56,100,8,95.6855475926063,
7,0.01,56,200,2,93.0090699028756,
7,0.01,56,200,4,98.99915764190196,
7,0.01,56,200,6,97.64630209097648,
7,0.01,56,200,8,97.57001149246196,
7,0.01,80,50,2,79.36598808012363,
7,0.01,80,50,4,81.07385287348183,
7,0.01,80,50,6,74.88864128657964,
7,0.01,80,50,8,72.83322589904171,
7,0.01,80,100,2,79.60950876211622,
7,0.01,80,100,4,79.67518495431098,
7,0.01,80,100,6,75.49209790844769,
7,0.01,80,100,8,72.80770570090732,
7,0.01,80,200,2,78.75952044870394,
7,0.01,80,200,4,79.65285930398414,
7,0.01,80,200,6,74.6373631701144,
7,0.01,80,200,8,72.03562795446224,
7,0.01,104,50,2,61.93373298160201,
7,0.01,104,50,4,55.00238815671457,
7,0.01,104,50,6,47.010800764173005,
7,0.01,104,50,8,45.4113946823734,
7,0.01,104,100,2,62.07074866360679,
7,0.01,104,100,4,54.44993500088262,
7,0.01,104,100,6,48.43542133424091,
7,0.01,104,100,8,45.463838187433694,
7,0.01,104,200,2,61.89532420504206,
7,0.01,104,200,4,54.86387365068208,
7,0.01,104,200,6,48.51946335995019,
7,0.01,104,200,8,44.12557983017471,
7,0.01,128,50,2,137.0628434301719,"(32, 32)"
7,0.01,128,50,2,40.74430063094751,
7,0.01,128,50,4,155.79452468496436,"(32, 32)"
7,0.01,128,50,4,32.04724954119335,
7,0.01,128,50,6,161.05379978021327,"(32, 32)"
7,0.01,128,50,6,28.77056076579955,
7,0.01,128,50,8,162.63338824724252,"(32, 32)"
7,0.01,128,50,8,27.863160702524706,
7,0.01,128,100,2,134.97780778525387,"(32, 32)"
7,0.01,128,100,2,40.70235231804683,
7,0.01,128,100,4,154.7154939848608,"(32, 32)"
7,0.01,128,100,4,31.320803274228457,
7,0.01,128,100,6,160.880053093312,"(32, 32)"
7,0.01,128,100,6,28.884057940334248,
7,0.01,128,100,8,163.2656363787425,"(32, 32)"
7,0.01,128,100,8,27.649417632387056,
7,0.01,128,200,2,135.04304458180397,"(32, 32)"
7,0.01,128,200,2,41.25244882424051,
7,0.01,128,200,4,154.44010568023836,"(32, 32)"
7,0.01,128,200,4,30.598779531835756,
7,0.01,128,200,6,161.16446774760146,"(32, 32)"
7,0.01,128,200,6,29.075717668540424,
7,0.01,128,200,8,162.17994149590294,"(32, 32)"
7,0.01,128,200,8,28.911874848635872,
7,0.01,224,50,2,118.6487526945003,"(32, 32)"
7,0.01,224,50,4,135.40725540714033,"(32, 32)"
7,0.01,224,50,6,137.07022084113223,"(32, 32)"
7,0.01,224,50,8,139.58476042212507,"(32, 32)"
7,0.01,224,100,2,117.88546222684651,"(32, 32)"
7,0.01,224,100,4,134.28417565006345,"(32, 32)"
7,0.01,224,100,6,137.90912084921476,"(32, 32)"
7,0.01,224,100,8,138.85794113687723,"(32, 32)"
7,0.01,224,200,2,117.64349283104043,"(32, 32)"
7,0.01,224,200,4,135.30557436233633,"(32, 32)"
7,0.01,224,200,6,138.9789073775651,"(32, 32)"
7,0.01,224,200,8,140.29687327342356,"(32, 32)"
7,0.01,320,50,2,95.37784033229435,"(32, 32)"
7,0.01,320,50,4,96.9731344399086,"(32, 32)"
7,0.01,320,50,6,95.71567812681538,"(32, 32)"
7,0.01,320,50,8,86.36811361726437,"(32, 32)"
7,0.01,320,100,2,94.59187206651195,"(32, 32)"
7,0.01,320,100,4,97.25515566694904,"(32, 32)"
7,0.01,320,100,6,94.73036827889656,"(32, 32)"
7,0.01,320,100,8,90.499354449757,"(32, 32)"
7,0.01,320,200,2,94.86726860539902,"(32, 32)"
7,0.01,320,200,4,97.74010198876243,"(32, 32)"
7,0.01,320,200,6,95.46471444199273,"(32, 32)"
7,0.01,320,200,8,91.93895113984244,"(32, 32)"
7,0.01,416,50,2,62.2391772992498,"(32, 32)"
7,0.01,416,50,4,51.24572088473907,"(32, 32)"
7,0.01,416,50,6,40.295188841906814,"(32, 32)"
7,0.01,416,50,8,41.73271474674343,"(32, 32)"
7,0.01,416,100,2,63.35729579688972,"(32, 32)"
7,0.01,416,100,4,52.66062305074612,"(32, 32)"
7,0.01,416,100,6,45.06338106476567,"(32, 32)"
7,0.01,416,100,8,41.749188078335074,"(32, 32)"
7,0.01,416,200,2,63.20624575837939,"(32, 32)"
7,0.01,416,200,4,51.00205136829708,"(32, 32)"
7,0.01,416,200,6,46.46631394794706,"(32, 32)"
7,0.01,416,200,8,39.86242018147681,"(32, 32)"
7,0.01,512,50,2,32.24425668364539,"(32, 32)"
7,0.01,512,50,4,24.73591598366192,"(32, 32)"
7,0.01,512,50,6,23.74699696076413,"(32, 32)"
7,0.01,512,50,8,26.775749362749263,"(32, 32)"
7,0.01,512,100,2,31.284215033951664,"(32, 32)"
7,0.01,512,100,4,24.260697355130304,"(32, 32)"
7,0.01,512,100,6,24.022306169372424,"(32, 32)"
7,0.01,512,100,8,26.11126450117071,"(32, 32)"
7,0.01,512,200,2,32.29293921803718,"(32, 32)"
7,0.01,512,200,4,24.23704922332153,"(32, 32)"
7,0.01,512,200,6,24.60324134561732,"(32, 32)"
7,0.01,512,200,8,24.42127729332459,"(32, 32)"
7,0.1,8,50,2,46.73319705357365,
7,0.1,8,50,4,45.86575003768908,
7,0.1,8,50,6,45.28468232872216,
7,0.1,8,50,8,45.17217762020033,
7,0.1,8,100,2,46.76901821134505,
7,0.1,8,100,4,45.69552065977496,
7,0.1,8,100,6,45.15876609893824,
7,0.1,8,100,8,45.064472213527466,
7,0.1,8,200,2,46.71304660035318,
7,0.1,8,200,4,45.8620961098446,
7,0.1,8,200,6,45.02861329724037,
7,0.1,8,200,8,45.1429095035132,
7,0.1,14,50,2,38.66213009518894,
7,0.1,14,50,4,36.966737590844446,
7,0.1,14,50,6,36.943904366684585,
7,0.1,14,50,8,36.72427905720858,
7,0.1,14,100,2,38.44912087535483,
7,0.1,14,100,4,37.05623379464261,
7,0.1,14,100,6,36.98003054760444,
7,0.1,14,100,8,36.64206779583729,
7,0.1,14,200,2,38.59890868269933,
7,0.1,14,200,4,37.05727124440356,
7,0.1,14,200,6,36.9732536868166,
7,0.1,14,200,8,36.69824919097451,
7,0.1,20,50,2,31.784836588294425,
7,0.1,20,50,4,30.812703965693927,
7,0.1,20,50,6,30.960794391248395,
7,0.1,20,50,8,31.14165091272176,
7,0.1,20,100,2,31.96115926079568,
7,0.1,20,100,4,31.18832463643935,
7,0.1,20,100,6,30.93825374417195,
7,0.1,20,100,8,31.19247091120918,
7,0.1,20,200,2,31.94704639471304,
7,0.1,20,200,4,30.82886446623268,
7,0.1,20,200,6,30.867310836804336,
7,0.1,20,200,8,31.03921280619755,
7,0.1,26,50,2,26.819321411560036,
7,0.1,26,50,4,26.595919707708493,
7,0.1,26,50,6,27.20820211833569,
7,0.1,26,50,8,27.65201404265581,
7,0.1,26,100,2,26.61505413995167,
7,0.1,26,100,4,26.57835672446842,
7,0.1,26,100,6,27.12116857796101,
7,0.1,26,100,8,27.6208795434789,
7,0.1,26,200,2,26.650716907241385,
7,0.1,26,200,4,26.55476155373151,
7,0.1,26,200,6,27.16770449413179,
7,0.1,26,200,8,27.602420330348963,
7,0.1,32,50,2,22.66719832451317,
7,0.1,32,50,2,48.039443459507,
7,0.1,32,50,4,23.63425922095592,
7,0.1,32,50,4,51.3236949384969,
7,0.1,32,50,6,24.676736846677,
7,0.1,32,50,6,50.65854601448563,
7,0.1,32,50,8,25.424857557229696,
7,0.1,32,50,8,49.47018247399144,
7,0.1,32,100,2,22.64442065575352,
7,0.1,32,100,2,49.916692148922806,
7,0.1,32,100,4,23.651020232891447,
7,0.1,32,100,4,50.53189367711219,
7,0.1,32,100,6,24.690187177601352,
7,0.1,32,100,6,50.99036211686081,
7,0.1,32,100,8,25.37646232112157,
7,0.1,32,100,8,49.55869039010588,
7,0.1,32,200,2,22.59166356500285,
7,0.1,32,200,2,49.56643207052434,
7,0.1,32,200,4,23.61435035576057,
7,0.1,32,200,4,50.68256370129851,
7,0.1,32,200,6,24.646390657634445,
7,0.1,32,200,6,50.07935383876477,
7,0.1,32,200,8,25.404807562426758,
7,0.1,32,200,8,50.524415223344135,
7,0.1,56,50,2,35.908169129879205,
7,0.1,56,50,4,34.868702036114705,
7,0.1,56,50,6,34.45280102774267,
7,0.1,56,50,8,34.15447870601938,
7,0.1,56,100,2,35.92748098281464,
7,0.1,56,100,4,34.44450188156863,
7,0.1,56,100,6,34.4497357074582,
7,0.1,56,100,8,34.51377223349254,
7,0.1,56,200,2,35.82881514578701,
7,0.1,56,200,4,34.787570649821305,
7,0.1,56,200,6,34.708812977444545,
7,0.1,56,200,8,34.87178905294263,
7,0.1,80,50,2,29.09201729733548,
7,0.1,80,50,4,28.916323136662733,
7,0.1,80,50,6,29.527063854156108,
7,0.1,80,50,8,30.02433489238322,
7,0.1,80,100,2,29.109054064043683,
7,0.1,80,100,4,28.976023661030336,
7,0.1,80,100,6,29.4849405158654,
7,0.1,80,100,8,30.106443776177628,
7,0.1,80,200,2,29.034209364395085,
7,0.1,80,200,4,29.02207218619499,
7,0.1,80,200,6,29.60490804912125,
7,0.1,80,200,8,30.132333709655462,
7,0.1,104,50,2,24.63475284985893,
7,0.1,104,50,4,25.83462056880422,
7,0.1,104,50,6,26.998329817365484,
7,0.1,104,50,8,27.88498649127613,
7,0.1,104,100,2,24.76223460194353,
7,0.1,104,100,4,25.78692860342417,
7,0.1,104,100,6,27.07095507895351,
7,0.1,104,100,8,27.83967562234381,
7,0.1,104,200,2,24.70653400870686,
7,0.1,104,200,4,25.792606178472607,
7,0.1,104,200,6,27.052398346858983,
7,0.1,104,200,8,27.857261042641134,
7,0.1,128,50,2,50.93715400812325,"(32, 32)"
7,0.1,128,50,2,21.355344960028543,
7,0.1,128,50,4,55.05202458094912,"(32, 32)"
7,0.1,128,50,4,23.961472501898303,
7,0.1,128,50,6,58.4249350028764,"(32, 32)"
7,0.1,128,50,6,25.54957123040176,
7,0.1,128,50,8,61.12659054424449,"(32, 32)"
7,0.1,128,50,8,26.47262144994116,
7,0.1,128,100,2,50.62809676129592,"(32, 32)"
7,0.1,128,100,2,21.399824751377015,
7,0.1,128,100,4,56.25132183641115,"(32, 32)"
7,0.1,128,100,4,23.877926472364155,
7,0.1,128,100,6,63.060091515210615,"(32, 32)"
7,0.1,128,100,6,25.52818737547753,
7,0.1,128,100,8,63.73529254077986,"(32, 32)"
7,0.1,128,100,8,26.47851512076325,
7,0.1,128,200,2,50.39080774555041,"(32, 32)"
7,0.1,128,200,2,21.374976977954983,
7,0.1,128,200,4,58.07600710550235,"(32, 32)"
7,0.1,128,200,4,23.88532780662496,
7,0.1,128,200,6,61.02393534355559,"(32, 32)"
7,0.1,128,200,6,25.44631835148778,
7,0.1,128,200,8,62.92207794497745,"(32, 32)"
7,0.1,128,200,8,26.43584435150783,
7,0.1,224,50,2,33.77617754687073,"(32, 32)"
7,0.1,224,50,4,32.740761130777145,"(32, 32)"
7,0.1,224,50,6,33.26058751241689,"(32, 32)"
7,0.1,224,50,8,33.722573898746894,"(32, 32)"
7,0.1,224,100,2,33.85655802726936,"(32, 32)"
7,0.1,224,100,4,32.7089031453319,"(32, 32)"
7,0.1,224,100,6,33.52785813951348,"(32, 32)"
7,0.1,224,100,8,33.5747605986308,"(32, 32)"
7,0.1,224,200,2,33.68518109382056,"(32, 32)"
7,0.1,224,200,4,32.67033773022903,"(32, 32)"
7,0.1,224,200,6,33.86843543827889,"(32, 32)"
7,0.1,224,200,8,33.500951554178286,"(32, 32)"
7,0.1,320,50,2,27.7129027382541,"(32, 32)"
7,0.1,320,50,4,28.651523279301664,"(32, 32)"
7,0.1,320,50,6,29.9485874231383,"(32, 32)"
7,0.1,320,50,8,30.988331783036607,"(32, 32)"
7,0.1,320,100,2,27.81818727786758,"(32, 32)"
7,0.1,320,100,4,28.596207376581653,"(32, 32)"
7,0.1,320,100,6,29.874549064265604,"(32, 32)"
7,0.1,320,100,8,30.876932245865547,"(32, 32)"
7,0.1,320,200,2,27.92587058708958,"(32, 32)"
7,0.1,320,200,4,28.654722616077542,"(32, 32)"
7,0.1,320,200,6,29.893145234125587,"(32, 32)"
7,0.1,320,200,8,30.86027738000265,"(32, 32)"
7,0.1,416,50,2,23.925068229171423,"(32, 32)"
7,0.1,416,50,4,26.553812558562356,"(32, 32)"
7,0.1,416,50,6,28.54236231789147,"(32, 32)"
7,0.1,416,50,8,29.76666498244716,"(32, 32)"
7,0.1,416,100,2,23.98770708926025,"(32, 32)"
7,0.1,416,100,4,26.480099457268768,"(32, 32)"
7,0.1,416,100,6,28.42368687102004,"(32, 32)"
7,0.1,416,100,8,29.59241931344502,"(32, 32)"
7,0.1,416,200,2,24.037383448912827,"(32, 32)"
7,0.1,416,200,4,26.482514784758475,"(32, 32)"
7,0.1,416,200,6,28.442066136246726,"(32, 32)"
7,0.1,416,200,8,29.61874458810403,"(32, 32)"
7,0.1,512,50,2,21.42727568568965,"(32, 32)"
7,0.1,512,50,4,25.4750666923511,"(32, 32)"
7,0.1,512,50,6,27.79112193552212,"(32, 32)"
7,0.1,512,50,8,29.07848701067224,"(32, 32)"
7,0.1,512,100,2,21.422134720600297,"(32, 32)"
7,0.1,512,100,4,25.37436791746138,"(32, 32)"
7,0.1,512,100,6,27.679346472792464,"(32, 32)"
7,0.1,512,100,8,28.93598087022659,"(32, 32)"
7,0.1,512,200,2,21.37932868538771,"(32, 32)"
7,0.1,512,200,4,25.327503721511597,"(32, 32)"
7,0.1,512,200,6,27.572762998453683,"(32, 32)"
7,0.1,512,200,8,28.891905158457494,"(32, 32)"
7,1.0,8,50,2,43.044914297877526,
7,1.0,8,50,4,40.945287764508485,
7,1.0,8,50,6,40.67080369345176,
7,1.0,8,50,8,40.87785217413412,
7,1.0,8,100,2,43.10127313242599,
7,1.0,8,100,4,41.17104324571965,
7,1.0,8,100,6,40.76861554278176,
7,1.0,8,100,8,40.72714598863562,
7,1.0,8,200,2,43.079554044634335,
7,1.0,8,200,4,40.97883157184216,
7,1.0,8,200,6,40.76228732346329,
7,1.0,8,200,8,40.804994275588506,
7,1.0,14,50,2,35.64446634197857,
7,1.0,14,50,4,34.93889712029305,
7,1.0,14,50,6,35.27973398173202,
7,1.0,14,50,8,35.70279976260506,
7,1.0,14,100,2,35.573944985461104,
7,1.0,14,100,4,34.96924258678626,
7,1.0,14,100,6,35.35349328938303,
7,1.0,14,100,8,35.65267736538608,
7,1.0,14,200,2,35.80794438917395,
7,1.0,14,200,4,34.99363029283726,
7,1.0,14,200,6,35.23281349392918,
7,1.0,14,200,8,35.77705437328381,
7,1.0,20,50,2,30.422926905647124,
7,1.0,20,50,4,31.318156144589278,
7,1.0,20,50,6,32.12234302027267,
7,1.0,20,50,8,32.6284750772122,
7,1.0,20,100,2,30.63326292088676,
7,1.0,20,100,4,31.1803699974046,
7,1.0,20,100,6,32.10487085387427,
7,1.0,20,100,8,32.735901979506615,
7,1.0,20,200,2,30.48788536738494,
7,1.0,20,200,4,31.255082899614383,
7,1.0,20,200,6,32.183314316077386,
7,1.0,20,200,8,32.69250957547507,
7,1.0,26,50,2,27.023735280752177,
7,1.0,26,50,4,28.951207187499545,
7,1.0,26,50,6,30.238928920608696,
7,1.0,26,50,8,30.957264638315813,
7,1.0,26,100,2,27.03198572822368,
7,1.0,26,100,4,29.05621539019688,
7,1.0,26,100,6,30.22648848157049,
7,1.0,26,100,8,31.018440483927165,
7,1.0,26,200,2,27.004011845116665,
7,1.0,26,200,4,28.959777495967867,
7,1.0,26,200,6,30.144226207131425,
7,1.0,26,200,8,30.905751099913505,
7,1.0,32,50,2,24.77794133499668,
7,1.0,32,50,2,39.2457289103084,
7,1.0,32,50,4,27.5622334370082,
7,1.0,32,50,4,38.5721841828948,
7,1.0,32,50,6,28.96694654264399,
7,1.0,32,50,6,38.83251029412608,
7,1.0,32,50,8,29.74901867698584,
7,1.0,32,50,8,38.9128459440809,
7,1.0,32,100,2,24.85222499411679,
7,1.0,32,100,2,39.26671628274249,
7,1.0,32,100,4,27.498051730413664,
7,1.0,32,100,4,38.65831206487581,
7,1.0,32,100,6,28.94720935449291,
7,1.0,32,100,6,38.77449674003039,
7,1.0,32,100,8,29.76495254838347,
7,1.0,32,100,8,38.845137432482296,
7,1.0,32,200,2,24.814896167581708,
7,1.0,32,200,2,39.40735152154825,
7,1.0,32,200,4,27.523147273963016,
7,1.0,32,200,4,38.61975857130276,
7,1.0,32,200,6,28.9683263062538,
7,1.0,32,200,6,38.62710219900002,
7,1.0,32,200,8,29.72102220515286,
7,1.0,32,200,8,38.91477359412279,
7,1.0,56,50,2,32.86400957206208,
7,1.0,56,50,4,33.57380369416949,
7,1.0,56,50,6,34.40924031552857,
7,1.0,56,50,8,35.05622527471368,
7,1.0,56,100,2,32.9345471906192,
7,1.0,56,100,4,33.52060151400323,
7,1.0,56,100,6,34.41496616870082,
7,1.0,56,100,8,35.1632067769685,
7,1.0,56,200,2,32.8867391651261,
7,1.0,56,200,4,33.47772033896929,
7,1.0,56,200,6,34.38177035155875,
7,1.0,56,200,8,35.025084743356395,
7,1.0,80,50,2,28.787009459211568,
7,1.0,80,50,4,31.046974216527268,
7,1.0,80,50,6,32.4174958215368,
7,1.0,80,50,8,33.21150560595316,
7,1.0,80,100,2,28.773557283109177,
7,1.0,80,100,4,31.003799820869048,
7,1.0,80,100,6,32.323314458177954,
7,1.0,80,100,8,33.20979540074106,
7,1.0,80,200,2,28.720761433126803,
7,1.0,80,200,4,30.990725575828467,
7,1.0,80,200,6,32.3910518605232,
7,1.0,80,200,8,33.181684541255,
7,1.0,104,50,2,26.401363846200315,
7,1.0,104,50,4,29.66722863625881,
7,1.0,104,50,6,31.29547734598775,
7,1.0,104,50,8,32.33036932845504,
7,1.0,104,100,2,26.424003167960947,
7,1.0,104,100,4,29.62562611879972,
7,1.0,104,100,6,31.26426773899973,
7,1.0,104,100,8,32.31830360341852,
7,1.0,104,200,2,26.411566890873846,
7,1.0,104,200,4,29.567701595848344,
7,1.0,104,200,6,31.3136360739008,
7,1.0,104,200,8,32.22905358506535,
7,1.0,128,50,2,37.910695041009625,"(32, 32)"
7,1.0,128,50,2,25.132985075031144,
7,1.0,128,50,4,37.48865459479223,"(32, 32)"
7,1.0,128,50,4,28.819418252424928,
7,1.0,128,50,6,37.88608693426807,"(32, 32)"
7,1.0,128,50,6,30.577311977207295,
7,1.0,128,50,8,38.3182596728117,"(32, 32)"
7,1.0,128,50,8,31.65379958163161,
7,1.0,128,100,2,37.97734418392956,"(32, 32)"
7,1.0,128,100,2,25.087545005404444,
7,1.0,128,100,4,37.603436751251486,"(32, 32)"
7,1.0,128,100,4,28.837946182853692,
7,1.0,128,100,6,37.94780001891591,"(32, 32)"
7,1.0,128,100,6,30.57391375205209,
7,1.0,128,100,8,38.34767211652608,"(32, 32)"
7,1.0,128,100,8,31.647419698673453,
7,1.0,128,200,2,37.90465369326628,"(32, 32)"
7,1.0,128,200,2,25.10051304570229,
7,1.0,128,200,4,37.40753079853194,"(32, 32)"
7,1.0,128,200,4,28.780441090568363,
7,1.0,128,200,6,37.91868635115368,"(32, 32)"
7,1.0,128,200,6,30.593123557171715,
7,1.0,128,200,8,38.30187507401943,"(32, 32)"
7,1.0,128,200,8,31.62804316779689,
7,1.0,224,50,2,31.62776491645971,"(32, 32)"
7,1.0,224,50,4,33.61093651031738,"(32, 32)"
7,1.0,224,50,6,34.94280315952433,"(32, 32)"
7,1.0,224,50,8,35.89862521416169,"(32, 32)"
7,1.0,224,100,2,31.762749342406966,"(32, 32)"
7,1.0,224,100,4,33.56179342822574,"(32, 32)"
7,1.0,224,100,6,34.91603927837692,"(32, 32)"
7,1.0,224,100,8,35.78361920504779,"(32, 32)"
7,1.0,224,200,2,31.72961624504944,"(32, 32)"
7,1.0,224,200,4,33.62850848758186,"(32, 32)"
7,1.0,224,200,6,34.90450856945764,"(32, 32)"
7,1.0,224,200,8,35.79469024238567,"(32, 32)"
7,1.0,320,50,2,28.52952852936603,"(32, 32)"
7,1.0,320,50,4,32.059193758568895,"(32, 32)"
7,1.0,320,50,6,33.84961123447502,"(32, 32)"
7,1.0,320,50,8,34.96074840643695,"(32, 32)"
7,1.0,320,100,2,28.57256648931161,"(32, 32)"
7,1.0,320,100,4,31.94761148279424,"(32, 32)"
7,1.0,320,100,6,33.72726923926891,"(32, 32)"
7,1.0,320,100,8,34.82211718762182,"(32, 32)"
7,1.0,320,200,2,28.514735310928188,"(32, 32)"
7,1.0,320,200,4,31.93028640652071,"(32, 32)"
7,1.0,320,200,6,33.72167746746123,"(32, 32)"
7,1.0,320,200,8,34.74917135005353,"(32, 32)"
7,1.0,416,50,2,27.0836495092472,"(32, 32)"
7,1.0,416,50,4,31.25752979351895,"(32, 32)"
7,1.0,416,50,6,33.247455298774284,"(32, 32)"
7,1.0,416,50,8,34.44407859594282,"(32, 32)"
7,1.0,416,100,2,27.051660635525657,"(32, 32)"
7,1.0,416,100,4,31.116545176119885,"(32, 32)"
7,1.0,416,100,6,33.10521841489054,"(32, 32)"
7,1.0,416,100,8,34.387206473115235,"(32, 32)"
7,1.0,416,200,2,26.989971205705544,"(32, 32)"
7,1.0,416,200,4,31.133906181777803,"(32, 32)"
7,1.0,416,200,6,33.094533880385896,"(32, 32)"
7,1.0,416,200,8,34.287875485424216,"(32, 32)"
7,1.0,512,50,2,26.196897582197188,"(32, 32)"
7,1.0,512,50,4,30.769119211508183,"(32, 32)"
7,1.0,512,50,6,32.90892888799968,"(32, 32)"
7,1.0,512,50,8,34.19415469494039,"(32, 32)"
7,1.0,512,100,2,26.156217112457856,"(32, 32)"
7,1.0,512,100,4,30.70467435310342,"(32, 32)"
7,1.0,512,100,6,32.77334857332989,"(32, 32)"
7,1.0,512,100,8,34.04592374581801,"(32, 32)"
7,1.0,512,200,2,26.12435196798325,"(32, 32)"
7,1.0,512,200,4,30.652602419120917,"(32, 32)"
7,1.0,512,200,6,32.76876206267733,"(32, 32)"
7,1.0,512,200,8,34.00897687324757,"(32, 32)"
7,10.0,8,50,2,42.71669444543295,
7,10.0,8,50,4,40.71925242444133,
7,10.0,8,50,6,40.9322781792333,
7,10.0,8,50,8,41.14750269082743,
7,10.0,8,100,2,42.83281213663453,
7,10.0,8,100,4,40.87031785005532,
7,10.0,8,100,6,41.09610793162396,
7,10.0,8,100,8,41.26328599996482,
7,10.0,8,200,2,42.87598780614603,
7,10.0,8,200,4,40.84400156493815,
7,10.0,8,200,6,40.95749736151378,
7,10.0,8,200,8,41.1444239791099,
7,10.0,14,50,2,36.13296948867923,
7,10.0,14,50,4,37.158516906937294,
7,10.0,14,50,6,37.951177956213165,
7,10.0,14,50,8,38.52448202746689,
7,10.0,14,100,2,36.31665635081812,
7,10.0,14,100,4,37.175797206229504,
7,10.0,14,100,6,38.03030657636402,
7,10.0,14,100,8,38.62398688212933,
7,10.0,14,200,2,36.352223190052285,
7,10.0,14,200,4,37.13711540256707,
7,10.0,14,200,6,37.958894883882806,
7,10.0,14,200,8,38.57395381633703,
7,10.0,20,50,2,33.51851694572668,
7,10.0,20,50,4,35.58873785162011,
7,10.0,20,50,6,36.60361937256854,
7,10.0,20,50,8,37.32388484691697,
7,10.0,20,100,2,33.4905616217901,
7,10.0,20,100,4,35.684913501439574,
7,10.0,20,100,6,36.68869234971161,
7,10.0,20,100,8,37.326169422224034,
7,10.0,20,200,2,33.47101734221127,
7,10.0,20,200,4,35.611782044510804,
7,10.0,20,200,6,36.681461753630494,
7,10.0,20,200,8,37.29625431306624,
7,10.0,26,50,2,32.09135581115032,
7,10.0,26,50,4,34.86595167687566,
7,10.0,26,50,6,36.07276138476398,
7,10.0,26,50,8,36.72823104200437,
7,10.0,26,100,2,32.11270191193,
7,10.0,26,100,4,34.833747721371616,
7,10.0,26,100,6,35.993709120517735,
7,10.0,26,100,8,36.60366356029348,
7,10.0,26,200,2,32.10718312451153,
7,10.0,26,200,4,34.85545112962544,
7,10.0,26,200,6,35.957126890404446,
7,10.0,26,200,8,36.61446356647523,
7,10.0,32,50,2,31.397461286803868,
7,10.0,32,50,2,38.75881572240841,
7,10.0,32,50,4,34.2979194499458,
7,10.0,32,50,4,38.94289638787989,
7,10.0,32,50,6,35.582321194288134,
7,10.0,32,50,6,39.72836324235807,
7,10.0,32,50,8,36.20985478466617,
7,10.0,32,50,8,40.35954754268613,
7,10.0,32,100,2,31.371061100620384,
7,10.0,32,100,2,38.80505162024656,
7,10.0,32,100,4,34.33354550515204,
7,10.0,32,100,4,38.88867776056532,
7,10.0,32,100,6,35.54710116471665,
7,10.0,32,100,6,39.755159918850026,
7,10.0,32,100,8,36.14984042394934,
7,10.0,32,100,8,40.2913982667764,
7,10.0,32,200,2,31.3458814723453,
7,10.0,32,200,2,38.95608855663418,
7,10.0,32,200,4,34.34045599846299,
7,10.0,32,200,4,38.87624084847383,
7,10.0,32,200,6,35.624417644894095,
7,10.0,32,200,6,39.825808757417256,
7,10.0,32,200,8,36.217243153360506,
7,10.0,32,200,8,40.28371041347251,
7,10.0,56,50,2,34.384657179518705,
7,10.0,56,50,4,37.04121531385668,
7,10.0,56,50,6,38.22972497073306,
7,10.0,56,50,8,38.86941296824342,
7,10.0,56,100,2,34.44041920662659,
7,10.0,56,100,4,37.09353069443056,
7,10.0,56,100,6,38.16879433666332,
7,10.0,56,100,8,38.86090357296866,
7,10.0,56,200,2,34.471456855462854,
7,10.0,56,200,4,36.99172798685032,
7,10.0,56,200,6,38.29316818619645,
7,10.0,56,200,8,38.91383722925912,
7,10.0,80,50,2,32.82993479791651,
7,10.0,80,50,4,36.29747798975499,
7,10.0,80,50,6,37.62655357625914,
7,10.0,80,50,8,38.36792965844828,
7,10.0,80,100,2,32.84852166180711,
7,10.0,80,100,4,36.2931870595697,
7,10.0,80,100,6,37.64546341636027,
7,10.0,80,100,8,38.37208511266432,
7,10.0,80,200,2,32.82640847571215,
7,10.0,80,200,4,36.23412133079125,
7,10.0,80,200,6,37.72155457999631,
7,10.0,80,200,8,38.35094804052032,
7,10.0,104,50,2,32.140488686872914,
7,10.0,104,50,4,36.015797751585424,
7,10.0,104,50,6,37.31732161916728,
7,10.0,104,50,8,38.02941147835629,
7,10.0,104,100,2,32.14794903705084,
7,10.0,104,100,4,35.96159815341981,
7,10.0,104,100,6,37.29794364967571,
7,10.0,104,100,8,38.079072097564605,
7,10.0,104,200,2,32.10933472568186,
7,10.0,104,200,4,35.92633031666291,
7,10.0,104,200,6,37.299748732306014,
7,10.0,104,200,8,38.05635850589875,
7,10.0,128,50,2,37.63211990868999,"(32, 32)"
7,10.0,128,50,2,31.70874094022278,
7,10.0,128,50,4,39.054768326628576,"(32, 32)"
7,10.0,128,50,4,35.77465311731286,
7,10.0,128,50,6,40.24977813090902,"(32, 32)"
7,10.0,128,50,6,37.11159985106893,
7,10.0,128,50,8,40.89718063448992,"(32, 32)"
7,10.0,128,50,8,37.87795439927923,
7,10.0,128,100,2,37.530114200376616,"(32, 32)"
7,10.0,128,100,2,31.73465303780988,
7,10.0,128,100,4,38.99213369217135,"(32, 32)"
7,10.0,128,100,4,35.72096492544789,
7,10.0,128,100,6,40.19546676620968,"(32, 32)"
7,10.0,128,100,6,37.13310261169018,
7,10.0,128,100,8,40.87456967188543,"(32, 32)"
7,10.0,128,100,8,37.8599660514764,
7,10.0,128,200,2,37.568432534614885,"(32, 32)"
7,10.0,128,200,2,31.70897282587563,
7,10.0,128,200,4,38.93335585484659,"(32, 32)"
7,10.0,128,200,4,35.72202967474345,
7,10.0,128,200,6,40.284098758982886,"(32, 32)"
7,10.0,128,200,6,37.07781074348955,
7,10.0,128,200,8,40.842789116948936,"(32, 32)"
7,10.0,128,200,8,37.85415901907614,
7,10.0,224,50,2,34.11839129833611,"(32, 32)"
7,10.0,224,50,4,38.01650602336581,"(32, 32)"
7,10.0,224,50,6,39.5625643134536,"(32, 32)"
7,10.0,224,50,8,40.29464222053483,"(32, 32)"
7,10.0,224,100,2,34.13569305900931,"(32, 32)"
7,10.0,224,100,4,38.03829451980709,"(32, 32)"
7,10.0,224,100,6,39.49261444193058,"(32, 32)"
7,10.0,224,100,8,40.14085198646714,"(32, 32)"
7,10.0,224,200,2,34.11671581951179,"(32, 32)"
7,10.0,224,200,4,38.03123405161565,"(32, 32)"
7,10.0,224,200,6,39.43574778779736,"(32, 32)"
7,10.0,224,200,8,40.10313861008131,"(32, 32)"
7,10.0,320,50,2,33.03286222422837,"(32, 32)"
7,10.0,320,50,4,37.71950855772357,"(32, 32)"
7,10.0,320,50,6,39.21927086229695,"(32, 32)"
7,10.0,320,50,8,39.97361815201173,"(32, 32)"
7,10.0,320,100,2,33.09393984818509,"(32, 32)"
7,10.0,320,100,4,37.602545187414286,"(32, 32)"
7,10.0,320,100,6,39.14327551724554,"(32, 32)"
7,10.0,320,100,8,39.82538265755648,"(32, 32)"
7,10.0,320,200,2,33.08730961680358,"(32, 32)"
7,10.0,320,200,4,37.6814765734812,"(32, 32)"
7,10.0,320,200,6,39.10195473275114,"(32, 32)"
7,10.0,320,200,8,39.887951030231385,"(32, 32)"
7,10.0,416,50,2,32.57776815461414,"(32, 32)"
7,10.0,416,50,4,37.563318989436986,"(32, 32)"
7,10.0,416,50,6,39.070504550961445,"(32, 32)"
7,10.0,416,50,8,39.88763179823028,"(32, 32)"
7,10.0,416,100,2,32.5757085036593,"(32, 32)"
7,10.0,416,100,4,37.463725640018325,"(32, 32)"
7,10.0,416,100,6,39.01286812767192,"(32, 32)"
7,10.0,416,100,8,39.80750577493808,"(32, 32)"
7,10.0,416,200,2,32.58231692342693,"(32, 32)"
7,10.0,416,200,4,37.441123417685006,"(32, 32)"
7,10.0,416,200,6,39.04425911996604,"(32, 32)"
7,10.0,416,200,8,39.71656487169452,"(32, 32)"
7,10.0,512,50,2,32.25237105768773,"(32, 32)"
7,10.0,512,50,4,37.42946980603569,"(32, 32)"
7,10.0,512,50,6,39.01707280428459,"(32, 32)"
7,10.0,512,50,8,39.75196723148671,"(32, 32)"
7,10.0,512,100,2,32.28176197041151,"(32, 32)"
7,10.0,512,100,4,37.379744161645725,"(32, 32)"
7,10.0,512,100,6,38.927576897792456,"(32, 32)"
7,10.0,512,100,8,39.6817521866664,"(32, 32)"
7,10.0,512,200,2,32.310190793427175,"(32, 32)"
7,10.0,512,200,4,37.326094356981535,"(32, 32)"
7,10.0,512,200,6,38.85585414027671,"(32, 32)"
7,10.0,512,200,8,39.61697137886907,"(32, 32)"
8,0.01,8,50,2,71.07952030176727,
8,0.01,8,50,4,68.631313485204,
8,0.01,8,50,6,66.89699693220439,
8,0.01,8,50,8,66.21519753764034,
8,0.01,8,100,2,71.02850881608194,
8,0.01,8,100,4,68.99126973414846,
8,0.01,8,100,6,66.9286237257881,
8,0.01,8,100,8,65.71043891250442,
8,0.01,8,200,2,71.42418057215674,
8,0.01,8,200,4,68.64652880334188,
8,0.01,8,200,6,66.74559315053759,
8,0.01,8,200,8,65.52579037139793,
8,0.01,14,50,2,66.5112537240747,
8,0.01,14,50,4,64.92903300829744,
8,0.01,14,50,6,63.07018687617165,
8,0.01,14,50,8,62.26050518817384,
8,0.01,14,100,2,66.02315340532816,
8,0.01,14,100,4,65.42916190320611,
8,0.01,14,100,6,62.819290264775496,
8,0.01,14,100,8,62.25814830351032,
8,0.01,14,200,2,66.41629410483266,
8,0.01,14,200,4,65.04178362128597,
8,0.01,14,200,6,63.14214142071331,
8,0.01,14,200,8,62.460668166046894,
8,0.01,20,50,2,60.5119248294898,
8,0.01,20,50,4,57.38440113712059,
8,0.01,20,50,6,55.122326706056754,
8,0.01,20,50,8,53.90844063993137,
8,0.01,20,100,2,60.10587563379779,
8,0.01,20,100,4,57.32135240917299,
8,0.01,20,100,6,55.14016625723474,
8,0.01,20,100,8,54.39471597253195,
8,0.01,20,200,2,60.252294472972665,
8,0.01,20,200,4,57.32717694267738,
8,0.01,20,200,6,55.13099914569823,
8,0.01,20,200,8,54.47045251458404,
8,0.01,26,50,2,52.21358385447433,
8,0.01,26,50,4,47.2527161074886,
8,0.01,26,50,6,44.73329050959335,
8,0.01,26,50,8,44.22387713035982,
8,0.01,26,100,2,52.0269107876487,
8,0.01,26,100,4,47.2555983925424,
8,0.01,26,100,6,44.91087845195656,
8,0.01,26,100,8,44.06486312264935,
8,0.01,26,200,2,52.06376036438426,
8,0.01,26,200,4,47.56381195705136,
8,0.01,26,200,6,44.9838070450996,
8,0.01,26,200,8,44.520335533680495,
8,0.01,32,50,2,42.32878599499181,
8,0.01,32,50,2,103.04289561607136,
8,0.01,32,50,4,35.53284342740013,
8,0.01,32,50,4,110.16731687537612,
8,0.01,32,50,6,34.348540064897136,
8,0.01,32,50,6,109.30946981898757,
8,0.01,32,50,8,33.19143205183548,
8,0.01,32,50,8,107.2997738063451,
8,0.01,32,100,2,43.04507678476708,
8,0.01,32,100,2,103.3110310472573,
8,0.01,32,100,4,36.082276367729314,
8,0.01,32,100,4,109.59303555393038,
8,0.01,32,100,6,34.94197438749962,
8,0.01,32,100,6,108.55060796440026,
8,0.01,32,100,8,33.27383870449228,
8,0.01,32,100,8,106.86994609818196,
8,0.01,32,200,2,42.12103316196491,
8,0.01,32,200,2,103.23225675256992,
8,0.01,32,200,4,35.24622194862325,
8,0.01,32,200,4,109.66443579780692,
8,0.01,32,200,6,34.32551930834191,
8,0.01,32,200,6,108.20870527620453,
8,0.01,32,200,8,33.13429187511309,
8,0.01,32,200,8,107.64627424951708,
8,0.01,56,50,2,92.9293177888755,
8,0.01,56,50,4,100.07852252342254,
8,0.01,56,50,6,96.50882395984222,
8,0.01,56,50,8,95.0263768972246,
8,0.01,56,100,2,92.38041386206238,
8,0.01,56,100,4,100.1939596948148,
8,0.01,56,100,6,96.98429295109406,
8,0.01,56,100,8,95.78194195495874,
8,0.01,56,200,2,92.69399398721188,
8,0.01,56,200,4,100.222055797575,
8,0.01,56,200,6,97.47049299897198,
8,0.01,56,200,8,95.70463792251216,
8,0.01,80,50,2,80.64359413243663,
8,0.01,80,50,4,80.74100874218936,
8,0.01,80,50,6,73.84919569524088,
8,0.01,80,50,8,72.82137952370076,
8,0.01,80,100,2,79.4163623122167,
8,0.01,80,100,4,81.07325646204546,
8,0.01,80,100,6,74.65557751167071,
8,0.01,80,100,8,71.46789141941133,
8,0.01,80,200,2,79.68672020624129,
8,0.01,80,200,4,79.38367192512986,
8,0.01,80,200,6,73.785039795515,
8,0.01,80,200,8,71.86418818881116,
8,0.01,104,50,2,61.45664581913119,
8,0.01,104,50,4,53.78386969561426,
8,0.01,104,50,6,46.77171967593336,
8,0.01,104,50,8,45.77444984526274,
8,0.01,104,100,2,61.29635964516581,
8,0.01,104,100,4,54.11725696742645,
8,0.01,104,100,6,47.78245571853134,
8,0.01,104,100,8,44.00335203753858,
8,0.01,104,200,2,61.72369364966397,
8,0.01,104,200,4,54.58632490196139,
8,0.01,104,200,6,47.47581625222148,
8,0.01,104,200,8,44.703683891656034,
8,0.01,128,50,2,136.930084362011,"(32, 32)"
8,0.01,128,50,2,40.51111163073486,
8,0.01,128,50,4,156.8996338610878,"(32, 32)"
8,0.01,128,50,4,30.353659146232665,
8,0.01,128,50,6,161.12474836591747,"(32, 32)"
8,0.01,128,50,6,28.414353695107064,
8,0.01,128,50,8,163.87126286927966,"(32, 32)"
8,0.01,128,50,8,28.739251955579995,
8,0.01,128,100,2,136.1689228274052,"(32, 32)"
8,0.01,128,100,2,41.404717735873454,
8,0.01,128,100,4,154.67602624745416,"(32, 32)"
8,0.01,128,100,4,32.60816889727186,
8,0.01,128,100,6,161.43209771935773,"(32, 32)"
8,0.01,128,100,6,28.186587502877558,
8,0.01,128,100,8,163.65388221040348,"(32, 32)"
8,0.01,128,100,8,27.109968811039728,
8,0.01,128,200,2,135.62873732519864,"(32, 32)"
8,0.01,128,200,2,40.66027084980908,
8,0.01,128,200,4,154.44883812998054,"(32, 32)"
8,0.01,128,200,4,31.494063953395045,
8,0.01,128,200,6,160.51494280457476,"(32, 32)"
8,0.01,128,200,6,29.17248632590405,
8,0.01,128,200,8,162.12539743390926,"(32, 32)"
8,0.01,128,200,8,28.700966726363628,
8,0.01,224,50,2,119.17013546534471,"(32, 32)"
8,0.01,224,50,4,134.51625781021747,"(32, 32)"
8,0.01,224,50,6,138.28622528953446,"(32, 32)"
8,0.01,224,50,8,137.31349739472978,"(32, 32)"
8,0.01,224,100,2,118.13278818442436,"(32, 32)"
8,0.01,224,100,4,135.2441503842783,"(32, 32)"
8,0.01,224,100,6,139.33535253318038,"(32, 32)"
8,0.01,224,100,8,138.087443566641,"(32, 32)"
8,0.01,224,200,2,117.72259699907984,"(32, 32)"
8,0.01,224,200,4,134.77425248369155,"(32, 32)"
8,0.01,224,200,6,139.69722522445676,"(32, 32)"
8,0.01,224,200,8,139.30343123329425,"(32, 32)"
8,0.01,320,50,2,95.09887021634148,"(32, 32)"
8,0.01,320,50,4,95.68844956836922,"(32, 32)"
8,0.01,320,50,6,93.82313598277392,"(32, 32)"
8,0.01,320,50,8,91.848201803465,"(32, 32)"
8,0.01,320,100,2,95.33796548816022,"(32, 32)"
8,0.01,320,100,4,95.93236857554982,"(32, 32)"
8,0.01,320,100,6,97.85535310693712,"(32, 32)"
8,0.01,320,100,8,91.45286367363728,"(32, 32)"
8,0.01,320,200,2,93.99800300505969,"(32, 32)"
8,0.01,320,200,4,99.07140794047176,"(32, 32)"
8,0.01,320,200,6,95.7749869509663,"(32, 32)"
8,0.01,320,200,8,90.1075382114915,"(32, 32)"
8,0.01,416,50,2,62.20036745606832,"(32, 32)"
8,0.01,416,50,4,49.0587127195687,"(32, 32)"
8,0.01,416,50,6,48.829725520643535,"(32, 32)"
8,0.01,416,50,8,45.47047157829989,"(32, 32)"
8,0.01,416,100,2,63.593189373872505,"(32, 32)"
8,0.01,416,100,4,50.71576475523417,"(32, 32)"
8,0.01,416,100,6,46.55012386645628,"(32, 32)"
8,0.01,416,100,8,43.24489695702241,"(32, 32)"
8,0.01,416,200,2,63.82905520785034,"(32, 32)"
8,0.01,416,200,4,51.30873415622443,"(32, 32)"
8,0.01,416,200,6,45.099467570001934,"(32, 32)"
8,0.01,416,200,8,42.30082187620695,"(32, 32)"
8,0.01,512,50,2,31.60190634711344,"(32, 32)"
8,0.01,512,50,4,23.661249436241384,"(32, 32)"
8,0.01,512,50,6,25.154441474684354,"(32, 32)"
8,0.01,512,50,8,25.541766723967857,"(32, 32)"
8,0.01,512,100,2,33.4427970326999,"(32, 32)"
8,0.01,512,100,4,23.61889569575002,"(32, 32)"
8,0.01,512,100,6,26.45997994973597,"(32, 32)"
8,0.01,512,100,8,24.48517027478081,"(32, 32)"
8,0.01,512,200,2,32.34915012852866,"(32, 32)"
8,0.01,512,200,4,23.936417517825145,"(32, 32)"
8,0.01,512,200,6,23.68592108544685,"(32, 32)"
8,0.01,512,200,8,24.44657436782367,"(32, 32)"
8,0.1,8,50,2,46.58242834277812,
8,0.1,8,50,4,45.60343013544495,
8,0.1,8,50,6,45.37114495329117,
8,0.1,8,50,8,45.4161108747066,
8,0.1,8,100,2,46.66488352956515,
8,0.1,8,100,4,45.74941061505335,
8,0.1,8,100,6,45.40553105645609,
8,0.1,8,100,8,44.982409578392655,
8,0.1,8,200,2,47.14111287411716,
8,0.1,8,200,4,46.10603711861343,
8,0.1,8,200,6,44.97704853102044,
8,0.1,8,200,8,45.43793177760266,
8,0.1,14,50,2,38.462622692965006,
8,0.1,14,50,4,37.55632630961159,
8,0.1,14,50,6,36.80844073105398,
8,0.1,14,50,8,36.90082057257594,
8,0.1,14,100,2,38.57870182611933,
8,0.1,14,100,4,37.21934563891228,
8,0.1,14,100,6,36.987979998476206,
8,0.1,14,100,8,36.409801653725374,
8,0.1,14,200,2,38.45482690324068,
8,0.1,14,200,4,37.27884606847129,
8,0.1,14,200,6,36.53480860963722,
8,0.1,14,200,8,36.82872540288389,
8,0.1,20,50,2,31.778063649075097,
8,0.1,20,50,4,30.7901796662409,
8,0.1,20,50,6,30.92245561498935,
8,0.1,20,50,8,31.201113923068245,
8,0.1,20,100,2,31.94826569484177,
8,0.1,20,100,4,30.934027151296014,
8,0.1,20,100,6,30.876902039045444,
8,0.1,20,100,8,31.215757178808555,
8,0.1,20,200,2,31.778260036920223,
8,0.1,20,200,4,31.05241399156222,
8,0.1,20,200,6,31.083432242582997,
8,0.1,20,200,8,31.153670989555764,
8,0.1,26,50,2,26.772307818189027,
8,0.1,26,50,4,26.67702569822505,
8,0.1,26,50,6,27.18294857118487,
8,0.1,26,50,8,27.661309593019613,
8,0.1,26,100,2,26.789271538809675,
8,0.1,26,100,4,26.555318278906825,
8,0.1,26,100,6,27.22128287617173,
8,0.1,26,100,8,27.70296044900545,
8,0.1,26,200,2,26.671531670566893,
8,0.1,26,200,4,26.6266797749209,
8,0.1,26,200,6,27.101575519891835,
8,0.1,26,200,8,27.670138252334777,
8,0.1,32,50,2,22.656483952859965,
8,0.1,32,50,2,48.912435687651886,
8,0.1,32,50,4,23.656644669217467,
8,0.1,32,50,4,50.39879551613847,
8,0.1,32,50,6,24.670228503359247,
8,0.1,32,50,6,50.1365760887384,
8,0.1,32,50,8,25.39854586486322,
8,0.1,32,50,8,50.24172525930265,
8,0.1,32,100,2,22.706504659487297,
8,0.1,32,100,2,49.74254023152922,
8,0.1,32,100,4,23.587657500581656,
8,0.1,32,100,4,50.87654111435346,
8,0.1,32,100,6,24.6039157201086,
8,0.1,32,100,6,49.47464010099072,
8,0.1,32,100,8,25.3877791373883,
8,0.1,32,100,8,50.52383725179385,
8,0.1,32,200,2,22.646374548299885,
8,0.1,32,200,2,48.98749448830237,
8,0.1,32,200,4,23.613196840600786,
8,0.1,32,200,4,51.476992013783295,
8,0.1,32,200,6,24.65832735117223,
8,0.1,32,200,6,50.04615579755877,
8,0.1,32,200,8,25.44164630361376,
8,0.1,32,200,8,49.21048751022136,
8,0.1,56,50,2,36.09601351423552,
8,0.1,56,50,4,35.31879594428929,
8,0.1,56,50,6,34.93596933795832,
8,0.1,56,50,8,34.56479343303471,
8,0.1,56,100,2,35.9258756463164,
8,0.1,56,100,4,34.60764828199969,
8,0.1,56,100,6,34.60148284689339,
8,0.1,56,100,8,35.229457902898254,
8,0.1,56,200,2,35.71347757242582,
8,0.1,56,200,4,35.09331106589093,
8,0.1,56,200,6,34.4044915216783,
8,0.1,56,200,8,34.494714580858506,
8,0.1,80,50,2,29.14652049790866,
8,0.1,80,50,4,28.997135481274437,
8,0.1,80,50,6,29.47309087858788,
8,0.1,80,50,8,30.0544344735458,
8,0.1,80,100,2,29.173286653105905,
8,0.1,80,100,4,29.006963551512243,
8,0.1,80,100,6,29.592901167332545,
8,0.1,80,100,8,30.122464528366454,
8,0.1,80,200,2,29.289435253279542,
8,0.1,80,200,4,29.018513262027685,
8,0.1,80,200,6,29.54981577343,
8,0.1,80,200,8,30.091565204351767,
8,0.1,104,50,2,24.77408137307292,
8,0.1,104,50,4,25.809950363188307,
8,0.1,104,50,6,27.034903112978323,
8,0.1,104,50,8,27.836570970220578,
8,0.1,104,100,2,24.711861404094503,
8,0.1,104,100,4,25.85096147472044,
8,0.1,104,100,6,27.06259451270393,
8,0.1,104,100,8,27.853884923551917,
8,0.1,104,200,2,24.697694474701937,
8,0.1,104,200,4,25.798341428688616,
8,0.1,104,200,6,27.02059977206717,
8,0.1,104,200,8,27.80554112160793,
8,0.1,128,50,2,51.34578332572239,"(32, 32)"
8,0.1,128,50,2,21.33747344772394,
8,0.1,128,50,4,56.22542031598761,"(32, 32)"
8,0.1,128,50,4,23.88677097168249,
8,0.1,128,50,6,60.419451443739966,"(32, 32)"
8,0.1,128,50,6,25.52577963300637,
8,0.1,128,50,8,61.76292651704146,"(32, 32)"
8,0.1,128,50,8,26.500991154974656,
8,0.1,128,100,2,50.42668113345849,"(32, 32)"
8,0.1,128,100,2,21.384963630179765,
8,0.1,128,100,4,55.51641932745128,"(32, 32)"
8,0.1,128,100,4,23.903951935858963,
8,0.1,128,100,6,60.437460424968464,"(32, 32)"
8,0.1,128,100,6,25.461620020841043,
8,0.1,128,100,8,60.65909591358268,"(32, 32)"
8,0.1,128,100,8,26.44164955995401,
8,0.1,128,200,2,50.86514096719671,"(32, 32)"
8,0.1,128,200,2,21.4000872351749,
8,0.1,128,200,4,57.70451304142424,"(32, 32)"
8,0.1,128,200,4,23.90320674499745,
8,0.1,128,200,6,61.79900194985588,"(32, 32)"
8,0.1,128,200,6,25.48518711763079,
8,0.1,128,200,8,58.57972781434908,"(32, 32)"
8,0.1,128,200,8,26.428430467030832,
8,0.1,224,50,2,33.65229925771507,"(32, 32)"
8,0.1,224,50,4,32.80291933698598,"(32, 32)"
8,0.1,224,50,6,33.235911948494746,"(32, 32)"
8,0.1,224,50,8,33.449911049580585,"(32, 32)"
8,0.1,224,100,2,34.00412405471241,"(32, 32)"
8,0.1,224,100,4,33.00009478931107,"(32, 32)"
8,0.1,224,100,6,33.14420110462785,"(32, 32)"
8,0.1,224,100,8,33.68446350567334,"(32, 32)"
8,0.1,224,200,2,33.83613254135947,"(32, 32)"
8,0.1,224,200,4,32.59253067852009,"(32, 32)"
8,0.1,224,200,6,32.95983222289114,"(32, 32)"
8,0.1,224,200,8,33.44996653100408,"(32, 32)"
8,0.1,320,50,2,27.907652611421568,"(32, 32)"
8,0.1,320,50,4,28.639387288172617,"(32, 32)"
8,0.1,320,50,6,29.96277527823929,"(32, 32)"
8,0.1,320,50,8,30.950765212649188,"(32, 32)"
8,0.1,320,100,2,27.92049919884484,"(32, 32)"
8,0.1,320,100,4,28.59912192323872,"(32, 32)"
8,0.1,320,100,6,29.92217689142745,"(32, 32)"
8,0.1,320,100,8,30.937365660712903,"(32, 32)"
8,0.1,320,200,2,27.92157989841258,"(32, 32)"
8,0.1,320,200,4,28.675022777757853,"(32, 32)"
8,0.1,320,200,6,29.919919898798,"(32, 32)"
8,0.1,320,200,8,30.840903169144937,"(32, 32)"
8,0.1,416,50,2,23.973476774418103,"(32, 32)"
8,0.1,416,50,4,26.576992614053808,"(32, 32)"
8,0.1,416,50,6,28.529080796273867,"(32, 32)"
8,0.1,416,50,8,29.778703258455145,"(32, 32)"
8,0.1,416,100,2,24.00400056874777,"(32, 32)"
8,0.1,416,100,4,26.506043734621542,"(32, 32)"
8,0.1,416,100,6,28.44235241749985,"(32, 32)"
8,0.1,416,100,8,29.584578352684908,"(32, 32)"
8,0.1,416,200,2,23.958727157230804,"(32, 32)"
8,0.1,416,200,4,26.540790257938237,"(32, 32)"
8,0.1,416,200,6,28.3732299252588,"(32, 32)"
8,0.1,416,200,8,29.56830383493116,"(32, 32)"
8,0.1,512,50,2,21.40852742575506,"(32, 32)"
8,0.1,512,50,4,25.51132429405279,"(32, 32)"
8,0.1,512,50,6,27.764514598206528,"(32, 32)"
8,0.1,512,50,8,29.07128668416065,"(32, 32)"
8,0.1,512,100,2,21.43206780565108,"(32, 32)"
8,0.1,512,100,4,25.373468136705785,"(32, 32)"
8,0.1,512,100,6,27.664667846296265,"(32, 32)"
8,0.1,512,100,8,28.87237602961029,"(32, 32)"
8,0.1,512,200,2,21.344823852155372,"(32, 32)"
8,0.1,512,200,4,25.31521147345605,"(32, 32)"
8,0.1,512,200,6,27.582930002020053,"(32, 32)"
8,0.1,512,200,8,28.854259093282323,"(32, 32)"
8,1.0,8,50,2,42.88069448663072,
8,1.0,8,50,4,41.30082419914654,
8,1.0,8,50,6,40.878240054443765,
8,1.0,8,50,8,40.78993566397166,
8,1.0,8,100,2,42.88945808977277,
8,1.0,8,100,4,41.011070896724846,
8,1.0,8,100,6,40.82473062214978,
8,1.0,8,100,8,40.57199582714596,
8,1.0,8,200,2,43.16037124523619,
8,1.0,8,200,4,41.14971709774104,
8,1.0,8,200,6,40.66360906665122,
8,1.0,8,200,8,40.87132549976708,
8,1.0,14,50,2,35.54839947795591,
8,1.0,14,50,4,35.064774981725506,
8,1.0,14,50,6,35.30893990454283,
8,1.0,14,50,8,35.52223728720402,
8,1.0,14,100,2,35.5427531306997,
8,1.0,14,100,4,34.93417626472916,
8,1.0,14,100,6,35.29529966880771,
8,1.0,14,100,8,35.697836639934984,
8,1.0,14,200,2,35.6928048541912,
8,1.0,14,200,4,35.012537045988665,
8,1.0,14,200,6,35.27343587780312,
8,1.0,14,200,8,35.79989801743969,
8,1.0,20,50,2,30.489608808080423,
8,1.0,20,50,4,31.289570344954026,
8,1.0,20,50,6,32.14511357455735,
8,1.0,20,50,8,32.731841258313345,
8,1.0,20,100,2,30.541773783316824,
8,1.0,20,100,4,31.26002384402097,
8,1.0,20,100,6,32.145247375988966,
8,1.0,20,100,8,32.71984412578212,
8,1.0,20,200,2,30.543164336645155,
8,1.0,20,200,4,31.307503429139413,
8,1.0,20,200,6,32.12668649721797,
8,1.0,20,200,8,32.65250619847211,
8,1.0,26,50,2,27.060023663631,
8,1.0,26,50,4,28.954506015111043,
8,1.0,26,50,6,30.29834308185613,
8,1.0,26,50,8,30.952746031288427,
8,1.0,26,100,2,27.083478095817043,
8,1.0,26,100,4,28.973555115952355,
8,1.0,26,100,6,30.16177858263777,
8,1.0,26,100,8,30.97282473705592,
8,1.0,26,200,2,27.01781914065129,
8,1.0,26,200,4,29.063909877911428,
8,1.0,26,200,6,30.19391034856948,
8,1.0,26,200,8,30.9171593584833,
8,1.0,32,50,2,24.81448348642869,
8,1.0,32,50,2,39.27352011045681,
8,1.0,32,50,4,27.583278513812616,
8,1.0,32,50,4,38.54124495541916,
8,1.0,32,50,6,28.981330255130345,
8,1.0,32,50,6,38.73039975528083,
8,1.0,32,50,8,29.767696086288648,
8,1.0,32,50,8,38.9027325982016,
8,1.0,32,100,2,24.804753936918903,
8,1.0,32,100,2,39.402239287589545,
8,1.0,32,100,4,27.625665578980005,
8,1.0,32,100,4,38.67616438687927,
8,1.0,32,100,6,28.9202531538102,
8,1.0,32,100,6,38.77383713494181,
8,1.0,32,100,8,29.707406976996072,
8,1.0,32,100,8,38.90999277029017,
8,1.0,32,200,2,24.891145766582184,
8,1.0,32,200,2,39.20830546968276,
8,1.0,32,200,4,27.58168853127611,
8,1.0,32,200,4,38.658922872442666,
8,1.0,32,200,6,28.970866795701628,
8,1.0,32,200,6,38.67251829286607,
8,1.0,32,200,8,29.78914778582402,
8,1.0,32,200,8,38.93941873932624,
8,1.0,56,50,2,32.889807031749115,
8,1.0,56,50,4,33.60122651404694,
8,1.0,56,50,6,34.40179569747331,
8,1.0,56,50,8,35.058866805604474,
8,1.0,56,100,2,32.832378128279856,
8,1.0,56,100,4,33.52678099587422,
8,1.0,56,100,6,34.37949999398516,
8,1.0,56,100,8,34.984545265590995,
8,1.0,56,200,2,32.86291920135913,
8,1.0,56,200,4,33.578480870849326,
8,1.0,56,200,6,34.389031948298054,
8,1.0,56,200,8,35.030482342465,
8,1.0,80,50,2,28.721675885643087,
8,1.0,80,50,4,30.98010624630307,
8,1.0,80,50,6,32.39253296226502,
8,1.0,80,50,8,33.27844020104241,
8,1.0,80,100,2,28.81799171391615,
8,1.0,80,100,4,31.04837906395081,
8,1.0,80,100,6,32.36679479833581,
8,1.0,80,100,8,33.2503036255705,
8,1.0,80,200,2,28.763849985868053,
8,1.0,80,200,4,30.977849491510096,
8,1.0,80,200,6,32.424126427852684,
8,1.0,80,200,8,33.19858424833429,
8,1.0,104,50,2,26.421229196119675,
8,1.0,104,50,4,29.629042659437967,
8,1.0,104,50,6,31.252471642978357,
8,1.0,104,50,8,32.256543404985976,
8,1.0,104,100,2,26.41184001193711,
8,1.0,104,100,4,29.64263642141925,
8,1.0,104,100,6,31.219522919122376,
8,1.0,104,100,8,32.214663404559154,
8,1.0,104,200,2,26.435171326871604,
8,1.0,104,200,4,29.653573722390988,
8,1.0,104,200,6,31.28319562564295,
8,1.0,104,200,8,32.29166423838617,
8,1.0,128,50,2,38.01116764201059,"(32, 32)"
8,1.0,128,50,2,25.04407743083327,
8,1.0,128,50,4,37.42414115781612,"(32, 32)"
8,1.0,128,50,4,28.82191958746077,
8,1.0,128,50,6,37.8587027256655,"(32, 32)"
8,1.0,128,50,6,30.58759917012029,
8,1.0,128,50,8,38.40107184344711,"(32, 32)"
8,1.0,128,50,8,31.666881466856463,
8,1.0,128,100,2,37.90892322545611,"(32, 32)"
8,1.0,128,100,2,25.06116449693395,
8,1.0,128,100,4,37.46605885873573,"(32, 32)"
8,1.0,128,100,4,28.77659100360601,
8,1.0,128,100,6,37.91043467746159,"(32, 32)"
8,1.0,128,100,6,30.6076086371009,
8,1.0,128,100,8,38.38077394867026,"(32, 32)"
8,1.0,128,100,8,31.63761620049933,
8,1.0,128,200,2,37.89326726450877,"(32, 32)"
8,1.0,128,200,2,25.01940675893599,
8,1.0,128,200,4,37.572902057935,"(32, 32)"
8,1.0,128,200,4,28.83383639857799,
8,1.0,128,200,6,37.89302157973336,"(32, 32)"
8,1.0,128,200,6,30.61054377444537,
8,1.0,128,200,8,38.40415751481351,"(32, 32)"
8,1.0,128,200,8,31.6838719926369,
8,1.0,224,50,2,31.73665512661169,"(32, 32)"
8,1.0,224,50,4,33.596037463000485,"(32, 32)"
8,1.0,224,50,6,34.97172085139451,"(32, 32)"
8,1.0,224,50,8,35.86476568788202,"(32, 32)"
8,1.0,224,100,2,31.688660970935004,"(32, 32)"
8,1.0,224,100,4,33.55120824465959,"(32, 32)"
8,1.0,224,100,6,34.887531667850105,"(32, 32)"
8,1.0,224,100,8,35.79397162290063,"(32, 32)"
8,1.0,224,200,2,31.721224262717005,"(32, 32)"
8,1.0,224,200,4,33.553753272519245,"(32, 32)"
8,1.0,224,200,6,34.87725855579357,"(32, 32)"
8,1.0,224,200,8,35.80423442796134,"(32, 32)"
8,1.0,320,50,2,28.55777439282488,"(32, 32)"
8,1.0,320,50,4,32.078003226753765,"(32, 32)"
8,1.0,320,50,6,33.83820504002555,"(32, 32)"
8,1.0,320,50,8,34.91566710456338,"(32, 32)"
8,1.0,320,100,2,28.56363613949172,"(32, 32)"
8,1.0,320,100,4,31.92183012732789,"(32, 32)"
8,1.0,320,100,6,33.74276248895075,"(32, 32)"
8,1.0,320,100,8,34.86807947985908,"(32, 32)"
8,1.0,320,200,2,28.61577627507161,"(32, 32)"
8,1.0,320,200,4,31.960873465985568,"(32, 32)"
8,1.0,320,200,6,33.6809058591753,"(32, 32)"
8,1.0,320,200,8,34.801834308030564,"(32, 32)"
8,1.0,416,50,2,27.07492287748982,"(32, 32)"
8,1.0,416,50,4,31.29677243151643,"(32, 32)"
8,1.0,416,50,6,33.24521631233294,"(32, 32)"
8,1.0,416,50,8,34.477712038516835,"(32, 32)"
8,1.0,416,100,2,27.057147194871657,"(32, 32)"
8,1.0,416,100,4,31.161582926550462,"(32, 32)"
8,1.0,416,100,6,33.13783510686943,"(32, 32)"
8,1.0,416,100,8,34.3756214432463,"(32, 32)"
8,1.0,416,200,2,27.017633049083912,"(32, 32)"
8,1.0,416,200,4,31.14186209342653,"(32, 32)"
8,1.0,416,200,6,33.11260264903856,"(32, 32)"
8,1.0,416,200,8,34.35723961911966,"(32, 32)"
8,1.0,512,50,2,26.228629868528653,"(32, 32)"
8,1.0,512,50,4,30.791682207639607,"(32, 32)"
8,1.0,512,50,6,32.86779630807593,"(32, 32)"
8,1.0,512,50,8,34.160510133422825,"(32, 32)"
8,1.0,512,100,2,26.150984257980287,"(32, 32)"
8,1.0,512,100,4,30.706180581593404,"(32, 32)"
8,1.0,512,100,6,32.7576493510053,"(32, 32)"
8,1.0,512,100,8,34.041336064190496,"(32, 32)"
8,1.0,512,200,2,26.13307101773289,"(32, 32)"
8,1.0,512,200,4,30.670272995188117,"(32, 32)"
8,1.0,512,200,6,32.758502293353736,"(32, 32)"
8,1.0,512,200,8,33.986034217757535,"(32, 32)"
8,10.0,8,50,2,42.82510395382603,
8,10.0,8,50,4,40.79498125324831,
8,10.0,8,50,6,40.814541168344284,
8,10.0,8,50,8,41.2453186153074,
8,10.0,8,100,2,42.74268519412134,
8,10.0,8,100,4,40.9082104451384,
8,10.0,8,100,6,41.256916922738256,
8,10.0,8,100,8,41.212971199079455,
8,10.0,8,200,2,42.74644299259632,
8,10.0,8,200,4,40.75186803549708,
8,10.0,8,200,6,40.89182968609872,
8,10.0,8,200,8,41.18062403335296,
8,10.0,14,50,2,36.34466399390808,
8,10.0,14,50,4,37.023296290730265,
8,10.0,14,50,6,38.08403746262134,
8,10.0,14,50,8,38.50020936190665,
8,10.0,14,100,2,36.21463955716825,
8,10.0,14,100,4,37.03243581426486,
8,10.0,14,100,6,38.05119619406618,
8,10.0,14,100,8,38.54778668176351,
8,10.0,14,200,2,36.213694577566585,
8,10.0,14,200,4,37.04373795361272,
8,10.0,14,200,6,37.97434653648495,
8,10.0,14,200,8,38.6211298019011,
8,10.0,20,50,2,33.45660288236423,
8,10.0,20,50,4,35.601538712755385,
8,10.0,20,50,6,36.75826481896583,
8,10.0,20,50,8,37.34424752259128,
8,10.0,20,100,2,33.48441994326268,
8,10.0,20,100,4,35.702689711173086,
8,10.0,20,100,6,36.65527571402101,
8,10.0,20,100,8,37.43153214054525,
8,10.0,20,200,2,33.49329030041248,
8,10.0,20,200,4,35.53033945331061,
8,10.0,20,200,6,36.71002950801718,
8,10.0,20,200,8,37.2882724744609,
8,10.0,26,50,2,32.06579781093414,
8,10.0,26,50,4,34.750030846890816,
8,10.0,26,50,6,35.92612214801361,
8,10.0,26,50,8,36.60776538705007,
8,10.0,26,100,2,32.17808516500748,
8,10.0,26,100,4,34.85961651344368,
8,10.0,26,100,6,35.964182042472906,
8,10.0,26,100,8,36.643323877815085,
8,10.0,26,200,2,32.16975983553462,
8,10.0,26,200,4,34.85329880501346,
8,10.0,26,200,6,36.0300481749675,
8,10.0,26,200,8,36.55356988341801,
8,10.0,32,50,2,31.369712171222137,
8,10.0,32,50,2,38.89932373165098,
8,10.0,32,50,4,34.34273921183728,
8,10.0,32,50,4,38.96464716429106,
8,10.0,32,50,6,35.560586458826215,
8,10.0,32,50,6,39.82827273880565,
8,10.0,32,50,8,36.3016176709265,
8,10.0,32,50,8,40.29726326597496,
8,10.0,32,100,2,31.38912882830381,
8,10.0,32,100,2,38.98976568284208,
8,10.0,32,100,4,34.33603854462877,
8,10.0,32,100,4,38.93152265148558,
8,10.0,32,100,6,35.56113521055506,
8,10.0,32,100,6,39.701104519178365,
8,10.0,32,100,8,36.263471638898224,
8,10.0,32,100,8,40.3559774932239,
8,10.0,32,200,2,31.392110892901997,
8,10.0,32,200,2,38.86404745481757,
8,10.0,32,200,4,34.32698406533805,
8,10.0,32,200,4,38.87045227140965,
8,10.0,32,200,6,35.51021520293203,
8,10.0,32,200,6,39.82777722499816,
8,10.0,32,200,8,36.2132782773127,
8,10.0,32,200,8,40.28504673811536,
8,10.0,56,50,2,34.37783330164758,
8,10.0,56,50,4,36.999443617065545,
8,10.0,56,50,6,38.2271845969843,
8,10.0,56,50,8,38.91574811702286,
8,10.0,56,100,2,34.465566341119526,
8,10.0,56,100,4,36.97397791318388,
8,10.0,56,100,6,38.23719822695003,
8,10.0,56,100,8,38.9608343997721,
8,10.0,56,200,2,34.44708550558525,
8,10.0,56,200,4,37.00041079937505,
8,10.0,56,200,6,38.24110573474781,
8,10.0,56,200,8,38.92234784194732,
8,10.0,80,50,2,32.87491036174433,
8,10.0,80,50,4,36.30805818635742,
8,10.0,80,50,6,37.62006662666063,
8,10.0,80,50,8,38.44526551741249,
8,10.0,80,100,2,32.83765474594474,
8,10.0,80,100,4,36.32224992395948,
8,10.0,80,100,6,37.58787524965586,
8,10.0,80,100,8,38.34122648383737,
8,10.0,80,200,2,32.85558764171213,
8,10.0,80,200,4,36.29821454325709,
8,10.0,80,200,6,37.69053614898247,
8,10.0,80,200,8,38.405364806214735,
8,10.0,104,50,2,32.13455645843766,
8,10.0,104,50,4,35.90295873154065,
8,10.0,104,50,6,37.308938474663165,
8,10.0,104,50,8,38.01547402988095,
8,10.0,104,100,2,32.14634921405148,
8,10.0,104,100,4,35.92336460922629,
8,10.0,104,100,6,37.37378642175587,
8,10.0,104,100,8,37.97910944267701,
8,10.0,104,200,2,32.13828854745189,
8,10.0,104,200,4,35.95049601545609,
8,10.0,104,200,6,37.257054934535816,
8,10.0,104,200,8,38.02797382069829,
8,10.0,128,50,2,37.61067033287473,"(32, 32)"
8,10.0,128,50,2,31.72365937222318,
8,10.0,128,50,4,39.06550022657947,"(32, 32)"
8,10.0,128,50,4,35.769930159212926,
8,10.0,128,50,6,40.32835774167936,"(32, 32)"
8,10.0,128,50,6,37.10809480727662,
8,10.0,128,50,8,40.920823802169394,"(32, 32)"
8,10.0,128,50,8,37.848365760505,
8,10.0,128,100,2,37.630313434740046,"(32, 32)"
8,10.0,128,100,2,31.71965264600409,
8,10.0,128,100,4,38.94969130896887,"(32, 32)"
8,10.0,128,100,4,35.70138082104524,
8,10.0,128,100,6,40.17394088365052,"(32, 32)"
8,10.0,128,100,6,37.14954979933093,
8,10.0,128,100,8,40.80970654121071,"(32, 32)"
8,10.0,128,100,8,37.823763747602165,
8,10.0,128,200,2,37.58027601529481,"(32, 32)"
8,10.0,128,200,2,31.69786338705565,
8,10.0,128,200,4,39.05799095069397,"(32, 32)"
8,10.0,128,200,4,35.788370841486945,
8,10.0,128,200,6,40.22154836693196,"(32, 32)"
8,10.0,128,200,6,37.0975188708365,
8,10.0,128,200,8,40.84520328332452,"(32, 32)"
8,10.0,128,200,8,37.81218014416305,
8,10.0,224,50,2,34.15394644547381,"(32, 32)"
8,10.0,224,50,4,38.07023599618121,"(32, 32)"
8,10.0,224,50,6,39.45965814565149,"(32, 32)"
8,10.0,224,50,8,40.18813369749696,"(32, 32)"
8,10.0,224,100,2,34.16130928898432,"(32, 32)"
8,10.0,224,100,4,38.01780940881356,"(32, 32)"
8,10.0,224,100,6,39.45592081871348,"(32, 32)"
8,10.0,224,100,8,40.174569620083496,"(32, 32)"
8,10.0,224,200,2,34.17613541810571,"(32, 32)"
8,10.0,224,200,4,38.04512707339485,"(32, 32)"
8,10.0,224,200,6,39.46563254131354,"(32, 32)"
8,10.0,224,200,8,40.15947504414784,"(32, 32)"
8,10.0,320,50,2,33.11175226135553,"(32, 32)"
8,10.0,320,50,4,37.72205551315372,"(32, 32)"
8,10.0,320,50,6,39.20964424841677,"(32, 32)"
8,10.0,320,50,8,39.97707000583235,"(32, 32)"
8,10.0,320,100,2,33.06481752403828,"(32, 32)"
8,10.0,320,100,4,37.59353467668749,"(32, 32)"
8,10.0,320,100,6,39.12480421900896,"(32, 32)"
8,10.0,320,100,8,39.83626519005004,"(32, 32)"
8,10.0,320,200,2,33.06732586721437,"(32, 32)"
8,10.0,320,200,4,37.634173672137656,"(32, 32)"
8,10.0,320,200,6,39.07678566902165,"(32, 32)"
8,10.0,320,200,8,39.83880934058262,"(32, 32)"
8,10.0,416,50,2,32.56771615509878,"(32, 32)"
8,10.0,416,50,4,37.546146431790326,"(32, 32)"
8,10.0,416,50,6,39.09574678903304,"(32, 32)"
8,10.0,416,50,8,39.82638638197161,"(32, 32)"
8,10.0,416,100,2,32.57127481797147,"(32, 32)"
8,10.0,416,100,4,37.50020461980307,"(32, 32)"
8,10.0,416,100,6,38.96023116495535,"(32, 32)"
8,10.0,416,100,8,39.71645412817747,"(32, 32)"
8,10.0,416,200,2,32.58213147014319,"(32, 32)"
8,10.0,416,200,4,37.48075474584736,"(32, 32)"
8,10.0,416,200,6,38.93550308029892,"(32, 32)"
8,10.0,416,200,8,39.66181453445527,"(32, 32)"
8,10.0,512,50,2,32.269384014632784,"(32, 32)"
8,10.0,512,50,4,37.4672756589039,"(32, 32)"
8,10.0,512,50,6,38.96825990468113,"(32, 32)"
8,10.0,512,50,8,39.73924954508752,"(32, 32)"
8,10.0,512,100,2,32.24448868137757,"(32, 32)"
8,10.0,512,100,4,37.34633565594179,"(32, 32)"
8,10.0,512,100,6,38.9102547786688,"(32, 32)"
8,10.0,512,100,8,39.64359537858562,"(32, 32)"
8,10.0,512,200,2,32.28170022715136,"(32, 32)"
8,10.0,512,200,4,37.34658631602692,"(32, 32)"
8,10.0,512,200,6,38.84212558630457,"(32, 32)"
8,10.0,512,200,8,39.601119586261085,"(32, 32)"
9,0.01,8,50,2,71.25135443219905,
9,0.01,8,50,4,68.23645404909203,
9,0.01,8,50,6,67.09112310575121,
9,0.01,8,50,8,66.06469959650069,
9,0.01,8,100,2,71.01622302115159,
9,0.01,8,100,4,68.93783967668504,
9,0.01,8,100,6,66.5231210195973,
9,0.01,8,100,8,66.1520940297822,
9,0.01,8,200,2,70.9402383553066,
9,0.01,8,200,4,68.78251001364268,
9,0.01,8,200,6,66.87284368443312,
9,0.01,8,200,8,65.69199321852291,
9,0.01,14,50,2,67.17373754736865,
9,0.01,14,50,4,64.39724969144463,
9,0.01,14,50,6,62.94868692569326,
9,0.01,14,50,8,62.39882845390155,
9,0.01,14,100,2,66.29468840068594,
9,0.01,14,100,4,65.17485867431208,
9,0.01,14,100,6,62.57055621338439,
9,0.01,14,100,8,62.02759340977017,
9,0.01,14,200,2,66.0316335700359,
9,0.01,14,200,4,64.581539393295,
9,0.01,14,200,6,63.16189699441898,
9,0.01,14,200,8,62.359263145443954,
9,0.01,20,50,2,60.200200342244194,
9,0.01,20,50,4,58.08093215525378,
9,0.01,20,50,6,55.31300145153612,
9,0.01,20,50,8,55.098611375926886,
9,0.01,20,100,2,60.28055595445333,
9,0.01,20,100,4,56.905791011092575,
9,0.01,20,100,6,55.36903552446682,
9,0.01,20,100,8,53.61525429685707,
9,0.01,20,200,2,60.29032789254124,
9,0.01,20,200,4,57.38722790167699,
9,0.01,20,200,6,55.47113915684363,
9,0.01,20,200,8,54.50114268233667,
9,0.01,26,50,2,51.34819824118434,
9,0.01,26,50,4,47.43009728129169,
9,0.01,26,50,6,44.51278644267138,
9,0.01,26,50,8,45.17943516858195,
9,0.01,26,100,2,52.62259684895072,
9,0.01,26,100,4,47.07489705532849,
9,0.01,26,100,6,44.708389713551625,
9,0.01,26,100,8,43.68855993816018,
9,0.01,26,200,2,52.06242496993393,
9,0.01,26,200,4,47.368882883954825,
9,0.01,26,200,6,45.18352114306434,
9,0.01,26,200,8,44.60082934510842,
9,0.01,32,50,2,42.39782424238632,
9,0.01,32,50,2,104.24116238977216,
9,0.01,32,50,4,36.00763960416291,
9,0.01,32,50,4,110.86082125278872,
9,0.01,32,50,6,33.66923738491181,
9,0.01,32,50,6,108.31288352057548,
9,0.01,32,50,8,32.43307023864655,
9,0.01,32,50,8,106.61271639656704,
9,0.01,32,100,2,41.85002192926231,
9,0.01,32,100,2,102.5469137247208,
9,0.01,32,100,4,35.79316639598451,
9,0.01,32,100,4,109.54972654349436,
9,0.01,32,100,6,33.75217798057804,
9,0.01,32,100,6,108.43393249799612,
9,0.01,32,100,8,33.56992000912342,
9,0.01,32,100,8,107.47371955600418,
9,0.01,32,200,2,42.03706980974884,
9,0.01,32,200,2,102.55993057742572,
9,0.01,32,200,4,35.65872678587936,
9,0.01,32,200,4,110.3609006177566,
9,0.01,32,200,6,33.982339816485215,
9,0.01,32,200,6,109.20955677552756,
9,0.01,32,200,8,33.28582978594005,
9,0.01,32,200,8,106.4417048019651,
9,0.01,56,50,2,93.07849643563362,
9,0.01,56,50,4,99.7517621642375,
9,0.01,56,50,6,98.82689483238818,
9,0.01,56,50,8,96.41711536677828,
9,0.01,56,100,2,93.45708474152728,
9,0.01,56,100,4,99.94860568197537,
9,0.01,56,100,6,97.6545859819167,
9,0.01,56,100,8,95.27015370695804,
9,0.01,56,200,2,92.77361741347688,
9,0.01,56,200,4,98.4908767192984,
9,0.01,56,200,6,97.15290313875008,
9,0.01,56,200,8,94.05638097586262,
9,0.01,80,50,2,80.31376795380112,
9,0.01,80,50,4,79.69847944429317,
9,0.01,80,50,6,74.42083102624699,
9,0.01,80,50,8,73.18274627023813,
9,0.01,80,100,2,79.55967677427124,
9,0.01,80,100,4,80.97602974642344,
9,0.01,80,100,6,75.0108630642037,
9,0.01,80,100,8,72.54043522256434,
9,0.01,80,200,2,80.21331171876705,
9,0.01,80,200,4,80.15964919350435,
9,0.01,80,200,6,74.5422539159232,
9,0.01,80,200,8,70.64978607858072,
9,0.01,104,50,2,61.42357296805608,
9,0.01,104,50,4,52.27152641062933,
9,0.01,104,50,6,48.43781986254015,
9,0.01,104,50,8,43.699750762508046,
9,0.01,104,100,2,61.4650427859623,
9,0.01,104,100,4,54.38144303657933,
9,0.01,104,100,6,47.47581271680705,
9,0.01,104,100,8,46.06013691817625,
9,0.01,104,200,2,61.96979703802556,
9,0.01,104,200,4,55.10392794446189,
9,0.01,104,200,6,49.25127482821729,
9,0.01,104,200,8,42.64365938376335,
9,0.01,128,50,2,136.0044213726306,"(32, 32)"
9,0.01,128,50,2,41.5033400237111,
9,0.01,128,50,4,155.53037787053614,"(32, 32)"
9,0.01,128,50,4,32.35306863749482,
9,0.01,128,50,6,159.9773777943145,"(32, 32)"
9,0.01,128,50,6,29.615136222674188,
9,0.01,128,50,8,164.08766202833635,"(32, 32)"
9,0.01,128,50,8,28.06476228766571,
9,0.01,128,100,2,134.98730923377502,"(32, 32)"
9,0.01,128,100,2,40.56040326123032,
9,0.01,128,100,4,155.23703608543005,"(32, 32)"
9,0.01,128,100,4,32.207667934030546,
9,0.01,128,100,6,160.11204039208178,"(32, 32)"
9,0.01,128,100,6,27.91720724768604,
9,0.01,128,100,8,163.37730072199392,"(32, 32)"
9,0.01,128,100,8,28.39512942013783,
9,0.01,128,200,2,136.15860998224144,"(32, 32)"
9,0.01,128,200,2,41.36046287336641,
9,0.01,128,200,4,154.5042013936547,"(32, 32)"
9,0.01,128,200,4,30.46317281688316,
9,0.01,128,200,6,160.30470748909423,"(32, 32)"
9,0.01,128,200,6,30.12309752982352,
9,0.01,128,200,8,162.7425222598051,"(32, 32)"
9,0.01,128,200,8,28.490864611353764,
9,0.01,224,50,2,118.095360451443,"(32, 32)"
9,0.01,224,50,4,134.61971389465805,"(32, 32)"
9,0.01,224,50,6,139.37203602739726,"(32, 32)"
9,0.01,224,50,8,138.2136292307863,"(32, 32)"
9,0.01,224,100,2,117.75587396893206,"(32, 32)"
9,0.01,224,100,4,133.70382503724358,"(32, 32)"
9,0.01,224,100,6,137.43299004136156,"(32, 32)"
9,0.01,224,100,8,136.94100595266607,"(32, 32)"
9,0.01,224,200,2,117.6235413577438,"(32, 32)"
9,0.01,224,200,4,133.59855197418725,"(32, 32)"
9,0.01,224,200,6,137.8792466368206,"(32, 32)"
9,0.01,224,200,8,140.06996079761956,"(32, 32)"
9,0.01,320,50,2,95.02277255921386,"(32, 32)"
9,0.01,320,50,4,98.02130090086466,"(32, 32)"
9,0.01,320,50,6,93.85081023982757,"(32, 32)"
9,0.01,320,50,8,89.81200776731794,"(32, 32)"
9,0.01,320,100,2,94.22191938190656,"(32, 32)"
9,0.01,320,100,4,100.31427605028205,"(32, 32)"
9,0.01,320,100,6,94.27514725792228,"(32, 32)"
9,0.01,320,100,8,91.09236950621649,"(32, 32)"
9,0.01,320,200,2,95.71588507090776,"(32, 32)"
9,0.01,320,200,4,98.07062533324223,"(32, 32)"
9,0.01,320,200,6,95.15651276149708,"(32, 32)"
9,0.01,320,200,8,90.45399644161402,"(32, 32)"
9,0.01,416,50,2,62.85382138988661,"(32, 32)"
9,0.01,416,50,4,49.67160785767608,"(32, 32)"
9,0.01,416,50,6,44.59281187935308,"(32, 32)"
9,0.01,416,50,8,42.32552643125784,"(32, 32)"
9,0.01,416,100,2,61.609215283652425,"(32, 32)"
9,0.01,416,100,4,50.48976465875664,"(32, 32)"
9,0.01,416,100,6,43.93613324271139,"(32, 32)"
9,0.01,416,100,8,41.55314207349932,"(32, 32)"
9,0.01,416,200,2,63.62368919955884,"(32, 32)"
9,0.01,416,200,4,49.223939807298926,"(32, 32)"
9,0.01,416,200,6,42.64376775860574,"(32, 32)"
9,0.01,416,200,8,43.65207454999488,"(32, 32)"
9,0.01,512,50,2,31.43534191452288,"(32, 32)"
9,0.01,512,50,4,25.190768727880503,"(32, 32)"
9,0.01,512,50,6,25.79330247694615,"(32, 32)"
9,0.01,512,50,8,26.205803494842563,"(32, 32)"
9,0.01,512,100,2,31.4679214383613,"(32, 32)"
9,0.01,512,100,4,24.07903104410452,"(32, 32)"
9,0.01,512,100,6,24.86895356422129,"(32, 32)"
9,0.01,512,100,8,25.136144339542227,"(32, 32)"
9,0.01,512,200,2,31.91094272637578,"(32, 32)"
9,0.01,512,200,4,26.65374694019864,"(32, 32)"
9,0.01,512,200,6,25.339940547978756,"(32, 32)"
9,0.01,512,200,8,24.9540844221082,"(32, 32)"
9,0.1,8,50,2,46.74809249005504,
9,0.1,8,50,4,45.656084189613246,
9,0.1,8,50,6,45.20250763984153,
9,0.1,8,50,8,45.3579963372069,
9,0.1,8,100,2,46.81001982084008,
9,0.1,8,100,4,45.36100998946567,
9,0.1,8,100,6,45.289431931227845,
9,0.1,8,100,8,45.19719586746756,
9,0.1,8,200,2,46.51855955647411,
9,0.1,8,200,4,46.04295284264169,
9,0.1,8,200,6,45.72389030632535,
9,0.1,8,200,8,44.9616343241234,
9,0.1,14,50,2,38.5636787419877,
9,0.1,14,50,4,37.325666139845424,
9,0.1,14,50,6,36.78658850341361,
9,0.1,14,50,8,36.92650754378355,
9,0.1,14,100,2,38.48018453367402,
9,0.1,14,100,4,37.16587429028779,
9,0.1,14,100,6,36.84246446018507,
9,0.1,14,100,8,36.83641552579543,
9,0.1,14,200,2,38.435336118746704,
9,0.1,14,200,4,37.49307726221378,
9,0.1,14,200,6,36.94479009009289,
9,0.1,14,200,8,36.76625308867386,
9,0.1,20,50,2,31.77394000430568,
9,0.1,20,50,4,30.95305801838806,
9,0.1,20,50,6,30.930353252417536,
9,0.1,20,50,8,30.953659800146305,
9,0.1,20,100,2,31.609436789361254,
9,0.1,20,100,4,30.976031912917257,
9,0.1,20,100,6,30.93829153570367,
9,0.1,20,100,8,31.15376160076727,
9,0.1,20,200,2,31.825199852351123,
9,0.1,20,200,4,30.833621943042385,
9,0.1,20,200,6,30.93507224681674,
9,0.1,20,200,8,31.19329400987532,
9,0.1,26,50,2,26.692583086913988,
9,0.1,26,50,4,26.51939452514376,
9,0.1,26,50,6,27.14375795719558,
9,0.1,26,50,8,27.585466292815152,
9,0.1,26,100,2,26.696053199662472,
9,0.1,26,100,4,26.613040584235836,
9,0.1,26,100,6,27.135784835416743,
9,0.1,26,100,8,27.67870616546041,
9,0.1,26,200,2,26.62444774072843,
9,0.1,26,200,4,26.62178586086732,
9,0.1,26,200,6,27.23205829687636,
9,0.1,26,200,8,27.646268640429028,
9,0.1,32,50,2,22.573266247722685,
9,0.1,32,50,2,48.963609495002025,
9,0.1,32,50,4,23.599455248477717,
9,0.1,32,50,4,49.9672278004788,
9,0.1,32,50,6,24.658261757356037,
9,0.1,32,50,6,49.62042042238545,
9,0.1,32,50,8,25.355679753421256,
9,0.1,32,50,8,49.30741676268224,
9,0.1,32,100,2,22.653703301776336,
9,0.1,32,100,2,48.77210724199046,
9,0.1,32,100,4,23.60809763009629,
9,0.1,32,100,4,50.68647006831152,
9,0.1,32,100,6,24.65023594989009,
9,0.1,32,100,6,50.505889889028445,
9,0.1,32,100,8,25.39783318656357,
9,0.1,32,100,8,50.00315499842127,
9,0.1,32,200,2,22.674481905198835,
9,0.1,32,200,2,48.4409234787526,
9,0.1,32,200,4,23.666429715470287,
9,0.1,32,200,4,51.64684419103048,
9,0.1,32,200,6,24.614719471748028,
9,0.1,32,200,6,51.37869769152436,
9,0.1,32,200,8,25.34337513148989,
9,0.1,32,200,8,50.73008589123884,
9,0.1,56,50,2,35.96950723097903,
9,0.1,56,50,4,34.90851052255132,
9,0.1,56,50,6,34.896779577986145,
9,0.1,56,50,8,34.96046269099715,
9,0.1,56,100,2,35.990621192788176,
9,0.1,56,100,4,34.7427863448361,
9,0.1,56,100,6,34.6112222079526,
9,0.1,56,100,8,34.775077553175144,
9,0.1,56,200,2,35.86892436082027,
9,0.1,56,200,4,34.31561259620442,
9,0.1,56,200,6,34.566636457095896,
9,0.1,56,200,8,34.83555209624004,
9,0.1,80,50,2,29.11729067166706,
9,0.1,80,50,4,29.024469115456395,
9,0.1,80,50,6,29.489292141091926,
9,0.1,80,50,8,30.070303936999466,
9,0.1,80,100,2,29.12561139295915,
9,0.1,80,100,4,28.93548029860717,
9,0.1,80,100,6,29.61981432633092,
9,0.1,80,100,8,30.101669141044397,
9,0.1,80,200,2,29.11294404375441,
9,0.1,80,200,4,28.931486819128907,
9,0.1,80,200,6,29.64100105396991,
9,0.1,80,200,8,30.076645978753994,
9,0.1,104,50,2,24.75714740238992,
9,0.1,104,50,4,25.76227402974345,
9,0.1,104,50,6,27.04651731963089,
9,0.1,104,50,8,27.84221270734713,
9,0.1,104,100,2,24.70244970490457,
9,0.1,104,100,4,25.89401983497563,
9,0.1,104,100,6,27.00759236999439,
9,0.1,104,100,8,27.833463025124043,
9,0.1,104,200,2,24.69559564280303,
9,0.1,104,200,4,25.79563681798173,
9,0.1,104,200,6,26.992229756434,
9,0.1,104,200,8,27.815982763417267,
9,0.1,128,50,2,51.2891327113,"(32, 32)"
9,0.1,128,50,2,21.395129624642927,
9,0.1,128,50,4,56.41370874686769,"(32, 32)"
9,0.1,128,50,4,23.888408071523944,
9,0.1,128,50,6,58.70850416510125,"(32, 32)"
9,0.1,128,50,6,25.545421537996884,
9,0.1,128,50,8,60.51677704533742,"(32, 32)"
9,0.1,128,50,8,26.525037130173448,
9,0.1,128,100,2,50.81803693082252,"(32, 32)"
9,0.1,128,100,2,21.332440307919928,
9,0.1,128,100,4,56.46858868050767,"(32, 32)"
9,0.1,128,100,4,23.887289509227628,
9,0.1,128,100,6,59.11185388209933,"(32, 32)"
9,0.1,128,100,6,25.48546223335576,
9,0.1,128,100,8,61.41149125189831,"(32, 32)"
9,0.1,128,100,8,26.44703304041164,
9,0.1,128,200,2,50.64444221815352,"(32, 32)"
9,0.1,128,200,2,21.466411435444247,
9,0.1,128,200,4,56.12495976300061,"(32, 32)"
9,0.1,128,200,4,23.906887230452245,
9,0.1,128,200,6,61.33690394844057,"(32, 32)"
9,0.1,128,200,6,25.509520604658416,
9,0.1,128,200,8,59.144868927720985,"(32, 32)"
9,0.1,128,200,8,26.387386432730395,
9,0.1,224,50,2,33.941606304796544,"(32, 32)"
9,0.1,224,50,4,32.85907275414148,"(32, 32)"
9,0.1,224,50,6,32.97390779041367,"(32, 32)"
9,0.1,224,50,8,33.749293454156714,"(32, 32)"
9,0.1,224,100,2,33.88024535161234,"(32, 32)"
9,0.1,224,100,4,32.748547004907216,"(32, 32)"
9,0.1,224,100,6,33.258040294982735,"(32, 32)"
9,0.1,224,100,8,33.39191336817121,"(32, 32)"
9,0.1,224,200,2,33.73352247594748,"(32, 32)"
9,0.1,224,200,4,32.75192924815756,"(32, 32)"
9,0.1,224,200,6,32.994156002112675,"(32, 32)"
9,0.1,224,200,8,33.739988466904165,"(32, 32)"
9,0.1,320,50,2,27.76257939505528,"(32, 32)"
9,0.1,320,50,4,28.64542056994287,"(32, 32)"
9,0.1,320,50,6,29.99575788387138,"(32, 32)"
9,0.1,320,50,8,31.012789087820128,"(32, 32)"
9,0.1,320,100,2,27.866015572980185,"(32, 32)"
9,0.1,320,100,4,28.65687319078964,"(32, 32)"
9,0.1,320,100,6,29.898432205076126,"(32, 32)"
9,0.1,320,100,8,30.920658282320908,"(32, 32)"
9,0.1,320,200,2,27.940634395903697,"(32, 32)"
9,0.1,320,200,4,28.631859769492152,"(32, 32)"
9,0.1,320,200,6,29.943949154084248,"(32, 32)"
9,0.1,320,200,8,30.843950110562226,"(32, 32)"
9,0.1,416,50,2,23.92179805810516,"(32, 32)"
9,0.1,416,50,4,26.552926095184095,"(32, 32)"
9,0.1,416,50,6,28.564180754577503,"(32, 32)"
9,0.1,416,50,8,29.718170064087182,"(32, 32)"
9,0.1,416,100,2,24.04738024998164,"(32, 32)"
9,0.1,416,100,4,26.568954796496445,"(32, 32)"
9,0.1,416,100,6,28.43448175195816,"(32, 32)"
9,0.1,416,100,8,29.58919714897893,"(32, 32)"
9,0.1,416,200,2,23.984984230480052,"(32, 32)"
9,0.1,416,200,4,26.446677055821624,"(32, 32)"
9,0.1,416,200,6,28.45216524704004,"(32, 32)"
9,0.1,416,200,8,29.61328685354369,"(32, 32)"
9,0.1,512,50,2,21.418898450093774,"(32, 32)"
9,0.1,512,50,4,25.469824046323595,"(32, 32)"
9,0.1,512,50,6,27.7606562181244,"(32, 32)"
9,0.1,512,50,8,29.038813760557804,"(32, 32)"
9,0.1,512,100,2,21.40310302768893,"(32, 32)"
9,0.1,512,100,4,25.355906251039883,"(32, 32)"
9,0.1,512,100,6,27.648074977424294,"(32, 32)"
9,0.1,512,100,8,28.90932191764091,"(32, 32)"
9,0.1,512,200,2,21.416408472941555,"(32, 32)"
9,0.1,512,200,4,25.355143778729374,"(32, 32)"
9,0.1,512,200,6,27.59946867113487,"(32, 32)"
9,0.1,512,200,8,28.81301521949444,"(32, 32)"
9,1.0,8,50,2,42.971913990399486,
9,1.0,8,50,4,41.12126105567929,
9,1.0,8,50,6,40.74442473109027,
9,1.0,8,50,8,40.70819709205801,
9,1.0,8,100,2,42.99822976660229,
9,1.0,8,100,4,41.05371199446123,
9,1.0,8,100,6,40.71952822593689,
9,1.0,8,100,8,40.91004915714225,
9,1.0,8,200,2,43.178440584662646,
9,1.0,8,200,4,41.15137704837221,
9,1.0,8,200,6,40.83201405995524,
9,1.0,8,200,8,40.75655953439356,
9,1.0,14,50,2,35.51897100822537,
9,1.0,14,50,4,34.97639541296365,
9,1.0,14,50,6,35.358734273394234,
9,1.0,14,50,8,35.6827629940583,
9,1.0,14,100,2,35.53331740511978,
9,1.0,14,100,4,34.98499025295373,
9,1.0,14,100,6,35.25148126181854,
9,1.0,14,100,8,35.603911037133784,
9,1.0,14,200,2,35.6111517509378,
9,1.0,14,200,4,34.90066721368589,
9,1.0,14,200,6,35.22692824880471,
9,1.0,14,200,8,35.71390605397741,
9,1.0,20,50,2,30.574192611002783,
9,1.0,20,50,4,31.230114461620037,
9,1.0,20,50,6,32.11860836582017,
9,1.0,20,50,8,32.62921869472473,
9,1.0,20,100,2,30.449318034736304,
9,1.0,20,100,4,31.199751165816014,
9,1.0,20,100,6,32.11756941657123,
9,1.0,20,100,8,32.5707339604725,
9,1.0,20,200,2,30.570230142203144,
9,1.0,20,200,4,31.18907837323393,
9,1.0,20,200,6,32.085649784898244,
9,1.0,20,200,8,32.60673321422004,
9,1.0,26,50,2,27.02558357956701,
9,1.0,26,50,4,28.973940420319508,
9,1.0,26,50,6,30.26249317041483,
9,1.0,26,50,8,30.99937019938936,
9,1.0,26,100,2,27.05852206201255,
9,1.0,26,100,4,28.995539552391957,
9,1.0,26,100,6,30.207767735590508,
9,1.0,26,100,8,30.954496827938417,
9,1.0,26,200,2,27.00174389611524,
9,1.0,26,200,4,28.952836259121657,
9,1.0,26,200,6,30.230531149490613,
9,1.0,26,200,8,30.973046737058745,
9,1.0,32,50,2,24.82813260538646,
9,1.0,32,50,2,39.373606969018375,
9,1.0,32,50,4,27.61526013761706,
9,1.0,32,50,4,38.73949733039738,
9,1.0,32,50,6,28.90408623922339,
9,1.0,32,50,6,38.75315494614637,
9,1.0,32,50,8,29.82360268426824,
9,1.0,32,50,8,38.80911770885919,
9,1.0,32,100,2,24.8539148420786,
9,1.0,32,100,2,39.33538661597559,
9,1.0,32,100,4,27.62094562864665,
9,1.0,32,100,4,38.67605460960044,
9,1.0,32,100,6,28.99763512012341,
9,1.0,32,100,6,38.772010753913854,
9,1.0,32,100,8,29.781950134821727,
9,1.0,32,100,8,38.79583043179798,
9,1.0,32,200,2,24.749625617384268,
9,1.0,32,200,2,39.44476382047157,
9,1.0,32,200,4,27.532479889814805,
9,1.0,32,200,4,38.58309955127875,
9,1.0,32,200,6,28.97694118208089,
9,1.0,32,200,6,38.774880819918415,
9,1.0,32,200,8,29.75742600025487,
9,1.0,32,200,8,38.86923027766217,
9,1.0,56,50,2,32.895304976205026,
9,1.0,56,50,4,33.586837724545624,
9,1.0,56,50,6,34.409101127273914,
9,1.0,56,50,8,35.124759659674574,
9,1.0,56,100,2,32.775495142219086,
9,1.0,56,100,4,33.536792648994336,
9,1.0,56,100,6,34.347190511047586,
9,1.0,56,100,8,35.090507486608466,
9,1.0,56,200,2,32.824228163489366,
9,1.0,56,200,4,33.5108587970842,
9,1.0,56,200,6,34.35338242936755,
9,1.0,56,200,8,34.981584281748646,
9,1.0,80,50,2,28.764024050710358,
9,1.0,80,50,4,31.027293096081024,
9,1.0,80,50,6,32.33272688254322,
9,1.0,80,50,8,33.26895891776483,
9,1.0,80,100,2,28.834282508471063,
9,1.0,80,100,4,30.92414416622277,
9,1.0,80,100,6,32.39517243294824,
9,1.0,80,100,8,33.18537398890432,
9,1.0,80,200,2,28.81192009398112,
9,1.0,80,200,4,31.006743282184363,
9,1.0,80,200,6,32.31215421096864,
9,1.0,80,200,8,33.30169800332688,
9,1.0,104,50,2,26.42288243986004,
9,1.0,104,50,4,29.67019881605824,
9,1.0,104,50,6,31.29844030083436,
9,1.0,104,50,8,32.23463032298224,
9,1.0,104,100,2,26.429173522335702,
9,1.0,104,100,4,29.64071759826321,
9,1.0,104,100,6,31.295806333262487,
9,1.0,104,100,8,32.22159301172707,
9,1.0,104,200,2,26.4211796015406,
9,1.0,104,200,4,29.62174306744145,
9,1.0,104,200,6,31.241677663792174,
9,1.0,104,200,8,32.24876283150406,
9,1.0,128,50,2,37.83530811303834,"(32, 32)"
9,1.0,128,50,2,25.03070479238578,
9,1.0,128,50,4,37.39034856812842,"(32, 32)"
9,1.0,128,50,4,28.83960638732657,
9,1.0,128,50,6,37.988955398500856,"(32, 32)"
9,1.0,128,50,6,30.56728558040289,
9,1.0,128,50,8,38.35328920028201,"(32, 32)"
9,1.0,128,50,8,31.718179030517543,
9,1.0,128,100,2,37.81381056855227,"(32, 32)"
9,1.0,128,100,2,25.025970778561696,
9,1.0,128,100,4,37.57912048163309,"(32, 32)"
9,1.0,128,100,4,28.805750587986,
9,1.0,128,100,6,37.9328803528711,"(32, 32)"
9,1.0,128,100,6,30.61278505204285,
9,1.0,128,100,8,38.29928993383605,"(32, 32)"
9,1.0,128,100,8,31.637976958056832,
9,1.0,128,200,2,38.04055905409637,"(32, 32)"
9,1.0,128,200,2,25.03912092609701,
9,1.0,128,200,4,37.63200100369679,"(32, 32)"
9,1.0,128,200,4,28.826636828543258,
9,1.0,128,200,6,37.963813768551645,"(32, 32)"
9,1.0,128,200,6,30.599780975754715,
9,1.0,128,200,8,38.33474483931975,"(32, 32)"
9,1.0,128,200,8,31.62790820353984,
9,1.0,224,50,2,31.675986160065268,"(32, 32)"
9,1.0,224,50,4,33.63277671537367,"(32, 32)"
9,1.0,224,50,6,34.98302429508584,"(32, 32)"
9,1.0,224,50,8,35.86188402893435,"(32, 32)"
9,1.0,224,100,2,31.70154544661212,"(32, 32)"
9,1.0,224,100,4,33.655808299787005,"(32, 32)"
9,1.0,224,100,6,34.83400134916884,"(32, 32)"
9,1.0,224,100,8,35.808134974681245,"(32, 32)"
9,1.0,224,200,2,31.716515673787303,"(32, 32)"
9,1.0,224,200,4,33.56808766145051,"(32, 32)"
9,1.0,224,200,6,34.890123649852576,"(32, 32)"
9,1.0,224,200,8,35.809564386917785,"(32, 32)"
9,1.0,320,50,2,28.585385826273438,"(32, 32)"
9,1.0,320,50,4,32.078447744434,"(32, 32)"
9,1.0,320,50,6,33.82995301696961,"(32, 32)"
9,1.0,320,50,8,34.966270706606466,"(32, 32)"
9,1.0,320,100,2,28.65284274446197,"(32, 32)"
9,1.0,320,100,4,31.941032438270625,"(32, 32)"
9,1.0,320,100,6,33.7296088890474,"(32, 32)"
9,1.0,320,100,8,34.82818830782997,"(32, 32)"
9,1.0,320,200,2,28.592716052429907,"(32, 32)"
9,1.0,320,200,4,31.963097394209758,"(32, 32)"
9,1.0,320,200,6,33.664435649511454,"(32, 32)"
9,1.0,320,200,8,34.854345679559735,"(32, 32)"
9,1.0,416,50,2,27.04577352395441,"(32, 32)"
9,1.0,416,50,4,31.30502693100779,"(32, 32)"
9,1.0,416,50,6,33.26307816832618,"(32, 32)"
9,1.0,416,50,8,34.49968481610939,"(32, 32)"
9,1.0,416,100,2,27.038063910428463,"(32, 32)"
9,1.0,416,100,4,31.17027054484165,"(32, 32)"
9,1.0,416,100,6,33.15860434324985,"(32, 32)"
9,1.0,416,100,8,34.35995142905518,"(32, 32)"
9,1.0,416,200,2,27.042527297264414,"(32, 32)"
9,1.0,416,200,4,31.128622617900177,"(32, 32)"
9,1.0,416,200,6,33.13848740564632,"(32, 32)"
9,1.0,416,200,8,34.34911389936263,"(32, 32)"
9,1.0,512,50,2,26.21549958551365,"(32, 32)"
9,1.0,512,50,4,30.7803772158743,"(32, 32)"
9,1.0,512,50,6,32.91433265877585,"(32, 32)"
9,1.0,512,50,8,34.181790616099974,"(32, 32)"
9,1.0,512,100,2,26.15114639424349,"(32, 32)"
9,1.0,512,100,4,30.706036347636488,"(32, 32)"
9,1.0,512,100,6,32.79097903805884,"(32, 32)"
9,1.0,512,100,8,34.06259480034471,"(32, 32)"
9,1.0,512,200,2,26.14414685244737,"(32, 32)"
9,1.0,512,200,4,30.660093605112618,"(32, 32)"
9,1.0,512,200,6,32.71168519034052,"(32, 32)"
9,1.0,512,200,8,34.01506101590187,"(32, 32)"
9,10.0,8,50,2,42.90217383152298,
9,10.0,8,50,4,40.82910608221665,
9,10.0,8,50,6,41.01593182548927,
9,10.0,8,50,8,41.20178845421849,
9,10.0,8,100,2,42.60226344153321,
9,10.0,8,100,4,40.80521205073405,
9,10.0,8,100,6,41.11684942206156,
9,10.0,8,100,8,41.14377677832005,
9,10.0,8,200,2,42.71526924692338,
9,10.0,8,200,4,40.82358179753498,
9,10.0,8,200,6,40.95920370631752,
9,10.0,8,200,8,41.42208013839893,
9,10.0,14,50,2,36.21709053246772,
9,10.0,14,50,4,37.134109458368776,
9,10.0,14,50,6,37.940133017556654,
9,10.0,14,50,8,38.547510977618,
9,10.0,14,100,2,36.15604326062126,
9,10.0,14,100,4,37.0748886837256,
9,10.0,14,100,6,37.961277456384494,
9,10.0,14,100,8,38.55009065412062,
9,10.0,14,200,2,36.19064117133508,
9,10.0,14,200,4,37.21621482792365,
9,10.0,14,200,6,37.95389324618391,
9,10.0,14,200,8,38.54602920723824,
9,10.0,20,50,2,33.49757541593627,
9,10.0,20,50,4,35.62755074989752,
9,10.0,20,50,6,36.71766735022924,
9,10.0,20,50,8,37.3341337072772,
9,10.0,20,100,2,33.457692660749224,
9,10.0,20,100,4,35.57475656840287,
9,10.0,20,100,6,36.68648100027576,
9,10.0,20,100,8,37.30248889136266,
9,10.0,20,200,2,33.46688373110264,
9,10.0,20,200,4,35.6257893792753,
9,10.0,20,200,6,36.70570818505889,
9,10.0,20,200,8,37.36474974040161,
9,10.0,26,50,2,32.095152470478645,
9,10.0,26,50,4,34.80252200667219,
9,10.0,26,50,6,36.03094196436046,
9,10.0,26,50,8,36.64596483569526,
9,10.0,26,100,2,32.15719428126417,
9,10.0,26,100,4,34.837511429581205,
9,10.0,26,100,6,36.02311870208033,
9,10.0,26,100,8,36.649908715689975,
9,10.0,26,200,2,32.131185685668285,
9,10.0,26,200,4,34.837750685617635,
9,10.0,26,200,6,35.94797937606402,
9,10.0,26,200,8,36.59265077733322,
9,10.0,32,50,2,31.39950656138698,
9,10.0,32,50,2,38.90669479422264,
9,10.0,32,50,4,34.30437035480251,
9,10.0,32,50,4,38.91827476386515,
9,10.0,32,50,6,35.573802258185616,
9,10.0,32,50,6,39.85420234759672,
9,10.0,32,50,8,36.18212629355216,
9,10.0,32,50,8,40.25494259643632,
9,10.0,32,100,2,31.42576164591138,
9,10.0,32,100,2,38.76623401832294,
9,10.0,32,100,4,34.355193823516224,
9,10.0,32,100,4,38.92235480050703,
9,10.0,32,100,6,35.556713525141554,
9,10.0,32,100,6,39.72239268576823,
9,10.0,32,100,8,36.19662892784004,
9,10.0,32,100,8,40.264657757606216,
9,10.0,32,200,2,31.35738337207617,
9,10.0,32,200,2,38.92171578391951,
9,10.0,32,200,4,34.377451029006046,
9,10.0,32,200,4,38.96917347498202,
9,10.0,32,200,6,35.59015881890159,
9,10.0,32,200,6,39.79150862471001,
9,10.0,32,200,8,36.18504554449433,
9,10.0,32,200,8,40.3432572243851,
9,10.0,56,50,2,34.472314257775984,
9,10.0,56,50,4,37.04942742238617,
9,10.0,56,50,6,38.23099534375695,
9,10.0,56,50,8,38.88645766212264,
9,10.0,56,100,2,34.479040385742046,
9,10.0,56,100,4,37.02270197977918,
9,10.0,56,100,6,38.26294673645174,
9,10.0,56,100,8,38.929459330980826,
9,10.0,56,200,2,34.406594256515994,
9,10.0,56,200,4,36.96314940670641,
9,10.0,56,200,6,38.22875516221319,
9,10.0,56,200,8,38.85731241345477,
9,10.0,80,50,2,32.852764195656505,
9,10.0,80,50,4,36.32097890484172,
9,10.0,80,50,6,37.65402572204162,
9,10.0,80,50,8,38.37166320011636,
9,10.0,80,100,2,32.83699589034879,
9,10.0,80,100,4,36.32322757647324,
9,10.0,80,100,6,37.64988281110178,
9,10.0,80,100,8,38.27496027131514,
9,10.0,80,200,2,32.84807397778891,
9,10.0,80,200,4,36.31756924095126,
9,10.0,80,200,6,37.606342695824736,
9,10.0,80,200,8,38.26312967983026,
9,10.0,104,50,2,32.11364551370541,
9,10.0,104,50,4,35.99540644055234,
9,10.0,104,50,6,37.30252069541593,
9,10.0,104,50,8,38.11875274002709,
9,10.0,104,100,2,32.115448418636895,
9,10.0,104,100,4,35.960753134371515,
9,10.0,104,100,6,37.274315188262094,
9,10.0,104,100,8,38.07040573725565,
9,10.0,104,200,2,32.12028290667949,
9,10.0,104,200,4,35.93568381322759,
9,10.0,104,200,6,37.30895416945189,
9,10.0,104,200,8,38.05791943177964,
9,10.0,128,50,2,37.59156621740427,"(32, 32)"
9,10.0,128,50,2,31.7289382882936,
9,10.0,128,50,4,39.02549736688395,"(32, 32)"
9,10.0,128,50,4,35.7668514949672,
9,10.0,128,50,6,40.23008126171229,"(32, 32)"
9,10.0,128,50,6,37.12345441176182,
9,10.0,128,50,8,40.90001335423632,"(32, 32)"
9,10.0,128,50,8,37.94511701609299,
9,10.0,128,100,2,37.57182559311775,"(32, 32)"
9,10.0,128,100,2,31.70983448727617,
9,10.0,128,100,4,38.94779036281144,"(32, 32)"
9,10.0,128,100,4,35.72755976289632,
9,10.0,128,100,6,40.24836064192917,"(32, 32)"
9,10.0,128,100,6,37.16001591956184,
9,10.0,128,100,8,40.86019587376009,"(32, 32)"
9,10.0,128,100,8,37.76446235959901,
9,10.0,128,200,2,37.49960535477562,"(32, 32)"
9,10.0,128,200,2,31.72725818193504,
9,10.0,128,200,4,39.0772258375975,"(32, 32)"
9,10.0,128,200,4,35.71193867083038,
9,10.0,128,200,6,40.12831083049276,"(32, 32)"
9,10.0,128,200,6,37.11903302569251,
9,10.0,128,200,8,40.8650494517395,"(32, 32)"
9,10.0,128,200,8,37.84561875861474,
9,10.0,224,50,2,34.138393079486924,"(32, 32)"
9,10.0,224,50,4,38.09702102349025,"(32, 32)"
9,10.0,224,50,6,39.49704533402984,"(32, 32)"
9,10.0,224,50,8,40.265574741295154,"(32, 32)"
9,10.0,224,100,2,34.1551512378309,"(32, 32)"
9,10.0,224,100,4,38.02362405367928,"(32, 32)"
9,10.0,224,100,6,39.45305461008572,"(32, 32)"
9,10.0,224,100,8,40.17385794079184,"(32, 32)"
9,10.0,224,200,2,34.139578475450534,"(32, 32)"
9,10.0,224,200,4,38.00819409013225,"(32, 32)"
9,10.0,224,200,6,39.3109016032866,"(32, 32)"
9,10.0,224,200,8,40.19979233759294,"(32, 32)"
9,10.0,320,50,2,33.04159225192515,"(32, 32)"
9,10.0,320,50,4,37.73400332818704,"(32, 32)"
9,10.0,320,50,6,39.20976080138784,"(32, 32)"
9,10.0,320,50,8,39.932832973531845,"(32, 32)"
9,10.0,320,100,2,33.05158161528323,"(32, 32)"
9,10.0,320,100,4,37.64258106385865,"(32, 32)"
9,10.0,320,100,6,39.19455028915863,"(32, 32)"
9,10.0,320,100,8,39.8542906457967,"(32, 32)"
9,10.0,320,200,2,33.11013299093264,"(32, 32)"
9,10.0,320,200,4,37.71654528706352,"(32, 32)"
9,10.0,320,200,6,39.11641494113027,"(32, 32)"
9,10.0,320,200,8,39.90438625730286,"(32, 32)"
9,10.0,416,50,2,32.54207082994822,"(32, 32)"
9,10.0,416,50,4,37.5297749123861,"(32, 32)"
9,10.0,416,50,6,39.086128693409805,"(32, 32)"
9,10.0,416,50,8,39.88498885505695,"(32, 32)"
9,10.0,416,100,2,32.593876576017855,"(32, 32)"
9,10.0,416,100,4,37.49843797609405,"(32, 32)"
9,10.0,416,100,6,39.027890527335344,"(32, 32)"
9,10.0,416,100,8,39.7894989594932,"(32, 32)"
9,10.0,416,200,2,32.58333186339028,"(32, 32)"
9,10.0,416,200,4,37.47793387646824,"(32, 32)"
9,10.0,416,200,6,38.979751710291794,"(32, 32)"
9,10.0,416,200,8,39.7832645406609,"(32, 32)"
9,10.0,512,50,2,32.25183236291205,"(32, 32)"
9,10.0,512,50,4,37.46609653116036,"(32, 32)"
9,10.0,512,50,6,38.9763315713525,"(32, 32)"
9,10.0,512,50,8,39.75149341392969,"(32, 32)"
9,10.0,512,100,2,32.26352869202141,"(32, 32)"
9,10.0,512,100,4,37.3604287924655,"(32, 32)"
9,10.0,512,100,6,38.86949305151519,"(32, 32)"
9,10.0,512,100,8,39.62635256988919,"(32, 32)"
9,10.0,512,200,2,32.27721977371658,"(32, 32)"
9,10.0,512,200,4,37.34899763322361,"(32, 32)"
9,10.0,512,200,6,38.8695780416697,"(32, 32)"
9,10.0,512,200,8,39.63186162510641,"(32, 32)"
